Date,Open,High,Low,Close
2008-01-02,85.0,87.0,84.0,84.0
2008-01-03,83.0,83.0,80.5,81.0
2008-01-04,81.0,82.5,80.5,80.5
2008-01-07,80.0,80.5,79.0,80.0
2008-01-08,81.0,81.0,80.0,81.0
2008-01-09,80.0,82.0,79.5,82.0
2008-01-10,81.5,82.0,79.5,80.0
2008-01-11,80.5,81.5,79.0,79.0
2008-01-14,78.5,79.0,78.0,79.0
2008-01-15,80.0,80.0,77.0,77.0
2008-01-16,75.0,78.5,74.5,77.0
2008-01-17,77.5,80.0,77.5,79.5
2008-01-18,78.0,82.0,77.5,81.5
2008-01-21,82.5,83.0,78.5,79.5
2008-01-22,77.5,78.5,75.0,76.0
2008-01-23,78.0,78.0,73.5,73.5
2008-01-24,73.0,74.0,72.0,72.0
2008-01-25,74.0,76.5,73.0,75.5
2008-01-28,74.5,74.5,73.5,74.5
2008-01-29,75.5,76.5,74.5,75.0
2008-01-30,76.0,76.5,74.5,75.0
2008-01-31,75.5,78.0,74.5,76.0
2008-02-01,77.5,82.5,77.5,82.0
2008-02-04,83.5,84.5,82.5,84.5
2008-02-05,84.0,87.5,84.0,86.5
2008-02-06,84.0,85.0,83.0,85.0
2008-02-07,85.0,85.5,84.5,85.0
2008-02-08,85.5,86.0,85.0,85.5
2008-02-11,86.0,86.5,85.5,86.5
2008-02-12,86.5,90.0,86.5,89.5
2008-02-13,90.0,91.0,89.0,89.0
2008-02-14,90.5,91.0,87.0,88.0
2008-02-15,86.0,88.0,86.0,87.0
2008-02-18,87.5,88.5,87.0,88.0
2008-02-19,88.5,90.0,88.0,88.5
2008-02-20,88.5,88.5,86.0,87.0
2008-02-22,87.0,88.0,86.0,87.0
2008-02-25,88.5,89.0,87.5,88.5
2008-02-26,89.0,89.5,88.0,89.0
2008-02-27,89.0,89.0,87.5,87.5
2008-02-28,87.0,87.5,85.5,86.5
2008-02-29,86.0,88.5,85.5,87.5
2008-03-03,88.0,88.0,86.5,87.0
2008-03-04,87.5,88.0,85.5,85.5
2008-03-05,85.5,86.5,85.0,86.5
2008-03-06,87.0,90.0,87.0,89.0
2008-03-07,87.5,89.0,87.5,88.0
2008-03-10,87.5,88.5,86.0,87.0
2008-03-11,87.0,90.0,87.0,89.0
2008-03-12,90.0,90.5,89.0,89.0
2008-03-13,88.5,89.5,86.5,87.0
2008-03-14,88.0,88.0,86.0,86.5
2008-03-17,85.0,85.5,83.5,84.5
2008-03-18,84.0,88.0,84.0,88.0
2008-03-19,88.0,89.0,86.5,88.5
2008-03-20,87.5,88.0,87.0,88.0
2008-03-21,88.0,89.0,88.0,89.0
2008-03-24,89.0,89.5,88.0,89.0
2008-03-25,89.0,94.0,89.0,93.5
2008-03-26,93.0,93.5,91.0,93.0
2008-03-27,93.0,95.5,92.5,93.0
2008-03-28,93.5,94.5,92.5,94.5
2008-03-31,94.0,94.0,90.5,90.5
2008-04-01,91.0,92.0,90.0,91.5
2008-04-02,93.5,94.0,92.5,93.5
2008-04-03,92.5,93.0,91.0,92.0
2008-04-04,91.5,92.0,90.0,90.5
2008-04-08,90.5,90.5,89.5,90.5
2008-04-09,89.0,89.5,88.5,89.0
2008-04-10,89.0,91.0,89.0,90.5
2008-04-11,90.5,92.0,90.0,91.5
2008-04-16,91.5,95.0,91.5,93.5
2008-04-17,95.0,95.0,93.5,94.0
2008-04-18,94.0,94.5,93.0,94.0
2008-04-21,95.0,95.0,91.5,92.0
2008-04-22,92.5,93.0,91.5,92.0
2008-04-23,92.0,92.5,89.0,90.0
2008-04-24,90.5,91.0,89.0,89.5
2008-04-25,90.5,90.5,88.0,88.5
2008-04-28,88.5,89.0,87.5,88.0
2008-04-29,88.5,90.0,88.5,89.0
2008-04-30,89.0,91.0,89.0,89.0
2008-05-02,89.0,91.5,89.0,91.5
2008-05-06,91.5,93.0,91.0,92.0
2008-05-07,92.0,92.0,90.5,90.5
2008-05-08,90.5,90.5,89.0,89.5
2008-05-09,89.5,89.5,88.0,89.0
2008-05-12,88.0,89.5,88.0,89.0
2008-05-13,89.5,92.0,89.5,91.0
2008-05-14,91.5,91.5,90.5,91.5
2008-05-15,92.0,92.5,91.0,91.0
2008-05-16,91.5,93.5,91.5,92.5
2008-05-20,92.5,93.5,92.0,93.5
2008-05-21,93.5,98.5,93.5,97.0
2008-05-22,96.5,100.0,96.0,99.5
2008-05-23,99.5,101.0,97.5,98.0
2008-05-26,96.0,96.5,93.0,94.0
2008-05-27,94.0,95.5,93.0,94.0
2008-05-28,93.0,94.5,90.5,91.0
2008-05-29,91.5,92.0,88.5,89.5
2008-05-30,90.0,91.5,88.5,90.0
2008-06-02,90.0,91.0,89.0,90.0
2008-06-03,89.0,89.5,85.5,86.5
2008-06-04,86.5,86.5,85.0,86.5
2008-06-05,86.0,86.0,82.5,84.0
2008-06-06,85.0,86.0,84.5,85.0
2008-06-09,82.5,82.5,80.5,81.5
2008-06-10,81.5,82.0,79.5,80.5
2008-06-11,81.0,81.0,79.0,80.0
2008-06-12,78.0,79.0,75.5,79.0
2008-06-13,78.0,80.0,77.0,77.5
2008-06-16,78.5,80.5,77.0,79.5
2008-06-17,79.5,79.5,77.5,78.0
2008-06-18,76.5,80.0,75.0,78.5
2008-06-19,77.5,79.5,76.0,76.0
2008-06-20,76.0,79.5,76.0,79.5
2008-06-23,77.5,78.5,76.0,78.0
2008-06-24,78.0,79.0,77.0,77.0
2008-06-25,77.0,81.5,76.5,81.5
2008-06-26,82.0,83.5,80.0,80.0
2008-06-27,78.5,80.0,78.0,80.0
2008-06-30,80.0,81.0,77.0,77.5
2008-07-02,77.5,77.5,75.0,75.0
2008-07-03,73.5,74.5,73.0,73.5
2008-07-04,74.0,75.5,73.5,74.0
2008-07-07,74.0,75.0,73.0,75.0
2008-07-08,74.5,75.0,73.5,74.0
2008-07-09,75.0,76.0,73.0,73.0
2008-07-10,72.0,73.5,71.0,73.0
2008-07-11,73.5,75.0,73.0,74.5
2008-07-14,74.0,75.0,73.5,75.0
2008-07-15,73.5,74.0,71.0,71.0
2008-07-16,71.5,72.5,68.0,68.0
2008-07-18,68.0,72.0,68.0,72.0
2008-07-21,73.0,74.5,73.0,74.5
2008-07-22,75.0,76.0,74.5,75.0
2008-07-23,76.5,78.5,76.5,77.0
2008-07-24,76.0,77.0,74.5,76.5
2008-07-25,75.0,76.0,75.0,75.5
2008-07-28,76.0,76.0,75.0,75.5
2008-07-29,75.0,76.0,75.0,75.0
2008-07-30,76.5,76.5,74.0,74.5
2008-07-31,74.5,75.5,73.5,74.5
2008-08-01,74.5,76.5,74.0,76.5
2008-08-04,76.0,76.5,75.5,75.5
2008-08-05,75.0,76.0,73.0,75.5
2008-08-06,76.0,78.5,75.5,78.0
2008-08-07,78.0,81.5,77.5,81.0
2008-08-08,79.5,80.0,78.0,79.5
2008-08-11,82.5,84.0,81.5,82.5
2008-08-13,82.5,85.0,82.0,83.5
2008-08-14,83.0,83.5,82.0,82.5
2008-08-15,82.5,84.0,82.5,84.0
2008-08-18,84.0,84.0,79.0,79.0
2008-08-19,78.5,79.0,77.5,78.0
2008-08-20,78.0,78.0,75.5,76.5
2008-08-21,76.5,76.5,73.5,74.0
2008-08-22,74.0,75.5,74.0,75.5
2008-08-25,76.0,76.5,74.5,76.0
2008-08-26,75.0,76.0,72.0,76.0
2008-08-27,75.5,78.5,75.0,78.0
2008-08-28,78.0,79.5,77.5,77.5
2008-08-29,78.5,79.0,76.5,78.5
2008-09-01,78.0,78.0,77.0,77.0
2008-09-02,75.0,76.5,74.0,74.5
2008-09-03,74.0,75.5,74.0,75.0
2008-09-04,73.5,76.0,73.0,75.5
2008-09-05,73.5,74.0,72.5,73.0
2008-09-08,75.0,76.5,74.0,76.0
2008-09-09,75.0,76.0,74.0,75.5
2008-09-10,74.5,75.0,73.5,73.5
2008-09-11,73.0,74.5,73.0,73.0
2008-09-12,73.5,75.0,73.5,75.0
2008-09-15,74.5,74.5,72.5,72.5
2008-09-16,69.0,70.0,67.0,70.0
2008-09-17,70.5,71.0,65.0,67.0
2008-09-18,64.5,68.0,62.0,67.0
2008-09-19,69.0,72.5,68.5,71.5
2008-09-22,71.0,72.0,68.5,68.5
2008-09-23,67.5,68.5,67.0,67.5
2008-09-24,68.5,71.0,68.5,71.0
2008-09-25,70.5,72.5,69.5,71.0
2008-09-26,70.0,71.0,69.5,70.5
2008-09-29,70.5,72.0,68.5,68.5
2008-09-30,66.0,69.5,65.5,68.5
2008-10-01,68.5,69.5,68.5,68.5
2008-10-02,69.0,70.5,68.5,70.0
2008-10-03,69.0,70.5,68.5,69.5
2008-10-06,68.0,68.5,66.0,66.5
2008-10-07,66.0,68.0,65.5,65.5
2008-10-08,64.5,65.0,59.0,63.0
2008-10-09,64.5,65.5,59.0,63.0
2008-10-10,56.0,58.0,53.0,53.0
2008-10-13,53.5,60.0,53.0,57.5
2008-10-14,62.0,64.0,61.0,63.0
2008-10-15,62.0,63.5,59.5,60.0
2008-10-16,59.5,59.5,54.5,59.5
2008-10-17,59.0,61.5,58.0,59.0
2008-10-20,60.0,62.0,58.5,61.0
2008-10-21,62.0,63.0,59.0,59.0
2008-10-22,59.0,60.0,55.5,56.5
2008-10-24,56.5,56.5,50.0,51.5
2008-10-27,50.5,51.0,44.2,45.5
2008-10-28,47.2,51.5,46.0,49.8
2008-10-29,52.0,53.5,49.2,49.8
2008-10-30,52.0,53.0,51.5,52.0
2008-10-31,52.0,54.5,52.0,53.5
2008-11-03,56.0,58.5,55.5,58.5
2008-11-04,57.5,60.0,57.0,58.0
2008-11-05,61.5,61.5,57.5,58.5
2008-11-06,55.0,59.5,55.0,59.5
2008-11-07,59.5,61.0,58.0,61.0
2008-11-10,62.0,62.0,58.0,58.0
2008-11-11,57.5,59.5,56.5,56.5
2008-11-12,56.5,57.0,54.0,54.5
2008-11-13,52.0,53.5,51.5,53.5
2008-11-14,54.0,54.5,52.5,52.5
2008-11-17,51.0,54.0,51.0,52.5
2008-11-18,52.0,52.5,50.5,50.5
2008-11-19,50.5,51.5,49.8,50.5
2008-11-20,48.2,49.8,47.2,49.8
2008-11-21,48.8,50.0,48.0,49.2
2008-11-24,49.0,49.5,48.0,48.2
2008-11-25,49.8,52.0,49.5,50.5
2008-11-26,49.0,50.5,48.5,50.0
2008-11-27,49.0,50.0,47.5,48.0
2008-11-28,48.2,48.8,47.5,48.0
2008-12-01,48.2,48.8,44.5,44.5
2008-12-02,43.2,44.5,41.2,42.0
2008-12-03,44.8,45.0,42.2,42.2
2008-12-04,42.5,43.5,40.8,41.2
2008-12-08,41.2,43.2,41.0,43.2
2008-12-09,42.8,47.0,42.5,45.8
2008-12-11,45.8,47.5,45.5,46.2
2008-12-12,46.2,47.0,44.5,46.8
2008-12-15,47.2,49.0,46.2,48.2
2008-12-16,48.2,50.0,47.8,49.0
2008-12-17,50.0,52.0,49.8,51.0
2008-12-18,52.0,54.5,52.0,53.0
2008-12-19,53.0,53.5,51.5,51.5
2008-12-22,51.0,51.5,48.5,48.5
2008-12-23,47.0,48.5,46.8,48.0
2008-12-24,48.0,49.0,47.5,48.0
2008-12-25,48.5,48.8,48.0,48.8
2008-12-26,48.8,49.2,48.5,49.0
2008-12-29,48.8,49.0,48.0,49.0
2008-12-30,49.2,50.0,48.2,48.2
2009-01-02,48.2,48.2,48.2,48.2
2009-01-05,49.5,53.0,49.2,53.0
2009-01-06,54.0,56.5,53.0,54.0
2009-01-07,55.0,55.0,51.5,51.5
2009-01-08,50.5,53.5,50.0,53.0
2009-01-09,53.0,54.5,52.0,53.0
2009-01-12,53.5,54.0,52.0,52.0
2009-01-13,51.0,51.5,49.2,49.8
2009-01-14,50.5,52.0,50.0,51.0
2009-01-15,50.0,50.5,48.8,49.2
2009-01-16,49.5,50.5,49.2,50.5
2009-01-19,51.0,51.0,50.0,51.0
2009-01-20,50.0,51.5,49.8,51.0
2009-01-21,50.5,51.0,49.8,50.0
2009-01-22,51.0,53.0,50.5,53.0
2009-01-23,52.0,53.0,51.0,52.5
2009-01-26,53.0,53.5,52.5,53.0
2009-01-27,54.5,54.5,53.0,54.0
2009-01-28,54.0,54.5,53.0,54.0
2009-01-29,55.0,55.5,52.5,52.5
2009-01-30,52.5,53.5,52.0,52.0
2009-02-02,52.0,52.0,49.8,50.0
2009-02-03,50.5,51.5,50.0,51.0
2009-02-04,52.0,53.5,51.5,53.0
2009-02-05,53.0,54.0,52.0,52.0
2009-02-06,53.0,54.0,53.0,53.5
2009-02-10,53.5,55.0,53.5,54.0
2009-02-11,53.0,56.5,53.0,54.5
2009-02-12,55.0,55.5,54.5,55.0
2009-02-13,55.5,57.0,55.5,56.5
2009-02-16,56.5,57.0,54.5,55.5
2009-02-17,54.5,55.0,52.5,53.0
2009-02-18,52.5,54.0,52.5,53.5
2009-02-19,53.5,55.0,53.5,54.5
2009-02-20,53.5,54.0,52.5,53.0
2009-02-23,53.0,53.5,52.0,52.5
2009-02-24,52.0,53.0,51.0,53.0
2009-02-25,54.0,54.0,53.0,54.0
2009-02-26,54.0,54.5,53.0,54.5
2009-02-27,55.0,56.0,54.5,56.0
2009-03-02,54.5,54.5,51.0,51.5
2009-03-03,51.0,52.5,50.5,51.5
2009-03-04,51.5,53.5,51.5,53.0
2009-03-05,54.0,56.5,53.5,55.0
2009-03-06,55.0,57.0,54.5,56.0
2009-03-09,56.0,56.5,53.0,53.0
2009-03-10,54.0,54.5,53.5,54.0
2009-03-11,55.5,55.5,52.5,52.5
2009-03-12,52.0,53.0,51.5,52.5
2009-03-13,53.5,54.0,53.0,53.5
2009-03-16,54.0,54.5,53.0,54.0
2009-03-17,54.0,55.0,53.5,53.5
2009-03-18,54.0,54.0,53.0,54.0
2009-03-19,54.0,54.5,53.5,54.0
2009-03-20,54.0,54.0,53.0,54.0
2009-03-23,54.0,55.5,53.5,55.0
2009-03-24,56.0,56.5,55.0,55.5
2009-03-25,55.5,55.5,54.0,54.5
2009-03-26,55.0,56.0,54.5,55.0
2009-03-27,55.5,56.0,54.5,55.5
2009-03-30,54.8,54.8,52.8,53.0
2009-03-31,54.0,55.2,53.8,54.5
2009-04-01,55.5,55.8,55.0,55.8
2009-04-02,56.0,60.0,56.0,59.2
2009-04-03,59.2,59.5,58.5,59.0
2009-04-07,59.0,59.8,58.2,59.0
2009-04-08,57.8,58.0,56.5,57.2
2009-04-09,57.5,57.8,56.8,57.0
2009-04-10,55.8,56.8,54.5,56.5
2009-04-16,56.5,56.8,54.5,55.0
2009-04-17,55.2,56.0,54.0,54.5
2009-04-20,54.5,56.8,54.5,56.0
2009-04-21,55.0,56.5,55.0,56.0
2009-04-22,56.0,56.5,54.5,55.0
2009-04-23,55.2,55.5,54.5,55.5
2009-04-24,56.2,57.5,56.0,56.8
2009-04-27,57.0,58.5,57.0,58.0
2009-04-28,58.5,59.8,57.5,58.5
2009-04-29,59.2,59.8,58.5,59.2
2009-04-30,60.2,60.5,59.2,60.2
2009-05-04,60.2,63.0,60.2,62.8
2009-05-06,62.8,65.0,62.2,65.0
2009-05-07,67.8,68.2,66.0,66.8
2009-05-11,66.8,69.2,66.0,67.2
2009-05-12,66.5,68.2,66.0,68.2
2009-05-13,67.8,68.2,66.8,67.0
2009-05-14,66.8,66.8,64.0,64.5
2009-05-15,66.5,70.2,66.5,70.2
2009-05-18,70.0,71.0,68.8,70.5
2009-05-19,72.2,73.2,71.0,71.2
2009-05-20,71.5,72.0,69.0,70.0
2009-05-21,70.0,71.0,69.2,69.5
2009-05-22,69.5,69.8,68.2,69.2
2009-05-25,68.5,69.2,68.0,68.0
2009-05-26,68.2,68.8,67.2,67.2
2009-05-27,68.5,68.8,66.0,67.0
2009-05-28,67.0,67.5,66.5,67.0
2009-05-29,67.8,69.5,67.2,67.2
2009-06-01,68.2,68.8,67.5,68.5
2009-06-02,68.8,70.8,68.5,69.5
2009-06-03,70.8,75.5,70.5,75.5
2009-06-04,76.0,77.2,73.5,77.2
2009-06-05,77.2,78.2,76.0,77.8
2009-06-08,77.8,77.8,74.8,75.5
2009-06-09,75.2,76.0,74.8,75.5
2009-06-10,75.8,80.0,75.8,80.0
2009-06-11,79.8,81.5,79.0,80.5
2009-06-12,81.0,81.5,77.5,77.5
2009-06-15,77.5,77.5,73.5,74.5
2009-06-16,72.8,73.2,71.8,72.2
2009-06-17,71.2,74.0,71.0,71.2
2009-06-18,71.8,72.0,69.0,70.2
2009-06-19,70.8,73.0,70.5,73.0
2009-06-22,73.2,74.5,72.2,72.8
2009-06-23,70.0,71.0,69.0,71.0
2009-06-24,71.5,75.0,71.2,75.0
2009-06-25,75.0,75.5,74.2,74.2
2009-06-26,74.8,75.2,73.0,74.0
2009-06-29,74.0,75.0,73.5,75.0
2009-06-30,76.0,76.0,73.0,73.2
2009-07-02,73.2,73.8,69.0,69.5
2009-07-03,68.8,71.2,68.8,70.5
2009-07-06,70.5,70.5,70.5,70.5
2009-07-08,70.5,70.5,68.0,68.2
2009-07-09,68.2,68.5,67.2,68.2
2009-07-10,68.0,68.0,65.5,65.5
2009-07-13,65.0,65.2,63.5,64.2
2009-07-14,66.0,69.0,65.8,68.2
2009-07-15,69.0,72.0,68.5,71.8
2009-07-16,73.0,73.0,71.0,71.0
2009-07-17,72.0,73.8,71.8,73.2
2009-07-20,74.0,75.0,73.8,74.8
2009-07-21,74.8,76.2,73.2,75.2
2009-07-22,75.2,75.8,73.2,73.2
2009-07-23,74.5,75.2,73.5,74.8
2009-07-24,75.2,75.5,74.2,75.0
2009-07-27,75.5,76.5,75.2,76.2
2009-07-28,75.8,78.5,75.5,78.0
2009-07-29,77.8,78.0,74.8,76.2
2009-07-30,75.8,76.5,74.8,76.5
2009-07-31,77.2,78.0,76.5,77.2
2009-08-03,77.8,80.5,77.8,80.2
2009-08-04,80.5,80.8,79.5,80.0
2009-08-05,80.8,81.0,79.0,80.5
2009-08-06,80.2,81.5,80.2,81.0
2009-08-07,80.5,80.8,78.5,79.0
2009-08-10,80.0,80.0,78.0,78.2
2009-08-11,77.5,78.2,77.0,77.8
2009-08-13,77.8,79.0,77.5,78.8
2009-08-14,78.8,79.0,78.0,78.8
2009-08-17,77.0,77.8,76.0,76.8
2009-08-18,76.8,78.5,75.8,78.5
2009-08-19,78.2,78.2,76.0,76.2
2009-08-20,77.0,78.0,76.5,77.5
2009-08-21,77.8,78.0,76.2,78.0
2009-08-24,79.0,79.2,78.2,78.2
2009-08-25,77.5,78.0,76.2,76.8
2009-08-26,76.5,77.2,76.0,76.8
2009-08-27,76.5,76.5,75.5,76.0
2009-08-28,76.0,77.0,75.8,76.8
2009-08-31,76.0,77.0,76.0,77.0
2009-09-01,77.0,77.8,76.8,76.8
2009-09-02,76.0,76.8,75.8,76.8
2009-09-03,76.8,77.8,76.5,77.2
2009-09-04,77.2,77.8,76.2,76.5
2009-09-07,77.2,78.8,76.8,78.8
2009-09-08,79.5,83.2,78.8,82.0
2009-09-09,82.0,82.2,80.8,81.8
2009-09-10,82.8,84.0,82.0,82.2
2009-09-11,82.5,83.5,81.2,81.8
2009-09-14,81.0,83.2,80.5,81.0
2009-09-15,81.2,81.2,78.8,79.8
2009-09-16,80.5,81.8,80.0,80.5
2009-09-17,81.8,82.0,80.0,80.2
2009-09-18,80.5,81.8,79.5,81.8
2009-09-21,81.5,81.8,80.8,81.0
2009-09-22,81.0,82.5,81.0,82.5
2009-09-23,82.5,83.8,82.0,83.5
2009-09-24,83.0,85.2,82.8,84.8
2009-09-25,84.2,85.8,83.8,83.8
2009-09-28,83.5,83.5,81.5,82.8
2009-09-29,83.5,84.8,83.0,84.5
2009-09-30,84.5,85.5,83.8,85.0
2009-10-01,85.8,89.0,85.2,88.0
2009-10-02,87.0,87.0,86.0,86.2
2009-10-05,86.2,86.2,85.0,85.8
2009-10-06,87.0,88.2,86.8,87.5
2009-10-07,89.0,90.5,88.8,89.8
2009-10-08,90.2,90.5,89.5,89.5
2009-10-09,90.2,90.5,89.5,89.8
2009-10-12,89.8,91.5,89.5,91.5
2009-10-13,91.8,91.8,89.8,89.8
2009-10-14,90.2,90.2,85.8,87.0
2009-10-15,87.0,87.2,78.8,81.8
2009-10-16,83.0,84.2,82.8,84.0
2009-10-19,85.0,85.8,84.5,85.0
2009-10-20,86.0,86.0,84.5,85.0
2009-10-21,85.0,85.2,83.2,84.0
2009-10-22,82.8,83.0,80.8,81.5
2009-10-26,81.5,83.2,81.5,82.0
2009-10-27,81.0,82.5,80.8,82.5
2009-10-28,81.8,82.0,80.5,80.5
2009-10-29,79.0,79.5,77.5,78.2
2009-10-30,80.0,80.0,77.0,77.2
2009-11-02,76.0,77.8,75.8,77.8
2009-11-03,76.8,77.8,76.2,76.5
2009-11-04,77.0,80.0,76.5,80.0
2009-11-05,78.8,79.8,78.0,78.8
2009-11-06,79.8,83.0,79.5,83.0
2009-11-09,83.2,83.5,82.2,83.5
2009-11-10,83.8,84.0,82.2,82.5
2009-11-11,83.0,84.2,82.8,84.0
2009-11-12,83.5,84.0,81.0,81.8
2009-11-13,82.2,82.5,81.0,81.8
2009-11-16,81.8,83.2,81.8,82.8
2009-11-17,83.0,83.8,82.8,83.5
2009-11-18,84.0,85.0,83.2,84.2
2009-11-19,84.0,84.0,82.5,83.0
2009-11-20,82.0,82.0,81.0,81.5
2009-11-23,81.0,81.0,78.2,78.8
2009-11-24,79.0,80.2,78.5,78.8
2009-11-25,79.8,81.2,79.8,81.0
2009-11-26,80.0,80.5,78.8,79.2
2009-11-27,77.5,78.8,77.0,78.5
2009-11-30,80.0,84.8,79.8,84.8
2009-12-01,83.5,84.2,82.8,84.0
2009-12-02,84.0,84.8,82.0,82.0
2009-12-03,82.5,87.0,82.5,86.8
2009-12-04,86.2,86.2,83.5,84.8
2009-12-08,84.8,86.2,83.8,85.8
2009-12-09,85.2,85.2,83.0,84.0
2009-12-11,84.0,85.8,84.0,85.8
2009-12-14,84.8,86.2,84.8,86.0
2009-12-15,85.8,86.0,85.5,85.5
2009-12-16,85.5,86.0,85.0,85.5
2009-12-17,85.5,85.8,84.5,85.0
2009-12-18,85.0,85.0,83.0,83.8
2009-12-21,84.0,84.0,83.0,83.5
2009-12-22,84.0,85.8,83.8,85.5
2009-12-23,85.5,86.2,84.5,86.2
2009-12-24,86.5,86.8,85.2,86.0
2009-12-25,86.0,86.0,85.5,86.0
2009-12-28,86.2,86.2,85.5,85.5
2009-12-29,85.5,86.5,85.2,86.5
2009-12-30,86.0,87.2,86.0,86.8
2010-01-04,86.8,86.8,85.0,85.2
2010-01-05,85.8,86.0,84.8,85.0
2010-01-06,85.8,86.2,85.0,85.5
2010-01-07,86.0,87.5,86.0,86.8
2010-01-08,87.5,88.2,87.2,87.5
2010-01-11,88.2,88.5,87.2,87.2
2010-01-12,87.2,88.2,87.2,87.2
2010-01-13,86.8,87.8,86.8,87.8
2010-01-14,88.0,88.5,86.8,87.2
2010-01-15,87.2,87.5,85.2,85.5
2010-01-18,85.2,85.5,84.8,85.2
2010-01-19,85.2,85.5,84.0,84.0
2010-01-20,83.2,83.8,81.5,82.5
2010-01-21,81.5,82.0,80.2,81.0
2010-01-22,80.0,80.5,79.0,80.2
2010-01-25,79.5,82.5,79.5,82.2
2010-01-26,82.8,83.0,80.2,80.8
2010-01-27,81.0,81.5,79.5,79.5
2010-01-28,80.2,80.5,78.8,79.5
2010-01-29,78.8,79.8,78.0,79.8
2010-02-01,79.0,79.2,77.8,79.2
2010-02-02,80.0,80.2,79.5,79.5
2010-02-03,80.0,81.8,79.8,81.2
2010-02-04,81.0,81.2,80.8,81.0
2010-02-05,79.5,79.5,78.5,79.0
2010-02-08,78.8,79.2,77.0,78.2
2010-02-09,77.5,78.5,77.2,78.5
2010-02-10,79.5,80.0,79.2,79.5
2010-02-11,79.5,80.2,79.2,80.2
2010-02-12,80.2,80.5,79.5,80.2
2010-02-15,80.2,80.2,78.2,78.2
2010-02-16,78.2,80.8,78.2,80.5
2010-02-17,81.0,81.5,80.2,81.0
2010-02-18,81.0,81.0,79.0,79.5
2010-02-19,79.5,79.5,78.0,79.0
2010-02-22,80.0,80.2,79.2,79.5
2010-02-23,79.2,80.8,79.0,80.8
2010-02-24,80.5,82.8,80.5,82.5
2010-02-25,83.5,83.8,82.2,83.5
2010-02-26,83.2,84.5,82.2,84.0
2010-03-02,84.0,86.5,84.0,85.8
2010-03-03,86.5,87.0,86.2,86.5
2010-03-04,86.5,87.0,85.5,85.8
2010-03-05,85.8,86.5,85.5,86.0
2010-03-08,85.8,86.0,84.5,84.5
2010-03-09,84.5,84.5,83.5,83.8
2010-03-10,83.5,84.8,83.2,84.5
2010-03-11,84.5,85.2,84.0,85.0
2010-03-12,85.0,86.2,84.2,86.2
2010-03-15,85.8,87.5,85.5,86.5
2010-03-16,86.8,89.5,86.8,89.2
2010-03-17,89.8,90.8,89.2,90.2
2010-03-18,90.2,90.5,88.8,88.8
2010-03-19,89.5,93.2,89.5,93.0
2010-03-22,92.0,96.0,91.0,92.0
2010-03-23,92.2,93.5,90.5,91.2
2010-03-24,92.5,94.8,92.5,94.0
2010-03-25,94.2,95.0,93.0,94.0
2010-03-26,94.0,94.0,92.5,93.5
2010-03-29,94.0,94.0,91.2,91.2
2010-03-30,91.8,94.2,91.5,93.8
2010-03-31,93.5,94.2,91.8,92.0
2010-04-01,92.8,93.5,91.8,92.0
2010-04-02,92.5,92.8,91.5,91.8
2010-04-05,91.5,93.0,91.0,93.0
2010-04-07,93.0,93.8,92.0,92.8
2010-04-08,92.0,92.2,87.5,88.8
2010-04-09,86.0,87.2,85.2,87.0
2010-04-12,82.5,85.0,82.2,85.0
2010-04-16,85.0,85.0,81.5,81.5
2010-04-19,81.2,83.5,79.8,82.0
2010-04-20,83.0,87.0,83.0,86.2
2010-04-21,85.5,88.2,83.8,86.0
2010-04-22,84.5,86.5,84.0,85.8
2010-04-23,82.5,83.5,82.5,83.2
2010-04-26,84.2,84.8,83.0,83.0
2010-04-27,82.2,82.8,81.5,82.0
2010-04-28,81.0,81.5,79.2,79.5
2010-04-29,79.2,81.0,78.5,80.5
2010-04-30,82.0,82.0,81.0,82.0
2010-05-04,82.0,89.0,82.0,88.5
2010-05-06,88.5,88.5,85.0,86.2
2010-05-07,84.2,84.2,82.5,83.5
2010-05-10,84.0,87.2,83.5,85.8
2010-05-11,86.2,86.8,84.2,84.2
2010-05-12,84.0,86.0,84.0,85.2
2010-05-13,85.2,85.2,83.0,84.5
2010-05-14,83.0,84.0,82.0,84.0
2010-05-17,80.0,81.2,80.0,81.0
2010-05-18,80.8,81.5,80.2,81.2
2010-05-19,80.8,82.5,80.8,82.5
2010-05-20,82.5,82.5,82.5,82.5
2010-05-21,82.5,82.5,82.5,82.5
2010-05-24,81.8,81.8,80.0,80.2
2010-05-25,79.2,79.5,78.0,79.2
2010-05-26,79.5,80.2,78.5,78.8
2010-05-27,78.5,80.8,78.2,79.8
2010-05-31,79.8,81.8,79.8,81.5
2010-06-01,81.8,81.8,80.0,80.0
2010-06-02,80.5,81.2,80.2,81.2
2010-06-03,82.0,83.8,81.8,83.2
2010-06-04,83.0,84.0,82.5,83.8
2010-06-07,81.5,82.2,81.5,82.2
2010-06-08,82.0,82.8,81.2,81.8
2010-06-09,82.0,83.0,81.5,82.2
2010-06-10,82.2,83.0,81.8,82.5
2010-06-11,83.0,83.0,81.5,82.5
2010-06-14,82.5,83.0,82.0,82.8
2010-06-15,82.2,82.5,81.8,82.0
2010-06-16,82.8,83.5,82.5,83.0
2010-06-17,83.5,83.5,82.5,83.0
2010-06-18,83.0,83.2,82.5,83.0
2010-06-21,83.8,85.5,83.5,85.2
2010-06-22,85.2,85.2,84.5,84.5
2010-06-23,84.0,84.2,83.0,84.0
2010-06-24,84.0,84.0,81.8,82.0
2010-06-25,82.0,82.5,81.0,82.0
2010-06-28,82.5,82.8,82.0,82.5
2010-06-29,82.5,82.8,81.5,82.0
2010-06-30,81.5,82.2,81.2,81.2
2010-07-02,81.2,81.8,81.0,81.5
2010-07-05,81.8,82.5,81.8,81.8
2010-07-06,81.8,83.5,81.5,83.2
2010-07-07,83.0,83.2,82.2,82.5
2010-07-08,83.5,84.5,83.2,83.5
2010-07-09,84.0,84.2,83.2,83.2
2010-07-12,83.5,84.2,82.8,82.8
2010-07-13,83.5,84.5,83.0,84.0
2010-07-14,85.0,85.2,83.5,83.5
2010-07-15,83.8,84.2,83.2,84.0
2010-07-16,84.0,85.0,83.8,84.8
2010-07-19,84.2,84.2,83.5,84.0
2010-07-20,84.0,84.8,83.5,83.8
2010-07-21,84.0,84.0,83.2,83.8
2010-07-22,83.8,85.2,83.5,84.2
2010-07-23,84.8,87.0,84.8,86.2
2010-07-27,86.2,91.0,86.2,91.0
2010-07-28,93.0,93.2,90.5,90.5
2010-07-29,90.8,90.8,88.5,90.2
2010-07-30,89.8,89.8,88.0,89.0
2010-08-02,90.0,91.2,89.8,90.0
2010-08-03,90.5,91.8,90.0,90.5
2010-08-04,90.8,92.0,90.5,91.8
2010-08-05,92.0,94.0,92.0,93.0
2010-08-06,93.0,93.8,92.5,93.5
2010-08-09,93.8,94.0,92.2,92.8
2010-08-10,92.2,92.8,89.8,90.2
2010-08-11,90.0,90.8,89.2,90.8
2010-08-16,90.8,90.8,88.8,89.2
2010-08-17,89.8,91.0,89.5,91.0
2010-08-18,91.2,93.2,90.8,92.8
2010-08-19,93.2,94.2,93.0,93.5
2010-08-20,93.2,94.5,93.0,93.2
2010-08-23,94.0,94.2,93.0,93.5
2010-08-24,94.0,94.0,93.0,93.8
2010-08-25,93.5,93.8,92.5,93.0
2010-08-26,93.0,93.2,91.2,92.0
2010-08-27,91.8,92.2,91.5,92.0
2010-08-30,93.2,94.0,93.0,94.0
2010-08-31,94.0,95.5,93.2,95.2
2010-09-01,97.0,98.5,96.0,97.0
2010-09-02,98.2,98.5,96.2,97.0
2010-09-03,97.2,98.5,97.0,97.0
2010-09-06,98.5,99.0,96.8,97.0
2010-09-07,98.0,98.0,96.0,96.5
2010-09-08,95.5,96.2,95.5,96.2
2010-09-09,96.8,96.8,93.5,94.2
2010-09-10,94.5,95.2,93.5,94.2
2010-09-13,94.8,96.5,94.2,96.0
2010-09-14,96.2,96.5,94.5,94.5
2010-09-15,93.0,93.5,90.8,92.5
2010-09-16,92.5,92.8,91.2,91.8
2010-09-17,91.0,92.2,90.8,91.8
2010-09-20,92.0,92.8,91.2,92.8
2010-09-21,93.8,94.2,92.5,94.2
2010-09-22,95.5,97.0,95.2,96.8
2010-09-23,99.5,100.0,98.5,99.2
2010-09-24,99.2,100.5,98.0,99.0
2010-09-27,100.5,100.5,99.5,100.0
2010-09-28,100.5,102.5,100.0,102.5
2010-09-29,104.0,105.5,102.5,104.0
2010-09-30,104.0,104.5,102.5,103.5
2010-10-01,104.5,104.5,103.0,104.5
2010-10-04,105.0,105.5,103.0,103.0
2010-10-05,102.5,103.5,101.0,103.5
2010-10-06,104.0,105.5,103.0,105.5
2010-10-07,105.5,107.0,103.5,104.0
2010-10-08,103.5,104.0,101.5,102.5
2010-10-11,103.0,104.0,102.5,103.5
2010-10-12,103.0,104.0,102.5,104.0
2010-10-13,105.0,107.0,104.5,107.0
2010-10-14,107.5,108.5,106.0,107.0
2010-10-15,106.5,108.5,105.5,107.5
2010-10-18,107.0,107.0,104.5,105.5
2010-10-19,105.5,106.5,104.5,106.5
2010-10-20,105.0,106.0,104.5,104.5
2010-10-21,105.5,105.5,104.0,104.5
2010-10-22,104.0,104.5,103.0,103.5
2010-10-26,103.5,105.5,103.5,104.5
2010-10-27,105.0,105.0,103.0,104.0
2010-10-28,103.5,104.0,102.0,103.5
2010-10-29,102.5,103.0,101.5,102.5
2010-11-01,103.5,104.5,103.0,104.5
2010-11-02,104.0,104.5,103.0,103.0
2010-11-03,104.0,106.0,103.5,105.5
2010-11-04,108.0,109.5,107.0,109.5
2010-11-05,111.5,116.0,111.0,114.0
2010-11-08,113.5,114.5,111.5,112.0
2010-11-09,111.0,111.5,108.5,109.0
2010-11-10,108.5,110.5,108.0,108.0
2010-11-11,108.5,109.0,105.5,105.5
2010-11-12,104.5,105.0,101.5,103.0
2010-11-15,102.0,107.0,102.0,107.0
2010-11-16,106.5,107.0,102.5,103.0
2010-11-17,102.0,102.5,100.0,102.0
2010-11-18,102.5,108.0,101.5,108.0
2010-11-19,109.0,109.0,105.5,107.0
2010-11-22,108.0,108.5,107.0,108.0
2010-11-23,106.0,106.5,103.5,106.0
2010-11-24,105.0,108.5,104.5,107.5
2010-11-25,106.5,108.0,105.5,106.5
2010-11-26,106.0,106.0,103.0,104.0
2010-11-29,103.5,107.0,102.0,107.0
2010-11-30,106.0,106.0,103.5,103.5
2010-12-01,102.5,106.5,102.0,106.0
2010-12-02,107.0,109.5,106.5,109.5
2010-12-03,109.5,110.0,108.5,109.0
2010-12-07,109.0,111.0,109.0,110.0
2010-12-08,109.5,109.5,106.5,106.5
2010-12-09,107.0,108.0,106.0,106.5
2010-12-13,106.5,108.0,104.0,104.5
2010-12-14,105.0,106.0,104.0,104.5
2010-12-15,104.5,106.0,104.5,106.0
2010-12-16,105.0,106.0,104.0,105.0
2010-12-17,105.0,105.0,102.5,103.5
2010-12-20,103.0,103.5,101.5,101.5
2010-12-21,102.5,103.0,101.5,103.0
2010-12-22,104.0,105.5,103.5,104.5
2010-12-23,105.5,105.5,103.5,104.0
2010-12-24,104.0,105.0,103.5,105.0
2010-12-27,104.5,104.5,103.5,104.5
2010-12-28,104.5,104.5,102.5,104.0
2010-12-29,104.5,105.5,104.5,105.0
2010-12-30,105.5,106.0,103.5,103.5
2011-01-04,105.0,106.0,104.0,104.5
2011-01-05,105.0,107.0,105.0,106.5
2011-01-06,107.5,109.0,105.0,105.5
2011-01-07,105.5,106.0,101.5,102.5
2011-01-10,102.5,103.5,98.8,99.5
2011-01-11,99.2,99.5,97.2,97.8
2011-01-12,99.0,100.0,97.8,98.2
2011-01-13,99.2,101.0,98.8,101.0
2011-01-14,100.0,100.5,99.0,99.5
2011-01-17,99.5,99.8,98.8,99.0
2011-01-18,99.2,99.8,98.5,99.0
2011-01-19,101.0,101.5,99.8,100.5
2011-01-20,100.0,101.0,99.5,99.8
2011-01-21,99.2,99.5,97.2,97.5
2011-01-24,96.5,97.2,95.0,95.5
2011-01-25,95.5,98.0,94.0,98.0
2011-01-26,98.0,98.2,96.8,98.0
2011-01-27,98.0,98.2,97.2,97.5
2011-01-28,96.5,96.8,94.8,96.0
2011-01-31,94.8,95.0,94.0,94.0
2011-02-01,94.2,96.5,94.2,95.2
2011-02-02,96.5,98.0,96.0,98.0
2011-02-03,98.0,98.0,96.5,96.5
2011-02-04,97.2,97.8,96.2,96.2
2011-02-07,96.0,96.0,94.5,95.0
2011-02-08,94.8,96.0,94.0,94.2
2011-02-09,94.5,95.0,93.2,94.0
2011-02-10,93.0,94.0,92.0,93.0
2011-02-11,93.8,96.2,93.2,96.0
2011-02-14,96.2,97.2,96.2,97.2
2011-02-15,97.2,99.8,97.2,98.0
2011-02-16,98.5,102.5,98.2,101.5
2011-02-17,102.5,103.5,100.5,101.5
2011-02-18,102.25,103.75,100.75,102.5
2011-02-21,102.0,104.0,101.0,103.5
2011-02-22,101.5,102.5,101.0,101.5
2011-02-23,102.0,102.5,100.5,101.5
2011-02-24,102.0,102.0,98.5,98.5
2011-02-25,99.0,101.0,99.0,101.0
2011-02-28,99.5,102.0,99.5,102.0
2011-03-01,103.0,103.5,102.0,103.0
2011-03-02,101.0,102.0,100.5,102.0
2011-03-03,102.0,103.5,101.0,103.5
2011-03-04,104.0,104.5,103.5,103.5
2011-03-07,103.5,103.5,102.5,103.0
2011-03-08,103.5,105.0,103.0,104.5
2011-03-09,105.5,106.0,103.5,104.0
2011-03-10,103.0,105.0,103.0,105.0
2011-03-11,103.5,104.0,102.0,102.0
2011-03-14,102.0,104.0,101.0,104.0
2011-03-15,102.0,102.5,100.5,101.0
2011-03-16,101.5,102.0,100.5,101.0
2011-03-17,100.0,100.5,99.8,100.5
2011-03-21,101.5,104.0,101.0,104.0
2011-03-22,104.0,104.5,103.0,103.5
2011-03-23,103.5,104.0,103.0,103.5
2011-03-24,104.0,105.0,103.0,104.5
2011-03-25,105.5,105.5,104.0,105.0
2011-03-28,105.0,105.5,104.0,104.5
2011-03-29,104.5,105.5,104.0,105.0
2011-03-30,105.5,108.0,105.5,108.0
2011-03-31,109.0,110.0,108.0,108.0
2011-04-01,109.0,113.5,108.5,113.0
2011-04-04,114.0,116.5,114.0,115.0
2011-04-05,115.0,115.0,113.5,115.0
2011-04-07,115.0,117.0,115.0,117.0
2011-04-08,117.0,117.5,114.5,115.5
2011-04-11,115.5,116.0,114.5,115.0
2011-04-12,114.0,116.5,112.5,116.5
2011-04-18,115.0,116.0,114.5,115.5
2011-04-19,114.5,115.0,113.0,114.0
2011-04-20,115.5,117.5,115.5,116.0
2011-04-21,116.5,116.5,115.5,116.0
2011-04-22,116.0,116.5,115.0,116.5
2011-04-25,116.5,118.5,115.0,118.5
2011-04-26,118.0,118.5,116.0,117.5
2011-04-27,118.5,119.0,115.0,116.5
2011-04-28,117.5,117.5,115.5,116.5
2011-04-29,116.0,116.0,114.0,116.0
2011-05-03,114.5,115.0,112.0,113.0
2011-05-04,113.5,115.5,112.5,115.0
2011-05-06,113.0,114.5,112.0,112.5
2011-05-09,113.0,116.0,113.0,114.5
2011-05-10,115.0,117.0,113.5,117.0
2011-05-11,118.0,118.0,115.5,116.5
2011-05-12,115.5,117.0,115.0,115.0
2011-05-13,115.5,116.0,113.5,115.5
2011-05-18,114.0,116.0,113.5,115.5
2011-05-19,114.5,115.0,113.5,114.0
2011-05-20,113.5,114.0,112.5,112.5
2011-05-23,111.0,112.0,109.5,109.5
2011-05-24,109.0,112.5,109.0,112.5
2011-05-25,111.5,112.5,111.0,111.5
2011-05-26,113.0,114.5,112.0,113.5
2011-05-27,114.0,115.0,111.5,113.5
2011-05-30,113.5,115.0,113.0,114.5
2011-05-31,114.5,115.0,113.0,115.0
2011-06-01,115.0,115.5,112.5,113.5
2011-06-02,111.0,112.0,110.5,111.0
2011-06-03,111.5,112.0,110.0,110.0
2011-06-06,109.0,109.0,106.5,107.0
2011-06-07,106.5,106.5,104.5,104.5
2011-06-08,104.0,104.5,102.0,103.5
2011-06-09,102.5,106.0,101.5,105.5
2011-06-10,106.0,107.5,105.5,106.0
2011-06-13,105.0,105.0,103.0,103.5
2011-06-14,104.5,106.0,103.5,106.0
2011-06-15,106.0,107.0,105.0,107.0
2011-06-16,105.5,106.0,104.0,105.0
2011-06-17,105.0,105.5,104.0,104.5
2011-06-20,105.0,105.0,104.0,104.5
2011-06-21,105.0,107.5,104.0,106.0
2011-06-22,107.0,107.0,105.5,106.0
2011-06-23,105.5,105.5,103.5,104.0
2011-06-24,104.0,105.5,103.0,105.0
2011-06-27,104.0,105.0,103.5,104.5
2011-06-28,105.0,107.0,105.0,107.0
2011-06-29,108.0,110.5,107.5,110.0
2011-06-30,111.5,111.5,109.5,111.0
2011-07-04,119.0,120.0,117.5,120.0
2011-07-05,120.0,120.5,118.0,118.5
2011-07-06,119.0,119.0,115.5,117.0
2011-07-07,117.5,119.0,117.5,118.5
2011-07-08,120.0,120.5,119.5,120.0
2011-07-11,118.0,119.0,116.5,117.5
2011-07-12,115.0,116.5,114.5,116.0
2011-07-13,117.0,117.5,116.5,117.0
2011-07-14,117.0,117.0,115.0,116.0
2011-07-18,117.0,117.0,115.5,116.0
2011-07-19,117.0,121.5,117.0,121.0
2011-07-20,122.5,123.0,118.0,118.5
2011-07-21,119.0,120.0,118.0,118.0
2011-07-22,120.0,122.0,120.0,122.0
2011-07-25,121.0,126.5,120.5,126.5
2011-07-26,126.0,126.5,123.0,123.5
2011-07-27,125.0,127.0,124.5,126.5
2011-07-28,125.5,127.0,125.5,127.0
2011-07-29,127.5,127.5,125.0,126.5
2011-08-01,128.5,128.5,127.0,127.5
2011-08-02,126.5,127.0,124.0,125.0
2011-08-03,123.5,124.0,122.5,124.0
2011-08-04,124.0,124.5,121.5,122.5
2011-08-05,117.5,118.5,113.5,118.5
2011-08-08,115.0,118.5,114.5,118.5
2011-08-09,114.5,120.0,114.5,117.0
2011-08-10,119.0,119.5,115.5,117.0
2011-08-11,117.5,118.5,116.5,117.5
2011-08-15,119.0,119.5,118.5,119.0
2011-08-16,119.0,119.5,116.5,117.0
2011-08-17,118.0,118.5,117.0,117.0
2011-08-18,118.0,120.0,117.5,118.0
2011-08-19,116.5,118.0,116.5,117.0
2011-08-22,116.0,117.5,114.5,117.5
2011-08-23,116.5,117.0,115.0,116.5
2011-08-24,116.5,117.5,114.5,114.5
2011-08-25,116.0,117.5,114.0,114.5
2011-08-26,113.0,115.0,112.5,114.5
2011-08-29,115.0,117.0,114.0,116.0
2011-08-30,117.5,118.0,115.0,115.0
2011-08-31,116.5,119.5,116.0,119.0
2011-09-01,120.0,120.5,118.0,118.5
2011-09-02,118.0,118.5,117.0,118.5
2011-09-05,118.0,118.0,115.5,116.0
2011-09-06,115.0,118.0,115.0,118.0
2011-09-07,118.0,119.0,117.5,119.0
2011-09-08,119.0,120.0,118.5,119.5
2011-09-09,120.0,120.0,118.0,119.0
2011-09-12,116.5,117.0,113.5,113.5
2011-09-13,114.5,115.0,112.0,112.5
2011-09-14,113.5,113.5,108.0,110.5
2011-09-15,111.0,113.0,109.5,112.5
2011-09-16,113.5,114.5,113.0,113.0
2011-09-19,112.0,112.0,110.5,111.0
2011-09-20,111.5,113.5,109.5,113.5
2011-09-21,113.5,114.5,112.5,114.0
2011-09-22,111.5,111.5,109.0,110.0
2011-09-23,108.0,109.0,106.0,107.5
2011-09-26,106.5,106.5,99.0,103.5
2011-09-27,107.0,109.0,104.5,109.0
2011-09-28,109.0,109.5,107.0,108.0
2011-09-29,106.0,109.5,106.0,108.0
2011-09-30,108.0,109.0,106.0,106.0
2011-10-03,100.0,103.5,100.0,103.0
2011-10-04,103.0,104.0,93.8,96.8
2011-10-05,97.8,99.5,96.8,97.2
2011-10-06,101.0,103.5,100.0,103.0
2011-10-07,106.0,108.5,106.0,107.0
2011-10-10,107.0,108.5,105.0,108.5
2011-10-11,110.5,112.5,109.5,112.0
2011-10-12,111.0,112.0,109.0,112.0
2011-10-13,114.5,114.5,109.5,109.5
2011-10-14,109.0,113.0,108.0,113.0
2011-10-17,113.5,114.5,112.0,114.5
2011-10-18,111.0,111.0,108.5,110.5
2011-10-19,110.5,110.5,105.0,105.0
2011-10-20,103.5,104.0,99.2,100.5
2011-10-21,100.5,106.0,99.8,102.0
2011-10-25,105.0,110.0,105.0,109.5
2011-10-26,109.0,109.5,106.5,108.0
2011-10-27,111.0,115.0,111.0,113.0
2011-10-28,115.0,119.0,115.0,118.0
2011-10-31,117.0,119.0,116.5,117.5
2011-11-01,117.0,117.5,113.0,116.0
2011-11-02,114.0,117.5,114.0,117.0
2011-11-03,114.5,116.5,114.0,116.0
2011-11-04,117.0,118.5,115.5,116.0
2011-11-07,116.0,116.5,113.0,113.5
2011-11-08,113.5,114.5,112.0,114.0
2011-11-09,113.5,113.5,111.0,111.5
2011-11-10,109.0,110.5,108.5,110.5
2011-11-11,110.5,110.5,108.5,109.5
2011-11-14,111.5,113.0,111.0,111.0
2011-11-15,111.0,112.0,109.0,110.0
2011-11-16,108.5,110.0,108.0,110.0
2011-11-17,109.0,109.5,108.0,108.0
2011-11-18,108.0,108.0,105.5,106.0
2011-11-21,105.0,106.0,103.5,103.5
2011-11-22,103.5,105.5,103.5,105.0
2011-11-23,104.5,105.0,103.5,104.5
2011-11-24,105.0,105.5,104.0,105.5
2011-11-25,104.5,104.5,102.0,102.0
2011-11-28,103.0,105.5,102.5,105.0
2011-11-29,105.5,109.5,104.5,109.0
2011-11-30,109.0,109.0,107.5,108.5
2011-12-01,114.0,114.0,112.5,113.0
2011-12-02,113.5,114.5,112.0,114.0
2011-12-06,114.0,115.0,112.5,113.0
2011-12-07,114.5,115.5,114.0,115.5
2011-12-08,114.5,115.0,113.0,114.5
2011-12-09,112.5,113.0,111.0,112.5
2011-12-13,112.5,114.0,112.0,113.5
2011-12-14,114.0,114.0,112.0,112.0
2011-12-15,110.0,112.0,110.0,112.0
2011-12-16,112.0,114.0,112.0,113.5
2011-12-19,113.0,114.5,112.0,113.0
2011-12-20,114.0,115.5,114.0,115.0
2011-12-21,117.0,118.0,116.5,117.5
2011-12-22,117.5,118.0,115.0,117.0
2011-12-23,117.0,117.0,115.0,115.0
2011-12-26,115.5,116.0,114.0,115.0
2011-12-27,115.0,115.5,113.5,115.0
2011-12-28,115.5,115.5,114.0,115.5
2011-12-29,116.0,116.5,115.0,115.5
2011-12-30,116.0,116.5,115.0,116.5
2012-01-04,116.5,118.0,113.5,114.5
2012-01-05,112.5,113.0,110.0,111.0
2012-01-06,110.5,112.5,110.5,111.5
2012-01-09,110.0,112.0,109.0,112.0
2012-01-10,112.5,113.0,111.0,112.5
2012-01-11,112.0,112.0,110.0,110.0
2012-01-12,111.0,112.0,110.5,112.0
2012-01-13,112.0,113.5,111.5,113.0
2012-01-16,112.5,113.0,111.0,112.0
2012-01-17,113.0,115.0,112.0,115.0
2012-01-18,115.5,117.0,115.0,116.5
2012-01-19,118.0,119.5,117.0,119.5
2012-01-20,118.5,120.0,118.5,119.5
2012-01-23,119.5,120.0,119.0,119.5
2012-01-24,120.0,121.5,119.5,119.5
2012-01-25,119.5,120.0,117.0,118.0
2012-01-26,118.0,120.5,118.0,120.0
2012-01-27,120.5,121.5,119.5,121.0
2012-01-30,120.0,120.5,118.0,119.0
2012-01-31,119.5,121.0,118.0,121.0
2012-02-01,121.5,122.5,120.0,121.0
2012-02-02,122.5,125.5,122.0,124.5
2012-02-03,123.5,124.0,122.0,123.0
2012-02-06,123.5,124.0,122.5,122.5
2012-02-07,123.0,123.0,121.5,123.0
2012-02-08,123.5,125.0,123.0,123.5
2012-02-09,123.5,125.0,122.5,124.0
2012-02-10,124.5,126.0,124.0,125.5
2012-02-13,126.5,127.0,125.0,127.0
2012-02-14,126.5,130.5,126.5,130.0
2012-02-15,130.0,133.0,130.0,132.0
2012-02-16,132.5,132.5,129.0,129.5
2012-02-17,131.0,131.5,128.5,129.5
2012-02-20,130.0,130.0,126.0,127.5
2012-02-21,128.0,130.5,127.0,129.0
2012-02-22,129.0,131.0,128.0,128.5
2012-02-23,128.5,129.5,127.5,129.0
2012-02-24,129.5,129.5,127.0,129.0
2012-02-27,129.0,129.0,127.0,127.0
2012-02-28,126.5,126.5,125.5,126.5
2012-02-29,126.5,130.0,126.5,130.0
2012-03-01,130.5,131.0,129.5,130.0
2012-03-02,131.5,132.5,130.0,130.5
2012-03-05,130.5,130.5,127.5,128.0
2012-03-06,128.0,130.5,127.5,130.0
2012-03-08,130.5,137.0,130.5,136.0
2012-03-09,136.5,136.5,131.5,132.5
2012-03-12,133.0,133.0,131.0,131.0
2012-03-13,132.0,133.0,130.0,132.5
2012-03-14,135.0,136.0,134.0,136.0
2012-03-15,136.5,140.5,136.5,140.5
2012-03-16,142.0,143.5,139.0,143.5
2012-03-19,144.0,151.5,144.0,148.5
2012-03-20,146.5,153.0,146.5,150.5
2012-03-21,150.5,153.5,147.5,152.5
2012-03-22,151.0,152.5,147.0,147.5
2012-03-23,147.0,147.0,143.5,145.5
2012-03-26,146.0,146.5,141.5,141.5
2012-03-27,144.5,148.0,144.5,148.0
2012-03-28,146.5,148.0,145.5,146.0
2012-03-29,144.5,148.0,144.0,146.0
2012-03-30,147.0,147.5,143.0,143.5
2012-04-02,143.0,145.0,141.5,143.0
2012-04-03,144.5,149.0,144.0,149.0
2012-04-04,147.5,149.0,146.5,147.5
2012-04-05,146.5,147.0,143.5,145.0
2012-04-10,145.0,145.0,140.0,141.5
2012-04-11,140.0,141.5,139.0,140.0
2012-04-12,140.0,143.5,140.0,143.5
2012-04-17,143.5,145.0,138.0,139.5
2012-04-18,141.5,143.0,140.0,140.5
2012-04-19,144.0,148.5,143.5,147.0
2012-04-20,146.5,148.0,145.0,147.0
2012-04-23,147.0,148.5,146.0,147.0
2012-04-24,148.0,148.0,146.0,146.5
2012-04-25,146.0,146.5,144.0,144.5
2012-04-26,145.0,148.0,144.5,146.5
2012-04-27,147.0,148.0,146.0,148.0
2012-04-30,149.5,155.5,149.5,155.0
2012-05-02,154.0,156.0,153.0,153.5
2012-05-03,154.0,154.0,150.5,153.0
2012-05-04,153.5,154.5,151.0,152.5
2012-05-08,152.5,152.5,150.0,152.5
2012-05-09,151.0,151.5,149.0,150.5
2012-05-10,149.0,149.5,145.5,147.0
2012-05-11,146.0,146.5,143.0,144.5
2012-05-14,144.5,146.5,140.5,141.5
2012-05-15,142.0,146.0,141.0,146.0
2012-05-16,143.0,143.5,140.5,143.5
2012-05-17,143.5,146.0,142.5,145.0
2012-05-18,142.0,144.0,140.5,142.0
2012-05-21,142.5,142.5,139.0,139.0
2012-05-22,140.5,140.5,137.0,137.5
2012-05-23,136.0,137.5,134.0,135.5
2012-05-24,134.5,138.5,132.0,138.5
2012-05-25,136.5,140.0,136.0,139.5
2012-05-28,137.0,139.0,135.0,139.0
2012-05-29,137.5,142.0,137.5,141.0
2012-05-30,140.0,141.5,138.5,139.0
2012-05-31,137.5,140.5,135.5,140.5
2012-06-01,139.0,140.0,135.5,135.5
2012-06-05,135.5,138.0,132.0,132.0
2012-06-06,133.5,137.5,133.0,135.0
2012-06-07,136.5,138.0,135.0,135.5
2012-06-08,134.0,135.0,132.5,134.5
2012-06-11,137.0,138.5,136.5,138.0
2012-06-12,136.5,139.5,136.0,139.0
2012-06-13,139.0,141.0,137.5,139.0
2012-06-14,137.5,141.0,137.0,139.5
2012-06-15,142.0,144.0,140.5,143.5
2012-06-18,144.5,145.5,141.5,141.5
2012-06-19,142.0,144.5,142.0,144.0
2012-06-20,144.0,145.5,143.0,145.0
2012-06-21,143.5,144.0,141.5,142.0
2012-06-22,140.5,142.5,140.0,142.0
2012-06-25,142.0,143.5,141.5,142.0
2012-06-26,141.5,141.5,140.0,141.0
2012-06-27,142.5,147.0,142.0,145.5
2012-06-28,145.5,146.5,143.0,145.5
2012-06-29,147.0,149.0,146.5,147.0
2012-07-02,149.0,150.0,148.0,149.0
2012-07-03,150.0,152.5,149.5,152.0
2012-07-04,152.5,152.5,150.0,150.5
2012-07-05,151.0,152.5,150.0,152.5
2012-07-06,152.5,153.0,150.0,152.0
2012-07-09,150.5,151.0,148.5,149.0
2012-07-10,149.0,152.0,148.5,152.0
2012-07-11,151.5,153.0,151.0,152.0
2012-07-12,151.0,151.5,149.5,150.5
2012-07-13,150.5,156.0,150.5,155.5
2012-07-16,156.0,158.0,155.0,156.5
2012-07-17,158.0,158.0,156.5,157.5
2012-07-18,157.5,159.0,157.0,158.5
2012-07-19,159.5,159.5,152.5,152.5
2012-07-20,153.0,153.5,150.5,150.5
2012-07-23,148.5,149.5,147.0,147.0
2012-07-24,147.0,151.0,147.0,149.0
2012-07-25,150.0,153.0,149.0,152.5
2012-07-26,152.5,153.0,149.5,150.0
2012-07-27,154.0,154.0,151.5,153.0
2012-07-30,153.5,158.0,153.0,158.0
2012-07-31,158.5,161.0,158.5,160.5
2012-08-01,160.0,160.5,157.5,159.5
2012-08-03,159.5,159.5,154.5,157.0
2012-08-06,158.5,158.5,156.0,157.5
2012-08-07,157.5,158.0,156.0,156.5
2012-08-08,157.5,158.5,156.5,157.0
2012-08-09,158.0,159.0,157.0,158.5
2012-08-10,159.0,159.5,157.0,158.5
2012-08-14,158.5,161.0,158.5,159.5
2012-08-15,158.5,159.5,157.5,159.0
2012-08-16,159.0,159.0,157.0,157.5
2012-08-17,158.0,158.0,153.0,154.0
2012-08-20,153.5,155.0,152.0,154.0
2012-08-21,153.5,155.5,153.5,154.5
2012-08-22,154.0,154.0,152.5,153.5
2012-08-23,154.0,155.0,153.0,154.0
2012-08-24,153.5,154.5,152.5,153.5
2012-08-27,153.0,155.0,153.0,154.0
2012-08-28,154.0,155.5,153.5,153.5
2012-08-29,154.0,154.5,151.0,151.0
2012-08-30,150.0,150.5,147.0,147.5
2012-08-31,148.0,150.0,147.5,150.0
2012-09-03,150.0,152.0,149.5,151.0
2012-09-04,152.0,152.0,150.0,151.0
2012-09-05,150.5,152.5,150.5,151.0
2012-09-06,153.0,154.0,152.5,153.5
2012-09-07,154.5,155.0,153.0,154.0
2012-09-10,155.0,157.0,154.5,155.5
2012-09-11,155.0,155.0,153.0,154.0
2012-09-12,155.0,157.5,155.0,157.0
2012-09-13,157.5,157.5,156.0,157.0
2012-09-14,159.0,162.5,159.0,161.5
2012-09-17,162.5,163.5,161.0,162.0
2012-09-18,161.5,161.5,159.5,160.0
2012-09-19,160.0,162.5,160.0,162.5
2012-09-20,163.0,163.0,160.0,162.5
2012-09-21,164.0,165.0,163.0,164.0
2012-09-24,163.0,166.5,162.0,165.5
2012-09-25,164.5,167.5,164.5,166.5
2012-09-26,164.5,165.5,164.0,165.0
2012-09-27,165.0,166.5,164.0,166.0
2012-09-28,170.5,172.0,168.5,168.5
2012-10-01,166.5,170.0,166.0,168.5
2012-10-02,169.5,170.5,168.0,169.5
2012-10-03,171.0,171.0,169.5,170.0
2012-10-04,170.5,172.0,170.0,171.0
2012-10-05,171.0,171.0,170.0,170.5
2012-10-08,168.0,168.5,164.0,165.5
2012-10-09,166.0,168.0,164.0,165.0
2012-10-10,163.0,166.5,163.0,166.5
2012-10-11,166.0,170.0,165.0,169.5
2012-10-12,169.0,170.0,167.5,168.5
2012-10-15,167.5,168.0,165.5,166.0
2012-10-16,166.5,167.0,165.0,165.5
2012-10-17,163.0,165.5,163.0,165.0
2012-10-18,163.5,164.0,159.5,161.0
2012-10-19,161.5,163.5,161.0,161.0
2012-10-22,161.0,162.0,160.5,161.5
2012-10-24,161.5,161.5,157.0,158.0
2012-10-25,157.5,160.0,156.5,160.0
2012-10-26,159.0,160.0,157.0,158.5
2012-10-29,158.0,159.0,157.0,158.0
2012-10-30,157.5,160.5,157.5,160.5
2012-10-31,160.5,162.0,159.5,161.0
2012-11-01,159.5,162.5,159.5,160.5
2012-11-02,162.0,162.0,160.5,162.0
2012-11-05,162.0,162.0,158.0,160.0
2012-11-06,158.0,159.0,156.5,157.5
2012-11-07,158.0,159.0,157.0,157.5
2012-11-08,157.0,159.5,156.0,159.0
2012-11-09,158.5,160.5,158.5,160.0
2012-11-12,161.0,161.0,158.5,159.5
2012-11-13,159.0,159.0,157.0,157.5
2012-11-14,158.0,159.0,155.5,157.0
2012-11-15,155.5,159.0,155.5,158.5
2012-11-16,158.5,159.0,156.0,157.5
2012-11-19,156.5,157.5,155.5,156.5
2012-11-20,157.5,157.5,155.0,155.5
2012-11-21,155.5,157.5,155.5,157.0
2012-11-22,158.0,159.0,156.5,159.0
2012-11-23,159.0,159.0,156.5,156.5
2012-11-26,157.0,159.0,156.5,158.5
2012-11-27,159.0,161.0,158.5,160.5
2012-11-28,159.5,161.5,159.5,160.5
2012-11-29,161.5,162.5,160.0,162.5
2012-11-30,163.0,166.0,162.0,162.5
2012-12-03,163.0,165.0,162.5,164.5
2012-12-04,166.0,166.0,162.5,164.0
2012-12-06,164.0,169.5,164.0,169.0
2012-12-07,170.0,172.5,169.5,171.0
2012-12-11,171.0,178.0,171.0,175.5
2012-12-12,176.0,176.5,172.5,174.0
2012-12-13,176.5,177.0,174.0,175.5
2012-12-14,174.5,176.5,173.5,175.5
2012-12-17,176.5,176.5,175.0,176.0
2012-12-18,177.0,177.0,173.5,176.0
2012-12-19,176.5,178.5,176.0,178.5
2012-12-20,178.0,179.5,177.0,179.5
2012-12-21,178.0,179.0,176.5,178.0
2012-12-24,177.5,178.0,176.0,176.5
2012-12-25,176.5,177.5,176.5,177.5
2012-12-26,177.5,178.5,176.5,177.5
2012-12-27,177.5,179.5,176.5,179.5
2012-12-28,181.0,182.0,180.0,181.5
2013-01-02,181.5,186.0,181.5,184.5
2013-01-03,184.5,185.0,181.5,182.0
2013-01-04,181.0,184.0,180.0,184.0
2013-01-07,184.5,184.5,181.0,181.0
2013-01-08,182.0,183.5,181.0,183.5
2013-01-09,184.0,184.5,183.0,183.5
2013-01-10,183.5,185.0,180.0,180.5
2013-01-11,178.5,179.5,174.5,175.5
2013-01-14,176.0,176.5,175.0,176.0
2013-01-15,176.5,176.5,174.0,176.0
2013-01-16,175.5,176.0,171.5,172.5
2013-01-17,174.0,174.0,170.5,171.5
2013-01-18,172.5,176.0,172.5,175.0
2013-01-21,175.0,176.5,174.5,176.0
2013-01-22,176.0,178.0,175.5,176.5
2013-01-23,177.0,177.5,174.0,175.0
2013-01-24,176.0,176.5,174.0,176.0
2013-01-25,176.0,179.5,176.0,178.0
2013-01-28,179.0,181.0,178.5,180.5
2013-01-29,181.5,181.5,179.0,179.5
2013-01-30,179.0,181.0,177.5,181.0
2013-01-31,179.0,181.5,178.0,179.0
2013-02-01,179.5,181.0,178.0,181.0
2013-02-04,181.5,182.5,179.5,180.5
2013-02-05,179.0,180.0,178.5,180.0
2013-02-06,181.0,181.0,178.5,178.5
2013-02-07,179.0,179.5,176.0,176.5
2013-02-08,175.5,176.0,173.0,174.0
2013-02-11,174.0,174.0,170.5,170.5
2013-02-12,170.0,172.0,169.0,169.5
2013-02-13,171.0,174.0,171.0,174.0
2013-02-14,174.5,174.5,172.5,173.0
2013-02-15,172.5,173.5,171.0,173.0
2013-02-18,172.5,173.0,171.5,172.0
2013-02-19,172.0,174.0,172.0,173.5
2013-02-20,174.0,176.0,173.5,175.5
2013-02-21,176.0,176.5,174.0,175.0
2013-02-22,176.0,178.0,175.5,178.0
2013-02-26,178.0,178.0,174.5,178.0
2013-02-27,176.5,177.0,174.0,174.0
2013-02-28,175.0,178.0,173.0,178.0
2013-03-01,179.0,179.0,177.0,178.0
2013-03-04,179.0,179.0,177.0,178.5
2013-03-05,180.0,180.0,177.0,177.0
2013-03-06,179.0,179.5,178.0,179.0
2013-03-07,179.0,179.5,176.0,178.0
2013-03-08,179.5,179.5,177.0,178.5
2013-03-11,179.0,179.5,176.5,177.0
2013-03-12,177.5,178.5,177.0,178.5
2013-03-13,179.5,179.5,177.5,179.5
2013-03-14,179.0,182.0,177.5,182.0
2013-03-15,183.5,187.0,183.0,187.0
2013-03-18,185.5,186.5,183.0,186.0
2013-03-19,187.5,187.5,181.0,181.0
2013-03-20,180.5,180.5,175.0,175.0
2013-03-21,176.0,176.0,172.0,172.5
2013-03-22,173.0,175.0,170.0,170.0
2013-03-25,173.0,177.5,172.0,176.0
2013-03-26,175.5,178.5,174.5,177.5
2013-03-27,179.0,181.5,178.5,180.0
2013-03-28,180.0,181.0,177.0,177.5
2013-03-29,179.0,181.0,179.0,180.0
2013-04-01,180.5,182.5,179.5,179.5
2013-04-02,181.0,183.0,180.0,182.5
2013-04-03,184.0,187.0,182.0,183.0
2013-04-04,180.0,183.5,178.0,183.5
2013-04-05,182.0,182.0,177.5,178.0
2013-04-09,178.0,179.5,175.0,175.0
2013-04-10,176.0,176.0,172.5,175.0
2013-04-11,174.0,177.5,173.0,177.5
2013-04-12,176.5,178.5,176.5,177.5
2013-04-17,177.5,177.5,168.5,169.0
2013-04-18,170.5,170.5,169.0,170.0
2013-04-19,173.5,177.5,173.0,177.0
2013-04-22,182.0,183.5,180.0,183.5
2013-04-23,182.0,187.5,181.5,184.5
2013-04-24,187.0,189.0,185.0,189.0
2013-04-25,189.0,191.0,187.5,189.0
2013-04-26,188.0,188.0,185.0,185.5
2013-04-29,188.0,188.0,184.5,186.0
2013-04-30,187.5,187.5,183.5,186.0
2013-05-02,186.0,189.0,185.0,185.5
2013-05-03,186.5,187.0,183.0,185.0
2013-05-07,185.0,188.5,185.0,188.5
2013-05-08,189.5,191.0,189.0,189.5
2013-05-09,191.0,191.0,187.0,188.0
2013-05-10,188.0,189.0,186.0,187.5
2013-05-13,187.0,189.0,186.5,188.5
2013-05-14,189.0,193.5,187.5,193.0
2013-05-15,195.0,198.5,195.0,196.5
2013-05-16,196.5,197.0,192.0,193.0
2013-05-17,192.5,192.5,190.5,192.0
2013-05-20,192.5,197.0,192.0,197.0
2013-05-21,196.0,197.5,195.0,197.5
2013-05-22,196.0,199.5,193.0,193.0
2013-05-23,191.0,192.0,184.5,185.5
2013-05-27,185.5,186.5,183.0,186.5
2013-05-28,185.5,187.5,185.0,186.5
2013-05-29,185.5,186.0,181.5,181.5
2013-05-30,178.5,179.5,176.5,178.0
2013-05-31,178.0,180.5,172.5,173.5
2013-06-03,172.0,173.5,171.0,172.5
2013-06-04,173.0,175.0,170.5,174.5
2013-06-05,176.0,177.5,173.5,174.0
2013-06-06,173.0,174.0,170.0,171.0
2013-06-07,171.0,175.5,170.0,174.0
2013-06-10,176.0,177.5,175.5,176.0
2013-06-11,176.5,176.5,165.0,165.0
2013-06-12,164.0,167.5,161.5,166.0
2013-06-13,160.0,166.0,157.5,164.0
2013-06-14,169.0,174.0,167.5,174.0
2013-06-17,173.0,174.5,169.5,174.0
2013-06-18,173.0,177.0,166.0,167.0
2013-06-19,169.5,171.5,165.0,170.0
2013-06-20,164.0,165.0,161.5,162.0
2013-06-21,158.0,163.5,153.0,161.0
2013-06-24,158.0,161.5,152.5,152.5
2013-06-25,153.5,159.5,151.5,157.5
2013-06-26,160.0,167.0,159.5,167.0
2013-06-27,172.5,173.0,164.5,170.0
2013-06-28,172.5,173.0,170.5,172.0
2013-07-02,172.0,175.0,167.5,168.0
2013-07-03,166.0,168.0,161.5,162.5
2013-07-04,164.5,165.0,159.0,160.0
2013-07-05,162.0,163.0,161.0,163.0
2013-07-08,160.0,161.0,156.0,156.0
2013-07-09,156.0,159.0,155.0,155.0
2013-07-10,154.5,155.5,152.5,152.5
2013-07-11,157.0,164.0,156.5,164.0
2013-07-12,165.5,167.5,165.0,167.0
2013-07-15,168.5,169.0,164.5,164.5
2013-07-16,165.0,165.5,160.5,162.0
2013-07-17,163.5,165.5,161.5,165.5
2013-07-18,165.5,168.5,164.5,167.5
2013-07-19,167.0,167.0,164.0,165.0
2013-07-23,165.0,167.0,165.0,167.0
2013-07-24,167.0,167.5,165.0,165.0
2013-07-25,164.5,165.5,162.0,162.0
2013-07-26,162.0,162.5,160.0,161.5
2013-07-29,160.5,162.5,160.0,160.5
2013-07-30,161.5,164.5,161.5,161.5
2013-07-31,161.0,161.0,158.0,158.5
2013-08-01,161.0,162.0,158.5,160.0
2013-08-02,161.5,161.5,157.5,159.0
2013-08-05,157.5,157.5,155.0,156.0
2013-08-06,154.5,159.0,153.5,156.0
2013-08-07,155.0,156.5,153.5,155.0
2013-08-08,156.0,156.5,154.5,155.0
2013-08-09,155.5,155.5,151.5,152.5
2013-08-13,152.5,159.5,152.5,159.5
2013-08-14,158.5,164.0,158.5,164.0
2013-08-15,163.5,164.0,161.5,163.0
2013-08-16,161.0,162.5,160.0,161.5
2013-08-19,160.0,160.5,155.0,155.0
2013-08-20,152.5,154.0,150.0,151.0
2013-08-21,150.0,150.5,147.0,147.0
2013-08-22,144.5,144.5,140.0,142.0
2013-08-23,144.5,146.0,140.0,141.5
2013-08-26,143.0,144.5,140.0,140.0
2013-08-27,139.0,140.5,138.0,138.0
2013-08-28,134.5,138.0,134.0,136.0
2013-08-29,137.5,137.5,134.5,135.5
2013-08-30,137.0,137.0,134.5,134.5
2013-09-02,136.5,140.0,135.5,140.0
2013-09-03,139.5,141.0,138.0,138.5
2013-09-04,138.5,138.5,135.5,136.0
2013-09-05,138.0,139.0,136.5,138.0
2013-09-06,137.0,141.5,135.5,141.0
2013-09-09,144.5,152.0,143.5,152.0
2013-09-10,154.5,158.5,151.5,153.0
2013-09-11,153.5,157.5,153.5,157.5
2013-09-12,158.0,158.5,155.5,157.0
2013-09-13,156.5,158.0,154.0,157.0
2013-09-16,160.0,167.0,159.5,167.0
2013-09-17,165.5,166.5,162.0,164.0
2013-09-18,163.0,164.5,162.0,163.0
2013-09-19,171.5,176.0,171.0,174.0
2013-09-20,169.5,170.5,168.5,170.0
2013-09-23,167.0,167.5,160.0,161.5
2013-09-24,161.0,163.0,158.0,158.5
2013-09-25,159.0,159.5,157.0,159.5
2013-09-26,158.0,160.5,156.5,156.5
2013-09-27,157.5,158.0,154.0,154.0
2013-09-30,152.0,152.0,148.0,148.0
2013-10-01,150.0,155.0,149.0,154.0
2013-10-02,152.5,155.0,150.0,151.5
2013-10-03,152.5,157.0,152.0,156.0
2013-10-04,155.0,155.5,152.5,154.0
2013-10-07,154.0,155.5,152.5,153.0
2013-10-08,153.0,155.5,152.5,155.0
2013-10-09,155.5,156.5,154.5,156.5
2013-10-10,156.5,162.0,156.0,161.5
2013-10-11,164.0,164.5,161.5,161.5
2013-10-14,160.0,162.5,158.0,162.0
2013-10-15,164.5,165.0,163.0,165.0
2013-10-16,165.0,166.0,164.0,164.0
2013-10-17,164.5,165.5,161.5,161.5
2013-10-18,162.5,164.5,161.0,164.0
2013-10-21,164.0,164.0,156.5,158.5
2013-10-22,160.0,160.5,157.5,160.0
2013-10-24,160.0,162.0,157.5,162.0
2013-10-25,162.5,162.5,160.0,161.0
2013-10-28,161.0,163.0,160.0,160.5
2013-10-29,161.0,162.0,160.0,161.5
2013-10-30,162.0,162.5,159.5,161.5
2013-10-31,160.5,164.5,159.5,164.5
2013-11-01,162.5,162.5,160.5,161.0
2013-11-04,161.0,161.0,157.0,157.0
2013-11-05,158.0,162.0,157.5,160.5
2013-11-06,162.0,167.0,161.0,166.5
2013-11-07,166.5,170.0,165.5,166.5
2013-11-08,165.0,167.5,164.0,166.5
2013-11-11,163.5,167.0,162.0,167.0
2013-11-12,168.5,170.0,166.5,168.5
2013-11-13,167.0,167.5,164.5,165.0
2013-11-14,165.0,167.5,165.0,166.0
2013-11-15,167.5,168.0,166.0,167.0
2013-11-18,167.5,168.0,165.5,167.5
2013-11-19,166.0,166.5,165.0,166.5
2013-11-20,167.0,167.5,163.0,164.0
2013-11-21,161.5,162.5,157.0,157.5
2013-11-22,159.0,159.5,156.0,156.0
2013-11-25,155.0,161.0,155.0,160.0
2013-11-26,159.0,162.5,158.0,159.5
2013-11-27,158.5,159.5,157.0,159.5
2013-11-28,160.0,160.5,157.0,157.5
2013-11-29,157.0,157.0,154.0,157.0
2013-12-02,154.5,155.0,152.5,155.0
2013-12-03,155.5,160.5,155.5,158.5
2013-12-04,158.5,159.5,156.0,156.0
2013-12-06,156.0,156.0,152.5,155.0
2013-12-09,156.5,157.5,154.0,154.0
2013-12-11,154.0,156.0,153.5,154.5
2013-12-12,154.0,155.5,154.0,154.0
2013-12-13,153.0,154.5,151.0,154.0
2013-12-16,154.0,154.0,151.5,152.5
2013-12-17,154.0,158.0,153.5,157.5
2013-12-18,157.0,159.0,157.0,158.5
2013-12-19,158.0,159.5,154.5,155.5
2013-12-20,154.0,154.5,150.0,152.5
2013-12-23,152.5,152.5,150.0,152.0
2013-12-24,151.5,153.5,151.0,152.0
2013-12-25,152.0,153.0,151.5,152.5
2013-12-26,152.0,152.0,146.5,147.5
2013-12-27,145.5,145.5,141.5,143.5
2014-01-02,143.5,143.5,131.5,131.5
2014-01-03,132.0,135.5,131.0,132.5
2014-01-06,132.0,140.0,130.5,140.0
2014-01-07,141.0,144.0,139.0,144.0
2014-01-08,143.5,144.5,140.0,140.5
2014-01-09,140.5,142.5,140.0,142.0
2014-01-10,141.0,143.5,139.0,141.5
2014-01-13,139.5,147.0,139.5,147.0
2014-01-14,146.0,148.5,144.5,148.5
2014-01-15,146.5,147.5,144.0,144.0
2014-01-16,145.0,148.5,144.0,147.5
2014-01-17,148.0,149.0,146.0,147.0
2014-01-20,146.0,148.5,145.5,147.0
2014-01-21,147.0,149.0,146.0,147.0
2014-01-22,145.5,151.5,145.0,150.5
2014-01-23,151.5,156.5,150.5,156.5
2014-01-24,156.5,157.0,153.5,155.0
2014-01-27,152.0,152.5,150.5,150.5
2014-01-28,148.5,149.5,145.5,147.0
2014-01-29,147.0,147.0,145.0,146.0
2014-01-30,144.5,147.0,143.5,146.0
2014-01-31,146.5,149.0,146.5,149.0
2014-02-03,150.0,150.5,148.0,150.0
2014-02-04,148.0,148.5,145.5,146.0
2014-02-05,146.5,148.0,145.0,146.5
2014-02-06,147.0,147.5,146.0,147.0
2014-02-07,148.0,149.0,147.5,148.0
2014-02-10,147.5,148.5,146.5,146.5
2014-02-11,146.5,149.0,145.5,147.5
2014-02-12,147.5,150.0,147.0,150.0
2014-02-13,150.0,150.0,148.0,149.0
2014-02-17,149.0,154.0,149.0,153.5
2014-02-18,152.0,152.5,150.0,152.0
2014-02-19,153.0,153.0,150.0,151.0
2014-02-20,150.0,150.5,147.5,147.5
2014-02-21,148.0,149.0,147.0,148.0
2014-02-24,147.0,148.5,146.0,148.0
2014-02-25,147.5,148.5,146.5,147.0
2014-02-26,147.5,149.0,147.0,147.5
2014-02-27,148.0,152.0,147.5,151.5
2014-02-28,151.5,152.0,150.5,151.5
2014-03-03,152.0,155.0,151.5,154.0
2014-03-04,154.0,156.0,153.0,155.0
2014-03-05,155.5,157.5,155.5,157.0
2014-03-06,157.5,158.0,156.5,157.5
2014-03-07,158.0,159.0,157.0,159.0
2014-03-10,158.5,158.5,155.0,156.0
2014-03-11,156.0,158.5,156.0,157.0
2014-03-12,156.5,157.5,155.5,156.5
2014-03-13,157.5,157.5,156.5,156.5
2014-03-14,155.0,158.5,154.5,158.5
2014-03-17,157.5,158.5,156.5,158.5
2014-03-18,158.5,159.5,158.0,158.5
2014-03-19,158.5,160.5,157.5,158.0
2014-03-20,156.5,157.0,155.0,156.0
2014-03-21,156.0,156.5,154.0,154.5
2014-03-24,153.0,154.0,152.5,152.5
2014-03-25,152.5,155.0,152.5,154.5
2014-03-26,156.0,156.5,154.5,155.0
2014-03-27,154.5,155.5,153.5,153.5
2014-03-28,154.0,157.5,154.0,156.5
2014-03-31,157.0,158.0,156.5,157.5
2014-04-01,158.0,159.0,157.5,158.5
2014-04-02,159.0,162.5,158.5,162.0
2014-04-03,161.0,162.0,159.5,160.0
2014-04-04,160.5,163.0,159.5,162.5
2014-04-08,162.5,164.5,161.5,161.5
2014-04-09,162.0,163.0,161.5,162.0
2014-04-10,160.5,162.5,160.5,162.5
2014-04-11,158.5,159.5,158.0,159.5
2014-04-16,159.5,162.0,159.0,161.0
2014-04-17,160.5,163.0,160.5,163.0
2014-04-18,164.0,165.5,163.0,164.0
2014-04-21,164.0,167.0,163.5,165.5
2014-04-22,166.0,168.5,165.0,168.0
2014-04-23,168.5,170.5,168.5,168.5
2014-04-24,168.5,168.5,166.0,166.5
2014-04-25,165.5,166.0,163.5,163.5
2014-04-28,164.0,166.5,163.5,166.0
2014-04-29,165.5,166.5,164.0,165.5
2014-04-30,166.0,166.5,165.0,165.5
2014-05-02,165.5,167.5,165.5,167.5
2014-05-06,167.5,169.5,166.0,166.0
2014-05-07,164.0,165.5,163.0,164.5
2014-05-08,164.0,164.5,159.0,160.0
2014-05-09,160.5,161.0,159.5,160.0
2014-05-12,160.0,162.5,159.0,161.0
2014-05-14,161.0,166.0,161.0,165.5
2014-05-15,164.5,167.0,163.5,166.0
2014-05-16,164.5,168.0,164.0,168.0
2014-05-19,168.0,168.5,166.5,168.0
2014-05-20,165.5,166.5,161.5,163.5
2014-05-21,163.0,163.5,161.5,163.0
2014-05-22,163.5,164.0,160.0,160.0
2014-05-23,156.0,158.5,155.5,157.5
2014-05-26,158.0,158.5,156.0,157.5
2014-05-27,157.5,159.5,157.5,158.0
2014-05-28,159.0,161.5,158.5,160.0
2014-05-29,160.0,162.0,159.5,160.5
2014-05-30,161.0,163.0,159.0,159.0
2014-06-02,160.5,166.0,160.0,166.0
2014-06-03,169.0,169.5,167.5,167.5
2014-06-04,167.5,168.0,165.5,166.0
2014-06-05,166.5,168.0,165.5,168.0
2014-06-06,169.0,169.5,166.0,167.0
2014-06-09,167.5,168.5,166.0,167.0
2014-06-10,167.0,171.0,166.0,170.0
2014-06-11,170.0,171.0,168.5,170.0
2014-06-12,170.0,170.0,167.5,168.5
2014-06-13,168.5,169.0,167.5,168.0
2014-06-16,167.5,169.0,167.5,169.0
2014-06-17,169.0,170.0,167.0,167.5
2014-06-18,167.5,168.5,165.0,166.5
2014-06-19,167.0,167.5,165.0,166.5
2014-06-20,166.5,168.0,166.0,167.5
2014-06-23,168.0,168.0,166.0,166.5
2014-06-24,166.5,166.5,164.5,166.0
2014-06-25,166.5,167.5,166.0,167.0
2014-06-26,167.0,167.5,166.0,167.5
2014-06-27,167.5,168.5,166.5,168.0
2014-06-30,168.0,169.5,167.5,168.5
2014-07-02,168.5,173.5,168.5,173.5
2014-07-03,173.5,175.0,172.5,175.0
2014-07-04,175.5,181.5,175.5,178.5
2014-07-07,178.5,179.0,177.0,177.5
2014-07-08,178.5,180.5,178.0,179.0
2014-07-09,178.0,180.0,178.0,179.5
2014-07-10,180.0,182.0,180.0,182.0
2014-07-14,182.0,186.5,182.0,186.5
2014-07-15,186.5,187.0,183.0,184.5
2014-07-16,185.0,186.0,184.0,185.5
2014-07-17,185.0,185.0,182.5,184.0
2014-07-18,183.0,184.5,181.5,181.5
2014-07-21,181.5,182.0,180.0,180.5
2014-07-22,183.5,184.0,178.5,180.5
2014-07-23,181.5,183.0,181.5,182.5
2014-07-24,183.5,184.0,182.0,183.0
2014-07-25,183.0,183.5,181.5,183.0
2014-07-28,182.0,183.0,179.0,179.5
2014-07-29,180.0,180.5,175.5,177.0
2014-07-30,177.0,180.5,176.5,180.5
2014-07-31,178.5,182.0,178.0,178.0
2014-08-01,177.5,180.5,177.5,178.5
2014-08-04,180.0,185.0,179.5,185.0
2014-08-05,184.5,185.0,182.0,182.5
2014-08-06,181.5,183.0,181.0,181.5
2014-08-07,182.0,183.0,180.0,182.0
2014-08-08,180.5,181.5,179.0,181.5
2014-08-13,181.0,186.5,181.0,186.5
2014-08-14,186.5,187.0,185.0,187.0
2014-08-15,186.5,187.5,185.0,187.0
2014-08-18,188.0,190.0,186.5,188.0
2014-08-19,190.0,190.0,187.5,188.5
2014-08-20,189.0,190.0,188.0,190.0
2014-08-21,189.5,190.0,188.5,190.0
2014-08-22,190.0,190.0,188.0,189.0
2014-08-25,189.5,191.0,188.5,190.0
2014-08-26,191.5,191.5,188.5,189.5
2014-08-27,190.0,191.0,189.5,191.0
2014-08-28,191.0,191.0,189.0,189.5
2014-08-29,188.0,189.5,187.0,187.0
2014-09-01,188.5,190.5,187.5,190.0
2014-09-02,190.5,192.0,189.5,192.0
2014-09-03,193.0,194.5,192.5,194.5
2014-09-04,194.5,194.5,191.5,191.5
2014-09-05,191.0,192.5,190.5,192.5
2014-09-08,192.5,192.5,191.0,191.5
2014-09-09,191.0,191.0,189.0,189.5
2014-09-10,188.5,189.5,187.5,188.0
2014-09-11,187.5,188.0,184.5,184.5
2014-09-12,185.5,187.0,184.5,187.0
2014-09-15,186.0,188.0,185.0,187.5
2014-09-16,187.0,188.0,186.0,186.0
2014-09-17,187.5,188.0,186.0,186.5
2014-09-18,188.5,189.5,187.5,189.5
2014-09-19,190.0,191.0,188.5,189.5
2014-09-22,188.0,189.0,187.0,188.0
2014-09-23,188.0,189.0,186.0,187.0
2014-09-24,186.5,188.0,186.0,187.5
2014-09-25,187.0,187.5,186.0,186.5
2014-09-26,186.5,187.0,185.0,186.0
2014-09-29,186.0,186.5,182.5,183.0
2014-09-30,183.0,184.0,180.5,182.0
2014-10-01,183.0,184.5,182.0,183.0
2014-10-02,181.0,181.5,178.0,179.5
2014-10-03,180.5,181.5,178.5,181.0
2014-10-06,181.5,182.0,177.5,177.5
2014-10-07,177.5,179.0,177.0,177.0
2014-10-08,176.0,178.5,176.0,177.5
2014-10-09,178.5,179.5,178.0,179.0
2014-10-10,176.0,178.0,176.0,177.5
2014-10-13,177.0,178.5,175.0,176.5
2014-10-14,176.5,178.0,176.5,177.0
2014-10-15,177.0,178.5,175.5,175.5
2014-10-16,175.0,175.0,172.5,172.5
2014-10-17,173.5,174.0,172.0,173.0
2014-10-20,174.5,175.5,174.0,174.5
2014-10-21,174.5,175.0,171.5,172.5
2014-10-22,173.0,173.5,168.5,170.0
2014-10-24,170.0,174.0,170.0,173.0
2014-10-27,172.0,173.0,172.0,172.5
2014-10-28,172.5,175.5,172.0,174.5
2014-10-29,176.0,178.5,176.0,176.5
2014-10-30,177.5,178.0,174.5,176.0
2014-10-31,176.0,177.5,175.0,177.5
2014-11-03,179.0,182.5,178.0,181.5
2014-11-04,182.0,184.5,182.0,184.0
2014-11-05,184.0,185.5,182.5,184.5
2014-11-06,186.0,186.5,183.0,185.0
2014-11-07,184.5,185.0,183.5,185.0
2014-11-10,184.0,184.75,183.0,184.0
2014-11-11,183.5,184.5,182.5,183.0
2014-11-12,184.0,184.5,181.0,181.5
2014-11-13,184.5,185.25,182.5,183.75
2014-11-14,185.0,186.0,184.0,186.0
2014-11-17,185.0,186.0,184.16666666666666,186.0
2014-11-18,185.0,186.0,184.33333333333334,186.0
2014-11-19,185.0,186.0,184.5,186.0
2014-11-20,184.5,187.75,184.0,187.5
2014-11-21,184.0,189.5,183.5,189.0
2014-11-24,185.75,190.375,185.25,190.0
2014-11-25,187.5,191.25,187.0,191.0
2014-11-26,189.25,192.125,188.75,192.0
2014-11-27,191.0,193.0,190.5,193.0
2014-11-28,192.0,196.5,192.0,196.5
2014-12-01,197.0,199.0,196.0,197.5
2014-12-02,196.5,197.5,195.0,196.0
2014-12-03,196.5,197.0,192.5,193.0
2014-12-04,191.0,192.5,190.5,192.0
2014-12-08,192.0,194.0,191.0,191.0
2014-12-09,190.0,191.0,189.0,190.0
2014-12-11,190.0,190.0,183.0,184.5
2014-12-12,185.5,186.0,184.0,184.0
2014-12-15,182.5,185.0,172.5,185.0
2014-12-16,180.0,182.0,177.0,179.5
2014-12-17,180.0,181.5,178.5,179.5
2014-12-18,183.0,183.5,180.0,182.0
2014-12-19,182.5,182.5,180.0,181.0
2014-12-22,181.0,182.5,180.5,182.5
2014-12-23,183.0,186.0,182.5,185.0
2014-12-24,185.0,186.0,184.0,184.5
2014-12-25,182.5,184.0,181.5,183.0
2014-12-26,182.0,184.5,181.0,184.5
2014-12-29,185.0,185.5,183.0,183.0
2014-12-30,185.0,185.0,182.0,182.0
2015-01-05,182.0,182.0,179.0,179.0
2015-01-06,176.0,176.5,173.5,175.0
2015-01-07,175.5,179.0,175.0,178.0
2015-01-08,181.0,182.0,180.0,182.0
2015-01-09,183.0,184.5,182.0,184.5
2015-01-12,183.5,184.0,181.5,181.5
2015-01-13,180.0,183.0,179.5,182.0
2015-01-14,183.0,183.0,180.0,180.0
2015-01-15,181.0,183.5,180.5,181.5
2015-01-16,180.5,182.0,180.0,180.5
2015-01-19,181.5,182.5,180.0,181.0
2015-01-20,178.5,180.0,176.5,179.0
2015-01-21,179.5,181.0,178.0,179.0
2015-01-22,180.0,181.5,179.0,181.5
2015-01-23,183.0,187.0,183.0,187.0
2015-01-26,186.0,187.0,184.0,186.0
2015-01-27,186.5,189.0,185.5,187.0
2015-01-28,187.0,187.0,185.0,185.5
2015-01-29,185.5,186.0,183.0,183.0
2015-01-30,180.0,181.5,179.0,179.5
2015-02-02,179.0,180.0,178.0,179.0
2015-02-03,179.5,182.5,179.0,182.0
2015-02-04,184.0,185.5,182.0,182.5
2015-02-05,181.0,184.0,181.0,184.0
2015-02-06,184.0,184.0,181.0,183.0
2015-02-09,180.0,181.5,179.0,179.0
2015-02-10,178.5,181.0,177.0,177.0
2015-02-11,178.0,181.0,176.0,180.0
2015-02-12,180.0,181.0,177.5,179.5
2015-02-13,180.0,180.0,178.0,179.0
2015-02-16,178.0,179.0,177.5,179.0
2015-02-17,179.0,179.0,176.0,176.0
2015-02-18,176.5,177.0,175.5,176.5
2015-02-19,177.0,177.5,176.0,176.5
2015-02-20,177.0,177.0,176.0,176.0
2015-02-23,177.0,177.0,175.0,176.0
2015-02-24,175.5,177.5,175.5,176.0
2015-02-25,177.0,177.5,174.0,175.5
2015-02-26,175.0,175.0,170.5,172.0
2015-02-27,170.5,172.0,169.5,169.5
2015-03-02,170.0,170.5,167.0,167.5
2015-03-03,167.5,172.0,167.0,169.5
2015-03-05,169.5,176.0,169.5,175.0
2015-03-06,175.0,178.5,175.0,178.5
2015-03-09,177.0,178.5,176.5,178.5
2015-03-10,178.5,179.0,175.5,175.5
2015-03-11,175.0,178.5,173.0,178.0
2015-03-12,178.5,178.5,174.5,176.5
2015-03-13,176.5,178.0,174.5,175.5
2015-03-16,175.5,176.5,172.0,172.5
2015-03-17,174.0,174.5,173.0,173.0
2015-03-18,172.5,176.5,172.5,174.5
2015-03-19,175.5,176.0,172.5,173.5
2015-03-20,174.5,175.5,173.5,175.0
2015-03-23,175.0,175.0,173.5,175.0
2015-03-24,174.5,175.0,173.0,174.0
2015-03-25,174.0,175.5,173.5,174.5
2015-03-26,173.5,175.0,173.0,174.0
2015-03-27,173.5,175.5,173.5,175.0
2015-03-30,176.0,178.5,175.0,177.0
2015-03-31,178.5,179.0,177.0,178.0
2015-04-01,178.0,178.0,176.0,177.0
2015-04-02,178.0,178.0,176.5,177.5
2015-04-03,178.0,178.5,177.0,177.5
2015-04-07,177.5,178.5,177.0,177.5
2015-04-08,178.5,180.0,177.5,179.5
2015-04-09,179.5,183.0,179.0,182.0
2015-04-10,178.5,179.0,177.0,177.5
2015-04-16,177.5,177.5,176.0,177.5
2015-04-17,177.5,177.5,175.0,175.0
2015-04-20,174.0,174.5,170.0,170.5
2015-04-21,173.0,177.0,173.0,177.0
2015-04-22,177.0,177.0,172.5,172.5
2015-04-23,172.5,173.0,169.0,169.0
2015-04-24,169.0,170.0,168.5,169.5
2015-04-27,169.0,169.5,165.5,166.0
2015-04-28,165.5,165.5,161.5,162.5
2015-04-29,161.0,163.5,160.0,160.5
2015-04-30,160.0,161.0,159.0,159.0
2015-05-04,159.0,159.0,159.0,159.0
2015-05-06,159.0,160.0,157.0,159.5
2015-05-07,159.5,161.5,159.0,160.0
2015-05-08,161.5,166.0,160.5,165.0
2015-05-11,166.0,168.0,163.0,163.0
2015-05-12,163.0,164.0,161.0,163.0
2015-05-13,163.0,163.5,162.0,163.5
2015-05-14,163.0,163.5,160.0,162.0
2015-05-15,162.0,164.0,161.0,164.0
2015-05-18,163.5,165.0,162.5,164.0
2015-05-19,164.5,164.5,162.5,163.5
2015-05-20,163.5,163.5,159.0,159.5
2015-05-21,159.5,161.5,159.5,161.0
2015-05-22,161.5,162.0,160.5,161.0
2015-05-25,161.5,161.5,160.5,160.5
2015-05-26,160.5,161.0,159.5,160.5
2015-05-27,158.5,161.0,157.5,161.0
2015-05-28,161.0,161.0,159.0,160.0
2015-05-29,160.5,161.5,158.5,158.5
2015-06-02,158.5,158.5,154.0,154.0
2015-06-03,154.0,156.0,154.0,156.0
2015-06-04,156.0,159.5,155.0,159.0
2015-06-05,158.0,162.0,158.0,161.5
2015-06-08,160.5,162.5,160.0,160.5
2015-06-09,159.5,160.0,159.0,159.5
2015-06-10,159.5,161.5,159.5,159.5
2015-06-11,160.5,162.0,160.0,161.0
2015-06-12,161.0,161.5,160.0,160.5
2015-06-15,159.5,161.5,159.0,160.5
2015-06-16,160.0,161.0,159.0,159.5
2015-06-17,160.0,161.0,159.5,160.5
2015-06-18,161.5,161.5,159.0,160.0
2015-06-19,160.5,161.0,157.5,158.0
2015-06-22,158.5,161.0,158.5,159.5
2015-06-23,160.0,160.5,159.0,159.5
2015-06-24,159.5,163.0,159.5,162.0
2015-06-25,162.0,163.0,161.0,162.0
2015-06-26,161.5,163.0,161.5,161.5
2015-06-29,159.5,162.5,159.0,161.0
2015-06-30,160.0,160.0,155.5,155.5
2015-07-02,155.5,156.0,148.5,150.0
2015-07-03,150.0,154.0,149.0,152.0
2015-07-06,151.5,151.5,149.5,150.0
2015-07-07,151.5,153.5,151.0,151.5
2015-07-08,150.0,150.0,148.0,148.5
2015-07-09,149.0,150.0,147.5,147.5
2015-07-10,150.5,153.0,150.0,153.0
2015-07-13,153.0,157.5,153.0,155.0
2015-07-14,155.0,155.0,152.0,152.0
2015-07-15,152.0,153.5,151.5,152.0
2015-07-16,152.0,153.0,149.0,151.0
2015-07-17,151.0,151.0,149.5,150.5
2015-07-20,150.5,150.5,148.5,149.5
2015-07-21,150.5,150.5,147.0,147.5
2015-07-22,147.5,150.5,147.5,150.5
2015-07-23,150.5,151.0,148.5,148.5
2015-07-24,148.5,150.0,147.5,148.5
2015-07-27,147.5,149.0,145.5,146.5
2015-07-28,146.0,148.0,144.0,146.5
2015-07-29,147.0,148.0,144.0,147.0
2015-07-31,147.0,152.5,147.0,152.0
2015-08-03,151.0,154.0,150.0,154.0
2015-08-04,153.0,153.0,151.5,153.0
2015-08-05,153.5,154.0,150.5,151.5
2015-08-06,151.0,151.5,149.0,149.5
2015-08-07,149.5,150.0,147.5,148.0
2015-08-10,147.0,149.0,147.0,148.0
2015-08-11,148.5,148.5,146.0,146.0
2015-08-13,146.0,146.0,143.5,144.0
2015-08-14,144.0,146.5,143.0,145.0
2015-08-17,145.0,146.0,144.0,144.5
2015-08-18,140.5,142.0,140.0,141.0
2015-08-19,141.0,142.5,139.5,142.5
2015-08-20,141.0,142.5,140.5,141.5
2015-08-21,140.0,141.0,138.5,139.0
2015-08-24,133.0,133.5,131.0,131.5
2015-08-25,134.0,137.0,132.5,136.0
2015-08-26,135.0,139.5,134.0,136.5
2015-08-27,140.0,145.0,139.5,145.0
2015-08-28,147.0,147.5,142.0,143.0
2015-08-31,144.0,144.5,141.5,142.0
2015-09-01,142.0,142.0,139.0,140.0
2015-09-02,140.0,142.0,139.0,140.5
2015-09-03,141.5,142.0,140.0,140.5
2015-09-04,139.0,140.0,137.0,137.5
2015-09-07,137.0,138.0,135.5,136.0
2015-09-08,137.0,140.0,136.0,139.0
2015-09-09,141.5,142.5,140.0,142.5
2015-09-10,140.5,142.5,140.0,142.5
2015-09-11,142.5,143.0,139.5,140.0
2015-09-14,140.5,141.5,139.5,141.5
2015-09-15,140.5,142.5,139.5,142.0
2015-09-16,143.0,144.0,141.5,144.0
2015-09-17,144.0,146.5,143.0,146.5
2015-09-18,146.0,146.5,143.0,144.0
2015-09-21,140.5,142.0,138.5,141.0
2015-09-22,142.5,142.5,139.0,139.5
2015-09-23,137.0,137.5,135.0,136.0
2015-09-24,136.0,141.5,135.5,141.5
2015-09-25,140.0,141.5,138.0,139.5
2015-09-28,136.5,138.0,136.0,136.0
2015-09-29,134.0,137.5,134.0,134.5
2015-09-30,136.0,136.0,134.0,134.0
2015-10-01,136.0,137.5,133.0,133.5
2015-10-02,135.0,135.5,132.0,134.0
2015-10-05,136.5,140.0,135.5,140.0
2015-10-06,140.0,140.5,136.5,139.0
2015-10-07,139.0,142.0,139.0,142.0
2015-10-08,142.5,144.0,141.0,142.0
2015-10-09,143.0,147.0,143.0,146.5
2015-10-12,146.0,146.5,143.0,145.5
2015-10-13,145.5,145.5,143.0,144.0
2015-10-14,144.0,144.5,141.5,142.5
2015-10-15,143.0,146.0,142.5,146.0
2015-10-16,146.0,146.5,144.0,146.0
2015-10-19,146.0,147.5,144.5,144.5
2015-10-20,143.0,144.0,142.0,142.5
2015-10-21,142.5,143.5,142.0,143.0
2015-10-22,143.0,143.0,142.0,143.0
2015-10-26,143.0,145.5,141.5,142.0
2015-10-27,141.0,142.0,140.5,141.0
2015-10-28,140.0,141.0,136.0,137.0
2015-10-29,135.5,136.0,134.0,134.0
2015-10-30,134.5,135.0,133.5,133.5
2015-11-02,134.0,138.5,133.5,138.5
2015-11-03,139.5,139.5,137.0,138.0
2015-11-04,139.0,139.0,137.5,138.5
2015-11-05,137.5,139.5,136.5,137.0
2015-11-06,137.0,137.5,136.5,137.0
2015-11-09,136.0,136.5,134.0,135.0
2015-11-10,134.0,135.0,133.0,133.5
2015-11-11,133.5,134.0,132.0,132.5
2015-11-12,133.0,136.5,132.5,136.0
2015-11-13,134.5,135.0,133.5,133.5
2015-11-16,132.5,134.0,132.0,134.0
2015-11-17,134.5,135.0,133.0,133.0
2015-11-18,133.5,134.0,130.0,130.0
2015-11-19,131.5,131.5,130.0,130.5
2015-11-20,131.0,132.5,130.0,132.5
2015-11-23,133.0,134.0,132.0,133.5
2015-11-24,133.0,134.5,132.5,133.5
2015-11-25,134.0,134.5,133.0,134.5
2015-11-26,135.0,135.0,133.5,133.5
2015-11-27,133.5,134.0,132.5,133.0
2015-11-30,132.0,134.0,131.0,131.5
2015-12-01,132.0,134.0,132.0,133.5
2015-12-02,132.5,134.0,130.0,130.0
2015-12-03,130.0,131.5,129.0,130.5
2015-12-04,130.0,131.0,128.5,129.0
2015-12-08,129.0,129.5,127.0,127.5
2015-12-09,128.5,128.5,127.5,127.5
2015-12-11,127.5,127.5,123.5,123.5
2015-12-14,119.0,123.5,118.5,123.5
2015-12-15,123.5,124.5,122.5,124.5
2015-12-16,125.0,127.0,124.5,125.5
2015-12-17,127.0,127.0,125.5,126.5
2015-12-18,125.5,126.0,121.5,121.5
2015-12-21,120.0,124.0,119.5,122.5
2015-12-22,123.0,123.5,119.0,119.0
2015-12-23,120.5,121.5,119.5,120.5
2015-12-24,121.5,121.5,119.0,120.0
2015-12-25,120.0,120.5,119.0,120.0
2015-12-28,120.5,121.0,120.0,120.0
2015-12-29,120.0,120.0,118.5,120.0
2015-12-30,119.5,120.0,118.5,119.5
2016-01-04,119.5,119.5,116.5,117.5
2016-01-05,117.0,118.0,117.0,117.5
2016-01-06,117.0,118.5,116.5,117.5
2016-01-07,116.0,116.5,112.5,113.0
2016-01-08,113.0,116.0,112.5,116.0
2016-01-11,114.0,115.0,113.0,113.5
2016-01-12,113.5,118.5,113.5,118.5
2016-01-13,121.0,124.0,120.0,123.5
2016-01-14,120.5,121.5,119.0,119.0
2016-01-15,119.5,120.5,114.0,114.0
2016-01-18,113.0,115.0,112.0,114.0
2016-01-19,114.5,118.5,114.5,118.0
2016-01-20,116.0,117.0,115.0,117.0
2016-01-21,119.0,119.5,114.5,115.0
2016-01-22,117.5,121.5,116.5,119.5
2016-01-25,121.0,122.5,119.0,120.0
2016-01-26,118.5,120.0,118.5,119.5
2016-01-27,120.0,124.5,120.0,124.0
2016-01-28,125.0,127.0,124.5,127.0
2016-01-29,126.5,130.0,126.0,130.0
2016-02-01,130.5,134.0,129.5,132.0
2016-02-02,131.0,132.0,127.5,128.0
2016-02-03,126.0,129.0,125.0,128.0
2016-02-04,130.0,131.0,129.0,130.5
2016-02-05,131.0,133.5,130.5,132.5
2016-02-08,132.0,135.0,131.5,134.5
2016-02-09,132.5,132.5,129.5,131.0
2016-02-10,131.0,132.5,130.0,132.0
2016-02-11,131.5,133.5,129.0,129.0
2016-02-12,129.5,130.5,128.0,130.0
2016-02-15,131.0,132.5,131.0,132.5
2016-02-16,133.0,133.5,131.0,132.0
2016-02-17,130.0,130.5,128.5,130.5
2016-02-18,132.0,132.5,130.0,131.5
2016-02-19,131.0,135.5,130.0,135.5
2016-02-23,135.5,137.0,134.5,137.0
2016-02-24,137.0,142.0,136.5,141.0
2016-02-25,142.0,142.0,137.5,138.0
2016-02-26,139.5,140.0,138.0,140.0
2016-02-29,140.0,140.0,138.0,138.5
2016-03-01,138.5,139.5,137.5,139.5
2016-03-02,139.5,144.0,139.5,142.5
2016-03-03,143.5,145.0,142.0,143.0
2016-03-04,144.0,145.5,143.0,143.0
2016-03-07,144.0,144.5,143.0,143.5
2016-03-08,143.5,145.5,142.5,143.0
2016-03-09,142.0,144.0,141.0,144.0
2016-03-10,143.0,143.5,140.0,140.0
2016-03-11,141.0,143.0,140.5,142.0
2016-03-14,143.0,144.5,142.5,144.0
2016-03-15,144.0,144.0,142.0,143.0
2016-03-16,144.0,144.0,138.0,140.0
2016-03-17,141.0,142.0,139.0,141.5
2016-03-18,141.5,142.0,140.0,141.5
2016-03-21,141.5,143.5,140.5,143.5
2016-03-22,143.5,144.0,141.5,144.0
2016-03-23,143.5,146.5,142.5,146.5
2016-03-24,146.0,146.0,143.5,144.5
2016-03-25,144.0,144.5,142.0,142.5
2016-03-28,142.0,142.5,138.0,138.0
2016-03-29,136.5,138.0,135.0,137.5
2016-03-30,139.0,141.5,138.5,140.0
2016-03-31,139.5,141.0,139.0,141.0
2016-04-01,139.5,140.0,138.0,139.0
2016-04-04,139.0,140.0,138.0,138.5
2016-04-05,135.0,135.0,131.0,131.0
2016-04-07,131.0,132.0,128.0,128.0
2016-04-08,128.5,131.0,127.0,130.0
2016-04-11,130.5,133.5,130.5,132.5
2016-04-12,134.0,134.5,133.0,134.5
2016-04-18,134.5,134.5,130.0,133.5
2016-04-19,134.0,135.0,132.0,133.5
2016-04-20,133.5,133.5,131.5,133.0
2016-04-21,134.0,136.0,134.0,135.0
2016-04-22,133.5,133.5,130.5,131.0
2016-04-25,133.0,133.5,132.0,132.0
2016-04-26,131.5,133.5,131.0,133.5
2016-04-27,134.0,134.5,132.0,132.0
2016-04-28,133.0,133.5,130.5,131.0
2016-04-29,131.5,133.5,131.0,133.5
2016-05-03,133.5,134.0,131.5,131.5
2016-05-04,131.5,132.5,131.0,132.0
2016-05-09,132.0,132.0,129.5,130.0
2016-05-10,129.0,131.5,129.0,129.0
2016-05-11,128.5,129.0,126.0,126.0
2016-05-12,125.5,127.0,125.0,127.0
2016-05-13,126.5,128.0,125.0,125.0
2016-05-16,126.5,127.0,125.5,125.5
2016-05-17,126.0,128.0,125.5,128.0
2016-05-18,128.0,128.5,126.0,126.0
2016-05-19,126.5,127.5,124.0,125.0
2016-05-23,125.0,125.5,123.0,124.5
2016-05-24,125.0,125.0,123.5,125.0
2016-05-25,126.0,128.0,125.5,128.0
2016-05-26,128.5,129.5,128.0,128.0
2016-05-27,127.0,129.5,126.0,129.5
2016-05-30,131.0,132.5,130.5,132.5
2016-05-31,133.0,134.0,132.0,134.0
2016-06-01,134.0,138.5,134.0,137.0
2016-06-02,137.0,138.0,136.0,137.0
2016-06-03,138.5,140.0,138.0,139.0
2016-06-06,140.0,141.5,140.0,140.5
2016-06-07,143.5,144.0,141.5,143.0
2016-06-08,142.5,143.0,139.0,141.0
2016-06-09,141.5,142.0,137.5,137.5
2016-06-10,137.0,138.5,136.0,136.0
2016-06-13,134.5,135.0,132.5,134.0
2016-06-14,133.5,136.5,133.5,136.0
2016-06-15,136.0,136.5,133.5,135.0
2016-06-16,133.5,133.5,131.0,132.0
2016-06-17,133.0,134.0,132.0,134.0
2016-06-20,134.0,134.5,132.5,134.5
2016-06-21,134.0,134.5,132.0,133.0
2016-06-22,133.0,133.5,130.5,131.5
2016-06-23,131.5,135.5,130.5,135.0
2016-06-24,131.0,132.5,128.5,132.0
2016-06-27,132.0,134.0,131.5,133.5
2016-06-28,134.0,136.5,133.0,136.0
2016-06-29,137.5,140.0,137.0,139.5
2016-06-30,141.0,141.0,136.5,139.0
2016-07-04,139.0,145.5,139.0,144.0
2016-07-05,144.0,146.5,144.0,144.0
2016-07-06,142.5,144.0,141.5,142.0
2016-07-07,144.0,146.5,143.5,145.0
2016-07-08,145.0,146.0,142.5,145.0
2016-07-11,148.0,149.0,145.0,148.5
2016-07-12,149.5,150.0,147.5,148.5
2016-07-13,150.0,150.5,148.5,149.5
2016-07-14,149.5,151.0,148.0,151.0
2016-07-15,151.5,152.5,150.5,151.0
2016-07-20,151.5,154.0,151.0,153.5
2016-07-21,153.5,153.5,149.0,149.5
2016-07-22,148.5,151.0,147.5,150.5
2016-07-25,150.0,152.5,149.5,152.0
2016-07-26,152.0,153.0,150.0,151.0
2016-07-27,152.5,153.5,151.5,152.5
2016-07-28,152.0,160.0,151.0,159.5
2016-07-29,159.5,160.5,157.5,158.5
2016-08-01,159.5,161.5,157.5,160.0
2016-08-02,158.0,159.0,155.0,155.0
2016-08-03,155.0,158.0,154.5,157.0
2016-08-04,156.0,156.5,154.0,154.5
2016-08-05,155.5,156.5,155.0,156.5
2016-08-08,160.5,163.5,159.0,163.5
2016-08-09,163.5,165.0,161.5,164.5
2016-08-10,165.0,166.0,163.5,164.5
2016-08-11,163.5,164.5,162.5,162.5
2016-08-15,162.5,163.5,160.5,160.5
2016-08-16,161.5,161.5,157.0,158.0
2016-08-17,156.5,158.0,155.5,157.5
2016-08-18,158.0,161.0,157.5,160.0
2016-08-19,160.0,160.0,156.5,157.5
2016-08-22,158.0,158.0,155.5,158.0
2016-08-23,157.0,157.5,155.5,157.0
2016-08-24,156.5,159.5,156.0,158.5
2016-08-25,159.0,160.0,157.0,157.0
2016-08-26,158.0,160.5,158.0,160.5
2016-08-29,159.5,160.0,158.0,160.0
2016-08-30,160.5,161.5,160.0,160.5
2016-08-31,160.0,161.0,160.0,160.0
2016-09-01,160.5,161.5,159.5,160.5
2016-09-02,158.0,159.0,154.0,155.5
2016-09-05,156.0,156.0,149.5,150.5
2016-09-06,150.0,152.0,148.0,148.5
2016-09-07,149.0,153.5,148.5,149.5
2016-09-08,149.0,149.5,147.0,147.5
2016-09-09,147.5,147.5,145.0,145.5
2016-09-12,144.0,147.0,143.0,143.5
2016-09-13,146.5,152.0,146.5,152.0
2016-09-14,151.0,154.0,150.5,154.0
2016-09-15,154.5,154.5,151.5,151.5
2016-09-16,153.0,154.5,151.5,153.5
2016-09-19,154.5,155.0,150.5,152.5
2016-09-20,153.5,153.5,149.0,150.5
2016-09-21,152.5,155.0,151.0,152.0
2016-09-22,154.0,155.0,153.5,154.0
2016-09-23,154.5,155.0,150.5,152.5
2016-09-26,150.5,151.5,150.0,151.0
2016-09-27,151.5,152.5,150.5,150.5
2016-09-28,150.5,151.5,149.0,150.0
2016-09-29,151.0,151.5,149.0,149.5
2016-09-30,148.5,149.5,147.5,148.0
2016-10-03,149.5,150.0,149.0,149.5
2016-10-04,150.0,154.5,149.5,152.0
2016-10-05,152.5,152.5,150.5,151.0
2016-10-06,152.0,153.0,150.5,151.5
2016-10-07,152.0,152.5,150.5,151.0
2016-10-10,145.0,147.5,144.5,145.0
2016-10-11,146.5,146.5,141.0,143.0
2016-10-12,141.0,141.5,135.0,140.0
2016-10-13,138.5,142.5,135.5,142.0
2016-10-14,149.0,151.0,147.0,149.0
2016-10-17,147.5,148.0,145.5,147.0
2016-10-18,148.0,148.5,145.5,146.0
2016-10-19,143.0,146.0,141.0,144.5
2016-10-20,146.0,147.5,145.0,146.0
2016-10-21,146.0,146.5,145.5,146.0
2016-10-25,146.0,147.0,144.5,145.5
2016-10-26,144.5,145.5,144.0,144.0
2016-10-27,143.5,145.5,143.0,144.5
2016-10-28,145.0,145.0,143.0,144.0
2016-10-31,143.0,144.0,143.0,143.5
2016-11-01,144.0,144.5,143.0,143.0
2016-11-02,143.0,144.5,142.5,144.0
2016-11-03,143.5,144.5,142.5,142.5
2016-11-04,141.5,142.0,139.0,140.0
2016-11-07,141.5,145.5,141.5,143.5
2016-11-08,145.0,146.0,144.5,145.5
2016-11-09,144.0,144.5,141.5,144.0
2016-11-10,145.5,147.0,145.0,146.0
2016-11-11,144.0,144.0,141.5,141.5
2016-11-14,139.0,139.5,137.5,138.0
2016-11-15,139.0,141.5,138.0,141.5
2016-11-16,142.5,142.5,140.0,140.0
2016-11-17,141.0,144.0,140.5,144.0
2016-11-18,144.0,144.0,142.5,144.0
2016-11-21,143.5,144.5,142.5,142.5
2016-11-22,144.0,144.5,143.0,143.5
2016-11-23,145.0,145.0,143.5,145.0
2016-11-24,144.5,144.5,143.0,143.0
2016-11-25,144.0,145.0,143.5,144.5
2016-11-28,145.0,146.5,144.0,144.5
2016-11-29,146.5,147.0,145.0,145.0
2016-11-30,145.0,147.0,145.0,146.5
2016-12-01,147.0,148.0,145.0,145.0
2016-12-02,145.5,146.0,144.0,145.0
2016-12-06,145.0,146.0,143.5,146.0
2016-12-07,145.5,148.0,145.5,148.0
2016-12-08,149.0,150.0,148.0,149.0
2016-12-09,151.0,151.5,149.0,150.0
2016-12-13,150.0,150.0,146.5,149.5
2016-12-14,149.5,150.0,146.0,146.0
2016-12-15,145.0,148.0,145.0,147.0
2016-12-16,148.5,148.5,146.0,146.0
2016-12-19,146.5,147.5,146.0,147.0
2016-12-20,147.0,147.0,145.0,145.5
2016-12-21,146.0,147.0,145.5,145.5
2016-12-22,145.5,147.0,145.5,146.0
2016-12-23,146.5,147.0,146.0,146.5
2016-12-26,146.5,148.5,146.5,148.5
2016-12-27,148.5,149.0,148.0,148.5
2016-12-28,149.0,149.5,148.5,149.0
2016-12-29,149.0,152.0,148.5,151.0
2016-12-30,151.5,153.5,150.5,152.5
2017-01-04,152.5,156.0,152.5,156.0
2017-01-05,156.5,157.5,155.5,156.5
2017-01-06,156.5,157.0,155.0,156.5
2017-01-09,156.5,158.0,155.5,156.5
2017-01-10,156.0,158.5,156.0,157.5
2017-01-11,158.0,158.5,157.0,157.0
2017-01-12,158.5,158.5,154.5,155.5
2017-01-16,156.5,158.5,155.0,155.0
2017-01-17,155.0,156.5,153.5,155.0
2017-01-18,155.5,156.5,155.0,156.0
2017-01-19,155.0,155.5,153.0,155.0
2017-01-20,151.5,152.0,148.5,150.5
2017-01-23,151.0,152.0,149.5,150.5
2017-01-24,150.0,151.5,150.0,150.5
2017-01-25,151.0,153.0,150.5,152.0
2017-01-26,153.5,154.0,152.5,153.5
2017-01-27,153.5,153.5,152.5,152.5
2017-01-30,152.5,153.0,152.0,152.5
2017-01-31,152.0,152.0,150.5,151.0
2017-02-01,150.5,153.0,150.5,152.0
2017-02-02,152.0,153.0,151.0,151.0
2017-02-03,151.0,153.5,151.0,153.0
2017-02-06,154.0,155.0,153.5,154.5
2017-02-07,154.5,155.0,153.5,154.0
2017-02-08,153.5,154.5,153.0,154.0
2017-02-09,154.5,156.0,153.5,154.0
2017-02-10,154.5,155.0,154.0,154.0
2017-02-14,154.0,156.0,153.0,154.0
2017-02-15,154.5,155.0,153.0,153.5
2017-02-16,154.0,154.5,153.5,154.0
2017-02-17,154.0,155.0,153.5,154.0
2017-02-20,154.0,154.5,153.0,154.0
2017-02-21,153.5,154.0,152.0,152.5
2017-02-22,152.5,152.5,151.0,152.5
2017-02-23,153.0,153.0,151.0,151.0
2017-02-24,151.0,153.0,150.5,153.0
2017-02-27,152.5,153.5,151.5,152.0
2017-02-28,153.0,154.0,152.5,154.0
2017-03-01,154.0,155.0,153.5,155.0
2017-03-02,156.0,156.5,155.0,155.5
2017-03-03,155.5,156.0,154.5,155.0
2017-03-06,154.0,155.0,153.5,154.0
2017-03-07,153.0,154.0,152.5,153.0
2017-03-08,153.5,154.5,152.0,154.5
2017-03-09,154.5,156.0,154.0,156.0
2017-03-10,155.5,156.0,154.5,154.5
2017-03-13,155.0,155.5,154.0,155.0
2017-03-14,155.5,156.0,154.5,155.0
2017-03-15,155.0,155.0,154.0,154.0
2017-03-16,155.0,157.0,154.5,157.0
2017-03-17,157.0,158.0,156.0,158.0
2017-03-20,158.5,159.0,158.0,158.0
2017-03-21,158.5,159.5,158.0,159.5
2017-03-22,158.0,159.0,157.5,158.0
2017-03-23,159.5,160.5,158.5,159.5
2017-03-24,160.0,161.0,159.5,160.5
2017-03-27,161.0,162.0,160.5,161.5
2017-03-28,162.0,163.0,161.5,162.0
2017-03-29,162.5,163.0,162.0,162.5
2017-03-30,162.5,163.0,161.5,163.0
2017-03-31,163.0,163.5,161.5,163.0
2017-04-03,163.0,163.5,162.0,163.0
2017-04-04,162.5,163.0,159.5,161.5
2017-04-05,162.5,163.0,162.0,163.0
2017-04-07,163.0,164.0,162.0,164.0
2017-04-10,163.5,164.0,162.5,163.0
2017-04-11,163.5,164.5,162.0,164.5
2017-04-12,164.5,165.5,164.0,165.0
2017-04-17,165.0,165.0,163.5,163.5
2017-04-18,164.0,164.5,163.0,163.5
2017-04-19,163.0,164.0,159.5,160.0
2017-04-20,159.0,161.0,159.0,160.0
2017-04-21,159.5,160.5,159.5,160.0
2017-04-24,156.5,156.5,154.5,155.5
2017-04-25,155.0,156.0,154.5,156.0
2017-04-26,156.0,158.0,155.0,157.0
2017-04-27,157.5,157.5,155.0,156.0
2017-04-28,156.0,156.5,155.0,156.0
2017-05-02,156.0,156.0,155.0,155.0
2017-05-03,155.0,156.0,155.0,155.5
2017-05-04,155.0,157.0,155.0,157.0
2017-05-08,156.5,158.0,156.5,157.5
2017-05-09,157.5,158.0,155.5,156.5
2017-05-11,156.5,157.0,154.5,156.0
2017-05-12,155.5,155.5,152.0,154.5
2017-05-15,152.0,152.0,152.0,152.0
2017-05-16,152.0,152.0,149.0,150.5
2017-05-17,151.0,153.0,151.0,152.0
2017-05-18,151.0,152.0,150.5,151.0
2017-05-19,151.0,152.5,150.5,152.0
2017-05-22,152.5,155.0,152.0,154.5
2017-05-23,155.0,156.0,154.5,156.0
2017-05-24,156.5,156.5,154.5,155.5
2017-05-25,155.0,156.0,154.5,154.5
2017-05-26,154.5,155.0,153.5,154.5
2017-05-29,154.0,155.5,154.0,154.0
2017-05-30,154.0,155.5,154.0,155.0
2017-05-31,155.0,155.5,153.0,153.0
2017-06-01,152.5,156.0,152.5,155.5
2017-06-02,156.0,156.5,155.0,156.0
2017-06-05,156.5,157.0,155.5,156.5
2017-06-06,156.0,156.5,155.0,155.5
2017-06-07,155.5,156.0,154.5,154.5
2017-06-08,155.0,156.0,154.0,156.0
2017-06-09,155.5,156.0,153.0,153.5
2017-06-12,154.0,155.0,153.5,154.5
2017-06-13,155.0,156.0,154.0,154.5
2017-06-14,155.0,155.5,154.0,155.0
2017-06-15,154.0,156.0,153.5,154.5
2017-06-16,154.5,156.0,154.5,155.5
2017-06-19,155.5,156.5,155.0,156.0
2017-06-20,156.0,156.5,153.5,154.5
2017-06-21,154.5,155.5,153.5,154.0
2017-06-22,154.0,154.5,153.5,154.0
2017-06-23,154.0,154.5,153.5,154.0
2017-06-26,154.5,155.0,153.5,154.0
2017-06-27,154.5,156.0,154.0,155.5
2017-06-28,155.0,156.0,155.0,155.5
2017-06-29,156.0,157.5,155.0,155.5
2017-06-30,155.5,156.5,155.0,155.5
2017-07-03,156.0,157.5,156.0,157.0
2017-07-04,157.0,157.0,154.5,155.0
2017-07-05,155.5,156.5,155.0,156.5
2017-07-06,156.0,156.5,152.5,153.5
2017-07-07,153.5,154.5,152.5,154.5
2017-07-11,154.5,156.0,154.0,155.5
2017-07-12,156.0,157.5,155.5,157.0
2017-07-13,158.5,160.0,156.5,157.5
2017-07-14,158.0,158.0,155.5,156.0
2017-07-17,157.0,157.5,156.5,157.5
2017-07-18,156.5,157.0,154.0,154.0
2017-07-19,154.5,155.0,153.0,153.5
2017-07-20,153.0,154.0,151.5,152.0
2017-07-21,152.5,153.0,150.5,151.0
2017-07-24,151.0,152.5,151.0,152.5
2017-07-25,152.0,153.0,151.0,152.0
2017-07-26,152.0,152.0,151.0,152.0
2017-07-27,152.0,152.0,150.0,150.5
2017-07-31,150.5,150.5,146.0,147.0
2017-08-01,146.0,146.5,145.0,145.5
2017-08-02,146.0,147.0,145.5,145.5
2017-08-03,145.5,146.5,144.5,145.0
2017-08-04,145.0,145.0,143.0,143.0
2017-08-07,142.0,142.5,140.0,141.5
2017-08-08,142.5,144.5,142.0,143.5
2017-08-09,144.0,144.5,143.0,144.0
2017-08-10,144.5,144.5,142.5,143.0
2017-08-11,142.5,143.5,140.5,143.5
2017-08-15,143.5,145.0,143.0,144.0
2017-08-16,143.0,143.5,140.5,141.0
2017-08-17,141.5,143.0,141.5,142.0
2017-08-18,142.0,143.0,142.0,142.5
2017-08-21,143.0,143.5,142.5,142.5
2017-08-22,143.0,145.0,142.5,143.5
2017-08-23,145.0,145.5,143.5,144.5
2017-08-24,146.0,146.5,144.0,144.5
2017-08-25,144.5,145.0,143.5,144.0
2017-08-28,144.5,144.5,144.5,144.5
2017-08-29,144.5,149.0,144.0,148.5
2017-08-30,150.5,152.0,149.5,150.5
2017-08-31,150.5,151.5,149.5,150.5
2017-09-01,151.0,152.0,150.5,151.0
2017-09-04,150.0,150.0,148.5,149.5
2017-09-05,149.0,149.5,148.0,148.0
2017-09-06,148.0,148.5,146.5,147.0
2017-09-07,147.0,148.5,146.5,147.5
2017-09-08,149.0,150.0,148.5,149.0
2017-09-11,149.5,151.0,149.0,150.0
2017-09-12,150.5,152.0,150.5,151.5
2017-09-13,152.0,152.5,151.5,152.0
2017-09-14,152.0,154.0,152.0,153.5
2017-09-15,153.5,155.5,153.0,155.5
2017-09-18,156.0,157.5,155.5,156.0
2017-09-19,156.0,156.5,154.0,154.5
2017-09-20,154.5,155.0,153.0,154.5
2017-09-21,154.0,154.5,153.0,153.5
2017-09-22,153.5,153.5,152.0,153.5
2017-09-25,154.0,154.5,152.5,154.5
2017-09-26,154.5,154.5,153.0,154.0
2017-09-27,153.5,154.5,153.0,154.5
2017-09-28,154.0,154.5,153.0,153.5
2017-09-29,153.5,154.5,153.0,153.0
2017-10-02,153.5,155.0,153.0,155.0
2017-10-03,155.5,155.5,154.0,154.0
2017-10-04,154.5,155.0,153.0,153.0
2017-10-05,152.0,152.5,151.0,152.0
2017-10-06,152.0,152.5,149.5,151.0
2017-10-09,151.0,151.5,150.0,150.5
2017-10-10,150.5,150.5,147.0,150.0
2017-10-11,151.0,151.5,149.5,150.5
2017-10-12,152.0,152.5,151.0,151.5
2017-10-16,151.0,151.0,151.0,151.0
2017-10-17,151.0,151.5,150.0,150.5
2017-10-18,150.0,150.0,148.0,148.0
2017-10-19,148.0,150.5,148.0,148.5
2017-10-20,148.5,148.5,145.5,147.0
2017-10-24,147.0,147.5,145.5,145.5
2017-10-25,146.5,147.5,146.0,147.0
2017-10-27,147.0,149.0,146.0,147.0
2017-10-30,146.5,147.5,145.5,147.0
2017-10-31,146.5,147.5,146.0,146.5
2017-11-01,147.5,148.0,146.0,146.5
2017-11-02,146.5,147.0,145.5,146.0
2017-11-03,146.5,147.5,146.0,146.5
2017-11-06,146.5,147.0,145.0,147.0
2017-11-07,147.0,147.0,146.0,146.5
2017-11-08,150.0,150.5,148.5,149.0
2017-11-09,150.5,151.5,148.5,148.5
2017-11-10,149.0,150.0,148.5,149.0
2017-11-13,149.0,151.0,148.5,150.5
2017-11-14,151.0,151.0,149.0,150.5
2017-11-15,149.5,150.0,147.0,147.5
2017-11-16,147.5,149.0,147.5,147.5
2017-11-17,149.0,150.0,148.0,149.0
2017-11-20,150.0,150.5,149.0,150.0
2017-11-21,149.0,149.0,149.0,149.0
2017-11-22,149.0,150.5,148.5,150.0
2017-11-23,150.5,150.5,149.0,149.5
2017-11-24,149.0,149.5,147.0,148.5
2017-11-27,147.5,148.5,147.0,147.5
2017-11-28,148.0,148.5,147.0,147.0
2017-11-29,147.5,150.5,147.0,149.5
2017-11-30,150.0,153.0,150.0,152.5
2017-12-01,153.5,154.0,152.0,153.5
2017-12-04,153.5,154.5,153.0,154.0
2017-12-06,154.0,154.0,152.0,152.5
2017-12-07,152.5,153.0,150.5,151.5
2017-12-08,151.0,152.5,151.0,151.0
2017-12-12,151.0,153.0,151.0,152.5
2017-12-13,152.0,152.5,150.0,151.0
2017-12-14,152.0,152.0,149.5,150.5
2017-12-15,149.5,150.0,149.0,149.5
2017-12-18,150.0,150.5,149.0,149.5
2017-12-19,150.0,151.0,149.5,151.0
2017-12-20,151.0,152.0,150.0,151.0
2017-12-21,151.5,151.5,150.0,151.0
2017-12-22,151.0,152.0,150.5,150.5
2017-12-25,151.0,152.0,150.5,152.0
2017-12-26,151.5,152.0,149.5,149.5
2017-12-27,150.0,150.5,149.0,149.0
2017-12-28,149.5,150.0,147.5,148.0
2017-12-29,148.0,150.0,147.5,150.0
