Date,Open,High,Low,Close
2008-01-02,232.0,232.0,226.0,228.0
2008-01-03,226.0,228.0,224.0,224.0
2008-01-04,224.0,228.0,224.0,224.0
2008-01-07,224.0,226.0,224.0,224.0
2008-01-08,226.0,228.0,224.0,226.0
2008-01-09,224.0,226.0,222.0,226.0
2008-01-10,224.0,226.0,222.0,222.0
2008-01-11,222.0,226.0,220.0,222.0
2008-01-14,222.0,224.0,218.0,222.0
2008-01-15,222.0,224.0,220.0,222.0
2008-01-16,218.0,222.0,218.0,222.0
2008-01-17,222.0,226.0,220.0,224.0
2008-01-18,222.0,226.0,222.0,222.0
2008-01-21,224.0,226.0,220.0,220.0
2008-01-22,218.0,220.0,212.0,216.0
2008-01-23,220.0,222.0,212.0,216.0
2008-01-24,214.0,214.0,204.0,204.0
2008-01-25,206.0,210.0,206.0,208.0
2008-01-28,206.0,206.0,200.0,202.0
2008-01-29,204.0,206.0,202.0,204.0
2008-01-30,204.0,206.0,202.0,204.0
2008-01-31,204.0,210.0,202.0,206.0
2008-02-01,212.0,214.0,210.0,212.0
2008-02-04,218.0,222.0,216.0,218.0
2008-02-05,216.0,218.0,214.0,214.0
2008-02-06,210.0,214.0,210.0,212.0
2008-02-07,212.0,214.0,210.0,214.0
2008-02-08,214.0,216.0,212.0,216.0
2008-02-11,216.0,216.0,212.0,212.0
2008-02-12,212.0,216.0,212.0,214.0
2008-02-13,216.0,218.0,214.0,214.0
2008-02-14,216.0,218.0,214.0,216.0
2008-02-15,214.0,216.0,212.0,216.0
2008-02-18,214.0,216.0,212.0,214.0
2008-02-19,216.0,218.0,214.0,216.0
2008-02-20,216.0,216.0,214.0,214.0
2008-02-22,212.0,216.0,212.0,216.0
2008-02-25,216.0,218.0,214.0,218.0
2008-02-26,218.0,220.0,214.0,216.0
2008-02-27,218.0,218.0,214.0,214.0
2008-02-28,214.0,216.0,212.0,216.0
2008-02-29,214.0,218.0,214.0,216.0
2008-03-03,214.0,218.0,214.0,216.0
2008-03-04,216.0,218.0,214.0,214.0
2008-03-05,214.0,216.0,212.0,212.0
2008-03-06,214.0,216.0,214.0,214.0
2008-03-07,214.0,214.0,210.0,212.0
2008-03-10,208.0,210.0,206.0,206.0
2008-03-11,206.0,210.0,206.0,210.0
2008-03-12,214.0,214.0,210.0,210.0
2008-03-13,210.0,212.0,206.0,208.0
2008-03-14,208.0,210.0,208.0,208.0
2008-03-17,206.0,206.0,204.0,204.0
2008-03-18,204.0,208.0,202.0,208.0
2008-03-19,210.0,214.0,210.0,210.0
2008-03-20,208.0,212.0,208.0,212.0
2008-03-21,212.0,214.0,212.0,214.0
2008-03-24,214.0,214.0,212.0,214.0
2008-03-25,216.0,218.0,214.0,216.0
2008-03-26,216.0,216.0,212.0,214.0
2008-03-27,214.0,216.0,212.0,214.0
2008-03-28,214.0,216.0,214.0,216.0
2008-03-31,216.0,218.0,214.0,214.0
2008-04-01,216.0,218.0,216.0,218.0
2008-04-02,220.0,220.0,216.0,218.0
2008-04-03,210.0,214.0,210.0,214.0
2008-04-04,212.0,214.0,210.0,210.0
2008-04-08,210.0,212.0,206.0,206.0
2008-04-09,208.0,208.0,206.0,208.0
2008-04-10,208.0,208.0,204.0,206.0
2008-04-11,206.0,206.0,204.0,204.0
2008-04-16,204.0,206.0,204.0,204.0
2008-04-17,206.0,208.0,204.0,208.0
2008-04-18,208.0,210.0,206.0,210.0
2008-04-21,210.0,212.0,208.0,210.0
2008-04-22,210.0,210.0,208.0,210.0
2008-04-23,210.0,210.0,206.0,206.0
2008-04-24,208.0,210.0,208.0,208.0
2008-04-25,210.0,210.0,208.0,208.0
2008-04-28,208.0,208.0,206.0,206.0
2008-04-29,208.0,208.0,206.0,206.0
2008-04-30,206.0,208.0,206.0,208.0
2008-05-02,210.0,216.0,208.0,212.0
2008-05-06,214.0,216.0,212.0,216.0
2008-05-07,218.0,218.0,212.0,214.0
2008-05-08,212.0,216.0,212.0,214.0
2008-05-09,214.0,214.0,210.0,212.0
2008-05-12,210.0,210.0,208.0,208.0
2008-05-13,210.0,210.0,206.0,208.0
2008-05-14,208.0,210.0,208.0,210.0
2008-05-15,210.0,212.0,208.0,208.0
2008-05-16,210.0,212.0,208.0,210.0
2008-05-20,212.0,212.0,208.0,208.0
2008-05-21,208.0,210.0,208.0,208.0
2008-05-22,206.0,208.0,204.0,206.0
2008-05-23,206.0,208.0,204.0,204.0
2008-05-26,204.0,206.0,202.0,204.0
2008-05-27,204.0,206.0,204.0,206.0
2008-05-28,206.0,206.0,202.0,204.0
2008-05-29,204.0,206.0,202.0,204.0
2008-05-30,204.0,204.0,202.0,202.0
2008-06-02,204.0,204.0,202.0,202.0
2008-06-03,202.0,204.0,202.0,202.0
2008-06-04,202.0,204.0,202.0,204.0
2008-06-05,204.0,208.0,204.0,208.0
2008-06-06,206.0,208.0,204.0,206.0
2008-06-09,204.0,204.0,202.0,202.0
2008-06-10,204.0,204.0,202.0,202.0
2008-06-11,204.0,204.0,202.0,202.0
2008-06-12,204.0,204.0,202.0,202.0
2008-06-13,202.0,204.0,200.0,200.0
2008-06-16,204.0,204.0,200.0,202.0
2008-06-17,202.0,202.0,200.0,202.0
2008-06-18,202.0,202.0,198.0,200.0
2008-06-19,199.0,199.0,193.0,194.0
2008-06-20,193.0,200.0,191.0,200.0
2008-06-23,197.0,199.0,196.0,197.0
2008-06-24,197.0,197.0,194.0,196.0
2008-06-25,195.0,197.0,194.0,196.0
2008-06-26,196.0,197.0,195.0,195.0
2008-06-27,194.0,196.0,194.0,195.0
2008-06-30,195.0,196.0,192.0,193.0
2008-07-02,193.0,193.0,191.0,193.0
2008-07-03,192.0,193.0,190.0,190.0
2008-07-04,190.0,191.0,188.0,189.0
2008-07-07,189.0,189.0,187.0,188.0
2008-07-08,187.0,188.0,186.0,188.0
2008-07-09,188.0,188.0,184.0,184.0
2008-07-10,183.0,183.0,178.0,178.0
2008-07-11,178.0,180.0,178.0,180.0
2008-07-14,182.0,182.0,178.0,179.0
2008-07-15,179.0,179.0,174.0,174.0
2008-07-16,174.0,175.0,170.0,170.0
2008-07-18,172.0,174.0,171.0,174.0
2008-07-21,175.0,180.0,174.0,180.0
2008-07-22,179.0,180.0,175.0,175.0
2008-07-23,178.0,180.0,177.0,180.0
2008-07-24,179.0,179.0,174.0,175.0
2008-07-25,174.0,174.0,170.0,171.0
2008-07-28,171.0,172.0,168.0,169.0
2008-07-29,168.0,169.0,166.0,168.0
2008-07-30,169.0,170.0,168.0,169.0
2008-07-31,169.0,171.0,168.0,171.0
2008-08-01,171.0,172.0,170.0,171.0
2008-08-04,165.0,167.0,165.0,166.0
2008-08-05,166.0,168.0,165.0,168.0
2008-08-06,169.0,172.0,169.0,171.0
2008-08-07,172.0,175.0,171.0,175.0
2008-08-08,173.0,175.0,168.0,170.0
2008-08-11,173.0,175.0,171.0,171.0
2008-08-13,170.0,171.0,168.0,168.0
2008-08-14,168.0,169.0,167.0,168.0
2008-08-15,168.0,168.0,166.0,167.0
2008-08-18,167.0,167.0,165.0,166.0
2008-08-19,166.0,166.0,164.0,165.0
2008-08-20,165.0,165.0,162.0,164.0
2008-08-21,164.0,164.0,162.0,162.0
2008-08-22,161.0,162.0,160.0,161.0
2008-08-25,162.0,163.0,161.0,162.0
2008-08-26,160.0,161.0,159.0,160.0
2008-08-27,160.0,163.0,160.0,163.0
2008-08-28,163.0,164.0,162.0,164.0
2008-08-29,164.0,165.0,161.0,165.0
2008-09-01,163.0,165.0,161.0,161.0
2008-09-02,160.0,161.0,158.0,158.0
2008-09-03,158.0,159.0,157.0,158.0
2008-09-04,158.0,158.0,157.0,158.0
2008-09-05,157.0,157.0,154.0,154.0
2008-09-08,155.0,160.0,155.0,160.0
2008-09-09,158.0,159.0,155.0,155.0
2008-09-10,158.0,158.0,150.0,151.0
2008-09-11,151.0,152.0,150.0,150.0
2008-09-12,150.0,151.0,148.0,148.0
2008-09-15,147.0,147.0,145.0,145.0
2008-09-16,140.0,141.0,137.0,140.0
2008-09-17,140.0,141.0,132.0,135.0
2008-09-18,132.0,134.0,127.0,133.0
2008-09-19,135.0,137.0,134.0,136.0
2008-09-22,135.0,135.0,132.0,132.0
2008-09-23,130.0,132.0,130.0,130.0
2008-09-24,131.0,137.0,130.0,136.0
2008-09-25,134.0,137.0,133.0,137.0
2008-09-26,135.0,135.0,133.0,134.0
2008-09-29,134.0,134.0,129.0,130.0
2008-09-30,123.0,131.0,122.0,128.0
2008-10-01,128.0,131.0,128.0,131.0
2008-10-02,131.0,132.0,130.0,132.0
2008-10-03,130.0,132.0,130.0,131.0
2008-10-06,128.0,129.0,126.0,126.0
2008-10-07,123.0,126.0,121.0,123.0
2008-10-08,121.0,122.0,116.0,118.0
2008-10-09,119.0,121.0,114.0,118.0
2008-10-10,112.0,115.0,111.0,111.0
2008-10-13,112.0,124.0,111.0,120.0
2008-10-14,127.0,129.0,124.0,124.0
2008-10-15,124.0,125.0,121.0,121.0
2008-10-16,119.0,122.0,115.0,122.0
2008-10-17,121.0,125.0,118.0,119.0
2008-10-20,120.0,122.0,118.0,121.0
2008-10-21,122.0,124.0,121.0,122.0
2008-10-22,121.0,121.0,117.0,119.0
2008-10-24,116.0,116.0,109.0,111.0
2008-10-27,109.0,109.0,98.0,100.0
2008-10-28,99.5,102.0,98.0,99.5
2008-10-29,101.0,103.0,98.5,99.5
2008-10-30,101.0,105.0,100.0,104.0
2008-10-31,102.0,104.0,101.0,102.0
2008-11-03,105.0,111.0,105.0,111.0
2008-11-04,109.0,117.0,109.0,116.0
2008-11-05,121.0,121.0,112.0,114.0
2008-11-06,110.0,115.0,107.0,115.0
2008-11-07,116.0,118.0,113.0,116.0
2008-11-10,117.0,118.0,111.0,112.0
2008-11-11,111.0,113.0,107.0,107.0
2008-11-12,106.0,107.0,103.0,104.0
2008-11-13,101.0,103.0,99.5,103.0
2008-11-14,105.0,105.0,101.0,101.0
2008-11-17,100.0,103.0,100.0,102.0
2008-11-18,101.0,102.0,100.0,100.0
2008-11-19,100.0,102.0,99.0,99.0
2008-11-20,98.5,98.5,96.5,97.0
2008-11-21,96.0,97.5,95.0,97.0
2008-11-24,96.5,97.0,92.0,92.5
2008-11-25,92.5,94.0,88.5,88.5
2008-11-26,86.0,91.5,86.0,91.0
2008-11-27,90.0,92.0,89.0,89.5
2008-11-28,89.5,91.5,89.5,90.0
2008-12-01,90.5,92.0,90.0,90.5
2008-12-02,89.5,91.0,89.0,90.0
2008-12-03,92.0,92.5,89.5,90.0
2008-12-04,90.0,90.0,88.5,89.0
2008-12-08,89.5,91.0,89.5,91.0
2008-12-09,91.5,93.5,91.0,93.0
2008-12-11,93.0,94.0,91.5,92.5
2008-12-12,91.5,92.0,89.0,90.5
2008-12-15,91.5,91.5,89.5,91.5
2008-12-16,91.5,107.0,91.0,103.0
2008-12-17,107.0,113.0,106.0,109.0
2008-12-18,111.0,112.0,108.0,110.0
2008-12-19,109.0,116.0,109.0,111.0
2008-12-22,112.0,112.0,103.0,105.0
2008-12-23,103.0,106.0,102.0,105.0
2008-12-24,104.0,108.0,102.0,103.0
2008-12-25,104.0,105.0,103.0,104.0
2008-12-26,104.0,106.0,104.0,104.0
2008-12-29,104.0,105.0,101.0,103.0
2008-12-30,103.0,105.0,102.0,103.0
2009-01-02,103.0,103.0,103.0,103.0
2009-01-05,105.0,115.0,105.0,114.0
2009-01-06,115.0,120.0,114.0,119.0
2009-01-07,120.0,121.0,115.0,116.0
2009-01-08,113.0,117.0,113.0,117.0
2009-01-09,117.0,118.0,114.0,114.0
2009-01-12,115.0,116.0,113.0,115.0
2009-01-13,113.0,114.0,105.0,106.0
2009-01-14,109.0,109.0,104.0,107.0
2009-01-15,103.0,104.0,101.0,101.0
2009-01-16,102.0,104.0,101.0,104.0
2009-01-19,105.0,105.0,101.0,105.0
2009-01-20,102.0,103.0,101.0,103.0
2009-01-21,101.0,103.0,101.0,103.0
2009-01-22,104.0,106.0,102.0,104.0
2009-01-23,103.0,104.0,102.0,102.0
2009-01-26,102.0,103.0,102.0,102.0
2009-01-27,103.0,105.0,102.0,105.0
2009-01-28,105.0,105.0,103.0,105.0
2009-01-29,106.0,106.0,102.0,102.0
2009-01-30,101.0,101.0,99.5,100.0
2009-02-02,100.0,100.0,99.0,99.0
2009-02-03,99.0,99.5,98.0,98.0
2009-02-04,98.5,99.0,98.0,98.0
2009-02-05,98.5,99.5,98.0,98.5
2009-02-06,99.5,102.0,99.0,101.0
2009-02-10,101.0,102.0,100.0,101.0
2009-02-11,99.5,101.0,99.0,101.0
2009-02-12,101.0,101.0,99.5,99.5
2009-02-13,100.0,100.0,99.0,99.5
2009-02-16,99.5,100.0,99.0,99.5
2009-02-17,99.5,99.5,98.0,98.0
2009-02-18,98.0,100.0,98.0,99.0
2009-02-19,99.5,101.0,99.5,100.0
2009-02-20,99.5,100.0,99.0,99.5
2009-02-23,97.0,100.0,97.0,99.0
2009-02-24,98.0,99.0,97.5,98.5
2009-02-25,99.5,100.0,98.5,100.0
2009-02-26,100.0,100.0,99.0,99.5
2009-02-27,100.0,100.0,99.5,100.0
2009-03-02,99.5,100.0,98.5,99.0
2009-03-03,98.0,98.5,97.5,98.0
2009-03-04,98.0,98.5,97.5,98.0
2009-03-05,98.5,100.0,98.0,98.0
2009-03-06,98.0,99.5,98.0,99.0
2009-03-09,98.0,98.5,95.5,95.5
2009-03-10,96.0,97.0,95.5,97.0
2009-03-11,97.5,98.0,97.0,97.0
2009-03-12,96.5,96.5,94.0,94.5
2009-03-13,95.0,96.0,95.0,95.5
2009-03-16,96.0,96.0,94.0,95.5
2009-03-17,94.5,96.5,94.5,95.0
2009-03-18,95.5,96.0,95.5,96.0
2009-03-19,96.0,98.0,96.0,96.5
2009-03-20,96.5,97.5,96.0,97.0
2009-03-23,98.0,99.5,98.0,98.5
2009-03-24,99.5,99.5,98.0,98.0
2009-03-25,98.0,99.0,97.5,98.0
2009-03-26,98.0,100.0,98.0,100.0
2009-03-27,101.0,102.0,99.5,101.0
2009-03-30,100.0,100.0,97.8,98.5
2009-03-31,98.2,98.8,98.0,98.5
2009-04-01,98.8,99.5,98.5,99.0
2009-04-02,98.2,103.0,98.0,103.0
2009-04-03,102.5,107.0,102.0,106.5
2009-04-07,106.5,111.5,106.5,108.5
2009-04-08,107.0,110.0,106.5,109.5
2009-04-09,110.5,112.5,109.0,109.0
2009-04-10,111.0,112.0,109.0,112.0
2009-04-16,112.0,114.0,108.5,112.0
2009-04-17,111.5,113.0,108.5,109.0
2009-04-20,108.0,113.0,108.0,112.0
2009-04-21,110.5,111.5,109.5,110.5
2009-04-22,110.5,111.0,106.0,106.0
2009-04-23,107.0,108.0,105.5,106.0
2009-04-24,107.0,109.5,107.0,109.5
2009-04-27,109.0,109.5,107.5,108.0
2009-04-28,109.0,109.5,106.5,108.5
2009-04-29,108.5,117.5,108.0,117.5
2009-04-30,120.5,122.0,119.0,121.0
2009-05-04,121.0,124.5,119.0,120.5
2009-05-06,120.5,124.5,119.0,124.5
2009-05-07,125.5,126.0,120.5,122.0
2009-05-11,122.0,127.0,122.0,125.0
2009-05-12,124.5,130.0,124.0,130.0
2009-05-13,129.5,132.0,128.0,129.5
2009-05-14,127.5,128.5,123.5,124.0
2009-05-15,127.0,127.5,124.0,127.0
2009-05-18,125.5,132.0,125.5,131.0
2009-05-19,133.5,137.5,133.5,136.5
2009-05-20,139.0,140.0,136.0,137.5
2009-05-21,136.0,138.0,132.5,133.5
2009-05-22,133.0,135.0,131.0,134.5
2009-05-25,133.5,134.5,132.0,133.0
2009-05-26,133.0,134.0,131.0,131.0
2009-05-27,133.5,135.0,132.5,133.0
2009-05-28,132.0,132.5,131.5,131.5
2009-05-29,132.5,134.0,130.5,131.0
2009-06-01,132.5,136.5,132.0,136.0
2009-06-02,136.5,138.0,134.5,134.5
2009-06-03,137.0,138.5,135.5,138.0
2009-06-04,139.0,147.0,139.0,145.5
2009-06-05,147.0,155.0,146.5,154.5
2009-06-08,155.5,162.0,155.5,158.5
2009-06-09,161.5,162.0,157.0,159.5
2009-06-10,160.0,163.0,159.0,161.5
2009-06-11,161.5,162.0,159.5,160.0
2009-06-12,161.5,161.5,159.0,159.5
2009-06-15,158.5,158.5,152.0,154.0
2009-06-16,152.0,152.5,148.0,149.0
2009-06-17,146.0,149.0,146.0,146.0
2009-06-18,145.5,146.0,134.5,137.0
2009-06-19,139.0,141.5,137.5,140.0
2009-06-22,141.0,141.5,138.0,138.0
2009-06-23,133.0,136.0,132.5,136.0
2009-06-24,134.5,141.0,134.5,141.0
2009-06-25,142.5,151.5,142.0,149.5
2009-06-26,152.0,154.5,151.0,152.0
2009-06-29,153.0,158.5,152.0,158.5
2009-06-30,161.0,161.0,154.5,155.0
2009-07-02,155.0,157.0,147.5,148.5
2009-07-03,145.5,148.5,145.0,148.5
2009-07-06,148.5,148.5,148.5,148.5
2009-07-08,148.5,148.5,142.5,146.5
2009-07-09,146.0,152.0,145.0,152.0
2009-07-10,150.5,152.5,148.5,150.0
2009-07-13,149.0,150.5,147.5,150.0
2009-07-14,152.5,158.5,152.0,158.0
2009-07-15,158.5,165.0,158.5,163.5
2009-07-16,167.0,167.0,161.0,161.0
2009-07-17,163.5,167.0,162.5,166.5
2009-07-20,168.0,171.5,167.0,170.0
2009-07-21,169.5,171.5,168.5,170.5
2009-07-22,170.5,177.0,169.5,171.0
2009-07-23,173.0,174.0,170.0,171.0
2009-07-24,171.5,172.0,170.5,171.5
2009-07-27,173.0,176.0,173.0,173.5
2009-07-28,174.0,175.5,173.0,174.0
2009-07-29,173.5,174.0,171.5,172.5
2009-07-30,172.0,175.0,170.5,175.0
2009-07-31,177.0,184.5,175.0,184.0
2009-08-03,183.0,198.5,182.5,198.0
2009-08-04,200.0,200.0,195.0,197.0
2009-08-05,198.0,198.5,191.0,193.0
2009-08-06,192.0,197.0,191.5,196.0
2009-08-07,195.5,196.5,193.0,194.5
2009-08-10,193.5,193.5,191.5,192.0
2009-08-11,191.5,200.0,189.0,198.5
2009-08-13,198.5,201.0,197.5,199.0
2009-08-14,199.0,202.0,195.5,200.0
2009-08-17,196.0,198.0,190.5,191.5
2009-08-18,191.0,192.0,185.5,190.5
2009-08-19,190.0,190.0,185.0,185.5
2009-08-20,188.5,192.5,187.0,190.5
2009-08-21,190.5,192.0,187.0,192.0
2009-08-24,194.5,197.0,192.5,192.5
2009-08-25,192.0,195.0,191.5,194.0
2009-08-26,194.5,197.0,193.5,193.5
2009-08-27,194.5,194.5,192.5,193.5
2009-08-28,193.0,195.0,192.0,194.5
2009-08-31,193.0,194.0,192.0,194.0
2009-09-01,194.0,194.5,192.0,192.0
2009-09-02,191.0,192.0,190.0,191.5
2009-09-03,192.0,197.0,192.0,197.0
2009-09-04,198.0,207.0,197.5,205.0
2009-09-07,209.0,211.0,207.0,210.0
2009-09-08,213.0,222.0,211.0,220.0
2009-09-09,220.0,220.0,213.0,217.0
2009-09-10,220.0,222.0,218.0,218.0
2009-09-11,220.0,220.0,218.0,219.0
2009-09-14,217.0,219.0,213.0,215.0
2009-09-15,216.0,219.0,213.0,219.0
2009-09-16,221.0,228.0,221.0,226.0
2009-09-17,232.0,234.0,228.0,229.0
2009-09-18,229.0,230.0,226.0,229.0
2009-09-21,229.0,232.0,229.0,231.0
2009-09-22,231.0,236.0,231.0,236.0
2009-09-23,237.0,237.0,233.0,236.0
2009-09-24,234.0,235.0,232.0,233.0
2009-09-25,231.0,233.0,229.0,229.0
2009-09-28,226.0,228.0,223.0,224.0
2009-09-29,228.0,228.0,224.0,227.0
2009-09-30,219.0,222.0,218.0,222.0
2009-10-01,221.0,227.0,221.0,223.0
2009-10-02,220.0,221.0,218.0,220.0
2009-10-05,221.0,221.0,218.0,218.0
2009-10-06,220.0,224.0,219.0,224.0
2009-10-07,227.0,232.0,226.0,231.0
2009-10-08,232.0,233.0,229.0,230.0
2009-10-09,231.0,232.0,228.0,229.0
2009-10-12,229.0,231.0,226.0,228.0
2009-10-13,228.0,229.0,225.0,225.0
2009-10-14,226.0,227.0,219.0,223.0
2009-10-15,223.0,223.0,197.0,209.0
2009-10-16,209.0,214.0,207.0,214.0
2009-10-19,214.0,219.0,210.0,217.0
2009-10-20,220.0,221.0,216.0,219.0
2009-10-21,219.0,220.0,214.0,216.0
2009-10-22,213.0,214.0,210.0,212.0
2009-10-26,212.0,217.0,210.0,212.0
2009-10-27,209.0,211.0,207.0,211.0
2009-10-28,210.0,211.0,209.0,210.0
2009-10-29,207.0,207.0,203.0,204.0
2009-10-30,209.0,209.0,202.0,204.0
2009-11-02,200.0,209.0,200.0,208.0
2009-11-03,207.0,208.0,204.0,204.0
2009-11-04,206.0,209.0,206.0,209.0
2009-11-05,208.0,211.0,208.0,210.0
2009-11-06,213.0,217.0,211.0,217.0
2009-11-09,218.0,219.0,214.0,219.0
2009-11-10,218.0,219.0,215.0,215.0
2009-11-11,218.0,218.0,216.0,218.0
2009-11-12,217.0,218.0,213.0,214.0
2009-11-13,214.0,215.0,212.0,212.0
2009-11-16,213.0,220.0,212.0,219.0
2009-11-17,220.0,222.0,217.0,222.0
2009-11-18,223.0,224.0,218.0,220.0
2009-11-19,219.0,219.0,215.0,217.0
2009-11-20,214.0,216.0,213.0,213.0
2009-11-23,213.0,215.0,209.0,215.0
2009-11-24,213.0,215.0,211.0,212.0
2009-11-25,213.0,219.0,213.0,218.0
2009-11-26,219.0,227.0,219.0,224.0
2009-11-27,220.0,222.0,217.0,222.0
2009-11-30,225.0,229.0,225.0,226.0
2009-12-01,230.0,235.0,229.0,235.0
2009-12-02,237.0,242.0,221.0,223.0
2009-12-03,220.0,224.0,218.0,223.0
2009-12-04,221.0,222.0,216.0,221.0
2009-12-08,221.0,221.0,216.0,217.0
2009-12-09,217.0,218.0,213.0,216.0
2009-12-11,216.0,221.0,216.0,220.0
2009-12-14,220.0,227.0,219.0,224.0
2009-12-15,225.0,230.0,224.0,228.0
2009-12-16,228.0,230.0,222.0,225.0
2009-12-17,226.0,227.0,224.0,225.0
2009-12-18,224.0,225.0,223.0,224.0
2009-12-21,225.0,226.0,224.0,225.0
2009-12-22,227.0,234.0,226.0,232.0
2009-12-23,234.0,237.0,234.0,235.0
2009-12-24,238.0,238.0,231.0,234.0
2009-12-25,235.0,237.0,235.0,236.0
2009-12-28,237.0,238.0,235.0,237.0
2009-12-29,237.0,240.0,237.0,240.0
2009-12-30,239.0,240.0,235.0,235.0
2010-01-04,235.0,236.0,232.0,233.0
2010-01-05,235.0,236.0,231.0,233.0
2010-01-06,233.0,234.0,229.0,230.0
2010-01-07,231.0,231.0,225.0,226.0
2010-01-08,226.0,230.0,225.0,227.0
2010-01-11,228.0,236.0,228.0,236.0
2010-01-12,234.0,235.0,230.0,231.0
2010-01-13,229.0,234.0,229.0,233.0
2010-01-14,234.0,234.0,231.0,231.0
2010-01-15,232.0,233.0,228.0,228.0
2010-01-18,228.0,229.0,226.0,227.0
2010-01-19,227.0,228.0,224.0,225.0
2010-01-20,226.0,227.0,222.0,225.0
2010-01-21,224.0,225.0,221.0,222.0
2010-01-22,221.0,225.0,219.0,225.0
2010-01-25,220.0,220.0,216.0,216.0
2010-01-26,217.0,219.0,216.0,217.0
2010-01-27,218.0,221.0,215.0,215.0
2010-01-28,218.0,220.0,215.0,217.0
2010-01-29,217.0,219.0,215.0,218.0
2010-02-01,216.0,219.0,214.0,218.0
2010-02-02,219.0,219.0,215.0,215.0
2010-02-03,216.0,218.0,215.0,217.0
2010-02-04,217.0,218.0,216.0,217.0
2010-02-05,214.0,215.0,213.0,215.0
2010-02-08,215.0,216.0,212.0,214.0
2010-02-09,213.0,214.0,211.0,211.0
2010-02-10,212.0,213.0,211.0,212.0
2010-02-11,213.0,216.0,213.0,214.0
2010-02-12,215.0,215.0,213.0,214.0
2010-02-15,213.0,214.0,211.0,212.0
2010-02-16,212.0,213.0,211.0,212.0
2010-02-17,213.0,215.0,213.0,213.0
2010-02-18,213.0,214.0,211.0,212.0
2010-02-19,212.0,217.0,211.0,217.0
2010-02-22,219.0,220.0,217.0,217.0
2010-02-23,216.0,222.0,216.0,220.0
2010-02-24,219.0,221.0,217.0,220.0
2010-02-25,225.0,227.0,222.0,223.0
2010-02-26,223.0,225.0,220.0,223.0
2010-03-02,225.0,231.0,224.0,230.0
2010-03-03,233.0,233.0,227.0,231.0
2010-03-04,230.0,231.0,229.0,231.0
2010-03-05,231.0,232.0,229.0,229.0
2010-03-08,228.0,230.0,225.0,226.0
2010-03-09,227.0,228.0,226.0,227.0
2010-03-10,226.0,228.0,225.0,227.0
2010-03-11,226.0,231.0,226.0,229.0
2010-03-12,229.0,231.0,228.0,231.0
2010-03-15,230.0,231.0,229.0,231.0
2010-03-16,231.0,235.0,230.0,234.0
2010-03-17,236.0,240.0,235.0,240.0
2010-03-18,240.0,242.0,238.0,238.0
2010-03-19,239.0,242.0,239.0,240.0
2010-03-22,239.0,250.0,239.0,244.0
2010-03-23,247.0,249.0,244.0,248.0
2010-03-24,250.0,252.0,248.0,248.0
2010-03-25,248.0,253.0,248.0,251.0
2010-03-26,251.0,253.0,249.0,249.0
2010-03-29,250.0,250.0,245.0,247.0
2010-03-30,247.0,255.0,247.0,254.0
2010-03-31,254.0,260.0,253.0,257.0
2010-04-01,263.0,269.0,262.0,269.0
2010-04-02,270.0,273.0,268.0,271.0
2010-04-05,269.0,277.0,267.0,277.0
2010-04-07,273.0,274.0,268.0,269.0
2010-04-08,267.0,268.0,257.0,258.0
2010-04-09,255.0,264.0,254.0,263.0
2010-04-12,254.0,257.0,244.0,252.0
2010-04-16,246.0,248.0,237.0,237.0
2010-04-19,233.0,240.0,227.0,237.0
2010-04-20,243.0,259.0,240.0,258.0
2010-04-21,255.0,263.0,253.0,260.0
2010-04-22,259.0,266.0,257.0,259.0
2010-04-23,254.0,258.0,254.0,258.0
2010-04-26,263.0,268.0,261.0,265.0
2010-04-27,263.0,265.0,261.0,263.0
2010-04-28,260.0,264.0,257.0,258.0
2010-04-29,259.0,260.0,256.0,260.0
2010-04-30,262.0,267.0,261.0,264.0
2010-05-04,271.0,277.0,270.0,274.0
2010-05-06,271.0,272.0,263.0,266.0
2010-05-07,260.0,260.0,257.0,260.0
2010-05-10,261.0,266.0,260.0,265.0
2010-05-11,267.0,267.0,259.0,260.0
2010-05-12,259.0,263.0,257.0,260.0
2010-05-13,260.0,262.0,254.0,255.0
2010-05-14,250.0,256.0,250.0,256.0
2010-05-17,247.0,250.0,244.0,250.0
2010-05-18,250.0,255.0,246.0,255.0
2010-05-19,251.0,258.0,250.0,258.0
2010-05-20,252.33333333333334,257.3333333333333,248.0,253.33333333333334
2010-05-21,253.66666666666666,256.6666666666667,246.0,248.66666666666666
2010-05-24,255.0,256.0,244.0,244.0
2010-05-25,241.0,241.0,231.0,234.0
2010-05-26,237.0,239.0,232.0,236.0
2010-05-27,234.0,241.0,234.0,239.0
2010-05-31,240.0,245.0,240.0,245.0
2010-06-01,246.0,247.0,240.0,241.0
2010-06-02,243.0,245.0,241.0,244.0
2010-06-03,248.0,251.0,247.0,250.0
2010-06-04,251.0,253.0,248.0,253.0
2010-06-07,246.0,250.0,245.0,250.0
2010-06-08,249.0,250.0,244.0,245.0
2010-06-09,246.0,248.0,242.0,246.0
2010-06-10,246.0,250.0,246.0,250.0
2010-06-11,252.0,252.0,248.0,248.0
2010-06-14,250.0,258.0,249.0,257.0
2010-06-15,256.0,258.0,254.0,256.0
2010-06-16,260.0,262.0,258.0,259.0
2010-06-17,260.0,261.0,255.0,255.0
2010-06-18,254.0,256.0,252.0,252.0
2010-06-21,256.0,265.0,255.0,264.0
2010-06-22,262.0,263.0,261.0,261.0
2010-06-23,261.0,262.0,258.0,261.0
2010-06-24,261.0,267.0,259.0,259.0
2010-06-25,259.0,262.0,255.0,260.0
2010-06-28,262.0,266.0,261.0,266.0
2010-06-29,263.0,267.0,260.0,263.0
2010-06-30,261.0,264.0,261.0,262.0
2010-07-02,260.0,265.0,260.0,265.0
2010-07-05,265.0,265.0,261.0,261.0
2010-07-06,263.0,267.0,262.0,267.0
2010-07-07,266.0,271.0,264.0,268.0
2010-07-08,271.0,272.0,267.0,267.0
2010-07-09,268.0,268.0,265.0,266.0
2010-07-12,266.0,267.0,261.0,262.0
2010-07-13,262.0,263.0,257.0,259.0
2010-07-14,260.0,262.0,259.0,259.0
2010-07-15,259.0,259.0,255.0,257.0
2010-07-16,257.0,258.0,255.0,256.0
2010-07-19,256.0,259.0,254.0,257.0
2010-07-20,257.0,259.0,249.0,251.0
2010-07-21,253.0,253.0,249.0,251.0
2010-07-22,251.0,256.0,250.0,252.0
2010-07-23,253.0,259.0,253.0,258.0
2010-07-27,260.0,265.0,259.0,263.0
2010-07-28,265.0,267.0,261.0,266.0
2010-07-29,264.0,270.0,264.0,267.0
2010-07-30,268.0,270.0,267.0,270.0
2010-08-02,270.0,272.0,268.0,269.0
2010-08-03,269.0,270.0,265.0,266.0
2010-08-04,266.0,267.0,264.0,265.0
2010-08-05,264.0,269.0,263.0,268.0
2010-08-06,267.0,268.0,262.0,265.0
2010-08-09,261.0,263.0,260.0,261.0
2010-08-10,260.0,260.0,253.0,254.0
2010-08-11,253.0,256.0,251.0,256.0
2010-08-16,252.0,258.0,252.0,257.0
2010-08-17,256.0,257.0,253.0,255.0
2010-08-18,256.0,260.0,256.0,260.0
2010-08-19,261.0,268.0,261.0,268.0
2010-08-20,267.0,271.0,266.0,268.0
2010-08-23,270.0,274.0,268.0,272.0
2010-08-24,273.0,274.0,266.0,270.0
2010-08-25,270.0,270.0,265.0,265.0
2010-08-26,265.0,268.0,265.0,265.0
2010-08-27,266.0,275.0,265.0,273.0
2010-08-30,277.0,281.0,276.0,278.0
2010-08-31,278.0,297.0,277.0,296.0
2010-09-01,300.0,305.0,298.0,305.0
2010-09-02,309.0,312.0,293.0,303.0
2010-09-03,310.0,321.0,310.0,313.0
2010-09-06,320.0,327.0,314.0,327.0
2010-09-07,325.0,326.0,313.0,315.0
2010-09-08,310.0,317.0,308.0,315.0
2010-09-09,315.0,316.0,307.0,309.0
2010-09-10,309.0,313.0,307.0,310.0
2010-09-13,312.0,326.0,311.0,326.0
2010-09-14,322.0,323.0,311.0,312.0
2010-09-15,310.0,313.0,303.0,313.0
2010-09-16,312.0,312.0,307.0,308.0
2010-09-17,306.0,319.0,305.0,315.0
2010-09-20,315.0,316.0,311.0,313.0
2010-09-21,315.0,325.0,314.0,322.0
2010-09-22,324.0,328.0,323.0,324.0
2010-09-23,326.0,337.0,325.0,334.0
2010-09-24,334.0,340.0,334.0,335.0
2010-09-27,338.0,342.0,335.0,335.0
2010-09-28,336.0,337.0,327.0,329.0
2010-09-29,333.0,339.0,330.0,336.0
2010-09-30,337.0,338.0,332.0,333.0
2010-10-01,335.0,336.0,331.0,334.0
2010-10-04,337.0,337.0,320.0,324.0
2010-10-05,322.0,326.0,318.0,325.0
2010-10-06,326.0,327.0,321.0,326.0
2010-10-07,326.0,330.0,325.0,325.0
2010-10-08,325.0,326.0,321.0,321.0
2010-10-11,321.0,327.0,321.0,325.0
2010-10-12,325.0,331.0,323.0,328.0
2010-10-13,330.0,333.0,325.0,328.0
2010-10-14,330.0,330.0,321.0,323.0
2010-10-15,323.0,326.0,323.0,324.0
2010-10-18,323.0,325.0,321.0,323.0
2010-10-19,324.0,326.0,321.0,322.0
2010-10-20,320.0,325.0,320.0,324.0
2010-10-21,325.0,328.0,325.0,325.0
2010-10-22,325.0,328.0,322.0,326.0
2010-10-26,328.0,333.0,327.0,330.0
2010-10-27,332.0,332.0,323.0,323.0
2010-10-28,323.0,325.0,320.0,321.0
2010-10-29,319.0,320.0,314.0,316.0
2010-11-01,319.0,322.0,316.0,322.0
2010-11-02,320.0,321.0,318.0,319.0
2010-11-03,321.0,334.0,321.0,332.0
2010-11-04,336.0,348.0,336.0,348.0
2010-11-05,357.0,361.0,350.0,350.0
2010-11-08,353.0,354.0,346.0,352.0
2010-11-09,348.0,356.0,347.0,350.0
2010-11-10,348.0,350.0,342.0,344.0
2010-11-11,343.0,346.0,337.0,337.0
2010-11-12,335.0,336.0,330.0,335.0
2010-11-15,332.0,338.0,330.0,338.0
2010-11-16,337.0,338.0,329.0,330.0
2010-11-17,326.0,327.0,318.0,324.0
2010-11-18,325.0,328.0,322.0,326.0
2010-11-19,327.0,327.0,320.0,322.0
2010-11-22,324.0,331.0,323.0,328.0
2010-11-23,324.0,327.0,320.0,322.0
2010-11-24,322.0,324.0,318.0,321.0
2010-11-25,323.0,325.0,319.0,319.0
2010-11-26,322.0,322.0,316.0,322.0
2010-11-29,320.0,332.0,320.0,332.0
2010-11-30,331.0,335.0,327.0,332.0
2010-12-01,332.0,334.0,328.0,334.0
2010-12-02,337.0,348.0,337.0,342.0
2010-12-03,343.0,344.0,341.0,342.0
2010-12-07,343.0,347.0,341.0,347.0
2010-12-08,353.0,356.0,338.0,338.0
2010-12-09,343.0,347.0,341.0,346.0
2010-12-13,345.0,348.0,343.0,344.0
2010-12-14,344.0,346.0,341.0,344.0
2010-12-15,344.0,344.0,335.0,337.0
2010-12-16,337.0,346.0,336.0,345.0
2010-12-17,344.0,344.0,338.0,340.0
2010-12-20,337.0,338.0,328.0,329.0
2010-12-21,331.0,333.0,327.0,329.0
2010-12-22,331.0,331.0,327.0,331.0
2010-12-23,332.0,335.0,331.0,334.0
2010-12-24,336.0,336.0,332.0,335.0
2010-12-27,334.0,336.0,332.0,334.0
2010-12-28,333.0,337.0,331.0,336.0
2010-12-29,336.0,344.0,336.0,342.0
2010-12-30,342.0,344.0,339.0,341.0
2011-01-04,344.0,352.0,342.0,349.0
2011-01-05,351.0,351.0,347.0,348.0
2011-01-06,349.0,350.0,345.0,348.0
2011-01-07,349.0,349.0,340.0,340.0
2011-01-10,337.0,338.0,328.0,333.0
2011-01-11,331.0,332.0,328.0,331.0
2011-01-12,333.0,336.0,333.0,336.0
2011-01-13,337.0,338.0,332.0,336.0
2011-01-14,336.0,339.0,334.0,336.0
2011-01-17,335.0,335.0,330.0,332.0
2011-01-18,333.0,335.0,332.0,334.0
2011-01-19,334.0,339.0,334.0,338.0
2011-01-20,335.0,337.0,332.0,336.0
2011-01-21,332.0,334.0,328.0,334.0
2011-01-24,330.0,332.0,320.0,321.0
2011-01-25,322.0,324.0,308.0,311.0
2011-01-26,313.0,319.0,308.0,313.0
2011-01-27,316.0,319.0,314.0,316.0
2011-01-28,315.0,319.0,312.0,316.0
2011-01-31,312.0,315.0,311.0,312.0
2011-02-01,315.0,315.0,311.0,311.0
2011-02-02,314.0,314.0,312.0,314.0
2011-02-03,314.0,316.0,314.0,314.0
2011-02-04,317.0,321.0,315.0,317.0
2011-02-07,314.0,317.0,313.0,317.0
2011-02-08,315.0,317.0,314.0,315.0
2011-02-09,314.0,316.0,310.0,312.0
2011-02-10,310.0,311.0,307.0,307.0
2011-02-11,306.0,306.0,296.0,298.0
2011-02-14,302.0,308.0,302.0,308.0
2011-02-15,308.0,310.0,302.0,304.0
2011-02-16,304.0,310.0,304.0,309.0
2011-02-17,311.0,319.0,311.0,318.0
2011-02-18,315.0,320.0,313.0,317.5
2011-02-21,319.0,321.0,315.0,317.0
2011-02-22,311.0,314.0,311.0,312.0
2011-02-23,315.0,316.0,310.0,312.0
2011-02-24,314.0,314.0,306.0,306.0
2011-02-25,310.0,311.0,308.0,310.0
2011-02-28,308.0,311.0,308.0,311.0
2011-03-01,312.0,315.0,311.0,315.0
2011-03-02,311.0,312.0,310.0,311.0
2011-03-03,313.0,313.0,311.0,311.0
2011-03-04,313.0,318.0,313.0,318.0
2011-03-07,317.0,318.0,315.0,316.0
2011-03-08,316.0,323.0,316.0,321.0
2011-03-09,323.0,325.0,321.0,322.0
2011-03-10,320.0,324.0,318.0,324.0
2011-03-11,320.0,324.0,319.0,322.0
2011-03-14,325.0,334.0,324.0,332.0
2011-03-15,326.0,330.0,324.0,328.0
2011-03-16,330.0,332.0,329.0,330.0
2011-03-17,328.0,330.0,327.0,329.0
2011-03-21,332.0,339.0,330.0,337.0
2011-03-22,339.0,345.0,338.0,343.0
2011-03-23,343.0,355.0,343.0,352.0
2011-03-24,355.0,355.0,347.0,350.0
2011-03-25,350.0,357.0,350.0,353.0
2011-03-28,353.0,355.0,348.0,348.0
2011-03-29,346.0,349.0,346.0,348.0
2011-03-30,348.0,352.0,348.0,352.0
2011-03-31,352.0,353.0,350.0,351.0
2011-04-01,351.0,355.0,351.0,353.0
2011-04-04,356.0,360.0,356.0,358.0
2011-04-05,350.0,352.0,349.0,351.0
2011-04-07,353.0,355.0,352.0,354.0
2011-04-08,355.0,355.0,350.0,351.0
2011-04-11,352.0,352.0,349.0,349.0
2011-04-12,348.0,358.0,347.0,358.0
2011-04-18,357.0,371.0,357.0,369.0
2011-04-19,367.0,384.0,366.0,380.0
2011-04-20,383.0,383.0,376.0,380.0
2011-04-21,382.0,384.0,378.0,381.0
2011-04-22,380.0,380.0,377.0,377.0
2011-04-25,380.0,384.0,378.0,379.0
2011-04-26,381.0,381.0,377.0,380.0
2011-04-27,383.0,386.0,380.0,384.0
2011-04-28,383.0,383.0,373.0,373.0
2011-04-29,372.0,376.0,371.0,375.0
2011-05-03,372.0,376.0,368.0,369.0
2011-05-04,370.0,372.0,368.0,370.0
2011-05-06,365.0,366.0,359.0,360.0
2011-05-09,359.0,368.0,359.0,365.0
2011-05-10,367.0,374.0,363.0,374.0
2011-05-11,375.0,382.0,374.0,381.0
2011-05-12,377.0,379.0,372.0,372.0
2011-05-13,371.0,372.0,367.0,370.0
2011-05-18,367.0,369.0,363.0,366.0
2011-05-19,369.0,369.0,362.0,363.0
2011-05-20,363.0,366.0,362.0,362.0
2011-05-23,360.0,361.0,351.0,351.0
2011-05-24,352.0,355.0,349.0,352.0
2011-05-25,351.0,353.0,350.0,351.0
2011-05-26,353.0,358.0,353.0,355.0
2011-05-27,355.0,360.0,354.0,357.0
2011-05-30,359.0,362.0,358.0,360.0
2011-05-31,362.0,362.0,353.0,355.0
2011-06-01,353.0,354.0,350.0,350.0
2011-06-02,346.0,350.0,345.0,349.0
2011-06-03,349.0,352.0,348.0,352.0
2011-06-06,350.0,351.0,345.0,345.0
2011-06-07,347.0,347.0,338.0,338.0
2011-06-08,337.0,338.0,331.0,333.0
2011-06-09,331.0,338.0,330.0,338.0
2011-06-10,337.0,338.0,334.0,335.0
2011-06-13,331.0,339.0,331.0,337.0
2011-06-14,338.0,342.0,336.0,342.0
2011-06-15,342.0,342.0,335.0,335.0
2011-06-16,333.0,334.0,331.0,332.0
2011-06-17,333.0,335.0,332.0,335.0
2011-06-20,335.0,337.0,334.0,334.0
2011-06-21,336.0,341.0,336.0,340.0
2011-06-22,343.0,346.0,342.0,345.0
2011-06-23,345.0,347.0,343.0,345.0
2011-06-24,346.0,348.0,341.0,348.0
2011-06-27,345.0,346.0,342.0,343.0
2011-06-28,345.0,345.0,340.0,340.0
2011-06-29,342.0,351.0,342.0,350.0
2011-06-30,351.0,353.0,349.0,353.0
2011-07-04,364.0,371.0,362.0,368.0
2011-07-05,372.0,374.0,366.0,367.0
2011-07-06,367.0,368.0,360.0,362.0
2011-07-07,365.0,368.0,363.0,367.0
2011-07-08,368.0,375.0,368.0,375.0
2011-07-11,372.0,374.0,369.0,370.0
2011-07-12,366.0,366.0,359.0,362.0
2011-07-13,366.0,370.0,365.0,365.0
2011-07-14,365.0,370.0,362.0,370.0
2011-07-18,370.0,371.0,367.0,369.0
2011-07-19,369.0,372.0,366.0,370.0
2011-07-20,373.0,373.0,367.0,367.0
2011-07-21,367.0,368.0,365.0,365.0
2011-07-22,369.0,372.0,368.0,370.0
2011-07-25,367.0,370.0,367.0,369.0
2011-07-26,369.0,378.0,369.0,375.0
2011-07-27,376.0,378.0,373.0,375.0
2011-07-28,375.0,380.0,374.0,379.0
2011-07-29,378.0,381.0,376.0,381.0
2011-08-01,384.0,387.0,382.0,384.0
2011-08-02,383.0,385.0,376.0,377.0
2011-08-03,370.0,375.0,370.0,374.0
2011-08-04,374.0,376.0,369.0,370.0
2011-08-05,364.0,365.0,359.0,361.0
2011-08-08,350.0,354.0,346.0,350.0
2011-08-09,338.0,348.0,332.0,338.0
2011-08-10,344.0,346.0,332.0,339.0
2011-08-11,337.0,338.0,335.0,336.0
2011-08-15,340.0,348.0,340.0,348.0
2011-08-16,352.0,352.0,345.0,346.0
2011-08-17,353.0,354.0,350.0,352.0
2011-08-18,354.0,355.0,349.0,350.0
2011-08-19,346.0,347.0,339.0,341.0
2011-08-22,341.0,343.0,332.0,337.0
2011-08-23,338.0,340.0,334.0,334.0
2011-08-24,334.0,336.0,320.0,322.0
2011-08-25,327.0,327.0,318.0,318.0
2011-08-26,314.0,317.0,311.0,316.0
2011-08-29,319.0,331.0,316.0,330.0
2011-08-30,333.0,337.0,324.0,324.0
2011-08-31,327.0,334.0,327.0,334.0
2011-09-01,339.0,339.0,332.0,334.0
2011-09-02,334.0,336.0,325.0,328.0
2011-09-05,323.0,325.0,320.0,321.0
2011-09-06,318.0,324.0,318.0,323.0
2011-09-07,324.0,327.0,321.0,326.0
2011-09-08,325.0,327.0,322.0,325.0
2011-09-09,325.0,327.0,320.0,321.0
2011-09-12,317.0,318.0,311.0,312.0
2011-09-13,314.0,315.0,310.0,311.0
2011-09-14,313.0,313.0,306.0,310.0
2011-09-15,311.0,312.0,308.0,311.0
2011-09-16,314.0,314.0,308.0,309.0
2011-09-19,306.0,307.0,302.0,303.0
2011-09-20,304.0,305.0,301.0,304.0
2011-09-21,303.0,307.0,302.0,306.0
2011-09-22,302.0,302.0,295.0,295.0
2011-09-23,289.0,291.0,279.0,284.0
2011-09-26,280.0,280.0,260.0,271.0
2011-09-27,276.0,286.0,269.0,286.0
2011-09-28,282.0,284.0,271.0,271.0
2011-09-29,265.0,272.0,264.0,267.0
2011-09-30,267.0,270.0,262.0,262.0
2011-10-03,252.0,254.0,246.0,248.0
2011-10-04,248.0,251.0,236.0,242.0
2011-10-05,245.0,248.0,241.0,244.0
2011-10-06,255.0,266.0,252.0,266.0
2011-10-07,274.0,275.0,264.0,265.0
2011-10-10,261.0,276.0,260.0,275.0
2011-10-11,280.0,293.0,280.0,287.0
2011-10-12,287.0,293.0,285.0,293.0
2011-10-13,296.0,297.0,287.0,287.0
2011-10-14,286.0,296.0,283.0,294.0
2011-10-17,302.0,307.0,299.0,306.0
2011-10-18,298.0,302.0,296.0,300.0
2011-10-19,302.0,303.0,295.0,298.0
2011-10-20,292.0,293.0,288.0,288.0
2011-10-21,288.0,291.0,286.0,289.0
2011-10-25,293.0,306.0,291.0,306.0
2011-10-26,302.0,315.0,301.0,312.0
2011-10-27,318.0,319.0,314.0,314.0
2011-10-28,317.0,322.0,315.0,315.0
2011-10-31,317.0,320.0,313.0,315.0
2011-11-01,313.0,321.0,310.0,312.0
2011-11-02,309.0,318.0,309.0,317.0
2011-11-03,313.0,314.0,310.0,313.0
2011-11-04,316.0,318.0,314.0,314.0
2011-11-07,315.0,316.0,312.0,314.0
2011-11-08,316.0,321.0,315.0,321.0
2011-11-09,320.0,326.0,318.0,322.0
2011-11-10,316.0,322.0,315.0,322.0
2011-11-11,322.0,326.0,319.0,324.0
2011-11-14,328.0,331.0,327.0,327.0
2011-11-15,329.0,329.0,324.0,325.0
2011-11-16,323.0,326.0,323.0,326.0
2011-11-17,324.0,325.0,321.0,323.0
2011-11-18,320.0,324.0,320.0,322.0
2011-11-21,321.0,322.0,316.0,316.0
2011-11-22,317.0,322.0,316.0,319.0
2011-11-23,317.0,320.0,316.0,317.0
2011-11-24,318.0,320.0,316.0,318.0
2011-11-25,317.0,317.0,313.0,314.0
2011-11-28,317.0,319.0,314.0,318.0
2011-11-29,319.0,320.0,315.0,315.0
2011-11-30,316.0,319.0,315.0,315.0
2011-12-01,322.0,326.0,320.0,324.0
2011-12-02,324.0,326.0,322.0,325.0
2011-12-06,325.0,330.0,325.0,328.0
2011-12-07,330.0,332.0,329.0,331.0
2011-12-08,329.0,334.0,328.0,332.0
2011-12-09,329.0,330.0,326.0,330.0
2011-12-13,330.0,330.0,325.0,326.0
2011-12-14,325.0,326.0,318.0,319.0
2011-12-15,315.0,318.0,310.0,317.0
2011-12-16,316.0,319.0,314.0,319.0
2011-12-19,317.0,319.0,315.0,318.0
2011-12-20,317.0,319.0,316.0,317.0
2011-12-21,321.0,322.0,320.0,320.0
2011-12-22,320.0,321.0,317.0,320.0
2011-12-23,321.0,321.0,317.0,317.0
2011-12-26,317.0,318.0,315.0,316.0
2011-12-27,316.0,316.0,313.0,315.0
2011-12-28,315.0,316.0,310.0,312.0
2011-12-29,312.0,317.0,311.0,314.0
2011-12-30,315.0,316.0,313.0,313.0
2012-01-04,313.0,319.0,313.0,318.0
2012-01-05,318.0,321.0,318.0,321.0
2012-01-06,321.0,324.0,319.0,321.0
2012-01-09,321.0,322.0,319.0,321.0
2012-01-10,322.0,326.0,321.0,326.0
2012-01-11,327.0,330.0,324.0,328.0
2012-01-12,328.0,329.0,324.0,324.0
2012-01-13,324.0,324.0,319.0,321.0
2012-01-16,318.0,320.0,317.0,318.0
2012-01-17,320.0,325.0,320.0,325.0
2012-01-18,325.0,327.0,324.0,325.0
2012-01-19,327.0,329.0,325.0,328.0
2012-01-20,329.0,329.0,325.0,325.0
2012-01-23,325.0,327.0,325.0,325.0
2012-01-24,325.0,328.0,325.0,326.0
2012-01-25,328.0,328.0,323.0,324.0
2012-01-26,326.0,331.0,324.0,330.0
2012-01-27,334.0,342.0,334.0,341.0
2012-01-30,343.0,348.0,342.0,344.0
2012-01-31,347.0,347.0,340.0,346.0
2012-02-01,344.0,344.0,340.0,342.0
2012-02-02,345.0,350.0,344.0,346.0
2012-02-03,350.0,352.0,346.0,352.0
2012-02-06,354.0,358.0,353.0,355.0
2012-02-07,354.0,355.0,350.0,354.0
2012-02-08,357.0,359.0,355.0,357.0
2012-02-09,357.0,361.0,356.0,361.0
2012-02-10,358.0,362.0,357.0,358.0
2012-02-13,358.0,360.0,355.0,357.0
2012-02-14,355.0,357.0,348.0,349.0
2012-02-15,352.0,354.0,350.0,351.0
2012-02-16,351.0,352.0,346.0,347.0
2012-02-17,351.0,354.0,348.0,354.0
2012-02-20,355.0,361.0,352.0,359.0
2012-02-21,360.0,361.0,357.0,358.0
2012-02-22,358.0,359.0,354.0,356.0
2012-02-23,355.0,356.0,348.0,352.0
2012-02-24,351.0,352.0,348.0,350.0
2012-02-27,352.0,352.0,345.0,345.0
2012-02-28,346.0,355.0,345.0,354.0
2012-02-29,356.0,357.0,352.0,357.0
2012-03-01,357.0,361.0,355.0,359.0
2012-03-02,360.0,361.0,356.0,357.0
2012-03-05,358.0,358.0,352.0,353.0
2012-03-06,351.0,353.0,350.0,352.0
2012-03-08,357.0,357.0,351.0,353.0
2012-03-09,353.0,353.0,350.0,351.0
2012-03-12,351.0,352.0,345.0,347.0
2012-03-13,348.0,349.0,338.0,343.0
2012-03-14,347.0,349.0,343.0,346.0
2012-03-15,345.0,348.0,342.0,344.0
2012-03-16,345.0,353.0,344.0,353.0
2012-03-19,355.0,356.0,353.0,354.0
2012-03-20,355.0,356.0,354.0,355.0
2012-03-21,356.0,357.0,353.0,356.0
2012-03-22,356.0,362.0,354.0,354.0
2012-03-23,354.0,357.0,352.0,357.0
2012-03-26,357.0,358.0,355.0,356.0
2012-03-27,359.0,360.0,358.0,360.0
2012-03-28,360.0,361.0,357.0,359.0
2012-03-29,358.0,363.0,355.0,362.0
2012-03-30,362.0,365.0,355.0,355.0
2012-04-02,356.0,359.0,355.0,358.0
2012-04-03,359.0,360.0,357.0,359.0
2012-04-04,353.0,353.0,349.0,350.0
2012-04-05,346.0,349.0,344.0,346.0
2012-04-10,346.0,346.0,338.0,341.0
2012-04-11,337.0,343.0,337.0,341.0
2012-04-12,342.0,344.0,340.0,340.0
2012-04-17,340.0,341.0,327.0,329.0
2012-04-18,331.0,335.0,331.0,333.0
2012-04-19,334.0,341.0,333.0,340.0
2012-04-20,339.0,343.0,338.0,342.0
2012-04-23,341.0,344.0,337.0,338.0
2012-04-24,339.0,340.0,333.0,335.0
2012-04-25,335.0,337.0,333.0,334.0
2012-04-26,333.0,344.0,333.0,342.0
2012-04-27,343.0,348.0,342.0,346.0
2012-04-30,348.0,353.0,348.0,350.0
2012-05-02,351.0,354.0,350.0,352.0
2012-05-03,352.0,354.0,350.0,353.0
2012-05-04,351.0,353.0,349.0,350.0
2012-05-08,350.0,352.0,345.0,350.0
2012-05-09,348.0,350.0,346.0,346.0
2012-05-10,344.0,345.0,339.0,342.0
2012-05-11,338.0,344.0,337.0,344.0
2012-05-14,340.0,344.0,338.0,338.0
2012-05-15,336.0,341.0,333.0,339.0
2012-05-16,338.0,347.0,338.0,344.0
2012-05-17,344.0,346.0,340.0,341.0
2012-05-18,337.0,338.0,334.0,336.0
2012-05-21,334.0,335.0,326.0,327.0
2012-05-22,333.0,336.0,330.0,330.0
2012-05-23,328.0,329.0,324.0,325.0
2012-05-24,323.0,333.0,321.0,331.0
2012-05-25,327.0,333.0,327.0,332.0
2012-05-28,328.0,333.0,327.0,333.0
2012-05-29,334.0,340.0,333.0,339.0
2012-05-30,336.0,339.0,335.0,337.0
2012-05-31,335.0,348.0,333.0,342.0
2012-06-01,340.0,343.0,329.0,329.0
2012-06-05,329.0,329.0,324.0,326.0
2012-06-06,328.0,335.0,326.0,331.0
2012-06-07,334.0,334.0,327.0,330.0
2012-06-08,328.0,329.0,325.0,327.0
2012-06-11,331.0,335.0,330.0,335.0
2012-06-12,331.0,332.0,328.0,332.0
2012-06-13,332.0,332.0,327.0,329.0
2012-06-14,330.0,331.0,326.0,326.0
2012-06-15,327.0,330.0,326.0,329.0
2012-06-18,332.0,333.0,326.0,328.0
2012-06-19,328.0,329.0,326.0,329.0
2012-06-20,329.0,330.0,327.0,328.0
2012-06-21,327.0,330.0,325.0,328.0
2012-06-22,325.0,325.0,320.0,322.0
2012-06-25,320.0,321.0,312.0,312.0
2012-06-26,312.0,314.0,310.0,312.0
2012-06-27,314.0,315.0,311.0,314.0
2012-06-28,315.0,316.0,310.0,315.0
2012-06-29,315.0,319.0,315.0,316.0
2012-07-02,318.0,320.0,317.0,320.0
2012-07-03,321.0,323.0,320.0,321.0
2012-07-04,321.0,327.0,321.0,325.0
2012-07-05,324.0,324.0,319.0,322.0
2012-07-06,319.0,320.0,314.0,318.0
2012-07-09,317.0,317.0,315.0,316.0
2012-07-10,316.0,319.0,315.0,319.0
2012-07-11,317.0,321.0,317.0,318.0
2012-07-12,316.0,317.0,314.0,314.0
2012-07-13,315.0,321.0,314.0,319.0
2012-07-16,321.0,323.0,318.0,321.0
2012-07-17,324.0,325.0,321.0,321.0
2012-07-18,322.0,326.0,321.0,324.0
2012-07-19,326.0,331.0,325.0,329.0
2012-07-20,330.0,330.0,322.0,324.0
2012-07-23,319.0,321.0,317.0,319.0
2012-07-24,317.0,319.0,315.0,315.0
2012-07-25,315.0,318.0,311.0,316.0
2012-07-26,319.0,320.0,316.0,318.0
2012-07-27,321.0,322.0,318.0,318.0
2012-07-30,320.0,326.0,320.0,326.0
2012-07-31,327.0,330.0,327.0,328.0
2012-08-01,329.0,329.0,326.0,328.0
2012-08-03,328.0,328.0,322.0,324.0
2012-08-06,322.0,325.0,321.0,324.0
2012-08-07,324.0,329.0,324.0,327.0
2012-08-08,330.0,335.0,330.0,333.0
2012-08-09,334.0,336.0,331.0,334.0
2012-08-10,333.0,336.0,330.0,336.0
2012-08-14,336.0,342.0,334.0,342.0
2012-08-15,342.0,344.0,338.0,344.0
2012-08-16,343.0,344.0,338.0,339.0
2012-08-17,339.0,339.0,335.0,338.0
2012-08-20,339.0,339.0,335.0,339.0
2012-08-21,338.0,338.0,335.0,336.0
2012-08-22,333.0,334.0,329.0,331.0
2012-08-23,331.0,333.0,330.0,331.0
2012-08-24,330.0,332.0,328.0,331.0
2012-08-27,333.0,333.0,328.0,328.0
2012-08-28,328.0,330.0,327.0,327.0
2012-08-29,327.0,329.0,326.0,326.0
2012-08-30,325.0,330.0,325.0,330.0
2012-08-31,329.0,332.0,326.0,332.0
2012-09-03,332.0,333.0,330.0,331.0
2012-09-04,333.0,336.0,332.0,334.0
2012-09-05,333.0,335.0,330.0,332.0
2012-09-06,330.0,332.0,330.0,330.0
2012-09-07,332.0,333.0,331.0,331.0
2012-09-10,331.0,333.0,330.0,331.0
2012-09-11,331.0,333.0,327.0,327.0
2012-09-12,330.0,330.0,327.0,328.0
2012-09-13,328.0,328.0,325.0,327.0
2012-09-14,334.0,343.0,333.0,343.0
2012-09-17,344.0,350.0,341.0,348.0
2012-09-18,346.0,354.0,346.0,351.0
2012-09-19,352.0,360.0,352.0,358.0
2012-09-20,359.0,362.0,356.0,358.0
2012-09-21,357.0,359.0,354.0,356.0
2012-09-24,353.0,354.0,349.0,352.0
2012-09-25,352.0,354.0,350.0,352.0
2012-09-26,351.0,352.0,348.0,349.0
2012-09-27,349.0,356.0,349.0,351.0
2012-09-28,352.0,354.0,349.0,349.0
2012-10-01,350.0,352.0,349.0,349.0
2012-10-02,349.0,353.0,349.0,350.0
2012-10-03,350.0,351.0,346.0,349.0
2012-10-04,350.0,353.0,349.0,351.0
2012-10-05,353.0,357.0,353.0,356.0
2012-10-08,357.0,359.0,355.0,358.0
2012-10-09,360.0,360.0,350.0,353.0
2012-10-10,353.0,356.0,353.0,353.0
2012-10-11,355.0,360.0,354.0,360.0
2012-10-12,358.0,360.0,357.0,357.0
2012-10-15,355.0,356.0,349.0,349.0
2012-10-16,350.0,356.0,350.0,355.0
2012-10-17,357.0,359.0,356.0,359.0
2012-10-18,358.0,359.0,355.0,356.0
2012-10-19,358.0,361.0,356.0,360.0
2012-10-22,359.0,368.0,358.0,366.0
2012-10-24,366.0,371.0,361.0,365.0
2012-10-25,363.0,368.0,360.0,368.0
2012-10-26,367.0,367.0,360.0,363.0
2012-10-29,363.0,367.0,359.0,364.0
2012-10-30,363.0,369.0,363.0,369.0
2012-10-31,368.0,374.0,368.0,374.0
2012-11-01,375.0,389.0,375.0,389.0
2012-11-02,390.0,402.0,390.0,402.0
2012-11-05,398.0,399.0,387.0,390.0
2012-11-06,390.0,400.0,389.0,390.0
2012-11-07,390.0,392.0,384.0,387.0
2012-11-08,383.0,387.0,381.0,384.0
2012-11-09,384.0,389.0,382.0,387.0
2012-11-12,386.0,391.0,385.0,386.0
2012-11-13,386.0,387.0,384.0,384.0
2012-11-14,384.0,385.0,375.0,375.0
2012-11-15,374.0,382.0,371.0,382.0
2012-11-16,382.0,392.0,382.0,390.0
2012-11-19,391.0,394.0,388.0,392.0
2012-11-20,391.0,398.0,390.0,392.0
2012-11-21,393.0,394.0,389.0,390.0
2012-11-22,391.0,394.0,391.0,394.0
2012-11-23,391.0,393.0,386.0,390.0
2012-11-26,388.0,392.0,387.0,387.0
2012-11-27,387.0,390.0,385.0,388.0
2012-11-28,387.0,392.0,387.0,388.0
2012-11-29,389.0,393.0,389.0,391.0
2012-11-30,390.0,400.0,390.0,395.0
2012-12-03,397.0,399.0,396.0,399.0
2012-12-04,400.0,400.0,398.0,399.0
2012-12-06,400.0,404.0,396.0,400.0
2012-12-07,399.0,399.0,396.0,397.0
2012-12-11,397.0,404.0,397.0,404.0
2012-12-12,406.0,420.0,402.0,418.0
2012-12-13,416.0,426.0,410.0,426.0
2012-12-14,422.0,424.0,414.0,420.0
2012-12-17,420.0,420.0,408.0,410.0
2012-12-18,410.0,414.0,402.0,410.0
2012-12-19,414.0,424.0,410.0,424.0
2012-12-20,422.0,426.0,416.0,424.0
2012-12-21,418.0,444.0,418.0,438.0
2012-12-24,438.0,440.0,432.0,440.0
2012-12-25,438.0,448.0,438.0,440.0
2012-12-26,438.0,442.0,436.0,438.0
2012-12-27,436.0,450.0,436.0,450.0
2012-12-28,446.0,450.0,440.0,440.0
2013-01-02,440.0,450.0,438.0,446.0
2013-01-03,446.0,448.0,442.0,444.0
2013-01-04,440.0,450.0,434.0,450.0
2013-01-07,450.0,450.0,444.0,446.0
2013-01-08,440.0,448.0,438.0,446.0
2013-01-09,444.0,452.0,440.0,440.0
2013-01-10,442.0,446.0,440.0,440.0
2013-01-11,440.0,440.0,422.0,434.0
2013-01-14,434.0,434.0,428.0,432.0
2013-01-15,434.0,434.0,424.0,428.0
2013-01-16,426.0,432.0,420.0,428.0
2013-01-17,426.0,428.0,422.0,426.0
2013-01-18,426.0,434.0,424.0,434.0
2013-01-21,434.0,440.0,430.0,440.0
2013-01-22,438.0,452.0,436.0,442.0
2013-01-23,448.0,458.0,446.0,448.0
2013-01-24,448.0,450.0,434.0,440.0
2013-01-25,440.0,450.0,440.0,446.0
2013-01-28,446.0,462.0,444.0,462.0
2013-01-29,456.0,460.0,454.0,458.0
2013-01-30,456.0,460.0,448.0,452.0
2013-01-31,448.0,448.0,442.0,444.0
2013-02-01,446.0,448.0,442.0,446.0
2013-02-04,448.0,450.0,440.0,442.0
2013-02-05,442.0,448.0,440.0,442.0
2013-02-06,442.0,442.0,436.0,436.0
2013-02-07,434.0,444.0,432.0,440.0
2013-02-08,438.0,452.0,438.0,442.0
2013-02-11,444.0,446.0,438.0,438.0
2013-02-12,436.0,442.0,434.0,440.0
2013-02-13,436.0,450.0,436.0,448.0
2013-02-14,450.0,458.0,446.0,458.0
2013-02-15,456.0,456.0,450.0,452.0
2013-02-18,452.0,460.0,450.0,456.0
2013-02-19,456.0,462.0,454.0,460.0
2013-02-20,462.0,468.0,460.0,464.0
2013-02-21,462.0,464.0,452.0,464.0
2013-02-22,466.0,488.0,464.0,476.0
2013-02-26,476.0,476.0,464.0,474.0
2013-02-27,474.0,474.0,458.0,460.0
2013-02-28,460.0,466.0,454.0,464.0
2013-03-01,466.0,472.0,460.0,464.0
2013-03-04,464.0,464.0,456.0,456.0
2013-03-05,464.0,468.0,460.0,460.0
2013-03-06,466.0,476.0,466.0,474.0
2013-03-07,472.0,478.0,470.0,470.0
2013-03-08,480.0,488.0,476.0,488.0
2013-03-11,490.0,496.0,486.0,494.0
2013-03-12,494.0,500.0,486.0,490.0
2013-03-13,486.0,494.0,480.0,480.0
2013-03-14,480.0,490.0,478.0,488.0
2013-03-15,494.0,500.0,484.0,500.0
2013-03-18,494.0,498.0,492.0,498.0
2013-03-19,496.0,500.0,482.0,492.0
2013-03-20,492.0,494.0,478.0,482.0
2013-03-21,484.0,484.0,476.0,478.0
2013-03-22,474.0,478.0,452.0,462.0
2013-03-25,462.0,474.0,460.0,472.0
2013-03-26,474.0,474.0,464.0,470.0
2013-03-27,472.0,502.0,472.0,496.0
2013-03-28,492.0,496.0,478.0,480.0
2013-03-29,484.0,490.0,484.0,490.0
2013-04-01,490.0,490.0,482.0,486.0
2013-04-02,480.0,484.0,474.0,480.0
2013-04-03,480.0,480.0,462.0,466.0
2013-04-04,456.0,466.0,452.0,464.0
2013-04-05,460.0,462.0,444.0,454.0
2013-04-09,454.0,460.0,444.0,450.0
2013-04-10,454.0,454.0,434.0,450.0
2013-04-11,452.0,462.0,448.0,462.0
2013-04-12,458.0,462.0,456.0,462.0
2013-04-17,462.0,462.0,446.0,454.0
2013-04-18,450.0,454.0,448.0,452.0
2013-04-19,452.0,468.0,452.0,462.0
2013-04-22,470.0,486.0,468.0,486.0
2013-04-23,480.0,486.0,478.0,482.0
2013-04-24,488.0,490.0,480.0,486.0
2013-04-25,482.0,490.0,480.0,490.0
2013-04-26,490.0,490.0,482.0,482.0
2013-04-29,482.0,488.0,474.0,480.0
2013-04-30,480.0,486.0,478.0,478.0
2013-05-02,478.0,490.0,478.0,486.0
2013-05-03,486.0,490.0,478.0,478.0
2013-05-07,478.0,492.0,478.0,490.0
2013-05-08,490.0,492.0,484.0,488.0
2013-05-09,488.0,496.0,484.0,486.0
2013-05-10,490.0,492.0,482.0,486.0
2013-05-13,486.0,490.0,480.0,486.0
2013-05-14,484.0,490.0,484.0,486.0
2013-05-15,486.0,488.0,480.0,488.0
2013-05-16,488.0,488.0,476.0,478.0
2013-05-17,474.0,474.0,466.0,466.0
2013-05-20,470.0,478.0,466.0,472.0
2013-05-21,472.0,480.0,472.0,480.0
2013-05-22,480.0,480.0,474.0,474.0
2013-05-23,472.0,472.0,458.0,468.0
2013-05-27,468.0,476.0,466.0,470.0
2013-05-28,466.0,474.0,466.0,474.0
2013-05-29,474.0,478.0,466.0,466.0
2013-05-30,460.0,472.0,460.0,464.0
2013-05-31,468.0,468.0,456.0,464.0
2013-06-03,462.0,464.0,454.0,458.0
2013-06-04,456.0,462.0,446.0,456.0
2013-06-05,452.0,454.0,444.0,444.0
2013-06-06,442.0,446.0,436.0,440.0
2013-06-07,436.0,464.0,436.0,458.0
2013-06-10,460.0,464.0,450.0,452.0
2013-06-11,450.0,454.0,426.0,430.0
2013-06-12,424.0,430.0,420.0,426.0
2013-06-13,414.0,428.0,399.0,428.0
2013-06-14,432.0,444.0,430.0,444.0
2013-06-17,446.0,446.0,434.0,440.0
2013-06-18,444.0,448.0,422.0,422.0
2013-06-19,432.0,432.0,416.0,420.0
2013-06-20,410.0,424.0,410.0,420.0
2013-06-21,414.0,444.0,410.0,428.0
2013-06-24,426.0,432.0,422.0,424.0
2013-06-25,422.0,438.0,418.0,430.0
2013-06-26,432.0,438.0,430.0,438.0
2013-06-27,440.0,448.0,434.0,444.0
2013-06-28,452.0,452.0,434.0,446.0
2013-07-02,446.0,452.0,444.0,452.0
2013-07-03,444.0,446.0,436.0,440.0
2013-07-04,442.0,442.0,420.0,422.0
2013-07-05,426.0,430.0,420.0,424.0
2013-07-08,416.0,424.0,414.0,420.0
2013-07-09,422.0,440.0,420.0,428.0
2013-07-10,430.0,438.0,428.0,438.0
2013-07-11,442.0,452.0,442.0,452.0
2013-07-12,454.0,456.0,444.0,448.0
2013-07-15,456.0,458.0,444.0,448.0
2013-07-16,444.0,448.0,438.0,444.0
2013-07-17,446.0,452.0,446.0,450.0
2013-07-18,456.0,462.0,448.0,462.0
2013-07-19,458.0,460.0,452.0,454.0
2013-07-23,454.0,468.0,450.0,452.0
2013-07-24,454.0,454.0,444.0,448.0
2013-07-25,452.0,454.0,436.0,436.0
2013-07-26,436.0,450.0,430.0,450.0
2013-07-29,442.0,446.0,438.0,440.0
2013-07-30,448.0,450.0,442.0,444.0
2013-07-31,444.0,458.0,440.0,458.0
2013-08-01,460.0,466.0,458.0,458.0
2013-08-02,456.0,456.0,444.0,450.0
2013-08-05,456.0,456.0,450.0,454.0
2013-08-06,448.0,452.0,446.0,448.0
2013-08-07,442.0,450.0,442.0,444.0
2013-08-08,448.0,450.0,446.0,450.0
2013-08-09,448.0,450.0,444.0,446.0
2013-08-13,446.0,454.0,446.0,454.0
2013-08-14,450.0,458.0,448.0,454.0
2013-08-15,454.0,454.0,448.0,448.0
2013-08-16,450.0,462.0,450.0,458.0
2013-08-19,454.0,456.0,436.0,438.0
2013-08-20,438.0,438.0,424.0,426.0
2013-08-21,420.0,430.0,418.0,426.0
2013-08-22,422.0,434.0,416.0,434.0
2013-08-23,436.0,436.0,408.0,414.0
2013-08-26,420.0,422.0,408.0,410.0
2013-08-27,406.0,406.0,395.0,395.0
2013-08-28,387.0,394.0,386.0,386.0
2013-08-29,386.0,393.0,385.0,392.0
2013-08-30,396.0,397.0,390.0,393.0
2013-09-02,395.0,404.0,394.0,404.0
2013-09-03,404.0,406.0,398.0,400.0
2013-09-04,397.0,399.0,388.0,388.0
2013-09-05,390.0,399.0,389.0,394.0
2013-09-06,392.0,399.0,391.0,397.0
2013-09-09,400.0,422.0,400.0,422.0
2013-09-10,428.0,442.0,420.0,436.0
2013-09-11,436.0,448.0,432.0,448.0
2013-09-12,442.0,452.0,442.0,442.0
2013-09-13,436.0,444.0,432.0,432.0
2013-09-16,448.0,450.0,438.0,440.0
2013-09-17,440.0,446.0,438.0,444.0
2013-09-18,440.0,446.0,440.0,446.0
2013-09-19,458.0,468.0,458.0,460.0
2013-09-20,454.0,462.0,454.0,462.0
2013-09-23,454.0,458.0,442.0,442.0
2013-09-24,442.0,448.0,434.0,438.0
2013-09-25,442.0,448.0,438.0,448.0
2013-09-26,440.0,452.0,440.0,450.0
2013-09-27,452.0,452.0,444.0,450.0
2013-09-30,436.0,440.0,426.0,426.0
2013-10-01,428.0,440.0,426.0,436.0
2013-10-02,436.0,438.0,424.0,436.0
2013-10-03,436.0,440.0,432.0,432.0
2013-10-04,432.0,438.0,432.0,432.0
2013-10-07,432.0,438.0,430.0,430.0
2013-10-08,428.0,438.0,428.0,436.0
2013-10-09,438.0,438.0,432.0,432.0
2013-10-10,436.0,442.0,434.0,438.0
2013-10-11,446.0,446.0,438.0,440.0
2013-10-14,438.0,438.0,434.0,438.0
2013-10-15,440.0,440.0,434.0,436.0
2013-10-16,438.0,442.0,434.0,434.0
2013-10-17,434.0,446.0,434.0,440.0
2013-10-18,444.0,448.0,442.0,448.0
2013-10-21,448.0,448.0,434.0,434.0
2013-10-22,436.0,438.0,430.0,432.0
2013-10-24,432.0,440.0,430.0,440.0
2013-10-25,436.0,438.0,432.0,438.0
2013-10-28,436.0,442.0,432.0,432.0
2013-10-29,432.0,436.0,428.0,436.0
2013-10-30,434.0,434.0,428.0,432.0
2013-10-31,426.0,430.0,426.0,428.0
2013-11-01,426.0,436.0,424.0,436.0
2013-11-04,432.0,432.0,416.0,416.0
2013-11-05,418.0,426.0,418.0,426.0
2013-11-06,428.0,438.0,426.0,436.0
2013-11-07,432.0,436.0,430.0,432.0
2013-11-08,430.0,430.0,420.0,422.0
2013-11-11,418.0,424.0,414.0,424.0
2013-11-12,424.0,426.0,418.0,418.0
2013-11-13,416.0,420.0,414.0,418.0
2013-11-14,420.0,424.0,418.0,420.0
2013-11-15,424.0,426.0,420.0,420.0
2013-11-18,424.0,426.0,422.0,426.0
2013-11-19,424.0,426.0,422.0,422.0
2013-11-20,424.0,426.0,420.0,426.0
2013-11-21,420.0,422.0,414.0,416.0
2013-11-22,410.0,412.0,399.0,399.0
2013-11-25,395.0,396.0,392.0,396.0
2013-11-26,392.0,400.0,392.0,398.0
2013-11-27,398.0,400.0,395.0,398.0
2013-11-28,399.0,402.0,392.0,393.0
2013-11-29,393.0,397.0,390.0,394.0
2013-12-02,391.0,397.0,390.0,396.0
2013-12-03,397.0,406.0,396.0,400.0
2013-12-04,398.0,404.0,398.0,402.0
2013-12-06,402.0,410.0,399.0,404.0
2013-12-09,406.0,412.0,399.0,410.0
2013-12-11,410.0,410.0,400.0,402.0
2013-12-12,402.0,404.0,400.0,400.0
2013-12-13,399.0,400.0,391.0,391.0
2013-12-16,391.0,397.0,390.0,395.0
2013-12-17,396.0,402.0,395.0,395.0
2013-12-18,396.0,400.0,395.0,400.0
2013-12-19,400.0,400.0,395.0,396.0
2013-12-20,396.0,397.0,393.0,397.0
2013-12-23,396.0,399.0,395.0,399.0
2013-12-24,396.0,400.0,396.0,400.0
2013-12-25,400.0,412.0,399.0,408.0
2013-12-26,408.0,412.0,402.0,408.0
2013-12-27,404.0,404.0,398.0,400.0
2014-01-02,400.0,400.0,378.0,381.0
2014-01-03,372.0,380.0,365.0,380.0
2014-01-06,378.0,386.0,373.0,385.0
2014-01-07,387.0,391.0,386.0,389.0
2014-01-08,388.0,393.0,387.0,392.0
2014-01-09,390.0,393.0,389.0,392.0
2014-01-10,388.0,392.0,387.0,391.0
2014-01-13,390.0,398.0,387.0,397.0
2014-01-14,399.0,412.0,398.0,406.0
2014-01-15,404.0,408.0,400.0,406.0
2014-01-16,406.0,416.0,402.0,408.0
2014-01-17,410.0,414.0,404.0,404.0
2014-01-20,406.0,408.0,402.0,402.0
2014-01-21,408.0,410.0,400.0,400.0
2014-01-22,398.0,402.0,397.0,402.0
2014-01-23,400.0,410.0,400.0,410.0
2014-01-24,410.0,416.0,406.0,416.0
2014-01-27,404.0,406.0,402.0,402.0
2014-01-28,400.0,404.0,399.0,400.0
2014-01-29,402.0,404.0,397.0,402.0
2014-01-30,399.0,404.0,398.0,402.0
2014-01-31,404.0,408.0,404.0,406.0
2014-02-03,406.0,412.0,404.0,408.0
2014-02-04,404.0,408.0,402.0,406.0
2014-02-05,408.0,410.0,404.0,404.0
2014-02-06,408.0,416.0,408.0,416.0
2014-02-07,418.0,424.0,414.0,416.0
2014-02-10,416.0,418.0,406.0,410.0
2014-02-11,412.0,418.0,408.0,414.0
2014-02-12,414.0,422.0,412.0,420.0
2014-02-13,422.0,424.0,416.0,416.0
2014-02-17,416.0,422.0,416.0,420.0
2014-02-18,418.0,418.0,416.0,418.0
2014-02-19,420.0,420.0,412.0,412.0
2014-02-20,410.0,416.0,410.0,414.0
2014-02-21,416.0,418.0,412.0,416.0
2014-02-24,416.0,418.0,412.0,416.0
2014-02-25,418.0,420.0,412.0,414.0
2014-02-26,414.0,416.0,412.0,416.0
2014-02-27,416.0,422.0,414.0,420.0
2014-02-28,422.0,434.0,420.0,430.0
2014-03-03,426.0,438.0,426.0,432.0
2014-03-04,434.0,436.0,428.0,428.0
2014-03-05,432.0,434.0,424.0,428.0
2014-03-06,430.0,432.0,424.0,426.0
2014-03-07,426.0,434.0,426.0,434.0
2014-03-10,432.0,436.0,428.0,432.0
2014-03-11,432.0,436.0,430.0,436.0
2014-03-12,434.0,434.0,426.0,428.0
2014-03-13,430.0,430.0,424.0,430.0
2014-03-14,428.0,428.0,426.0,426.0
2014-03-17,428.0,428.0,422.0,424.0
2014-03-18,426.0,426.0,418.0,420.0
2014-03-19,418.0,420.0,408.0,410.0
2014-03-20,410.0,416.0,410.0,414.0
2014-03-21,416.0,418.0,410.0,418.0
2014-03-24,416.0,416.0,412.0,412.0
2014-03-25,412.0,416.0,408.0,416.0
2014-03-26,418.0,418.0,414.0,414.0
2014-03-27,414.0,418.0,412.0,418.0
2014-03-28,416.0,424.0,416.0,420.0
2014-03-31,420.0,420.0,416.0,418.0
2014-04-01,414.0,418.0,412.0,418.0
2014-04-02,418.0,424.0,416.0,422.0
2014-04-03,422.0,424.0,420.0,422.0
2014-04-04,422.0,428.0,422.0,428.0
2014-04-08,428.0,430.0,420.0,420.0
2014-04-09,422.0,426.0,422.0,426.0
2014-04-10,426.0,428.0,420.0,426.0
2014-04-11,424.0,430.0,424.0,426.0
2014-04-16,426.0,430.0,424.0,428.0
2014-04-17,428.0,432.0,426.0,426.0
2014-04-18,426.0,430.0,426.0,426.0
2014-04-21,426.0,428.0,424.0,426.0
2014-04-22,428.0,434.0,426.0,434.0
2014-04-23,436.0,452.0,436.0,448.0
2014-04-24,452.0,452.0,444.0,446.0
2014-04-25,442.0,446.0,432.0,432.0
2014-04-28,434.0,440.0,432.0,440.0
2014-04-29,440.0,442.0,436.0,442.0
2014-04-30,444.0,446.0,430.0,434.0
2014-05-02,434.0,434.0,424.0,426.0
2014-05-06,426.0,430.0,422.0,422.0
2014-05-07,420.0,426.0,418.0,422.0
2014-05-08,420.0,424.0,420.0,420.0
2014-05-09,420.0,422.0,418.0,422.0
2014-05-12,422.0,424.0,418.0,418.0
2014-05-14,418.0,422.0,412.0,418.0
2014-05-15,416.0,418.0,414.0,416.0
2014-05-16,414.0,422.0,414.0,418.0
2014-05-19,416.0,418.0,412.0,414.0
2014-05-20,410.0,414.0,406.0,406.0
2014-05-21,406.0,412.0,404.0,408.0
2014-05-22,412.0,414.0,408.0,410.0
2014-05-23,404.0,410.0,402.0,410.0
2014-05-26,412.0,412.0,406.0,412.0
2014-05-27,412.0,414.0,408.0,408.0
2014-05-28,410.0,420.0,410.0,414.0
2014-05-29,414.0,418.0,414.0,416.0
2014-05-30,418.0,424.0,416.0,418.0
2014-06-02,420.0,434.0,420.0,434.0
2014-06-03,440.0,440.0,430.0,434.0
2014-06-04,436.0,438.0,432.0,432.0
2014-06-05,432.0,434.0,428.0,430.0
2014-06-06,434.0,438.0,432.0,436.0
2014-06-09,438.0,444.0,436.0,440.0
2014-06-10,442.0,446.0,438.0,446.0
2014-06-11,444.0,446.0,438.0,442.0
2014-06-12,440.0,444.0,438.0,440.0
2014-06-13,438.0,448.0,438.0,444.0
2014-06-16,446.0,458.0,444.0,452.0
2014-06-17,450.0,456.0,448.0,454.0
2014-06-18,454.0,454.0,440.0,444.0
2014-06-19,444.0,446.0,438.0,442.0
2014-06-20,442.0,444.0,440.0,444.0
2014-06-23,444.0,450.0,442.0,448.0
2014-06-24,444.0,450.0,442.0,446.0
2014-06-25,446.0,448.0,444.0,448.0
2014-06-26,450.0,450.0,446.0,448.0
2014-06-27,450.0,456.0,446.0,450.0
2014-06-30,452.0,454.0,450.0,452.0
2014-07-02,452.0,462.0,450.0,462.0
2014-07-03,462.0,468.0,458.0,468.0
2014-07-04,468.0,472.0,468.0,468.0
2014-07-07,472.0,482.0,468.0,478.0
2014-07-08,482.0,482.0,472.0,472.0
2014-07-09,472.0,474.0,462.0,462.0
2014-07-10,462.0,468.0,462.0,464.0
2014-07-14,464.0,472.0,462.0,466.0
2014-07-15,468.0,468.0,462.0,468.0
2014-07-16,466.0,468.0,458.0,462.0
2014-07-17,458.0,460.0,448.0,448.0
2014-07-18,450.0,456.0,448.0,448.0
2014-07-21,452.0,460.0,450.0,454.0
2014-07-22,458.0,462.0,450.0,454.0
2014-07-23,456.0,466.0,454.0,464.0
2014-07-24,464.0,466.0,458.0,462.0
2014-07-25,468.0,468.0,460.0,464.0
2014-07-28,464.0,464.0,456.0,460.0
2014-07-29,460.0,462.0,454.0,458.0
2014-07-30,458.0,462.0,450.0,452.0
2014-07-31,450.0,450.0,432.0,434.0
2014-08-01,430.0,436.0,428.0,432.0
2014-08-04,434.0,436.0,426.0,430.0
2014-08-05,434.0,442.0,434.0,440.0
2014-08-06,440.0,444.0,436.0,436.0
2014-08-07,432.0,434.0,428.0,432.0
2014-08-08,428.0,430.0,426.0,428.0
2014-08-13,430.0,444.0,430.0,440.0
2014-08-14,444.0,446.0,440.0,442.0
2014-08-15,442.0,442.0,436.0,442.0
2014-08-18,442.0,444.0,440.0,442.0
2014-08-19,444.0,446.0,440.0,440.0
2014-08-20,442.0,442.0,438.0,442.0
2014-08-21,440.0,442.0,438.0,440.0
2014-08-22,440.0,442.0,432.0,436.0
2014-08-25,440.0,442.0,434.0,438.0
2014-08-26,440.0,440.0,434.0,434.0
2014-08-27,436.0,442.0,434.0,440.0
2014-08-28,440.0,442.0,436.0,438.0
2014-08-29,438.0,442.0,438.0,440.0
2014-09-01,442.0,444.0,436.0,436.0
2014-09-02,438.0,440.0,436.0,438.0
2014-09-03,440.0,442.0,436.0,442.0
2014-09-04,440.0,442.0,436.0,438.0
2014-09-05,440.0,448.0,438.0,448.0
2014-09-08,454.0,464.0,454.0,462.0
2014-09-09,460.0,460.0,452.0,456.0
2014-09-10,454.0,464.0,452.0,462.0
2014-09-11,460.0,462.0,456.0,456.0
2014-09-12,458.0,460.0,452.0,454.0
2014-09-15,454.0,456.0,452.0,452.0
2014-09-16,454.0,454.0,448.0,450.0
2014-09-17,450.0,462.0,448.0,458.0
2014-09-18,460.0,462.0,456.0,456.0
2014-09-19,458.0,460.0,452.0,456.0
2014-09-22,454.0,458.0,454.0,454.0
2014-09-23,454.0,458.0,452.0,452.0
2014-09-24,452.0,454.0,444.0,446.0
2014-09-25,448.0,450.0,446.0,448.0
2014-09-26,446.0,450.0,444.0,450.0
2014-09-29,450.0,452.0,444.0,446.0
2014-09-30,448.0,454.0,444.0,450.0
2014-10-01,452.0,458.0,452.0,452.0
2014-10-02,452.0,454.0,446.0,448.0
2014-10-03,446.0,448.0,442.0,446.0
2014-10-06,446.0,450.0,440.0,444.0
2014-10-07,442.0,444.0,434.0,438.0
2014-10-08,434.0,438.0,432.0,436.0
2014-10-09,436.0,440.0,434.0,438.0
2014-10-10,434.0,438.0,434.0,438.0
2014-10-13,436.0,438.0,432.0,432.0
2014-10-14,434.0,434.0,430.0,434.0
2014-10-15,434.0,440.0,434.0,434.0
2014-10-16,434.0,436.0,430.0,430.0
2014-10-17,430.0,434.0,428.0,432.0
2014-10-20,434.0,436.0,428.0,430.0
2014-10-21,430.0,434.0,428.0,432.0
2014-10-22,432.0,434.0,424.0,432.0
2014-10-24,432.0,436.0,430.0,434.0
2014-10-27,434.0,436.0,430.0,436.0
2014-10-28,436.0,438.0,432.0,432.0
2014-10-29,432.0,440.0,430.0,434.0
2014-10-30,436.0,446.0,436.0,442.0
2014-10-31,446.0,452.0,444.0,450.0
2014-11-03,452.0,454.0,450.0,452.0
2014-11-04,454.0,454.0,444.0,452.0
2014-11-05,452.0,452.0,442.0,446.0
2014-11-06,446.0,446.0,438.0,444.0
2014-11-07,444.6666666666667,446.0,438.6666666666667,444.0
2014-11-10,443.3333333333333,446.0,439.3333333333333,444.0
2014-11-11,442.0,446.0,440.0,444.0
2014-11-12,443.3333333333333,447.3333333333333,442.0,445.3333333333333
2014-11-13,444.6666666666667,448.6666666666667,444.0,446.6666666666667
2014-11-14,446.0,450.0,446.0,448.0
2014-11-17,448.6666666666667,452.6666666666667,446.6666666666667,448.0
2014-11-18,451.3333333333333,455.3333333333333,447.3333333333333,448.0
2014-11-19,454.0,458.0,448.0,448.0
2014-11-20,449.0,454.0,446.0,448.0
2014-11-21,444.0,450.0,444.0,448.0
2014-11-24,448.5,454.5,448.0,452.5
2014-11-25,453.0,459.0,452.0,457.0
2014-11-26,457.5,463.5,456.0,461.5
2014-11-27,462.0,468.0,460.0,466.0
2014-11-28,470.0,476.0,470.0,472.0
2014-12-01,474.0,474.0,462.0,468.0
2014-12-02,470.0,472.0,468.0,470.0
2014-12-03,474.0,474.0,468.0,470.0
2014-12-04,472.0,476.0,470.0,472.0
2014-12-08,472.0,482.0,466.0,468.0
2014-12-09,466.0,470.0,462.0,462.0
2014-12-11,462.0,464.0,452.0,460.0
2014-12-12,458.0,464.0,456.0,464.0
2014-12-15,458.0,468.0,418.0,466.0
2014-12-16,450.0,462.0,446.0,456.0
2014-12-17,456.0,462.0,448.0,448.0
2014-12-18,454.0,456.0,448.0,454.0
2014-12-19,456.0,462.0,456.0,458.0
2014-12-22,458.0,470.0,458.0,470.0
2014-12-23,470.0,472.0,466.0,468.0
2014-12-24,470.0,472.0,466.0,468.0
2014-12-25,466.0,468.0,460.0,462.0
2014-12-26,462.0,464.0,458.0,462.0
2014-12-29,466.0,468.0,454.0,460.0
2014-12-30,456.0,458.0,446.0,448.0
2015-01-05,448.0,454.0,446.0,450.0
2015-01-06,446.0,446.0,434.0,442.0
2015-01-07,438.0,442.0,436.0,442.0
2015-01-08,446.0,452.0,444.0,448.0
2015-01-09,452.0,454.0,450.0,454.0
2015-01-12,448.0,458.0,448.0,454.0
2015-01-13,450.0,460.0,448.0,458.0
2015-01-14,458.0,462.0,452.0,454.0
2015-01-15,456.0,462.0,454.0,454.0
2015-01-16,452.0,460.0,452.0,456.0
2015-01-19,458.0,460.0,456.0,460.0
2015-01-20,458.0,458.0,452.0,456.0
2015-01-21,456.0,458.0,450.0,452.0
2015-01-22,456.0,464.0,454.0,464.0
2015-01-23,468.0,468.0,462.0,468.0
2015-01-26,468.0,470.0,464.0,470.0
2015-01-27,470.0,472.0,466.0,472.0
2015-01-28,472.0,482.0,470.0,480.0
2015-01-29,482.0,490.0,482.0,484.0
2015-01-30,488.0,496.0,486.0,496.0
2015-02-02,488.0,492.0,482.0,486.0
2015-02-03,484.0,488.0,478.0,480.0
2015-02-04,476.0,496.0,476.0,490.0
2015-02-05,492.0,498.0,486.0,498.0
2015-02-06,500.0,502.0,490.0,502.0
2015-02-09,498.0,500.0,494.0,494.0
2015-02-10,494.0,496.0,484.0,488.0
2015-02-11,492.0,514.0,492.0,504.0
2015-02-12,504.0,506.0,494.0,504.0
2015-02-13,504.0,506.0,498.0,498.0
2015-02-16,502.0,520.0,502.0,510.0
2015-02-17,508.0,510.0,502.0,502.0
2015-02-18,502.0,508.0,500.0,506.0
2015-02-19,506.0,530.0,506.0,530.0
2015-02-20,530.0,538.0,528.0,538.0
2015-02-23,542.0,544.0,526.0,526.0
2015-02-24,530.0,540.0,526.0,534.0
2015-02-25,536.0,538.0,526.0,530.0
2015-02-26,526.0,536.0,520.0,532.0
2015-02-27,528.0,534.0,524.0,524.0
2015-03-02,524.0,532.0,522.0,532.0
2015-03-03,532.0,542.0,530.0,534.0
2015-03-05,534.0,542.0,530.0,532.0
2015-03-06,532.0,536.0,528.0,530.0
2015-03-09,528.0,530.0,522.0,528.0
2015-03-10,530.0,530.0,514.0,514.0
2015-03-11,506.0,530.0,504.0,528.0
2015-03-12,526.0,526.0,518.0,524.0
2015-03-13,526.0,532.0,524.0,528.0
2015-03-16,524.0,524.0,510.0,512.0
2015-03-17,512.0,520.0,510.0,512.0
2015-03-18,514.0,522.0,506.0,522.0
2015-03-19,528.0,528.0,518.0,520.0
2015-03-20,524.0,534.0,518.0,526.0
2015-03-23,530.0,538.0,528.0,534.0
2015-03-24,534.0,536.0,526.0,530.0
2015-03-25,532.0,540.0,530.0,534.0
2015-03-26,534.0,534.0,514.0,516.0
2015-03-27,514.0,522.0,506.0,522.0
2015-03-30,522.0,524.0,514.0,516.0
2015-03-31,510.0,512.0,506.0,512.0
2015-04-01,512.0,514.0,508.0,510.0
2015-04-02,514.0,520.0,510.0,518.0
2015-04-03,514.0,520.0,512.0,516.0
2015-04-07,516.0,528.0,516.0,524.0
2015-04-08,526.0,528.0,516.0,516.0
2015-04-09,516.0,518.0,510.0,512.0
2015-04-10,514.0,522.0,510.0,522.0
2015-04-16,522.0,530.0,520.0,530.0
2015-04-17,528.0,530.0,522.0,524.0
2015-04-20,522.0,526.0,520.0,524.0
2015-04-21,528.0,536.0,526.0,536.0
2015-04-22,540.0,542.0,526.0,528.0
2015-04-23,532.0,540.0,528.0,534.0
2015-04-24,536.0,542.0,534.0,540.0
2015-04-27,544.0,548.0,540.0,548.0
2015-04-28,546.0,550.0,538.0,548.0
2015-04-29,540.0,546.0,530.0,536.0
2015-04-30,534.0,542.0,530.0,538.0
2015-05-04,538.0,538.0,538.0,538.0
2015-05-06,538.0,542.0,532.0,542.0
2015-05-07,540.0,544.0,538.0,540.0
2015-05-08,540.0,554.0,540.0,548.0
2015-05-11,550.0,550.0,538.0,538.0
2015-05-12,538.0,538.0,526.0,526.0
2015-05-13,530.0,536.0,526.0,534.0
2015-05-14,532.0,534.0,518.0,522.0
2015-05-15,522.0,530.0,520.0,528.0
2015-05-18,528.0,528.0,522.0,528.0
2015-05-19,528.0,538.0,526.0,536.0
2015-05-20,536.0,544.0,536.0,544.0
2015-05-21,546.0,550.0,546.0,548.0
2015-05-22,548.0,550.0,544.0,544.0
2015-05-25,544.0,546.0,536.0,536.0
2015-05-26,536.0,540.0,532.0,536.0
2015-05-27,534.0,538.0,528.0,536.0
2015-05-28,534.0,538.0,530.0,534.0
2015-05-29,534.0,536.0,526.0,528.0
2015-06-02,528.0,528.0,518.0,518.0
2015-06-03,518.0,524.0,518.0,520.0
2015-06-04,520.0,522.0,516.0,520.0
2015-06-05,520.0,534.0,518.0,532.0
2015-06-08,534.0,534.0,526.0,532.0
2015-06-09,528.0,530.0,522.0,522.0
2015-06-10,522.0,528.0,522.0,522.0
2015-06-11,526.0,528.0,522.0,522.0
2015-06-12,522.0,524.0,518.0,518.0
2015-06-15,518.0,518.0,514.0,514.0
2015-06-16,514.0,524.0,514.0,520.0
2015-06-17,520.0,528.0,518.0,526.0
2015-06-18,526.0,528.0,524.0,526.0
2015-06-19,528.0,528.0,518.0,520.0
2015-06-22,520.0,526.0,520.0,522.0
2015-06-23,524.0,526.0,520.0,520.0
2015-06-24,524.0,526.0,522.0,524.0
2015-06-25,522.0,526.0,520.0,522.0
2015-06-26,524.0,524.0,520.0,522.0
2015-06-29,520.0,522.0,516.0,518.0
2015-06-30,518.0,520.0,510.0,520.0
2015-07-02,520.0,526.0,518.0,522.0
2015-07-03,524.0,526.0,520.0,520.0
2015-07-06,518.0,520.0,516.0,516.0
2015-07-07,518.0,520.0,514.0,516.0
2015-07-08,516.0,516.0,506.0,508.0
2015-07-09,508.0,514.0,506.0,510.0
2015-07-10,510.0,516.0,510.0,512.0
2015-07-13,512.0,514.0,510.0,512.0
2015-07-14,512.0,514.0,508.0,510.0
2015-07-15,512.0,516.0,510.0,510.0
2015-07-16,512.0,518.0,510.0,514.0
2015-07-17,514.0,514.0,512.0,514.0
2015-07-20,514.0,516.0,512.0,512.0
2015-07-21,514.0,514.0,508.0,510.0
2015-07-22,510.0,520.0,510.0,516.0
2015-07-23,516.0,520.0,516.0,520.0
2015-07-24,518.0,520.0,510.0,516.0
2015-07-27,512.0,512.0,498.0,506.0
2015-07-28,506.0,510.0,504.0,510.0
2015-07-29,508.0,520.0,506.0,516.0
2015-07-31,516.0,528.0,516.0,526.0
2015-08-03,526.0,526.0,518.0,522.0
2015-08-04,524.0,530.0,520.0,526.0
2015-08-05,530.0,530.0,524.0,528.0
2015-08-06,530.0,532.0,526.0,530.0
2015-08-07,526.0,528.0,522.0,522.0
2015-08-10,516.0,520.0,516.0,516.0
2015-08-11,520.0,524.0,520.0,520.0
2015-08-13,520.0,522.0,508.0,522.0
2015-08-14,524.0,526.0,520.0,520.0
2015-08-17,524.0,528.0,520.0,520.0
2015-08-18,514.0,520.0,508.0,518.0
2015-08-19,516.0,522.0,514.0,520.0
2015-08-20,516.0,522.0,514.0,516.0
2015-08-21,514.0,514.0,508.0,508.0
2015-08-24,498.0,500.0,476.0,476.0
2015-08-25,480.0,486.0,476.0,484.0
2015-08-26,478.0,484.0,470.0,470.0
2015-08-27,480.0,480.0,466.0,476.0
2015-08-28,480.0,486.0,478.0,486.0
2015-08-31,482.0,486.0,476.0,480.0
2015-09-01,480.0,486.0,478.0,478.0
2015-09-02,480.0,498.0,478.0,496.0
2015-09-03,500.0,512.0,496.0,504.0
2015-09-04,504.0,510.0,504.0,504.0
2015-09-07,504.0,506.0,498.0,500.0
2015-09-08,498.0,498.0,490.0,494.0
2015-09-09,500.0,504.0,498.0,498.0
2015-09-10,498.0,500.0,494.0,500.0
2015-09-11,502.0,504.0,494.0,494.0
2015-09-14,494.0,496.0,484.0,488.0
2015-09-15,490.0,490.0,484.0,490.0
2015-09-16,492.0,498.0,492.0,496.0
2015-09-17,498.0,500.0,496.0,498.0
2015-09-18,500.0,500.0,488.0,490.0
2015-09-21,496.0,496.0,490.0,492.0
2015-09-22,492.0,496.0,488.0,492.0
2015-09-23,486.0,486.0,472.0,472.0
2015-09-24,470.0,476.0,452.0,476.0
2015-09-25,480.0,482.0,466.0,466.0
2015-09-28,460.0,464.0,456.0,456.0
2015-09-29,454.0,470.0,454.0,460.0
2015-09-30,464.0,466.0,462.0,464.0
2015-10-01,466.0,466.0,458.0,458.0
2015-10-02,456.0,462.0,456.0,462.0
2015-10-05,462.0,470.0,462.0,466.0
2015-10-06,470.0,476.0,466.0,472.0
2015-10-07,474.0,488.0,472.0,488.0
2015-10-08,488.0,488.0,478.0,478.0
2015-10-09,484.0,486.0,480.0,482.0
2015-10-12,484.0,484.0,478.0,480.0
2015-10-13,474.0,478.0,472.0,474.0
2015-10-14,474.0,478.0,470.0,470.0
2015-10-15,476.0,484.0,474.0,482.0
2015-10-16,484.0,484.0,480.0,482.0
2015-10-19,482.0,484.0,474.0,476.0
2015-10-20,476.0,482.0,476.0,476.0
2015-10-21,476.0,478.0,468.0,470.0
2015-10-22,472.0,476.0,470.0,476.0
2015-10-26,476.0,482.0,474.0,474.0
2015-10-27,474.0,476.0,470.0,472.0
2015-10-28,474.0,476.0,468.0,468.0
2015-10-29,466.0,468.0,452.0,456.0
2015-10-30,454.0,460.0,452.0,454.0
2015-11-02,454.0,464.0,452.0,464.0
2015-11-03,468.0,472.0,464.0,464.0
2015-11-04,466.0,472.0,464.0,468.0
2015-11-05,468.0,472.0,466.0,466.0
2015-11-06,468.0,470.0,466.0,466.0
2015-11-09,466.0,466.0,458.0,464.0
2015-11-10,458.0,460.0,454.0,456.0
2015-11-11,454.0,460.0,454.0,456.0
2015-11-12,456.0,456.0,452.0,452.0
2015-11-13,452.0,464.0,450.0,462.0
2015-11-16,454.0,462.0,454.0,462.0
2015-11-17,470.0,470.0,460.0,464.0
2015-11-18,464.0,466.0,456.0,456.0
2015-11-19,462.0,464.0,458.0,460.0
2015-11-20,462.0,466.0,460.0,462.0
2015-11-23,462.0,466.0,460.0,462.0
2015-11-24,464.0,468.0,462.0,462.0
2015-11-25,462.0,464.0,458.0,460.0
2015-11-26,460.0,462.0,454.0,454.0
2015-11-27,454.0,454.0,450.0,450.0
2015-11-30,450.0,458.0,446.0,450.0
2015-12-01,452.0,452.0,446.0,450.0
2015-12-02,450.0,452.0,442.0,442.0
2015-12-03,440.0,454.0,438.0,450.0
2015-12-04,448.0,452.0,446.0,446.0
2015-12-08,450.0,450.0,434.0,438.0
2015-12-09,438.0,442.0,428.0,432.0
2015-12-11,432.0,436.0,424.0,426.0
2015-12-14,424.0,436.0,412.0,424.0
2015-12-15,428.0,434.0,424.0,434.0
2015-12-16,436.0,454.0,432.0,450.0
2015-12-17,448.0,456.0,446.0,452.0
2015-12-18,450.0,452.0,436.0,438.0
2015-12-21,438.0,450.0,438.0,444.0
2015-12-22,446.0,448.0,438.0,444.0
2015-12-23,444.0,446.0,440.0,442.0
2015-12-24,446.0,452.0,444.0,452.0
2015-12-25,452.0,452.0,446.0,452.0
2015-12-28,452.0,456.0,448.0,456.0
2015-12-29,452.0,456.0,448.0,456.0
2015-12-30,456.0,460.0,452.0,460.0
2016-01-04,458.0,460.0,442.0,450.0
2016-01-05,448.0,450.0,440.0,440.0
2016-01-06,438.0,438.0,426.0,432.0
2016-01-07,420.0,422.0,412.0,412.0
2016-01-08,414.0,426.0,414.0,422.0
2016-01-11,416.0,422.0,414.0,416.0
2016-01-12,414.0,416.0,404.0,412.0
2016-01-13,416.0,418.0,410.0,414.0
2016-01-14,410.0,424.0,410.0,414.0
2016-01-15,418.0,420.0,408.0,408.0
2016-01-18,404.0,408.0,402.0,402.0
2016-01-19,404.0,414.0,402.0,412.0
2016-01-20,406.0,410.0,402.0,408.0
2016-01-21,412.0,414.0,402.0,402.0
2016-01-22,408.0,416.0,406.0,410.0
2016-01-25,420.0,426.0,418.0,420.0
2016-01-26,416.0,424.0,416.0,422.0
2016-01-27,424.0,436.0,420.0,430.0
2016-01-28,434.0,436.0,424.0,426.0
2016-01-29,426.0,432.0,422.0,432.0
2016-02-01,432.0,432.0,424.0,426.0
2016-02-02,426.0,430.0,408.0,410.0
2016-02-03,410.0,418.0,408.0,418.0
2016-02-04,422.0,426.0,420.0,422.0
2016-02-05,426.0,428.0,424.0,426.0
2016-02-08,428.0,432.0,426.0,426.0
2016-02-09,424.0,428.0,422.0,426.0
2016-02-10,424.0,428.0,422.0,426.0
2016-02-11,426.0,432.0,422.0,424.0
2016-02-12,424.0,430.0,422.0,426.0
2016-02-15,430.0,430.0,426.0,428.0
2016-02-16,430.0,432.0,424.0,424.0
2016-02-17,424.0,426.0,416.0,422.0
2016-02-18,426.0,432.0,424.0,430.0
2016-02-19,432.0,452.0,428.0,452.0
2016-02-23,452.0,458.0,444.0,452.0
2016-02-24,450.0,454.0,448.0,452.0
2016-02-25,454.0,458.0,450.0,458.0
2016-02-26,460.0,462.0,450.0,452.0
2016-02-29,452.0,454.0,442.0,442.0
2016-03-01,444.0,454.0,442.0,454.0
2016-03-02,456.0,458.0,448.0,456.0
2016-03-03,458.0,466.0,456.0,464.0
2016-03-04,468.0,474.0,460.0,460.0
2016-03-07,466.0,470.0,464.0,468.0
2016-03-08,464.0,468.0,460.0,462.0
2016-03-09,460.0,474.0,458.0,472.0
2016-03-10,470.0,474.0,462.0,464.0
2016-03-11,468.0,470.0,464.0,468.0
2016-03-14,474.0,478.0,470.0,470.0
2016-03-15,472.0,474.0,464.0,464.0
2016-03-16,468.0,470.0,456.0,460.0
2016-03-17,464.0,466.0,456.0,460.0
2016-03-18,462.0,464.0,456.0,460.0
2016-03-21,462.0,464.0,458.0,460.0
2016-03-22,460.0,460.0,454.0,458.0
2016-03-23,458.0,464.0,456.0,464.0
2016-03-24,464.0,464.0,458.0,460.0
2016-03-25,462.0,462.0,456.0,456.0
2016-03-28,456.0,460.0,456.0,458.0
2016-03-29,460.0,460.0,456.0,458.0
2016-03-30,460.0,468.0,460.0,464.0
2016-03-31,464.0,468.0,462.0,466.0
2016-04-01,470.0,472.0,466.0,468.0
2016-04-04,460.0,462.0,456.0,458.0
2016-04-05,456.0,458.0,450.0,450.0
2016-04-07,450.0,458.0,448.0,448.0
2016-04-08,450.0,454.0,448.0,454.0
2016-04-11,452.0,452.0,442.0,444.0
2016-04-12,444.0,450.0,444.0,450.0
2016-04-18,450.0,466.0,450.0,466.0
2016-04-19,468.0,492.0,466.0,488.0
2016-04-20,494.0,496.0,486.0,488.0
2016-04-21,492.0,496.0,486.0,486.0
2016-04-22,486.0,488.0,482.0,482.0
2016-04-25,480.0,482.0,474.0,478.0
2016-04-26,478.0,488.0,476.0,488.0
2016-04-27,490.0,494.0,482.0,492.0
2016-04-28,496.0,498.0,484.0,484.0
2016-04-29,486.0,488.0,478.0,488.0
2016-05-03,488.0,488.0,480.0,482.0
2016-05-04,478.0,482.0,474.0,482.0
2016-05-09,482.0,490.0,476.0,490.0
2016-05-10,486.0,496.0,484.0,490.0
2016-05-11,490.0,492.0,486.0,486.0
2016-05-12,490.0,492.0,486.0,492.0
2016-05-13,490.0,494.0,482.0,482.0
2016-05-16,488.0,490.0,484.0,490.0
2016-05-17,492.0,494.0,486.0,490.0
2016-05-18,490.0,490.0,484.0,484.0
2016-05-19,484.0,488.0,478.0,480.0
2016-05-23,480.0,482.0,470.0,472.0
2016-05-24,472.0,474.0,466.0,466.0
2016-05-25,470.0,474.0,468.0,472.0
2016-05-26,470.0,472.0,466.0,468.0
2016-05-27,470.0,476.0,468.0,474.0
2016-05-30,478.0,486.0,476.0,480.0
2016-05-31,482.0,484.0,478.0,484.0
2016-06-01,480.0,484.0,478.0,478.0
2016-06-02,482.0,486.0,478.0,482.0
2016-06-03,484.0,486.0,480.0,486.0
2016-06-06,488.0,488.0,484.0,488.0
2016-06-07,488.0,490.0,486.0,486.0
2016-06-08,486.0,486.0,480.0,480.0
2016-06-09,480.0,484.0,478.0,478.0
2016-06-10,478.0,480.0,476.0,478.0
2016-06-13,474.0,480.0,472.0,476.0
2016-06-14,476.0,476.0,470.0,474.0
2016-06-15,472.0,474.0,470.0,470.0
2016-06-16,470.0,472.0,464.0,466.0
2016-06-17,468.0,470.0,464.0,466.0
2016-06-20,470.0,474.0,468.0,474.0
2016-06-21,474.0,476.0,472.0,476.0
2016-06-22,476.0,476.0,472.0,476.0
2016-06-23,476.0,480.0,468.0,480.0
2016-06-24,472.0,474.0,462.0,470.0
2016-06-27,472.0,478.0,470.0,476.0
2016-06-28,478.0,482.0,474.0,482.0
2016-06-29,484.0,484.0,472.0,474.0
2016-06-30,476.0,478.0,470.0,476.0
2016-07-04,476.0,478.0,474.0,476.0
2016-07-05,478.0,480.0,472.0,472.0
2016-07-06,470.0,476.0,470.0,476.0
2016-07-07,476.0,478.0,472.0,476.0
2016-07-08,478.0,478.0,472.0,474.0
2016-07-11,474.0,478.0,472.0,478.0
2016-07-12,480.0,486.0,478.0,482.0
2016-07-13,488.0,490.0,484.0,488.0
2016-07-14,490.0,492.0,484.0,490.0
2016-07-15,492.0,494.0,486.0,490.0
2016-07-20,488.0,508.0,488.0,508.0
2016-07-21,508.0,512.0,500.0,500.0
2016-07-22,500.0,510.0,500.0,510.0
2016-07-25,508.0,512.0,504.0,510.0
2016-07-26,510.0,512.0,502.0,504.0
2016-07-27,508.0,518.0,504.0,514.0
2016-07-28,516.0,518.0,510.0,512.0
2016-07-29,514.0,514.0,508.0,510.0
2016-08-01,512.0,516.0,508.0,510.0
2016-08-02,512.0,514.0,510.0,514.0
2016-08-03,516.0,516.0,512.0,516.0
2016-08-04,516.0,518.0,512.0,512.0
2016-08-05,516.0,516.0,512.0,514.0
2016-08-08,518.0,518.0,512.0,518.0
2016-08-09,520.0,524.0,516.0,520.0
2016-08-10,522.0,526.0,520.0,524.0
2016-08-11,526.0,530.0,522.0,530.0
2016-08-15,530.0,534.0,528.0,534.0
2016-08-16,532.0,534.0,516.0,520.0
2016-08-17,520.0,522.0,514.0,518.0
2016-08-18,520.0,524.0,518.0,520.0
2016-08-19,522.0,522.0,510.0,512.0
2016-08-22,514.0,516.0,512.0,514.0
2016-08-23,512.0,512.0,506.0,510.0
2016-08-24,514.0,520.0,508.0,518.0
2016-08-25,520.0,520.0,512.0,516.0
2016-08-26,516.0,520.0,514.0,514.0
2016-08-29,516.0,518.0,514.0,518.0
2016-08-30,518.0,520.0,514.0,520.0
2016-08-31,520.0,534.0,518.0,530.0
2016-09-01,544.0,550.0,538.0,548.0
2016-09-02,544.0,548.0,534.0,538.0
2016-09-05,540.0,544.0,522.0,538.0
2016-09-06,540.0,544.0,536.0,536.0
2016-09-07,536.0,538.0,522.0,522.0
2016-09-08,522.0,524.0,512.0,514.0
2016-09-09,512.0,522.0,512.0,516.0
2016-09-12,514.0,518.0,508.0,516.0
2016-09-13,520.0,530.0,518.0,526.0
2016-09-14,526.0,528.0,520.0,526.0
2016-09-15,526.0,532.0,522.0,522.0
2016-09-16,526.0,528.0,518.0,524.0
2016-09-19,526.0,528.0,520.0,524.0
2016-09-20,522.0,522.0,514.0,518.0
2016-09-21,516.0,526.0,516.0,522.0
2016-09-22,526.0,528.0,522.0,526.0
2016-09-23,522.0,526.0,516.0,520.0
2016-09-26,516.0,520.0,514.0,516.0
2016-09-27,520.0,524.0,516.0,516.0
2016-09-28,516.0,518.0,514.0,516.0
2016-09-29,518.0,524.0,516.0,520.0
2016-09-30,518.0,522.0,516.0,516.0
2016-10-03,520.0,526.0,520.0,524.0
2016-10-04,526.0,528.0,524.0,528.0
2016-10-05,530.0,530.0,524.0,528.0
2016-10-06,526.0,528.0,520.0,522.0
2016-10-07,520.0,524.0,518.0,522.0
2016-10-10,516.0,516.0,508.0,510.0
2016-10-11,512.0,514.0,494.0,500.0
2016-10-12,494.0,502.0,460.0,498.0
2016-10-13,490.0,502.0,480.0,500.0
2016-10-14,510.0,516.0,506.0,508.0
2016-10-17,508.0,510.0,502.0,506.0
2016-10-18,508.0,510.0,502.0,510.0
2016-10-19,508.0,514.0,506.0,512.0
2016-10-20,512.0,514.0,510.0,512.0
2016-10-21,514.0,514.0,506.0,508.0
2016-10-25,508.0,512.0,506.0,510.0
2016-10-26,510.0,514.0,506.0,506.0
2016-10-27,504.0,506.0,500.0,500.0
2016-10-28,502.0,504.0,492.0,496.0
2016-10-31,496.0,500.0,496.0,500.0
2016-11-01,500.0,510.0,498.0,510.0
2016-11-02,506.0,506.0,496.0,500.0
2016-11-03,500.0,506.0,498.0,502.0
2016-11-04,498.0,500.0,496.0,498.0
2016-11-07,500.0,504.0,498.0,502.0
2016-11-08,502.0,504.0,498.0,502.0
2016-11-09,500.0,502.0,494.0,498.0
2016-11-10,498.0,506.0,498.0,504.0
2016-11-11,500.0,502.0,496.0,496.0
2016-11-14,488.0,492.0,486.0,486.0
2016-11-15,486.0,488.0,478.0,482.0
2016-11-16,482.0,486.0,476.0,478.0
2016-11-17,474.0,476.0,470.0,472.0
2016-11-18,472.0,472.0,464.0,464.0
2016-11-21,466.0,476.0,464.0,472.0
2016-11-22,474.0,478.0,472.0,474.0
2016-11-23,478.0,482.0,476.0,478.0
2016-11-24,480.0,482.0,474.0,474.0
2016-11-25,476.0,480.0,474.0,478.0
2016-11-28,480.0,482.0,476.0,480.0
2016-11-29,484.0,484.0,474.0,474.0
2016-11-30,472.0,482.0,470.0,476.0
2016-12-01,480.0,484.0,478.0,478.0
2016-12-02,480.0,482.0,476.0,478.0
2016-12-06,478.0,484.0,478.0,484.0
2016-12-07,484.0,490.0,482.0,482.0
2016-12-08,484.0,486.0,476.0,478.0
2016-12-09,478.0,482.0,476.0,480.0
2016-12-13,480.0,482.0,474.0,480.0
2016-12-14,480.0,486.0,480.0,484.0
2016-12-15,482.0,484.0,480.0,480.0
2016-12-16,480.0,484.0,478.0,480.0
2016-12-19,480.0,484.0,478.0,480.0
2016-12-20,482.0,484.0,480.0,482.0
2016-12-21,482.0,482.0,476.0,476.0
2016-12-22,476.0,480.0,476.0,480.0
2016-12-23,480.0,484.0,478.0,484.0
2016-12-26,482.0,484.0,480.0,482.0
2016-12-27,482.0,484.0,478.0,480.0
2016-12-28,482.0,486.0,478.0,486.0
2016-12-29,482.0,496.0,482.0,490.0
2016-12-30,490.0,498.0,490.0,496.0
2017-01-04,496.0,496.0,492.0,494.0
2017-01-05,496.0,504.0,494.0,500.0
2017-01-06,500.0,502.0,496.0,498.0
2017-01-09,500.0,504.0,498.0,500.0
2017-01-10,502.0,504.0,498.0,498.0
2017-01-11,500.0,506.0,500.0,502.0
2017-01-12,504.0,504.0,492.0,496.0
2017-01-16,496.0,498.0,486.0,488.0
2017-01-17,490.0,494.0,490.0,492.0
2017-01-18,492.0,494.0,490.0,492.0
2017-01-19,492.0,498.0,490.0,496.0
2017-01-20,494.0,500.0,492.0,496.0
2017-01-23,496.0,498.0,494.0,496.0
2017-01-24,496.0,500.0,496.0,496.0
2017-01-25,502.0,510.0,502.0,508.0
2017-01-26,514.0,516.0,510.0,514.0
2017-01-27,514.0,520.0,512.0,516.0
2017-01-30,516.0,516.0,510.0,510.0
2017-01-31,508.0,510.0,506.0,506.0
2017-02-01,508.0,514.0,506.0,512.0
2017-02-02,514.0,518.0,512.0,514.0
2017-02-03,512.0,520.0,512.0,520.0
2017-02-06,518.0,524.0,518.0,522.0
2017-02-07,522.0,526.0,520.0,522.0
2017-02-08,522.0,524.0,518.0,518.0
2017-02-09,518.0,522.0,516.0,518.0
2017-02-10,520.0,526.0,518.0,526.0
2017-02-14,526.0,528.0,518.0,520.0
2017-02-15,522.0,522.0,514.0,518.0
2017-02-16,516.0,522.0,514.0,522.0
2017-02-17,526.0,526.0,520.0,522.0
2017-02-20,524.0,526.0,514.0,518.0
2017-02-21,518.0,520.0,514.0,516.0
2017-02-22,516.0,518.0,514.0,516.0
2017-02-23,518.0,520.0,516.0,520.0
2017-02-24,518.0,520.0,516.0,520.0
2017-02-27,518.0,520.0,516.0,516.0
2017-02-28,516.0,518.0,516.0,516.0
2017-03-01,518.0,520.0,516.0,520.0
2017-03-02,522.0,528.0,520.0,522.0
2017-03-03,522.0,526.0,522.0,524.0
2017-03-06,522.0,524.0,520.0,522.0
2017-03-07,520.0,528.0,520.0,526.0
2017-03-08,526.0,536.0,526.0,536.0
2017-03-09,538.0,538.0,534.0,536.0
2017-03-10,534.0,536.0,524.0,524.0
2017-03-13,524.0,534.0,524.0,534.0
2017-03-14,532.0,534.0,526.0,528.0
2017-03-15,526.0,530.0,524.0,526.0
2017-03-16,530.0,534.0,528.0,532.0
2017-03-17,530.0,538.0,530.0,538.0
2017-03-20,538.0,538.0,534.0,536.0
2017-03-21,534.0,534.0,528.0,534.0
2017-03-22,532.0,534.0,530.0,532.0
2017-03-23,534.0,534.0,530.0,532.0
2017-03-24,532.0,540.0,530.0,540.0
2017-03-27,538.0,540.0,534.0,536.0
2017-03-28,536.0,538.0,534.0,538.0
2017-03-29,538.0,540.0,536.0,538.0
2017-03-30,540.0,544.0,538.0,542.0
2017-03-31,542.0,546.0,540.0,540.0
2017-04-03,544.0,544.0,540.0,542.0
2017-04-04,532.0,534.0,530.0,532.0
2017-04-05,534.0,538.0,532.0,538.0
2017-04-07,538.0,550.0,536.0,550.0
2017-04-10,548.0,550.0,542.0,550.0
2017-04-11,550.0,552.0,544.0,544.0
2017-04-12,544.0,548.0,544.0,546.0
2017-04-17,546.0,546.0,538.0,540.0
2017-04-18,540.0,542.0,538.0,538.0
2017-04-19,538.0,542.0,538.0,542.0
2017-04-20,542.0,546.0,540.0,540.0
2017-04-21,540.0,542.0,538.0,542.0
2017-04-24,542.0,544.0,542.0,544.0
2017-04-25,542.0,542.0,540.0,542.0
2017-04-26,544.0,552.0,542.0,548.0
2017-04-27,548.0,548.0,542.0,544.0
2017-04-28,548.0,548.0,536.0,536.0
2017-05-02,536.0,536.0,526.0,528.0
2017-05-03,530.0,534.0,526.0,530.0
2017-05-04,530.0,536.0,526.0,530.0
2017-05-08,524.0,526.0,520.0,524.0
2017-05-09,526.0,526.0,518.0,520.0
2017-05-11,520.0,522.0,512.0,512.0
2017-05-12,514.0,520.0,504.0,514.0
2017-05-15,510.0,510.0,510.0,510.0
2017-05-16,510.0,522.0,508.0,522.0
2017-05-17,520.0,522.0,516.0,520.0
2017-05-18,520.0,522.0,518.0,522.0
2017-05-19,522.0,524.0,520.0,520.0
2017-05-22,522.0,526.0,522.0,522.0
2017-05-23,526.0,526.0,522.0,524.0
2017-05-24,524.0,524.0,522.0,522.0
2017-05-25,524.0,524.0,522.0,522.0
2017-05-26,524.0,526.0,522.0,526.0
2017-05-29,524.0,526.0,522.0,522.0
2017-05-30,524.0,526.0,522.0,524.0
2017-05-31,526.0,526.0,520.0,526.0
2017-06-01,526.0,526.0,518.0,520.0
2017-06-02,522.0,524.0,520.0,524.0
2017-06-05,526.0,528.0,522.0,526.0
2017-06-06,526.0,526.0,520.0,522.0
2017-06-07,522.0,524.0,512.0,516.0
2017-06-08,516.0,520.0,514.0,520.0
2017-06-09,520.0,520.0,516.0,520.0
2017-06-12,520.0,522.0,516.0,520.0
2017-06-13,520.0,522.0,516.0,518.0
2017-06-14,520.0,520.0,518.0,520.0
2017-06-15,520.0,520.0,516.0,516.0
2017-06-16,518.0,518.0,514.0,518.0
2017-06-19,516.0,516.0,510.0,512.0
2017-06-20,512.0,514.0,510.0,510.0
2017-06-21,510.0,510.0,506.0,508.0
2017-06-22,508.0,516.0,508.0,512.0
2017-06-23,512.0,514.0,512.0,512.0
2017-06-26,512.0,512.0,506.0,508.0
2017-06-27,508.0,510.0,508.0,508.0
2017-06-28,508.0,510.0,504.0,504.0
2017-06-29,504.0,508.0,502.0,502.0
2017-06-30,502.0,506.0,500.0,504.0
2017-07-03,504.0,506.0,502.0,504.0
2017-07-04,506.0,510.0,504.0,506.0
2017-07-05,508.0,510.0,506.0,508.0
2017-07-06,510.0,510.0,506.0,508.0
2017-07-07,508.0,508.0,504.0,504.0
2017-07-11,504.0,506.0,496.0,496.0
2017-07-12,496.0,498.0,496.0,496.0
2017-07-13,498.0,506.0,496.0,504.0
2017-07-14,508.0,510.0,506.0,510.0
2017-07-17,512.0,512.0,504.0,506.0
2017-07-18,506.0,510.0,506.0,510.0
2017-07-19,508.0,510.0,506.0,508.0
2017-07-20,506.0,508.0,502.0,504.0
2017-07-21,504.0,504.0,498.0,500.0
2017-07-24,500.0,508.0,500.0,506.0
2017-07-25,506.0,508.0,502.0,506.0
2017-07-26,508.0,508.0,500.0,500.0
2017-07-27,500.0,504.0,498.0,500.0
2017-07-31,500.0,506.0,500.0,506.0
2017-08-01,504.0,506.0,500.0,500.0
2017-08-02,502.0,504.0,500.0,500.0
2017-08-03,500.0,502.0,498.0,498.0
2017-08-04,500.0,502.0,496.0,496.0
2017-08-07,490.0,492.0,488.0,490.0
2017-08-08,488.0,488.0,484.0,486.0
2017-08-09,486.0,490.0,486.0,488.0
2017-08-10,488.0,488.0,486.0,486.0
2017-08-11,486.0,488.0,484.0,484.0
2017-08-15,484.0,492.0,484.0,490.0
2017-08-16,490.0,498.0,488.0,496.0
2017-08-17,496.0,500.0,494.0,496.0
2017-08-18,496.0,496.0,492.0,492.0
2017-08-21,492.0,494.0,488.0,488.0
2017-08-22,488.0,496.0,488.0,492.0
2017-08-23,494.0,496.0,488.0,490.0
2017-08-24,490.0,492.0,482.0,488.0
2017-08-25,488.0,488.0,484.0,484.0
2017-08-28,486.0,488.0,484.0,486.0
2017-08-29,486.0,506.0,486.0,506.0
2017-08-30,506.0,508.0,500.0,502.0
2017-08-31,502.0,504.0,496.0,500.0
2017-09-01,500.0,502.0,496.0,496.0
2017-09-04,498.0,502.0,496.0,500.0
2017-09-05,500.0,502.0,498.0,498.0
2017-09-06,498.0,502.0,496.0,500.0
2017-09-07,500.0,502.0,496.0,498.0
2017-09-08,500.0,504.0,500.0,500.0
2017-09-11,500.0,500.0,494.0,496.0
2017-09-12,496.0,500.0,496.0,498.0
2017-09-13,498.0,500.0,496.0,496.0
2017-09-14,498.0,500.0,494.0,498.0
2017-09-15,498.0,504.0,498.0,504.0
2017-09-18,506.0,514.0,504.0,512.0
2017-09-19,512.0,512.0,506.0,506.0
2017-09-20,506.0,510.0,506.0,510.0
2017-09-21,510.0,512.0,506.0,506.0
2017-09-22,506.0,506.0,500.0,502.0
2017-09-25,504.0,506.0,500.0,504.0
2017-09-26,502.0,504.0,498.0,500.0
2017-09-27,500.0,502.0,498.0,500.0
2017-09-28,498.0,500.0,494.0,494.0
2017-09-29,496.0,502.0,494.0,500.0
2017-10-02,500.0,504.0,498.0,500.0
2017-10-03,504.0,506.0,500.0,502.0
2017-10-04,504.0,506.0,500.0,500.0
2017-10-05,500.0,502.0,496.0,496.0
2017-10-06,498.0,500.0,494.0,496.0
2017-10-09,498.0,500.0,496.0,498.0
2017-10-10,498.0,502.0,496.0,500.0
2017-10-11,502.0,506.0,500.0,502.0
2017-10-12,502.0,504.0,498.0,500.0
2017-10-16,502.0,502.0,496.0,498.0
2017-10-17,498.0,500.0,494.0,498.0
2017-10-18,498.0,500.0,494.0,494.0
2017-10-19,494.0,496.0,486.0,488.0
2017-10-20,488.0,492.0,486.0,492.0
2017-10-24,492.0,494.0,488.0,488.0
2017-10-25,490.0,490.0,486.0,488.0
2017-10-27,488.0,494.0,488.0,492.0
2017-10-30,492.0,494.0,488.0,488.0
2017-10-31,488.0,492.0,486.0,490.0
2017-11-01,490.0,492.0,478.0,480.0
2017-11-02,480.0,484.0,478.0,478.0
2017-11-03,480.0,482.0,476.0,480.0
2017-11-06,482.0,482.0,478.0,478.0
2017-11-07,480.0,482.0,478.0,480.0
2017-11-08,480.0,480.0,472.0,472.0
2017-11-09,474.0,476.0,472.0,472.0
2017-11-10,472.0,474.0,470.0,474.0
2017-11-13,472.0,478.0,470.0,476.0
2017-11-14,476.0,478.0,472.0,474.0
2017-11-15,474.0,476.0,472.0,472.0
2017-11-16,472.0,476.0,470.0,470.0
2017-11-17,472.0,476.0,472.0,474.0
2017-11-20,476.0,482.0,474.0,480.0
2017-11-21,480.0,492.0,480.0,488.0
2017-11-22,492.0,498.0,490.0,496.0
2017-11-23,494.0,498.0,492.0,494.0
2017-11-24,492.0,494.0,486.0,488.0
2017-11-27,488.0,490.0,486.0,488.0
2017-11-28,486.0,488.0,486.0,486.0
2017-11-29,486.0,486.0,480.0,482.0
2017-11-30,478.0,480.0,476.0,476.0
2017-12-01,478.0,478.0,472.0,472.0
2017-12-04,474.0,476.0,472.0,472.0
2017-12-06,472.0,478.0,472.0,476.0
2017-12-07,476.0,482.0,474.0,478.0
2017-12-08,478.0,482.0,478.0,478.0
2017-12-12,478.0,482.0,476.0,478.0
2017-12-13,478.0,482.0,476.0,480.0
2017-12-14,480.0,482.0,478.0,482.0
2017-12-15,480.0,480.0,476.0,480.0
2017-12-18,480.0,484.0,480.0,482.0
2017-12-19,484.0,486.0,482.0,482.0
2017-12-20,482.0,494.0,482.0,492.0
2017-12-21,494.0,494.0,490.0,494.0
2017-12-22,492.0,494.0,486.0,488.0
2017-12-25,490.0,492.0,488.0,490.0
2017-12-26,490.0,490.0,486.0,488.0
2017-12-27,488.0,490.0,484.0,486.0
2017-12-28,486.0,488.0,480.0,480.0
2017-12-29,482.0,492.0,482.0,484.0
