Date,ADVANC
2008-01-02,96.75
2008-01-03,95.5
2008-01-04,96.5
2008-01-07,95.75
2008-01-08,97.5
2008-01-09,97.25
2008-01-10,97.0
2008-01-11,96.75
2008-01-14,97.25
2008-01-15,98.0
2008-01-16,93.5
2008-01-17,94.25
2008-01-18,95.0
2008-01-21,94.75
2008-01-22,90.25
2008-01-23,90.5
2008-01-24,90.0
2008-01-25,92.75
2008-01-28,94.5
2008-01-29,95.0
2008-01-30,95.0
2008-01-31,93.0
2008-02-01,97.0
2008-02-04,102.0
2008-02-05,98.0
2008-02-06,94.5
2008-02-07,94.25
2008-02-08,96.0
2008-02-11,97.25
2008-02-12,98.75
2008-02-13,103.0
2008-02-14,106.0
2008-02-15,101.0
2008-02-18,102.5
2008-02-19,104.0
2008-02-20,103.0
2008-02-22,102.5
2008-02-25,105.0
2008-02-26,107.0
2008-02-27,105.5
2008-02-28,105.0
2008-02-29,104.5
2008-03-03,103.5
2008-03-04,102.5
2008-03-05,100.75
2008-03-06,101.0
2008-03-07,99.75
2008-03-10,98.0
2008-03-11,98.0
2008-03-12,100.5
2008-03-13,98.25
2008-03-14,97.75
2008-03-17,98.5
2008-03-18,98.25
2008-03-19,99.25
2008-03-20,96.75
2008-03-21,97.25
2008-03-24,98.75
2008-03-25,99.5
2008-03-26,99.75
2008-03-27,100.0
2008-03-28,101.5
2008-03-31,101.0
2008-04-01,99.75
2008-04-02,99.5
2008-04-03,98.75
2008-04-04,98.5
2008-04-08,98.75
2008-04-09,99.25
2008-04-10,99.0
2008-04-11,98.5
2008-04-16,96.5
2008-04-17,95.0
2008-04-18,94.5
2008-04-21,94.25
2008-04-22,92.75
2008-04-23,92.25
2008-04-24,92.5
2008-04-25,92.75
2008-04-28,92.25
2008-04-29,92.25
2008-04-30,93.0
2008-05-02,93.0
2008-05-06,92.25
2008-05-07,91.75
2008-05-08,92.75
2008-05-09,94.0
2008-05-12,93.25
2008-05-13,92.75
2008-05-14,95.0
2008-05-15,98.0
2008-05-16,99.25
2008-05-20,99.0
2008-05-21,99.25
2008-05-22,99.0
2008-05-23,98.5
2008-05-26,96.5
2008-05-27,95.75
2008-05-28,94.5
2008-05-29,95.25
2008-05-30,97.25
2008-06-02,96.5
2008-06-03,95.5
2008-06-04,95.0
2008-06-05,94.0
2008-06-06,93.25
2008-06-09,91.25
2008-06-10,89.75
2008-06-11,89.25
2008-06-12,88.5
2008-06-13,88.75
2008-06-16,90.5
2008-06-17,91.0
2008-06-18,89.5
2008-06-19,88.0
2008-06-20,90.0
2008-06-23,91.0
2008-06-24,91.75
2008-06-25,91.75
2008-06-26,93.25
2008-06-27,93.0
2008-06-30,93.25
2008-07-02,91.25
2008-07-03,89.25
2008-07-04,90.0
2008-07-07,89.25
2008-07-08,88.25
2008-07-09,89.5
2008-07-10,88.5
2008-07-11,89.75
2008-07-14,89.0
2008-07-15,86.75
2008-07-16,86.0
2008-07-18,86.75
2008-07-21,90.0
2008-07-22,90.25
2008-07-23,90.5
2008-07-24,89.25
2008-07-25,86.5
2008-07-28,87.0
2008-07-29,87.5
2008-07-30,87.75
2008-07-31,86.75
2008-08-01,87.0
2008-08-04,86.75
2008-08-05,86.0
2008-08-06,86.5
2008-08-07,89.0
2008-08-08,88.75
2008-08-11,90.5
2008-08-13,92.25
2008-08-14,94.0
2008-08-15,93.75
2008-08-18,93.25
2008-08-19,92.75
2008-08-20,94.0
2008-08-21,92.75
2008-08-22,88.0
2008-08-25,89.25
2008-08-26,87.5
2008-08-27,87.75
2008-08-28,89.5
2008-08-29,89.5
2008-09-01,88.75
2008-09-02,88.25
2008-09-03,88.25
2008-09-04,89.25
2008-09-05,88.75
2008-09-08,89.75
2008-09-09,89.75
2008-09-10,89.0
2008-09-11,87.25
2008-09-12,87.5
2008-09-15,88.0
2008-09-16,87.75
2008-09-17,89.25
2008-09-18,88.25
2008-09-19,88.75
2008-09-22,84.75
2008-09-23,81.0
2008-09-24,81.75
2008-09-25,82.5
2008-09-26,82.5
2008-09-29,81.25
2008-09-30,78.25
2008-10-01,82.0
2008-10-02,83.0
2008-10-03,83.25
2008-10-06,82.25
2008-10-07,82.0
2008-10-08,78.75
2008-10-09,77.5
2008-10-10,73.5
2008-10-13,75.75
2008-10-14,81.5
2008-10-15,77.0
2008-10-16,76.5
2008-10-17,81.25
2008-10-20,81.75
2008-10-21,81.25
2008-10-22,80.25
2008-10-24,76.0
2008-10-27,70.0
2008-10-28,70.0
2008-10-29,66.5
2008-10-30,66.25
2008-10-31,69.75
2008-11-03,77.5
2008-11-04,77.75
2008-11-05,80.75
2008-11-06,80.5
2008-11-07,83.75
2008-11-10,83.5
2008-11-11,80.0
2008-11-12,78.25
2008-11-13,79.25
2008-11-14,80.75
2008-11-17,77.5
2008-11-18,78.0
2008-11-19,77.5
2008-11-20,74.0
2008-11-21,76.25
2008-11-24,75.75
2008-11-25,75.0
2008-11-26,73.5
2008-11-27,73.0
2008-11-28,75.5
2008-12-01,76.0
2008-12-02,72.75
2008-12-03,73.5
2008-12-04,72.25
2008-12-08,73.5
2008-12-09,74.5
2008-12-11,73.75
2008-12-12,73.25
2008-12-15,75.25
2008-12-16,76.0
2008-12-17,78.5
2008-12-18,78.0
2008-12-19,76.75
2008-12-22,75.25
2008-12-23,75.25
2008-12-24,75.75
2008-12-25,76.75
2008-12-26,77.75
2008-12-29,78.5
2008-12-30,79.25
2009-01-02,79.5
2009-01-05,79.5
2009-01-06,78.75
2009-01-07,76.75
2009-01-08,74.75
2009-01-09,75.25
2009-01-12,74.75
2009-01-13,72.75
2009-01-14,73.75
2009-01-15,72.0
2009-01-16,72.25
2009-01-19,73.0
2009-01-20,73.0
2009-01-21,73.0
2009-01-22,72.75
2009-01-23,72.25
2009-01-26,72.75
2009-01-27,74.0
2009-01-28,75.0
2009-01-29,74.75
2009-01-30,74.25
2009-02-02,73.75
2009-02-03,73.25
2009-02-04,74.5
2009-02-05,74.25
2009-02-06,75.0
2009-02-10,75.5
2009-02-11,75.25
2009-02-12,76.25
2009-02-13,76.75
2009-02-16,77.5
2009-02-17,76.25
2009-02-18,76.25
2009-02-19,78.25
2009-02-20,78.25
2009-02-23,78.0
2009-02-24,77.25
2009-02-25,78.75
2009-02-26,80.5
2009-02-27,80.75
2009-03-02,81.0
2009-03-03,79.0
2009-03-04,79.25
2009-03-05,80.25
2009-03-06,81.5
2009-03-09,82.75
2009-03-10,81.75
2009-03-11,80.75
2009-03-12,80.5
2009-03-13,81.0
2009-03-16,81.0
2009-03-17,80.5
2009-03-18,81.75
2009-03-19,83.5
2009-03-20,83.75
2009-03-23,83.0
2009-03-24,81.75
2009-03-25,81.0
2009-03-26,82.5
2009-03-27,83.5
2009-03-30,83.0
2009-03-31,83.0
2009-04-01,82.15
2009-04-02,82.0
2009-04-03,80.7
2009-04-07,80.0
2009-04-08,79.5
2009-04-09,80.0
2009-04-10,81.0
2009-04-16,79.15
2009-04-17,76.0
2009-04-20,75.4
2009-04-21,76.75
2009-04-22,77.85
2009-04-23,77.35
2009-04-24,78.1
2009-04-27,78.0
2009-04-28,77.9
2009-04-29,77.8
2009-04-30,79.0
2009-05-04,79.75
2009-05-06,79.4
2009-05-07,79.2
2009-05-11,78.7
2009-05-12,78.1
2009-05-13,77.4
2009-05-14,77.0
2009-05-15,77.9
2009-05-18,77.7
2009-05-19,78.75
2009-05-20,79.65
2009-05-21,78.2
2009-05-22,77.8
2009-05-25,77.9
2009-05-26,78.35
2009-05-27,79.6
2009-05-28,80.4
2009-05-29,81.25
2009-06-01,82.1
2009-06-02,81.5
2009-06-03,80.9
2009-06-04,79.9
2009-06-05,80.5
2009-06-08,83.0
2009-06-09,86.0
2009-06-10,87.15
2009-06-11,86.5
2009-06-12,86.75
2009-06-15,87.75
2009-06-16,87.1
2009-06-17,86.35
2009-06-18,85.35
2009-06-19,85.15
2009-06-22,86.9
2009-06-23,87.15
2009-06-24,88.5
2009-06-25,88.5
2009-06-26,88.75
2009-06-29,90.15
2009-06-30,90.5
2009-07-02,91.35
2009-07-03,91.25
2009-07-06,91.0
2009-07-08,91.4
2009-07-09,93.25
2009-07-10,92.35
2009-07-13,89.9
2009-07-14,91.0
2009-07-15,92.5
2009-07-16,92.4
2009-07-17,92.5
2009-07-20,93.0
2009-07-21,92.5
2009-07-22,91.0
2009-07-23,90.35
2009-07-24,90.25
2009-07-27,89.5
2009-07-28,88.9
2009-07-29,88.15
2009-07-30,87.3
2009-07-31,87.15
2009-08-03,87.0
2009-08-04,87.8
2009-08-05,89.85
2009-08-06,90.8
2009-08-07,90.85
2009-08-10,90.5
2009-08-11,89.0
2009-08-13,89.0
2009-08-14,88.85
2009-08-17,87.8
2009-08-18,87.85
2009-08-19,88.0
2009-08-20,88.1
2009-08-21,88.75
2009-08-24,89.9
2009-08-25,86.35
2009-08-26,86.0
2009-08-27,85.75
2009-08-28,86.25
2009-08-31,86.2
2009-09-01,86.1
2009-09-02,86.4
2009-09-03,89.9
2009-09-04,92.6
2009-09-07,93.65
2009-09-08,94.15
2009-09-09,94.6
2009-09-10,97.35
2009-09-11,97.75
2009-09-14,96.35
2009-09-15,96.25
2009-09-16,96.0
2009-09-17,96.5
2009-09-18,96.5
2009-09-21,96.35
2009-09-22,96.6
2009-09-23,96.75
2009-09-24,96.25
2009-09-25,95.8
2009-09-28,94.35
2009-09-29,93.75
2009-09-30,94.0
2009-10-01,95.0
2009-10-02,95.7
2009-10-05,94.75
2009-10-06,94.4
2009-10-07,94.4
2009-10-08,94.1
2009-10-09,94.0
2009-10-12,93.5
2009-10-13,92.35
2009-10-14,91.25
2009-10-15,88.75
2009-10-16,89.1
2009-10-19,92.1
2009-10-20,91.5
2009-10-21,90.5
2009-10-22,88.5
2009-10-26,87.75
2009-10-27,87.85
2009-10-28,88.35
2009-10-29,87.6
2009-10-30,87.35
2009-11-02,86.1
2009-11-03,85.25
2009-11-04,85.35
2009-11-05,84.35
2009-11-06,84.85
2009-11-09,87.25
2009-11-10,88.7
2009-11-11,89.0
2009-11-12,87.85
2009-11-13,85.6
2009-11-16,85.5
2009-11-17,85.35
2009-11-18,85.5
2009-11-19,85.0
2009-11-20,85.15
2009-11-23,85.15
2009-11-24,82.65
2009-11-25,82.25
2009-11-26,81.65
2009-11-27,80.25
2009-11-30,81.0
2009-12-01,82.0
2009-12-02,82.1
2009-12-03,81.0
2009-12-04,80.8
2009-12-08,80.8
2009-12-09,81.1
2009-12-11,82.6
2009-12-14,84.5
2009-12-15,84.0
2009-12-16,83.65
2009-12-17,83.25
2009-12-18,82.25
2009-12-21,82.85
2009-12-22,84.3
2009-12-23,84.9
2009-12-24,84.75
2009-12-25,84.9
2009-12-28,85.0
2009-12-29,85.9
2009-12-30,86.65
2010-01-04,86.5
2010-01-05,86.5
2010-01-06,85.4
2010-01-07,84.0
2010-01-08,83.65
2010-01-11,84.0
2010-01-12,84.0
2010-01-13,83.75
2010-01-14,84.65
2010-01-15,84.6
2010-01-18,83.9
2010-01-19,83.5
2010-01-20,83.85
2010-01-21,83.5
2010-01-22,83.9
2010-01-25,84.4
2010-01-26,84.0
2010-01-27,82.7
2010-01-28,82.9
2010-01-29,82.75
2010-02-01,82.5
2010-02-02,82.35
2010-02-03,82.75
2010-02-04,82.9
2010-02-05,82.4
2010-02-08,82.5
2010-02-09,83.5
2010-02-10,84.4
2010-02-11,83.9
2010-02-12,86.0
2010-02-15,88.65
2010-02-16,88.9
2010-02-17,89.25
2010-02-18,88.7
2010-02-19,88.0
2010-02-22,88.35
2010-02-23,88.25
2010-02-24,88.0
2010-02-25,88.0
2010-02-26,87.75
2010-03-02,86.1
2010-03-03,83.1
2010-03-04,81.6
2010-03-05,79.0
2010-03-08,78.0
2010-03-09,77.6
2010-03-10,77.75
2010-03-11,78.5
2010-03-12,80.25
2010-03-15,80.35
2010-03-16,83.5
2010-03-17,85.8
2010-03-18,85.4
2010-03-19,84.9
2010-03-22,84.65
2010-03-23,85.0
2010-03-24,84.75
2010-03-25,85.4
2010-03-26,85.9
2010-03-29,85.6
2010-03-30,85.35
2010-03-31,86.1
2010-04-01,87.3
2010-04-02,88.75
2010-04-05,89.25
2010-04-07,91.0
2010-04-08,90.3
2010-04-09,89.0
2010-04-12,78.15
2010-04-16,76.4
2010-04-19,73.25
2010-04-20,76.4
2010-04-21,77.0
2010-04-22,76.0
2010-04-23,75.4
2010-04-26,76.4
2010-04-27,74.85
2010-04-28,74.1
2010-04-29,74.1
2010-04-30,75.3
2010-05-04,76.4
2010-05-06,77.1
2010-05-07,76.35
2010-05-10,76.5
2010-05-11,77.0
2010-05-12,76.5
2010-05-13,76.4
2010-05-14,75.25
2010-05-17,74.0
2010-05-18,74.5
2010-05-19,74.6
2010-05-20,75.2
2010-05-21,75.2
2010-05-24,74.7
2010-05-25,73.1
2010-05-26,73.6
2010-05-27,73.75
2010-05-31,74.6
2010-06-01,75.15
2010-06-02,75.85
2010-06-03,78.65
2010-06-04,79.0
2010-06-07,78.2
2010-06-08,80.6
2010-06-09,81.35
2010-06-10,81.6
2010-06-11,83.0
2010-06-14,84.15
2010-06-15,84.15
2010-06-16,83.5
2010-06-17,83.1
2010-06-18,84.25
2010-06-21,84.8
2010-06-22,84.0
2010-06-23,84.3
2010-06-24,84.4
2010-06-25,83.85
2010-06-28,84.35
2010-06-29,84.2
2010-06-30,85.5
2010-07-02,88.15
2010-07-05,88.75
2010-07-06,87.15
2010-07-07,87.35
2010-07-08,88.5
2010-07-09,87.85
2010-07-12,87.15
2010-07-13,86.25
2010-07-14,86.5
2010-07-15,87.0
2010-07-16,86.35
2010-07-19,86.4
2010-07-20,86.85
2010-07-21,87.3
2010-07-22,90.85
2010-07-23,92.35
2010-07-27,91.2
2010-07-28,92.15
2010-07-29,92.35
2010-07-30,93.35
2010-08-02,94.1
2010-08-03,93.5
2010-08-04,91.7
2010-08-05,91.75
2010-08-06,92.25
2010-08-09,92.9
2010-08-10,92.9
2010-08-11,93.1
2010-08-16,93.1
2010-08-17,90.0
2010-08-18,91.5
2010-08-19,93.1
2010-08-20,93.85
2010-08-23,93.5
2010-08-24,91.9
2010-08-25,91.4
2010-08-26,91.35
2010-08-27,92.5
2010-08-30,93.75
2010-08-31,92.35
2010-09-01,93.85
2010-09-02,93.4
2010-09-03,92.9
2010-09-06,94.75
2010-09-07,96.75
2010-09-08,96.65
2010-09-09,98.75
2010-09-10,98.35
2010-09-13,98.4
2010-09-14,97.7
2010-09-15,97.5
2010-09-16,98.25
2010-09-17,89.75
2010-09-20,90.4
2010-09-21,91.35
2010-09-22,91.8
2010-09-23,90.8
2010-09-24,91.75
2010-09-27,93.6
2010-09-28,94.0
2010-09-29,95.0
2010-09-30,95.0
2010-10-01,94.25
2010-10-04,92.8
2010-10-05,92.0
2010-10-06,92.35
2010-10-07,92.8
2010-10-08,92.5
2010-10-11,92.65
2010-10-12,92.75
2010-10-13,93.85
2010-10-14,94.35
2010-10-15,95.15
2010-10-18,94.0
2010-10-19,93.75
2010-10-20,93.35
2010-10-21,93.5
2010-10-22,92.9
2010-10-26,92.5
2010-10-27,91.85
2010-10-28,91.0
2010-10-29,90.0
2010-11-01,90.75
2010-11-02,90.65
2010-11-03,91.5
2010-11-04,94.8
2010-11-05,97.25
2010-11-08,97.0
2010-11-09,97.0
2010-11-10,96.9
2010-11-11,96.9
2010-11-12,96.9
2010-11-15,96.8
2010-11-16,90.75
2010-11-17,90.25
2010-11-18,90.25
2010-11-19,90.8
2010-11-22,90.85
2010-11-23,90.6
2010-11-24,90.25
2010-11-25,90.0
2010-11-26,89.65
2010-11-29,90.15
2010-11-30,90.25
2010-12-01,90.8
2010-12-02,90.75
2010-12-03,90.15
2010-12-07,89.65
2010-12-08,89.65
2010-12-09,89.9
2010-12-13,90.0
2010-12-14,91.15
2010-12-15,90.2
2010-12-16,85.6
2010-12-17,85.25
2010-12-20,85.5
2010-12-21,86.75
2010-12-22,87.3
2010-12-23,87.6
2010-12-24,86.9
2010-12-27,84.5
2010-12-28,84.0
2010-12-29,85.0
2010-12-30,85.4
2011-01-04,85.75
2011-01-05,86.85
2011-01-06,87.1
2011-01-07,86.4
2011-01-10,85.15
2011-01-11,84.65
2011-01-12,84.4
2011-01-13,84.5
2011-01-14,84.35
2011-01-17,84.5
2011-01-18,84.65
2011-01-19,84.5
2011-01-20,84.2
2011-01-21,83.8
2011-01-24,81.65
2011-01-25,80.9
2011-01-26,80.9
2011-01-27,80.5
2011-01-28,79.85
2011-01-31,78.75
2011-02-01,79.6
2011-02-02,79.65
2011-02-03,79.75
2011-02-04,80.4
2011-02-07,82.15
2011-02-08,82.5
2011-02-09,81.5
2011-02-10,80.75
2011-02-11,80.1
2011-02-14,81.5
2011-02-15,82.1
2011-02-16,82.0
2011-02-17,82.9
2011-02-18,82.9
2011-02-21,82.9
2011-02-22,82.7
2011-02-23,82.1
2011-02-24,82.0
2011-02-25,81.15
2011-02-28,80.0
2011-03-01,82.5
2011-03-02,81.9
2011-03-03,81.9
2011-03-04,81.5
2011-03-07,80.8
2011-03-08,82.25
2011-03-09,83.75
2011-03-10,84.0
2011-03-11,84.15
2011-03-14,86.5
2011-03-15,86.5
2011-03-16,85.75
2011-03-17,85.25
2011-03-21,86.85
2011-03-22,87.75
2011-03-23,89.0
2011-03-24,89.75
2011-03-25,89.35
2011-03-28,89.0
2011-03-29,88.9
2011-03-30,90.0
2011-03-31,90.4
2011-04-01,90.5
2011-04-04,87.25
2011-04-05,86.9
2011-04-07,87.65
2011-04-08,87.1
2011-04-11,86.85
2011-04-12,86.5
2011-04-18,87.4
2011-04-19,88.5
2011-04-20,90.5
2011-04-21,92.1
2011-04-22,92.0
2011-04-25,91.5
2011-04-26,91.6
2011-04-27,91.5
2011-04-28,91.65
2011-04-29,92.35
2011-05-03,92.15
2011-05-04,92.9
2011-05-06,93.0
2011-05-09,93.85
2011-05-10,94.5
2011-05-11,96.15
2011-05-12,96.85
2011-05-13,96.4
2011-05-18,93.15
2011-05-19,94.25
2011-05-20,94.5
2011-05-23,93.7
2011-05-24,94.6
2011-05-25,95.1
2011-05-26,96.65
2011-05-27,95.35
2011-05-30,96.9
2011-05-31,96.75
2011-06-01,97.5
2011-06-02,97.15
2011-06-03,97.65
2011-06-06,97.65
2011-06-07,96.25
2011-06-08,93.3
2011-06-09,92.6
2011-06-10,94.0
2011-06-13,95.65
2011-06-14,98.4
2011-06-15,98.85
2011-06-16,98.3
2011-06-17,99.9
2011-06-20,102.75
2011-06-21,104.0
2011-06-22,105.25
2011-06-23,102.75
2011-06-24,102.5
2011-06-27,102.0
2011-06-28,101.0
2011-06-29,101.75
2011-06-30,104.0
2011-07-04,110.5
2011-07-05,112.0
2011-07-06,110.0
2011-07-07,109.5
2011-07-08,109.75
2011-07-11,110.5
2011-07-12,110.25
2011-07-13,113.0
2011-07-14,114.5
2011-07-18,113.25
2011-07-19,113.0
2011-07-20,116.0
2011-07-21,116.25
2011-07-22,116.5
2011-07-25,116.75
2011-07-26,116.0
2011-07-27,114.75
2011-07-28,114.75
2011-07-29,115.25
2011-08-01,115.0
2011-08-02,115.0
2011-08-03,117.25
2011-08-04,119.0
2011-08-05,118.25
2011-08-08,117.75
2011-08-09,111.5
2011-08-10,113.75
2011-08-11,114.75
2011-08-15,117.75
2011-08-16,113.0
2011-08-17,114.0
2011-08-18,115.0
2011-08-19,112.75
2011-08-22,113.75
2011-08-23,113.75
2011-08-24,113.5
2011-08-25,114.0
2011-08-26,113.25
2011-08-29,113.75
2011-08-30,113.75
2011-08-31,113.5
2011-09-01,113.0
2011-09-02,114.0
2011-09-05,114.5
2011-09-06,117.5
2011-09-07,122.25
2011-09-08,122.5
2011-09-09,121.75
2011-09-12,119.75
2011-09-13,122.75
2011-09-14,121.25
2011-09-15,121.75
2011-09-16,123.5
2011-09-19,121.5
2011-09-20,122.75
2011-09-21,124.75
2011-09-22,124.25
2011-09-23,121.0
2011-09-26,117.75
2011-09-27,120.0
2011-09-28,121.0
2011-09-29,124.0
2011-09-30,127.5
2011-10-03,126.0
2011-10-04,125.25
2011-10-05,123.25
2011-10-06,124.75
2011-10-07,124.75
2011-10-10,122.0
2011-10-11,124.5
2011-10-12,124.5
2011-10-13,125.25
2011-10-14,125.25
2011-10-17,126.0
2011-10-18,125.25
2011-10-19,127.25
2011-10-20,125.25
2011-10-21,123.25
2011-10-25,125.0
2011-10-26,126.5
2011-10-27,126.25
2011-10-28,125.5
2011-10-31,128.5
2011-11-01,131.0
2011-11-02,131.5
2011-11-03,130.75
2011-11-04,134.0
2011-11-07,137.5
2011-11-08,139.25
2011-11-09,136.5
2011-11-10,133.0
2011-11-11,135.25
2011-11-14,138.25
2011-11-15,140.5
2011-11-16,142.0
2011-11-17,140.75
2011-11-18,140.75
2011-11-21,139.0
2011-11-22,140.75
2011-11-23,143.5
2011-11-24,144.25
2011-11-25,139.75
2011-11-28,138.75
2011-11-29,139.75
2011-11-30,139.5
2011-12-01,142.5
2011-12-02,143.5
2011-12-06,143.25
2011-12-07,142.5
2011-12-08,143.0
2011-12-09,142.0
2011-12-13,139.75
2011-12-14,140.75
2011-12-15,142.0
2011-12-16,144.75
2011-12-19,145.75
2011-12-20,146.5
2011-12-21,145.75
2011-12-22,145.0
2011-12-23,143.25
2011-12-26,142.75
2011-12-27,141.75
2011-12-28,141.25
2011-12-29,142.0
2011-12-30,141.25
2012-01-04,143.5
2012-01-05,147.0
2012-01-06,144.25
2012-01-09,145.75
2012-01-10,151.75
2012-01-11,155.25
2012-01-12,155.25
2012-01-13,155.0
2012-01-16,154.75
2012-01-17,154.5
2012-01-18,153.0
2012-01-19,153.0
2012-01-20,151.25
2012-01-23,150.5
2012-01-24,150.5
2012-01-25,150.0
2012-01-26,150.5
2012-01-27,152.5
2012-01-30,150.75
2012-01-31,150.75
2012-02-01,151.5
2012-02-02,151.25
2012-02-03,150.5
2012-02-06,150.0
2012-02-07,151.5
2012-02-08,153.5
2012-02-09,152.5
2012-02-10,152.0
2012-02-13,151.25
2012-02-14,149.5
2012-02-15,151.0
2012-02-16,151.25
2012-02-17,152.75
2012-02-20,152.25
2012-02-21,152.25
2012-02-22,153.0
2012-02-23,152.75
2012-02-24,152.5
2012-02-27,153.5
2012-02-28,155.75
2012-02-29,159.0
2012-03-01,160.5
2012-03-02,161.75
2012-03-05,161.5
2012-03-06,160.5
2012-03-08,161.5
2012-03-09,160.0
2012-03-12,160.75
2012-03-13,164.75
2012-03-14,168.0
2012-03-15,171.5
2012-03-16,172.5
2012-03-19,172.0
2012-03-20,174.25
2012-03-21,178.25
2012-03-22,178.5
2012-03-23,179.25
2012-03-26,179.75
2012-03-27,185.25
2012-03-28,183.5
2012-03-29,183.25
2012-03-30,184.0
2012-04-02,180.75
2012-04-03,183.0
2012-04-04,182.25
2012-04-05,178.0
2012-04-10,172.0
2012-04-11,166.5
2012-04-12,167.25
2012-04-17,168.5
2012-04-18,168.25
2012-04-19,168.25
2012-04-20,172.25
2012-04-23,175.25
2012-04-24,178.5
2012-04-25,179.25
2012-04-26,181.0
2012-04-27,182.25
2012-04-30,182.75
2012-05-02,182.5
2012-05-03,181.5
2012-05-04,180.5
2012-05-08,184.5
2012-05-09,186.25
2012-05-10,183.5
2012-05-11,179.75
2012-05-14,179.75
2012-05-15,181.25
2012-05-16,181.25
2012-05-17,185.25
2012-05-18,184.25
2012-05-21,180.5
2012-05-22,178.75
2012-05-23,179.5
2012-05-24,181.25
2012-05-25,181.75
2012-05-28,184.25
2012-05-29,185.25
2012-05-30,182.75
2012-05-31,178.75
2012-06-01,179.75
2012-06-05,178.25
2012-06-06,178.25
2012-06-07,175.75
2012-06-08,174.0
2012-06-11,176.5
2012-06-12,176.0
2012-06-13,176.0
2012-06-14,173.5
2012-06-15,172.75
2012-06-18,173.5
2012-06-19,175.75
2012-06-20,176.75
2012-06-21,176.0
2012-06-22,176.0
2012-06-25,175.0
2012-06-26,175.25
2012-06-27,180.0
2012-06-28,184.75
2012-06-29,185.75
2012-07-02,187.0
2012-07-03,191.25
2012-07-04,191.75
2012-07-05,191.75
2012-07-06,196.0
2012-07-09,195.25
2012-07-10,201.0
2012-07-11,204.5
2012-07-12,201.5
2012-07-13,204.0
2012-07-16,208.0
2012-07-17,210.5
2012-07-18,203.5
2012-07-19,199.5
2012-07-20,197.0
2012-07-23,197.5
2012-07-24,202.5
2012-07-25,206.0
2012-07-26,206.0
2012-07-27,203.0
2012-07-30,203.0
2012-07-31,203.0
2012-08-01,201.0
2012-08-03,204.0
2012-08-06,207.5
2012-08-07,205.5
2012-08-08,203.0
2012-08-09,204.5
2012-08-10,206.0
2012-08-14,206.5
2012-08-15,208.5
2012-08-16,208.5
2012-08-17,208.5
2012-08-20,209.0
2012-08-21,205.5
2012-08-22,207.5
2012-08-23,214.0
2012-08-24,222.5
2012-08-27,219.5
2012-08-28,214.0
2012-08-29,211.0
2012-08-30,210.0
2012-08-31,214.0
2012-09-03,217.5
2012-09-04,217.5
2012-09-05,214.0
2012-09-06,216.0
2012-09-07,216.5
2012-09-10,213.5
2012-09-11,214.5
2012-09-12,217.0
2012-09-13,216.0
2012-09-14,215.0
2012-09-17,211.0
2012-09-18,209.5
2012-09-19,211.5
2012-09-20,212.0
2012-09-21,215.0
2012-09-24,215.5
2012-09-25,214.5
2012-09-26,212.0
2012-09-27,213.0
2012-09-28,215.0
2012-10-01,214.0
2012-10-02,213.5
2012-10-03,210.0
2012-10-04,207.5
2012-10-05,208.0
2012-10-08,206.0
2012-10-09,207.5
2012-10-10,205.5
2012-10-11,204.5
2012-10-12,202.0
2012-10-15,202.0
2012-10-16,199.5
2012-10-17,200.0
2012-10-18,210.5
2012-10-19,212.5
2012-10-22,211.0
2012-10-24,207.5
2012-10-25,202.0
2012-10-26,199.5
2012-10-29,197.25
2012-10-30,199.5
2012-10-31,198.0
2012-11-01,193.75
2012-11-02,190.0
2012-11-05,188.75
2012-11-06,193.5
2012-11-07,189.5
2012-11-08,187.0
2012-11-09,187.25
2012-11-12,188.25
2012-11-13,191.0
2012-11-14,191.0
2012-11-15,192.5
2012-11-16,196.0
2012-11-19,198.0
2012-11-20,194.75
2012-11-21,194.0
2012-11-22,197.0
2012-11-23,197.75
2012-11-26,197.75
2012-11-27,200.5
2012-11-28,205.5
2012-11-29,209.0
2012-11-30,214.0
2012-12-03,220.0
2012-12-04,219.5
2012-12-06,217.5
2012-12-07,213.5
2012-12-11,213.5
2012-12-12,216.5
2012-12-13,216.0
2012-12-14,212.0
2012-12-17,208.0
2012-12-18,209.0
2012-12-19,211.5
2012-12-20,209.0
2012-12-21,204.5
2012-12-24,206.5
2012-12-25,209.5
2012-12-26,210.5
2012-12-27,211.0
2012-12-28,211.5
2013-01-02,209.0
2013-01-03,207.0
2013-01-04,205.0
2013-01-07,205.0
2013-01-08,203.0
2013-01-09,202.5
2013-01-10,198.5
2013-01-11,198.25
2013-01-14,199.75
2013-01-15,198.25
2013-01-16,196.0
2013-01-17,197.5
2013-01-18,203.5
2013-01-21,206.5
2013-01-22,205.0
2013-01-23,206.0
2013-01-24,207.0
2013-01-25,206.5
2013-01-28,205.0
2013-01-29,209.5
2013-01-30,214.0
2013-01-31,212.0
2013-02-01,209.0
2013-02-04,204.0
2013-02-05,203.5
2013-02-06,202.5
2013-02-07,204.5
2013-02-08,205.0
2013-02-11,201.0
2013-02-12,198.0
2013-02-13,201.0
2013-02-14,202.0
2013-02-15,201.0
2013-02-18,200.5
2013-02-19,203.5
2013-02-20,205.5
2013-02-21,203.0
2013-02-22,203.5
2013-02-26,203.0
2013-02-27,202.0
2013-02-28,204.5
2013-03-01,207.5
2013-03-04,209.5
2013-03-05,212.5
2013-03-06,213.5
2013-03-07,216.0
2013-03-08,218.5
2013-03-11,222.0
2013-03-12,230.0
2013-03-13,237.0
2013-03-14,233.0
2013-03-15,231.0
2013-03-18,228.5
2013-03-19,228.5
2013-03-20,229.5
2013-03-21,231.5
2013-03-22,227.0
2013-03-25,230.5
2013-03-26,240.0
2013-03-27,243.5
2013-03-28,237.5
2013-03-29,238.5
2013-04-01,235.0
2013-04-02,237.5
2013-04-03,236.5
2013-04-04,229.0
2013-04-05,229.5
2013-04-09,227.0
2013-04-10,235.5
2013-04-11,244.5
2013-04-12,253.5
2013-04-17,258.0
2013-04-18,264.0
2013-04-19,265.5
2013-04-22,259.5
2013-04-23,260.0
2013-04-24,260.0
2013-04-25,265.0
2013-04-26,270.0
2013-04-29,265.0
2013-04-30,267.5
2013-05-02,268.5
2013-05-03,266.5
2013-05-07,268.0
2013-05-08,276.0
2013-05-09,284.5
2013-05-10,286.0
2013-05-13,283.0
2013-05-14,278.5
2013-05-15,282.0
2013-05-16,285.0
2013-05-17,291.0
2013-05-20,297.0
2013-05-21,292.5
2013-05-22,288.5
2013-05-23,283.0
2013-05-27,281.0
2013-05-28,285.5
2013-05-29,285.5
2013-05-30,278.0
2013-05-31,271.0
2013-06-03,264.5
2013-06-04,272.0
2013-06-05,267.5
2013-06-06,261.0
2013-06-07,265.0
2013-06-10,269.5
2013-06-11,257.5
2013-06-12,243.5
2013-06-13,238.0
2013-06-14,256.0
2013-06-17,256.0
2013-06-18,253.0
2013-06-19,259.0
2013-06-20,256.5
2013-06-21,258.0
2013-06-24,258.5
2013-06-25,261.0
2013-06-26,272.0
2013-06-27,283.0
2013-06-28,284.0
2013-07-02,286.0
2013-07-03,289.0
2013-07-04,288.0
2013-07-05,286.5
2013-07-08,276.0
2013-07-09,273.5
2013-07-10,276.5
2013-07-11,283.5
2013-07-12,287.0
2013-07-15,290.5
2013-07-16,288.5
2013-07-17,292.5
2013-07-18,295.0
2013-07-19,297.5
2013-07-23,304.5
2013-07-24,304.5
2013-07-25,293.0
2013-07-26,290.5
2013-07-29,288.0
2013-07-30,283.0
2013-07-31,283.0
2013-08-01,288.0
2013-08-02,284.5
2013-08-05,281.0
2013-08-06,280.5
2013-08-07,284.0
2013-08-08,286.5
2013-08-09,283.5
2013-08-13,282.0
2013-08-14,282.0
2013-08-15,283.5
2013-08-16,275.0
2013-08-19,268.0
2013-08-20,258.0
2013-08-21,255.0
2013-08-22,248.5
2013-08-23,246.5
2013-08-26,243.0
2013-08-27,240.5
2013-08-28,235.5
2013-08-29,242.0
2013-08-30,244.0
2013-09-02,245.5
2013-09-03,249.0
2013-09-04,245.0
2013-09-05,246.5
2013-09-06,251.5
2013-09-09,267.0
2013-09-10,274.5
2013-09-11,274.0
2013-09-12,266.0
2013-09-13,259.5
2013-09-16,268.0
2013-09-17,271.0
2013-09-18,270.5
2013-09-19,279.0
2013-09-20,277.5
2013-09-23,273.0
2013-09-24,264.0
2013-09-25,264.0
2013-09-26,263.5
2013-09-27,262.0
2013-09-30,255.5
2013-10-01,257.5
2013-10-02,259.5
2013-10-03,262.0
2013-10-04,261.5
2013-10-07,263.0
2013-10-08,264.5
2013-10-09,264.5
2013-10-10,261.0
2013-10-11,262.5
2013-10-14,260.5
2013-10-15,264.0
2013-10-16,261.0
2013-10-17,265.5
2013-10-18,269.0
2013-10-21,262.0
2013-10-22,259.5
2013-10-24,258.5
2013-10-25,257.0
2013-10-28,257.0
2013-10-29,257.5
2013-10-30,253.0
2013-10-31,253.0
2013-11-01,251.0
2013-11-04,247.0
2013-11-05,246.5
2013-11-06,244.0
2013-11-07,237.0
2013-11-08,230.0
2013-11-11,229.0
2013-11-12,234.5
2013-11-13,228.5
2013-11-14,229.0
2013-11-15,233.5
2013-11-18,236.5
2013-11-19,231.0
2013-11-20,227.0
2013-11-21,225.0
2013-11-22,224.5
2013-11-25,220.5
2013-11-26,223.0
2013-11-27,227.5
2013-11-28,229.5
2013-11-29,226.5
2013-12-02,226.0
2013-12-03,226.5
2013-12-04,224.0
2013-12-06,221.5
2013-12-09,219.5
2013-12-11,219.5
2013-12-12,217.0
2013-12-13,211.0
2013-12-16,206.0
2013-12-17,206.0
2013-12-18,212.0
2013-12-19,214.0
2013-12-20,211.5
2013-12-23,208.5
2013-12-24,207.5
2013-12-25,210.0
2013-12-26,206.5
2013-12-27,201.25
2014-01-02,193.25
2014-01-03,191.5
2014-01-06,198.0
2014-01-07,207.5
2014-01-08,207.0
2014-01-09,203.5
2014-01-10,198.25
2014-01-13,203.0
2014-01-14,209.5
2014-01-15,209.0
2014-01-16,211.0
2014-01-17,214.0
2014-01-20,210.5
2014-01-21,211.5
2014-01-22,209.0
2014-01-23,212.0
2014-01-24,216.0
2014-01-27,210.0
2014-01-28,207.0
2014-01-29,207.0
2014-01-30,205.0
2014-01-31,207.5
2014-02-03,212.5
2014-02-04,211.0
2014-02-05,211.0
2014-02-06,212.5
2014-02-07,213.5
2014-02-10,211.5
2014-02-11,209.5
2014-02-12,212.0
2014-02-13,214.5
2014-02-17,218.5
2014-02-18,219.5
2014-02-19,218.0
2014-02-20,211.5
2014-02-21,210.5
2014-02-24,206.5
2014-02-25,207.0
2014-02-26,207.0
2014-02-27,209.0
2014-02-28,211.0
2014-03-03,213.0
2014-03-04,215.5
2014-03-05,216.5
2014-03-06,216.0
2014-03-07,214.5
2014-03-10,212.5
2014-03-11,213.5
2014-03-12,211.5
2014-03-13,214.0
2014-03-14,215.5
2014-03-17,218.0
2014-03-18,220.0
2014-03-19,220.5
2014-03-20,222.5
2014-03-21,225.5
2014-03-24,227.5
2014-03-25,226.0
2014-03-26,227.0
2014-03-27,227.5
2014-03-28,222.0
2014-03-31,225.5
2014-04-01,227.5
2014-04-02,228.5
2014-04-03,225.0
2014-04-04,224.0
2014-04-08,222.5
2014-04-09,220.5
2014-04-10,220.0
2014-04-11,224.0
2014-04-16,227.0
2014-04-17,233.5
2014-04-18,239.0
2014-04-21,241.5
2014-04-22,242.5
2014-04-23,239.5
2014-04-24,241.5
2014-04-25,242.0
2014-04-28,242.5
2014-04-29,244.0
2014-04-30,244.5
2014-05-02,243.5
2014-05-06,242.0
2014-05-07,235.5
2014-05-08,232.5
2014-05-09,230.5
2014-05-12,231.5
2014-05-14,237.0
2014-05-15,239.5
2014-05-16,239.5
2014-05-19,242.5
2014-05-20,237.0
2014-05-21,236.0
2014-05-22,237.0
2014-05-23,230.5
2014-05-26,232.0
2014-05-27,229.5
2014-05-28,228.5
2014-05-29,230.0
2014-05-30,230.5
2014-06-02,233.0
2014-06-03,239.5
2014-06-04,240.0
2014-06-05,240.0
2014-06-06,241.0
2014-06-09,240.0
2014-06-10,232.5
2014-06-11,229.0
2014-06-12,226.0
2014-06-13,223.5
2014-06-16,227.5
2014-06-17,225.5
2014-06-18,217.0
2014-06-19,216.5
2014-06-20,215.0
2014-06-23,215.0
2014-06-24,212.0
2014-06-25,214.5
2014-06-26,219.5
2014-06-27,222.0
2014-06-30,221.5
2014-07-02,219.0
2014-07-03,217.0
2014-07-04,217.5
2014-07-07,218.5
2014-07-08,222.5
2014-07-09,224.5
2014-07-10,226.0
2014-07-14,225.0
2014-07-15,223.5
2014-07-16,224.0
2014-07-17,225.5
2014-07-18,220.5
2014-07-21,214.5
2014-07-22,209.5
2014-07-23,206.5
2014-07-24,207.5
2014-07-25,205.5
2014-07-28,204.5
2014-07-29,203.5
2014-07-30,204.5
2014-07-31,207.0
2014-08-01,207.5
2014-08-04,211.5
2014-08-05,214.0
2014-08-06,216.0
2014-08-07,214.5
2014-08-08,212.0
2014-08-13,211.0
2014-08-14,209.5
2014-08-15,209.0
2014-08-18,207.5
2014-08-19,206.5
2014-08-20,208.0
2014-08-21,207.5
2014-08-22,209.0
2014-08-25,208.5
2014-08-26,207.0
2014-08-27,207.0
2014-08-28,207.0
2014-08-29,208.0
2014-09-01,207.5
2014-09-02,207.0
2014-09-03,208.5
2014-09-04,208.5
2014-09-05,207.5
2014-09-08,207.0
2014-09-09,207.0
2014-09-10,208.0
2014-09-11,212.5
2014-09-12,213.0
2014-09-15,212.5
2014-09-16,211.5
2014-09-17,211.5
2014-09-18,212.5
2014-09-19,213.5
2014-09-22,216.0
2014-09-23,222.0
2014-09-24,225.5
2014-09-25,225.5
2014-09-26,223.5
2014-09-29,224.5
2014-09-30,224.0
2014-10-01,225.0
2014-10-02,222.5
2014-10-03,223.0
2014-10-06,222.5
2014-10-07,221.0
2014-10-08,218.5
2014-10-09,224.5
2014-10-10,224.0
2014-10-13,224.0
2014-10-14,225.0
2014-10-15,226.5
2014-10-16,224.5
2014-10-17,223.5
2014-10-20,226.0
2014-10-21,224.0
2014-10-22,226.5
2014-10-24,228.0
2014-10-27,230.0
2014-10-28,235.5
2014-10-29,236.5
2014-10-30,234.0
2014-10-31,237.5
2014-11-03,239.0
2014-11-04,239.5
2014-11-05,239.0
2014-11-06,239.0
2014-11-07,235.0
2014-11-10,231.5
2014-11-11,233.0
2014-11-12,234.0
2014-11-13,236.0
2014-11-14,238.0
2014-11-17,237.6
2014-11-18,237.2
2014-11-19,236.8
2014-11-20,236.4
2014-11-21,236.0
2014-11-24,236.875
2014-11-25,237.75
2014-11-26,238.625
2014-11-27,239.5
2014-11-28,239.0
2014-12-01,238.5
2014-12-02,240.0
2014-12-03,242.0
2014-12-04,246.5
2014-12-08,249.0
2014-12-09,247.5
2014-12-11,244.5
2014-12-12,241.0
2014-12-15,235.5
2014-12-16,235.0
2014-12-17,241.0
2014-12-18,245.0
2014-12-19,246.5
2014-12-22,248.0
2014-12-23,250.0
2014-12-24,251.5
2014-12-25,249.5
2014-12-26,249.5
2014-12-29,250.5
2014-12-30,250.0
2015-01-05,250.0
2015-01-06,246.5
2015-01-07,249.5
2015-01-08,250.5
2015-01-09,249.5
2015-01-12,247.0
2015-01-13,246.0
2015-01-14,245.0
2015-01-15,242.5
2015-01-16,239.5
2015-01-19,244.5
2015-01-20,248.0
2015-01-21,249.0
2015-01-22,250.0
2015-01-23,252.5
2015-01-26,252.5
2015-01-27,254.0
2015-01-28,253.5
2015-01-29,250.5
2015-01-30,248.5
2015-02-02,245.0
2015-02-03,248.5
2015-02-04,249.5
2015-02-05,247.5
2015-02-06,248.0
2015-02-09,246.0
2015-02-10,245.0
2015-02-11,244.0
2015-02-12,246.0
2015-02-13,248.0
2015-02-16,244.5
2015-02-17,241.5
2015-02-18,241.0
2015-02-19,241.0
2015-02-20,239.0
2015-02-23,239.0
2015-02-24,238.5
2015-02-25,230.0
2015-02-26,230.0
2015-02-27,232.5
2015-03-02,232.0
2015-03-03,235.0
2015-03-05,234.5
2015-03-06,237.5
2015-03-09,236.5
2015-03-10,232.0
2015-03-11,231.5
2015-03-12,233.0
2015-03-13,239.0
2015-03-16,241.0
2015-03-17,245.5
2015-03-18,248.0
2015-03-19,251.5
2015-03-20,250.5
2015-03-23,248.0
2015-03-24,247.0
2015-03-25,245.0
2015-03-26,237.0
2015-03-27,235.5
2015-03-30,237.0
2015-03-31,239.0
2015-04-01,238.5
2015-04-02,244.0
2015-04-03,245.5
2015-04-07,243.5
2015-04-08,242.5
2015-04-09,242.5
2015-04-10,242.5
2015-04-16,244.5
2015-04-17,244.5
2015-04-20,242.0
2015-04-21,244.0
2015-04-22,245.0
2015-04-23,243.5
2015-04-24,244.0
2015-04-27,243.0
2015-04-28,239.0
2015-04-29,239.0
2015-04-30,240.5
2015-05-04,240.0
2015-05-06,241.0
2015-05-07,238.5
2015-05-08,239.0
2015-05-11,239.0
2015-05-12,238.5
2015-05-13,238.0
2015-05-14,237.0
2015-05-15,236.0
2015-05-18,236.5
2015-05-19,237.5
2015-05-20,234.5
2015-05-21,234.0
2015-05-22,237.5
2015-05-25,237.5
2015-05-26,234.5
2015-05-27,234.5
2015-05-28,235.5
2015-05-29,234.5
2015-06-02,233.5
2015-06-03,233.0
2015-06-04,233.0
2015-06-05,235.0
2015-06-08,236.0
2015-06-09,234.5
2015-06-10,233.5
2015-06-11,234.5
2015-06-12,234.0
2015-06-15,232.0
2015-06-16,233.0
2015-06-17,234.0
2015-06-18,233.0
2015-06-19,232.0
2015-06-22,231.0
2015-06-23,231.5
2015-06-24,234.0
2015-06-25,235.5
2015-06-26,236.5
2015-06-29,235.5
2015-06-30,239.5
2015-07-02,239.5
2015-07-03,238.0
2015-07-06,238.0
2015-07-07,241.5
2015-07-08,242.5
2015-07-09,243.0
2015-07-10,244.0
2015-07-13,240.5
2015-07-14,240.5
2015-07-15,243.0
2015-07-16,246.0
2015-07-17,250.5
2015-07-20,251.0
2015-07-21,250.0
2015-07-22,250.0
2015-07-23,249.5
2015-07-24,247.0
2015-07-27,243.0
2015-07-28,243.0
2015-07-29,246.0
2015-07-31,249.0
2015-08-03,248.0
2015-08-04,245.0
2015-08-05,244.5
2015-08-06,242.0
2015-08-07,240.5
2015-08-10,241.0
2015-08-11,234.0
2015-08-13,234.0
2015-08-14,234.5
2015-08-17,234.5
2015-08-18,228.5
2015-08-19,230.0
2015-08-20,231.0
2015-08-21,234.0
2015-08-24,230.0
2015-08-25,229.5
2015-08-26,228.5
2015-08-27,230.0
2015-08-28,230.5
2015-08-31,234.0
2015-09-01,235.5
2015-09-02,236.0
2015-09-03,239.5
2015-09-04,239.0
2015-09-07,239.5
2015-09-08,239.0
2015-09-09,239.5
2015-09-10,238.0
2015-09-11,238.0
2015-09-14,237.0
2015-09-15,239.0
2015-09-16,235.5
2015-09-17,234.5
2015-09-18,233.5
2015-09-21,233.5
2015-09-22,232.0
2015-09-23,229.5
2015-09-24,229.0
2015-09-25,229.5
2015-09-28,228.5
2015-09-29,227.5
2015-09-30,227.0
2015-10-01,227.0
2015-10-02,226.0
2015-10-05,222.5
2015-10-06,223.0
2015-10-07,226.0
2015-10-08,230.5
2015-10-09,236.0
2015-10-12,235.5
2015-10-13,236.0
2015-10-14,234.5
2015-10-15,233.5
2015-10-16,232.0
2015-10-19,230.0
2015-10-20,230.5
2015-10-21,231.5
2015-10-22,231.5
2015-10-26,232.5
2015-10-27,236.0
2015-10-28,238.5
2015-10-29,233.5
2015-10-30,232.0
2015-11-02,233.5
2015-11-03,234.0
2015-11-04,233.5
2015-11-05,231.0
2015-11-06,228.5
2015-11-09,228.5
2015-11-10,228.5
2015-11-11,228.5
2015-11-12,213.0
2015-11-13,213.5
2015-11-16,213.5
2015-11-17,214.5
2015-11-18,213.0
2015-11-19,213.0
2015-11-20,212.0
2015-11-23,212.5
2015-11-24,210.0
2015-11-25,207.0
2015-11-26,201.75
2015-11-27,202.75
2015-11-30,202.25
2015-12-01,203.0
2015-12-02,203.0
2015-12-03,203.0
2015-12-04,203.0
2015-12-08,201.5
2015-12-09,200.0
2015-12-11,196.25
2015-12-14,191.75
2015-12-15,205.5
2015-12-16,207.5
2015-12-17,198.0
2015-12-18,194.5
2015-12-21,165.25
2015-12-22,156.75
2015-12-23,154.0
2015-12-24,154.0
2015-12-25,154.75
2015-12-28,154.75
2015-12-29,154.25
2015-12-30,153.25
2016-01-04,148.5
2016-01-05,137.5
2016-01-06,133.0
2016-01-07,133.75
2016-01-08,140.5
2016-01-11,143.0
2016-01-12,145.75
2016-01-13,149.75
2016-01-14,145.5
2016-01-15,145.25
2016-01-18,144.25
2016-01-19,150.0
2016-01-20,155.0
2016-01-21,158.75
2016-01-22,159.5
2016-01-25,157.25
2016-01-26,156.25
2016-01-27,158.5
2016-01-28,160.0
2016-01-29,166.25
2016-02-01,168.5
2016-02-02,168.75
2016-02-03,169.5
2016-02-04,168.75
2016-02-05,167.25
2016-02-08,165.0
2016-02-09,164.25
2016-02-10,166.25
2016-02-11,167.25
2016-02-12,167.25
2016-02-15,167.25
2016-02-16,167.0
2016-02-17,165.5
2016-02-18,166.75
2016-02-19,169.5
2016-02-23,170.5
2016-02-24,171.0
2016-02-25,172.5
2016-02-26,173.0
2016-02-29,172.0
2016-03-01,171.25
2016-03-02,174.0
2016-03-03,177.5
2016-03-04,180.25
2016-03-07,182.75
2016-03-08,179.5
2016-03-09,176.75
2016-03-10,177.75
2016-03-11,177.25
2016-03-14,175.0
2016-03-15,169.0
2016-03-16,169.5
2016-03-17,169.25
2016-03-18,170.0
2016-03-21,174.5
2016-03-22,188.5
2016-03-23,188.25
2016-03-24,187.25
2016-03-25,185.0
2016-03-28,183.75
2016-03-29,185.5
2016-03-30,188.25
2016-03-31,182.25
2016-04-01,180.25
2016-04-04,176.75
2016-04-05,166.5
2016-04-07,158.0
2016-04-08,155.5
2016-04-11,153.5
2016-04-12,153.0
2016-04-18,151.75
2016-04-19,153.5
2016-04-20,155.0
2016-04-21,155.75
2016-04-22,155.25
2016-04-25,154.25
2016-04-26,155.0
2016-04-27,154.75
2016-04-28,154.0
2016-04-29,155.0
2016-05-03,155.5
2016-05-04,154.25
2016-05-09,152.75
2016-05-10,151.75
2016-05-11,150.0
2016-05-12,148.0
2016-05-13,147.5
2016-05-16,147.0
2016-05-17,157.25
2016-05-18,159.0
2016-05-19,156.5
2016-05-23,153.5
2016-05-24,151.5
2016-05-25,153.75
2016-05-26,156.0
2016-05-27,159.0
2016-05-30,162.75
2016-05-31,164.75
2016-06-01,163.75
2016-06-02,162.75
2016-06-03,162.5
2016-06-06,164.0
2016-06-07,165.25
2016-06-08,165.0
2016-06-09,163.25
2016-06-10,161.75
2016-06-13,161.25
2016-06-14,162.5
2016-06-15,163.0
2016-06-16,158.25
2016-06-17,157.25
2016-06-20,157.25
2016-06-21,157.0
2016-06-22,157.5
2016-06-23,158.0
2016-06-24,157.0
2016-06-27,157.25
2016-06-28,157.0
2016-06-29,157.75
2016-06-30,158.25
2016-07-04,158.0
2016-07-05,158.25
2016-07-06,158.25
2016-07-07,160.0
2016-07-08,160.5
2016-07-11,166.0
2016-07-12,169.0
2016-07-13,170.0
2016-07-14,170.75
2016-07-15,171.0
2016-07-20,174.0
2016-07-21,175.0
2016-07-22,175.0
2016-07-25,175.0
2016-07-26,175.0
2016-07-27,176.0
2016-07-28,176.75
2016-07-29,177.5
2016-08-01,178.0
2016-08-02,175.0
2016-08-03,174.5
2016-08-04,175.75
2016-08-05,178.0
2016-08-08,183.5
2016-08-09,185.75
2016-08-10,186.0
2016-08-11,185.25
2016-08-15,181.75
2016-08-16,175.75
2016-08-17,173.0
2016-08-18,173.0
2016-08-19,172.25
2016-08-22,171.75
2016-08-23,171.5
2016-08-24,172.75
2016-08-25,172.5
2016-08-26,171.25
2016-08-29,168.5
2016-08-30,166.5
2016-08-31,166.0
2016-09-01,164.75
2016-09-02,164.5
2016-09-05,164.25
2016-09-06,162.25
2016-09-07,161.5
2016-09-08,159.0
2016-09-09,157.5
2016-09-12,153.5
2016-09-13,156.5
2016-09-14,157.75
2016-09-15,159.25
2016-09-16,163.5
2016-09-19,166.0
2016-09-20,164.5
2016-09-21,163.25
2016-09-22,164.0
2016-09-23,163.0
2016-09-26,161.25
2016-09-27,162.25
2016-09-28,161.25
2016-09-29,161.75
2016-09-30,160.75
2016-10-03,160.75
2016-10-04,162.0
2016-10-05,163.75
2016-10-06,162.5
2016-10-07,160.75
2016-10-10,155.5
2016-10-11,154.5
2016-10-12,151.0
2016-10-13,148.75
2016-10-14,157.5
2016-10-17,156.5
2016-10-18,156.0
2016-10-19,155.5
2016-10-20,156.5
2016-10-21,156.5
2016-10-25,156.5
2016-10-26,156.75
2016-10-27,156.0
2016-10-28,155.5
2016-10-31,154.0
2016-11-01,154.0
2016-11-02,154.25
2016-11-03,153.75
2016-11-04,153.0
2016-11-07,152.5
2016-11-08,152.5
2016-11-09,152.0
2016-11-10,151.75
2016-11-11,149.5
2016-11-14,147.0
2016-11-15,146.5
2016-11-16,145.5
2016-11-17,143.75
2016-11-18,143.5
2016-11-21,143.5
2016-11-22,143.0
2016-11-23,143.0
2016-11-24,143.75
2016-11-25,144.0
2016-11-28,144.75
2016-11-29,145.0
2016-11-30,144.75
2016-12-01,143.75
2016-12-02,142.25
2016-12-06,143.0
2016-12-07,145.0
2016-12-08,146.75
2016-12-09,147.75
2016-12-13,147.25
2016-12-14,147.0
2016-12-15,146.75
2016-12-16,146.75
2016-12-19,146.25
2016-12-20,145.75
2016-12-21,145.5
2016-12-22,145.25
2016-12-23,144.75
2016-12-26,145.0
2016-12-27,144.75
2016-12-28,144.5
2016-12-29,146.0
2016-12-30,147.0
2017-01-04,148.25
2017-01-05,152.0
2017-01-06,153.25
2017-01-09,152.0
2017-01-10,152.0
2017-01-11,154.25
2017-01-12,154.75
2017-01-16,155.0
2017-01-17,155.75
2017-01-18,155.75
2017-01-19,155.0
2017-01-20,155.25
2017-01-23,155.25
2017-01-24,155.25
2017-01-25,158.5
2017-01-26,163.0
2017-01-27,162.5
2017-01-30,162.0
2017-01-31,160.0
2017-02-01,159.25
2017-02-02,160.5
2017-02-03,160.25
2017-02-06,161.0
2017-02-07,162.5
2017-02-08,167.25
2017-02-09,169.75
2017-02-10,169.75
2017-02-14,169.25
2017-02-15,168.75
2017-02-16,169.0
2017-02-17,171.0
2017-02-20,171.0
2017-02-21,169.0
2017-02-22,168.75
2017-02-23,168.75
2017-02-24,169.75
2017-02-27,169.0
2017-02-28,168.0
2017-03-01,168.75
2017-03-02,169.75
2017-03-03,169.75
2017-03-06,169.0
2017-03-07,169.25
2017-03-08,169.0
2017-03-09,169.5
2017-03-10,169.25
2017-03-13,170.25
2017-03-14,170.25
2017-03-15,170.5
2017-03-16,173.5
2017-03-17,175.75
2017-03-20,176.5
2017-03-21,177.25
2017-03-22,176.25
2017-03-23,177.0
2017-03-24,177.5
2017-03-27,178.75
2017-03-28,179.5
2017-03-29,179.5
2017-03-30,179.25
2017-03-31,178.75
2017-04-03,177.25
2017-04-04,174.5
2017-04-05,170.0
2017-04-07,172.75
2017-04-10,173.25
2017-04-11,173.75
2017-04-12,175.25
2017-04-17,175.5
2017-04-18,174.5
2017-04-19,172.75
2017-04-20,172.75
2017-04-21,174.25
2017-04-24,173.75
2017-04-25,175.25
2017-04-26,175.5
2017-04-27,174.75
2017-04-28,175.0
2017-05-02,175.25
2017-05-03,176.0
2017-05-04,177.25
2017-05-08,178.25
2017-05-09,179.25
2017-05-11,180.0
2017-05-12,180.25
2017-05-15,179.5
2017-05-16,179.5
2017-05-17,180.25
2017-05-18,179.25
2017-05-19,179.5
2017-05-22,178.25
2017-05-23,177.75
2017-05-24,177.75
2017-05-25,177.75
2017-05-26,177.75
2017-05-29,177.75
2017-05-30,177.5
2017-05-31,175.25
2017-06-01,173.5
2017-06-02,174.0
2017-06-05,172.5
2017-06-06,171.75
2017-06-07,172.5
2017-06-08,173.0
2017-06-09,173.75
2017-06-12,173.25
2017-06-13,172.5
2017-06-14,173.75
2017-06-15,173.5
2017-06-16,173.5
2017-06-19,174.75
2017-06-20,175.5
2017-06-21,176.0
2017-06-22,178.5
2017-06-23,179.5
2017-06-26,179.0
2017-06-27,178.5
2017-06-28,177.75
2017-06-29,176.75
2017-06-30,177.0
2017-07-03,178.75
2017-07-04,178.75
2017-07-05,178.5
2017-07-06,179.25
2017-07-07,179.75
2017-07-11,181.75
2017-07-12,186.0
2017-07-13,188.25
2017-07-14,188.75
2017-07-17,188.5
2017-07-18,186.5
2017-07-19,186.75
2017-07-20,187.25
2017-07-21,185.5
2017-07-24,187.0
2017-07-25,190.0
2017-07-26,189.5
2017-07-27,188.25
2017-07-31,186.75
2017-08-01,185.25
2017-08-02,185.25
2017-08-03,186.5
2017-08-04,188.25
2017-08-07,183.25
2017-08-08,183.75
2017-08-09,184.25
2017-08-10,183.25
2017-08-11,180.25
2017-08-15,178.5
2017-08-16,179.25
2017-08-17,180.25
2017-08-18,180.0
2017-08-21,180.5
2017-08-22,181.5
2017-08-23,180.25
2017-08-24,180.25
2017-08-25,181.25
2017-08-28,185.0
2017-08-29,187.0
2017-08-30,188.25
2017-08-31,187.75
2017-09-01,189.5
2017-09-04,191.25
2017-09-05,191.25
2017-09-06,189.75
2017-09-07,190.0
2017-09-08,191.75
2017-09-11,191.5
2017-09-12,191.25
2017-09-13,191.5
2017-09-14,193.25
2017-09-15,194.5
2017-09-18,194.25
2017-09-19,193.75
2017-09-20,191.75
2017-09-21,191.75
2017-09-22,191.75
2017-09-25,192.75
2017-09-26,193.75
2017-09-27,193.0
2017-09-28,193.5
2017-09-29,192.0
2017-10-02,191.0
2017-10-03,191.5
2017-10-04,190.75
2017-10-05,191.0
2017-10-06,191.75
2017-10-09,191.0
2017-10-10,192.75
2017-10-11,194.25
2017-10-12,194.5
2017-10-16,196.25
2017-10-17,198.75
2017-10-18,197.25
2017-10-19,193.5
2017-10-20,192.75
2017-10-24,194.0
2017-10-25,195.75
2017-10-27,194.5
2017-10-30,193.75
2017-10-31,194.5
2017-11-01,193.75
2017-11-02,190.25
2017-11-03,186.75
2017-11-06,185.75
2017-11-07,186.75
2017-11-08,185.75
2017-11-09,182.5
2017-11-10,180.25
2017-11-13,179.25
2017-11-14,179.75
2017-11-15,180.75
2017-11-16,182.0
2017-11-17,182.75
2017-11-20,181.25
2017-11-21,179.0
2017-11-22,179.25
2017-11-23,177.0
2017-11-24,176.25
2017-11-27,177.75
2017-11-28,177.0
2017-11-29,176.25
2017-11-30,175.0
2017-12-01,175.0
2017-12-04,175.75
2017-12-06,177.0
2017-12-07,177.75
2017-12-08,178.0
2017-12-12,178.25
2017-12-13,182.75
2017-12-14,186.25
2017-12-15,186.0
2017-12-18,186.25
2017-12-19,185.25
2017-12-20,184.25
2017-12-21,185.25
2017-12-22,186.0
2017-12-25,186.75
2017-12-26,186.75
2017-12-27,186.75
2017-12-28,188.5
2017-12-29,190.25
