Date,BTS
2008-01-02,5.4
2008-01-03,5.4
2008-01-04,5.300000000000001
2008-01-07,5.2
2008-01-08,5.2
2008-01-09,5.1
2008-01-10,5.0
2008-01-11,4.95
2008-01-14,4.9
2008-01-15,4.9
2008-01-16,4.8
2008-01-17,4.8
2008-01-18,4.85
2008-01-21,4.85
2008-01-22,4.6
2008-01-23,4.55
2008-01-24,4.5
2008-01-25,4.55
2008-01-28,4.55
2008-01-29,4.5
2008-01-30,4.55
2008-01-31,4.9
2008-02-01,5.15
2008-02-04,5.35
2008-02-05,5.25
2008-02-06,5.2
2008-02-07,5.35
2008-02-08,5.6
2008-02-11,5.550000000000001
2008-02-12,5.65
2008-02-13,5.65
2008-02-14,5.5
2008-02-15,5.4
2008-02-18,5.45
2008-02-19,5.45
2008-02-20,5.45
2008-02-22,5.4
2008-02-25,5.45
2008-02-26,5.300000000000001
2008-02-27,5.35
2008-02-28,5.35
2008-02-29,5.550000000000001
2008-03-03,5.6
2008-03-04,5.5
2008-03-05,5.5
2008-03-06,5.45
2008-03-07,5.35
2008-03-10,5.15
2008-03-11,5.199999999999999
2008-03-12,5.300000000000001
2008-03-13,5.25
2008-03-14,5.3
2008-03-17,5.199999999999999
2008-03-18,5.15
2008-03-19,5.15
2008-03-20,5.1
2008-03-21,5.1
2008-03-24,5.05
2008-03-25,5.1
2008-03-26,5.05
2008-03-27,5.05
2008-03-28,5.1
2008-03-31,5.05
2008-04-01,5.1
2008-04-02,5.15
2008-04-03,5.2
2008-04-04,5.35
2008-04-08,5.45
2008-04-09,5.4
2008-04-10,5.3
2008-04-11,5.25
2008-04-16,5.25
2008-04-17,5.25
2008-04-18,5.2
2008-04-21,5.3
2008-04-22,5.3
2008-04-23,5.4
2008-04-24,5.35
2008-04-25,5.35
2008-04-28,5.300000000000001
2008-04-29,5.2
2008-04-30,5.25
2008-05-02,5.2
2008-05-06,5.25
2008-05-07,5.15
2008-05-08,5.1
2008-05-09,5.05
2008-05-12,4.9
2008-05-13,4.8
2008-05-14,4.9
2008-05-15,4.95
2008-05-16,4.9
2008-05-20,4.95
2008-05-21,4.8
2008-05-22,4.8
2008-05-23,4.8
2008-05-26,4.75
2008-05-27,4.7
2008-05-28,4.6
2008-05-29,4.5
2008-05-30,4.5
2008-06-02,4.5
2008-06-03,4.45
2008-06-04,4.4
2008-06-05,4.45
2008-06-06,4.4
2008-06-09,4.3
2008-06-10,4.300000000000001
2008-06-11,4.2
2008-06-12,4.2
2008-06-13,4.15
2008-06-16,4.1
2008-06-17,4.0
2008-06-18,3.8499999999999996
2008-06-19,3.5999999999999996
2008-06-20,3.5
2008-06-23,3.45
2008-06-24,3.55
2008-06-25,3.6500000000000004
2008-06-26,3.75
2008-06-27,3.7
2008-06-30,3.75
2008-07-02,3.75
2008-07-03,3.6
2008-07-04,3.6
2008-07-07,3.55
2008-07-08,3.4
2008-07-09,3.4
2008-07-10,3.4
2008-07-11,3.4
2008-07-14,3.4
2008-07-15,3.25
2008-07-16,3.0
2008-07-18,2.95
2008-07-21,2.95
2008-07-22,2.95
2008-07-23,3.05
2008-07-24,3.1
2008-07-25,3.1
2008-07-28,3.55
2008-07-29,3.6500000000000004
2008-07-30,3.6500000000000004
2008-07-31,3.6
2008-08-01,3.9
2008-08-04,3.5
2008-08-05,3.45
2008-08-06,3.5
2008-08-07,3.6
2008-08-08,3.6
2008-08-11,3.6
2008-08-13,3.6
2008-08-14,3.6500000000000004
2008-08-15,3.6
2008-08-18,3.55
2008-08-19,3.5
2008-08-20,3.3
2008-08-21,3.1500000000000004
2008-08-22,3.1
2008-08-25,3.05
2008-08-26,3.0
2008-08-27,3.05
2008-08-28,3.1
2008-08-29,3.1
2008-09-01,2.95
2008-09-02,2.9
2008-09-03,2.95
2008-09-04,2.95
2008-09-05,2.9
2008-09-08,2.9
2008-09-09,2.9
2008-09-10,2.9
2008-09-11,2.9
2008-09-12,2.9
2008-09-15,2.8499999999999996
2008-09-16,2.75
2008-09-17,2.7
2008-09-18,2.5
2008-09-19,2.6
2008-09-22,2.5
2008-09-23,2.45
2008-09-24,2.4
2008-09-25,2.4
2008-09-26,2.4
2008-09-29,2.3
2008-09-30,2.1500000000000004
2008-10-01,2.25
2008-10-02,2.3
2008-10-03,2.1500000000000004
2008-10-06,2.0
2008-10-07,1.75
2008-10-08,1.65
2008-10-09,1.6
2008-10-10,1.45
2008-10-13,1.4
2008-10-14,1.5
2008-10-15,1.6
2008-10-16,1.55
2008-10-17,1.55
2008-10-20,1.55
2008-10-21,1.6
2008-10-22,1.55
2008-10-24,1.45
2008-10-27,1.35
2008-10-28,1.25
2008-10-29,1.25
2008-10-30,1.25
2008-10-31,1.35
2008-11-03,1.45
2008-11-04,1.5
2008-11-05,1.5
2008-11-06,1.45
2008-11-07,1.55
2008-11-10,1.55
2008-11-11,1.45
2008-11-12,1.45
2008-11-13,1.4
2008-11-14,1.45
2008-11-17,1.4
2008-11-18,1.35
2008-11-19,1.2999999999999998
2008-11-20,1.2
2008-11-21,1.2
2008-11-24,1.15
2008-11-25,1.1
2008-11-26,1.1
2008-11-27,1.1
2008-11-28,1.1
2008-12-01,1.1
2008-12-02,1.1
2008-12-03,1.1
2008-12-04,1.1
2008-12-08,1.15
2008-12-09,1.2
2008-12-11,1.2
2008-12-12,1.2
2008-12-15,1.25
2008-12-16,1.3
2008-12-17,1.35
2008-12-18,1.35
2008-12-19,1.35
2008-12-22,1.35
2008-12-23,1.35
2008-12-24,1.4
2008-12-25,1.4
2008-12-26,1.45
2008-12-29,1.4
2008-12-30,1.4
2009-01-02,1.4
2009-01-05,1.5
2009-01-06,1.45
2009-01-07,1.5
2009-01-08,1.45
2009-01-09,1.45
2009-01-12,1.5
2009-01-13,1.45
2009-01-14,1.4
2009-01-15,1.4
2009-01-16,1.4
2009-01-19,1.45
2009-01-20,1.55
2009-01-21,1.65
2009-01-22,1.9500000000000002
2009-01-23,2.0
2009-01-26,1.95
2009-01-27,2.1
2009-01-28,2.25
2009-01-29,2.3
2009-01-30,2.3
2009-02-02,2.2
2009-02-03,2.45
2009-02-04,2.6500000000000004
2009-02-05,2.6500000000000004
2009-02-06,2.5
2009-02-10,2.3499999999999996
2009-02-11,2.25
2009-02-12,2.2
2009-02-13,2.2
2009-02-16,2.2
2009-02-17,2.2
2009-02-18,2.25
2009-02-19,2.25
2009-02-20,2.1500000000000004
2009-02-23,2.05
2009-02-24,1.9
2009-02-25,1.95
2009-02-26,1.85
2009-02-27,1.85
2009-03-02,1.65
2009-03-03,1.55
2009-03-04,1.75
2009-03-05,1.9
2009-03-06,1.85
2009-03-09,1.9
2009-03-10,2.05
2009-03-11,2.2
2009-03-12,2.2
2009-03-13,2.25
2009-03-16,2.25
2009-03-17,2.3
2009-03-18,2.25
2009-03-19,2.2
2009-03-20,2.2
2009-03-23,2.25
2009-03-24,2.25
2009-03-25,2.2
2009-03-26,2.1500000000000004
2009-03-27,2.2
2009-03-30,2.2
2009-03-31,2.1500000000000004
2009-04-01,2.2
2009-04-02,2.25
2009-04-03,2.2
2009-04-07,2.2
2009-04-08,2.2
2009-04-09,2.25
2009-04-10,2.3499999999999996
2009-04-16,2.4
2009-04-17,2.4
2009-04-20,2.55
2009-04-21,2.6
2009-04-22,2.5
2009-04-23,2.5
2009-04-24,2.55
2009-04-27,2.55
2009-04-28,2.45
2009-04-29,2.55
2009-04-30,2.55
2009-05-04,2.6
2009-05-06,2.6500000000000004
2009-05-07,2.75
2009-05-11,3.1
2009-05-12,3.5
2009-05-13,3.45
2009-05-14,3.3
2009-05-15,3.25
2009-05-18,3.25
2009-05-19,3.55
2009-05-20,3.6
2009-05-21,3.45
2009-05-22,3.45
2009-05-25,3.5
2009-05-26,3.45
2009-05-27,3.45
2009-05-28,3.45
2009-05-29,3.45
2009-06-01,3.45
2009-06-02,3.45
2009-06-03,3.55
2009-06-04,3.6500000000000004
2009-06-05,3.75
2009-06-08,3.65
2009-06-09,3.6
2009-06-10,3.6
2009-06-11,3.55
2009-06-12,3.5
2009-06-15,3.45
2009-06-16,3.3499999999999996
2009-06-17,3.3
2009-06-18,3.2
2009-06-19,3.1
2009-06-22,3.1500000000000004
2009-06-23,3.1
2009-06-24,3.1
2009-06-25,3.1
2009-06-26,3.1
2009-06-29,3.2
2009-06-30,3.2
2009-07-02,3.05
2009-07-03,2.95
2009-07-06,2.9
2009-07-08,2.9
2009-07-09,2.95
2009-07-10,2.95
2009-07-13,2.8499999999999996
2009-07-14,2.9
2009-07-15,2.9
2009-07-16,2.95
2009-07-17,3.0
2009-07-20,3.1500000000000004
2009-07-21,3.2
2009-07-22,3.2
2009-07-23,3.2
2009-07-24,3.2
2009-07-27,3.2
2009-07-28,3.2
2009-07-29,3.25
2009-07-30,3.1500000000000004
2009-07-31,3.1
2009-08-03,3.1
2009-08-04,3.1500000000000004
2009-08-05,3.1
2009-08-06,3.0
2009-08-07,3.0
2009-08-10,3.05
2009-08-11,3.05
2009-08-13,3.1
2009-08-14,3.05
2009-08-17,3.05
2009-08-18,3.1
2009-08-19,3.1500000000000004
2009-08-20,3.3499999999999996
2009-08-21,3.3
2009-08-24,3.3
2009-08-25,3.4
2009-08-26,3.55
2009-08-27,3.55
2009-08-28,3.45
2009-08-31,3.4
2009-09-01,3.5
2009-09-02,3.65
2009-09-03,3.8
2009-09-04,3.9
2009-09-07,3.8499999999999996
2009-09-08,3.75
2009-09-09,3.8
2009-09-10,3.75
2009-09-11,3.8
2009-09-14,3.8499999999999996
2009-09-15,3.9
2009-09-16,3.9
2009-09-17,3.8499999999999996
2009-09-18,3.8
2009-09-21,3.9
2009-09-22,3.9
2009-09-23,3.95
2009-09-24,3.9
2009-09-25,3.9
2009-09-28,3.8499999999999996
2009-09-29,3.8
2009-09-30,3.7
2009-10-01,3.6
2009-10-02,3.6500000000000004
2009-10-05,3.7
2009-10-06,3.6
2009-10-07,3.6
2009-10-08,3.55
2009-10-09,3.5
2009-10-12,3.5
2009-10-13,3.45
2009-10-14,3.35
2009-10-15,3.25
2009-10-16,3.2
2009-10-19,3.5999999999999996
2009-10-20,3.8
2009-10-21,3.7
2009-10-22,3.6500000000000004
2009-10-26,3.6500000000000004
2009-10-27,3.55
2009-10-28,3.55
2009-10-29,3.5
2009-10-30,3.6
2009-11-02,3.6500000000000004
2009-11-03,3.6500000000000004
2009-11-04,3.7
2009-11-05,3.7
2009-11-06,3.6500000000000004
2009-11-09,3.6500000000000004
2009-11-10,3.6
2009-11-11,3.6
2009-11-12,3.6500000000000004
2009-11-13,3.6
2009-11-16,3.6
2009-11-17,3.55
2009-11-18,3.45
2009-11-19,3.3499999999999996
2009-11-20,3.3
2009-11-23,3.3
2009-11-24,3.25
2009-11-25,3.3
2009-11-26,3.2
2009-11-27,3.1500000000000004
2009-11-30,3.1500000000000004
2009-12-01,3.3
2009-12-02,3.3499999999999996
2009-12-03,3.4
2009-12-04,3.4
2009-12-08,3.4
2009-12-09,3.4
2009-12-11,3.4
2009-12-14,3.3499999999999996
2009-12-15,3.3499999999999996
2009-12-16,3.3
2009-12-17,3.3
2009-12-18,3.3
2009-12-21,3.25
2009-12-22,3.4
2009-12-23,3.4
2009-12-24,3.4
2009-12-25,3.4
2009-12-28,3.4
2009-12-29,3.4
2009-12-30,3.4
2010-01-04,3.45
2010-01-05,3.55
2010-01-06,3.5
2010-01-07,3.5
2010-01-08,3.5
2010-01-11,3.5
2010-01-12,3.45
2010-01-13,3.45
2010-01-14,3.4
2010-01-15,3.4
2010-01-18,3.4
2010-01-19,3.4
2010-01-20,3.3499999999999996
2010-01-21,3.25
2010-01-22,3.2
2010-01-25,3.2
2010-01-26,3.2
2010-01-27,3.2
2010-01-28,3.1500000000000004
2010-01-29,3.1500000000000004
2010-02-01,3.3
2010-02-02,3.4
2010-02-03,3.7
2010-02-04,3.9
2010-02-05,3.8
2010-02-08,3.9
2010-02-09,3.8499999999999996
2010-02-10,3.7
2010-02-11,3.6
2010-02-12,3.7
2010-02-15,3.8
2010-02-16,3.8
2010-02-17,3.8
2010-02-18,3.8
2010-02-19,3.8
2010-02-22,3.8499999999999996
2010-02-23,3.8
2010-02-24,3.95
2010-02-25,4.1
2010-02-26,4.199999999999999
2010-03-02,4.1
2010-03-03,4.25
2010-03-04,4.4
2010-03-05,4.550000000000001
2010-03-08,4.7
2010-03-09,4.699999999999999
2010-03-10,4.35
2010-03-11,4.25
2010-03-12,4.35
2010-03-15,4.300000000000001
2010-03-16,4.4
2010-03-17,4.550000000000001
2010-03-18,4.7
2010-03-19,4.7
2010-03-22,4.800000000000001
2010-03-23,4.75
2010-03-24,4.45
2010-03-25,4.4
2010-03-26,4.35
2010-03-29,4.300000000000001
2010-03-30,4.199999999999999
2010-03-31,4.15
2010-04-01,4.300000000000001
2010-04-02,4.4
2010-04-05,4.199999999999999
2010-04-07,4.15
2010-04-08,4.1
2010-04-09,4.05
2010-04-12,3.95
2010-04-16,3.9
2010-04-19,3.8
2010-04-20,3.9
2010-04-21,3.9
2010-04-22,3.9
2010-04-23,3.9
2010-04-26,4.05
2010-04-27,4.05
2010-04-28,3.95
2010-04-29,4.0
2010-04-30,4.3
2010-05-04,4.699999999999999
2010-05-06,4.45
2010-05-07,4.4
2010-05-10,4.4
2010-05-11,4.45
2010-05-12,4.45
2010-05-13,4.4
2010-05-14,4.4
2010-05-17,4.2
2010-05-18,4.25
2010-05-19,4.25
2010-05-20,4.2
2010-05-21,4.1499999999999995
2010-05-24,4.1
2010-05-25,3.8499999999999996
2010-05-26,3.8
2010-05-27,3.8
2010-05-31,3.8
2010-06-01,3.8499999999999996
2010-06-02,3.9
2010-06-03,3.9
2010-06-04,3.9
2010-06-07,3.8499999999999996
2010-06-08,3.8
2010-06-09,3.8499999999999996
2010-06-10,3.8
2010-06-11,3.8
2010-06-14,3.8
2010-06-15,3.9
2010-06-16,4.1
2010-06-17,4.2
2010-06-18,4.55
2010-06-21,4.55
2010-06-22,4.75
2010-06-23,4.85
2010-06-24,4.9
2010-06-25,4.75
2010-06-28,5.15
2010-06-29,5.1
2010-06-30,5.4
2010-07-02,5.4
2010-07-05,5.25
2010-07-06,5.3
2010-07-07,5.55
2010-07-08,5.75
2010-07-09,5.8
2010-07-12,5.65
2010-07-13,5.55
2010-07-14,5.6
2010-07-15,5.6
2010-07-16,5.699999999999999
2010-07-19,5.6
2010-07-20,5.25
2010-07-21,5.3
2010-07-22,5.15
2010-07-23,5.1
2010-07-27,5.15
2010-07-28,5.1
2010-07-29,5.1
2010-07-30,5.15
2010-08-02,5.1
2010-08-03,5.2
2010-08-04,5.2
2010-08-05,5.2
2010-08-06,5.4
2010-08-09,5.75
2010-08-10,5.55
2010-08-11,5.5
2010-08-16,5.45
2010-08-17,5.4
2010-08-18,5.4
2010-08-19,5.55
2010-08-20,5.45
2010-08-23,5.4
2010-08-24,5.4
2010-08-25,5.4
2010-08-26,5.45
2010-08-27,5.55
2010-08-30,5.6
2010-08-31,5.55
2010-09-01,5.55
2010-09-02,5.55
2010-09-03,5.5
2010-09-06,5.4
2010-09-07,5.35
2010-09-08,5.2
2010-09-09,5.2
2010-09-10,5.2
2010-09-13,5.2
2010-09-14,5.15
2010-09-15,5.1
2010-09-16,5.1
2010-09-17,5.1
2010-09-20,5.1
2010-09-21,5.1
2010-09-22,5.199999999999999
2010-09-23,5.25
2010-09-24,5.2
2010-09-27,5.2
2010-09-28,5.15
2010-09-29,5.2
2010-09-30,5.2
2010-10-01,5.2
2010-10-04,5.15
2010-10-05,5.1
2010-10-06,5.15
2010-10-07,5.1
2010-10-08,5.15
2010-10-11,5.25
2010-10-12,5.3
2010-10-13,5.45
2010-10-14,5.45
2010-10-15,5.35
2010-10-18,5.15
2010-10-19,5.2
2010-10-20,5.15
2010-10-21,5.2
2010-10-22,5.2
2010-10-26,5.2
2010-10-27,5.2
2010-10-28,5.1
2010-10-29,5.15
2010-11-01,5.2
2010-11-02,5.15
2010-11-03,5.1
2010-11-04,5.15
2010-11-05,5.25
2010-11-08,5.2
2010-11-09,5.15
2010-11-10,5.2
2010-11-11,5.2
2010-11-12,5.15
2010-11-15,5.1
2010-11-16,5.05
2010-11-17,4.95
2010-11-18,4.9
2010-11-19,4.9
2010-11-22,4.95
2010-11-23,4.9
2010-11-24,4.9
2010-11-25,4.9
2010-11-26,4.95
2010-11-29,4.9
2010-11-30,5.0
2010-12-01,5.15
2010-12-02,5.15
2010-12-03,5.2
2010-12-07,5.15
2010-12-08,5.1
2010-12-09,5.15
2010-12-13,5.15
2010-12-14,5.1
2010-12-15,5.15
2010-12-16,5.1
2010-12-17,5.1
2010-12-20,5.05
2010-12-21,5.1
2010-12-22,5.1
2010-12-23,5.1
2010-12-24,5.1
2010-12-27,5.1
2010-12-28,5.1
2010-12-29,5.1
2010-12-30,5.1
2011-01-04,5.300000000000001
2011-01-05,5.5
2011-01-06,5.55
2011-01-07,5.45
2011-01-10,5.25
2011-01-11,5.2
2011-01-12,5.15
2011-01-13,5.15
2011-01-14,5.1
2011-01-17,5.1
2011-01-18,5.1
2011-01-19,5.1
2011-01-20,5.1
2011-01-21,5.05
2011-01-24,4.8
2011-01-25,4.6
2011-01-26,4.6
2011-01-27,4.75
2011-01-28,4.699999999999999
2011-01-31,4.6
2011-02-01,4.55
2011-02-02,4.55
2011-02-03,4.6
2011-02-04,4.65
2011-02-07,4.65
2011-02-08,4.65
2011-02-09,4.6
2011-02-10,4.55
2011-02-11,4.6
2011-02-14,4.6
2011-02-15,4.55
2011-02-16,4.6
2011-02-17,4.6
2011-02-18,4.6
2011-02-21,4.6
2011-02-22,4.5
2011-02-23,4.5
2011-02-24,4.45
2011-02-25,4.4
2011-02-28,4.4
2011-03-01,4.45
2011-03-02,4.4
2011-03-03,4.45
2011-03-04,4.45
2011-03-07,4.65
2011-03-08,4.8
2011-03-09,4.9
2011-03-10,4.85
2011-03-11,4.8
2011-03-14,4.8
2011-03-15,4.699999999999999
2011-03-16,4.7
2011-03-17,4.6
2011-03-21,4.699999999999999
2011-03-22,4.65
2011-03-23,4.65
2011-03-24,4.75
2011-03-25,4.699999999999999
2011-03-28,4.7
2011-03-29,4.7
2011-03-30,4.75
2011-03-31,4.7
2011-04-01,4.8
2011-04-04,4.8
2011-04-05,4.85
2011-04-07,4.8
2011-04-08,4.8
2011-04-11,4.8
2011-04-12,4.75
2011-04-18,4.8
2011-04-19,4.85
2011-04-20,4.9
2011-04-21,4.9
2011-04-22,4.85
2011-04-25,4.85
2011-04-26,4.8
2011-04-27,4.85
2011-04-28,4.85
2011-04-29,4.8
2011-05-03,4.75
2011-05-04,4.8
2011-05-06,4.75
2011-05-09,4.8
2011-05-10,4.8
2011-05-11,4.8
2011-05-12,4.75
2011-05-13,4.7
2011-05-18,4.7
2011-05-19,4.7
2011-05-20,4.7
2011-05-23,4.65
2011-05-24,4.6
2011-05-25,4.55
2011-05-26,4.6
2011-05-27,4.6
2011-05-30,4.6
2011-05-31,4.6
2011-06-01,4.65
2011-06-02,4.55
2011-06-03,4.55
2011-06-06,4.55
2011-06-07,4.45
2011-06-08,4.35
2011-06-09,4.25
2011-06-10,4.2
2011-06-13,4.15
2011-06-14,4.15
2011-06-15,4.2
2011-06-16,4.15
2011-06-17,4.2
2011-06-20,4.2
2011-06-21,4.2
2011-06-22,4.2
2011-06-23,4.2
2011-06-24,4.25
2011-06-27,4.2
2011-06-28,4.2
2011-06-29,4.2
2011-06-30,4.2
2011-07-04,4.35
2011-07-05,4.35
2011-07-06,4.35
2011-07-07,4.4
2011-07-08,4.4
2011-07-11,4.35
2011-07-12,4.3
2011-07-13,4.35
2011-07-14,4.3
2011-07-18,4.45
2011-07-19,4.4
2011-07-20,4.4
2011-07-21,4.4
2011-07-22,4.45
2011-07-25,4.45
2011-07-26,4.6
2011-07-27,4.6
2011-07-28,4.6
2011-07-29,4.6
2011-08-01,4.6
2011-08-02,4.6
2011-08-03,4.55
2011-08-04,4.45
2011-08-05,4.3
2011-08-08,4.25
2011-08-09,4.15
2011-08-10,4.2
2011-08-11,4.1
2011-08-15,4.2
2011-08-16,4.25
2011-08-17,4.35
2011-08-18,4.300000000000001
2011-08-19,4.2
2011-08-22,4.2
2011-08-23,4.2
2011-08-24,4.15
2011-08-25,4.05
2011-08-26,4.0
2011-08-29,4.05
2011-08-30,4.1
2011-08-31,4.1
2011-09-01,4.15
2011-09-02,4.1
2011-09-05,4.1
2011-09-06,4.1
2011-09-07,4.1
2011-09-08,4.1
2011-09-09,4.15
2011-09-12,4.1
2011-09-13,4.1
2011-09-14,4.05
2011-09-15,4.15
2011-09-16,4.2
2011-09-19,4.15
2011-09-20,4.1
2011-09-21,4.15
2011-09-22,4.05
2011-09-23,3.95
2011-09-26,3.8499999999999996
2011-09-27,3.8
2011-09-28,3.8
2011-09-29,3.75
2011-09-30,3.75
2011-10-03,3.5
2011-10-04,3.3
2011-10-05,3.25
2011-10-06,3.4
2011-10-07,3.6
2011-10-10,3.6
2011-10-11,3.8
2011-10-12,3.8
2011-10-13,3.75
2011-10-14,3.75
2011-10-17,3.8499999999999996
2011-10-18,3.8
2011-10-19,3.7
2011-10-20,3.5
2011-10-21,3.5
2011-10-25,3.6
2011-10-26,3.6
2011-10-27,3.6
2011-10-28,3.7
2011-10-31,3.75
2011-11-01,3.7
2011-11-02,3.75
2011-11-03,3.8
2011-11-04,3.75
2011-11-07,3.75
2011-11-08,3.8
2011-11-09,3.8
2011-11-10,3.8
2011-11-11,3.8
2011-11-14,3.8499999999999996
2011-11-15,3.95
2011-11-16,3.95
2011-11-17,4.0
2011-11-18,3.9
2011-11-21,3.95
2011-11-22,3.95
2011-11-23,4.1
2011-11-24,4.15
2011-11-25,4.1
2011-11-28,4.15
2011-11-29,4.15
2011-11-30,4.15
2011-12-01,4.2
2011-12-02,4.2
2011-12-06,4.2
2011-12-07,4.25
2011-12-08,4.3
2011-12-09,4.3
2011-12-13,4.3
2011-12-14,4.25
2011-12-15,4.2
2011-12-16,4.2
2011-12-19,4.2
2011-12-20,4.3
2011-12-21,4.300000000000001
2011-12-22,4.3
2011-12-23,4.25
2011-12-26,4.25
2011-12-27,4.2
2011-12-28,4.2
2011-12-29,4.35
2011-12-30,4.4
2012-01-04,4.4
2012-01-05,4.4
2012-01-06,4.4
2012-01-09,4.45
2012-01-10,4.45
2012-01-11,4.4
2012-01-12,4.4
2012-01-13,4.4
2012-01-16,4.45
2012-01-17,4.45
2012-01-18,4.4
2012-01-19,4.5
2012-01-20,4.45
2012-01-23,4.4
2012-01-24,4.4
2012-01-25,4.4
2012-01-26,4.3
2012-01-27,4.3
2012-01-30,4.25
2012-01-31,4.3
2012-02-01,4.35
2012-02-02,4.35
2012-02-03,4.3
2012-02-06,4.25
2012-02-07,4.3
2012-02-08,4.35
2012-02-09,4.4
2012-02-10,4.3
2012-02-13,4.3
2012-02-14,4.3
2012-02-15,4.5
2012-02-16,4.65
2012-02-17,4.6
2012-02-20,4.7
2012-02-21,4.7
2012-02-22,4.7
2012-02-23,4.7
2012-02-24,4.75
2012-02-27,4.65
2012-02-28,4.6
2012-02-29,4.6
2012-03-01,4.65
2012-03-02,4.7
2012-03-05,4.65
2012-03-06,4.65
2012-03-08,4.65
2012-03-09,4.7
2012-03-12,4.65
2012-03-13,4.7
2012-03-14,4.75
2012-03-15,4.7
2012-03-16,4.85
2012-03-19,4.85
2012-03-20,4.85
2012-03-21,4.8
2012-03-22,4.8
2012-03-23,4.8
2012-03-26,4.8
2012-03-27,4.8
2012-03-28,4.8
2012-03-29,4.85
2012-03-30,4.9
2012-04-02,4.9
2012-04-03,4.85
2012-04-04,4.9
2012-04-05,4.9
2012-04-10,4.85
2012-04-11,4.8
2012-04-12,4.8
2012-04-17,4.8
2012-04-18,4.9
2012-04-19,4.9
2012-04-20,4.9
2012-04-23,5.05
2012-04-24,5.15
2012-04-25,5.15
2012-04-26,5.2
2012-04-27,5.2
2012-04-30,5.25
2012-05-02,5.35
2012-05-03,5.35
2012-05-04,5.4
2012-05-08,5.45
2012-05-09,5.300000000000001
2012-05-10,5.15
2012-05-11,5.15
2012-05-14,5.0
2012-05-15,4.9
2012-05-16,4.85
2012-05-17,4.75
2012-05-18,4.65
2012-05-21,4.75
2012-05-22,4.8
2012-05-23,4.75
2012-05-24,4.65
2012-05-25,4.75
2012-05-28,4.8
2012-05-29,4.8
2012-05-30,4.8
2012-05-31,4.8
2012-06-01,4.8
2012-06-05,4.699999999999999
2012-06-06,4.7
2012-06-07,4.75
2012-06-08,4.7
2012-06-11,4.8
2012-06-12,4.8
2012-06-13,4.8
2012-06-14,4.9
2012-06-15,5.1
2012-06-18,5.1
2012-06-19,5.05
2012-06-20,5.05
2012-06-21,5.1
2012-06-22,5.0
2012-06-25,5.05
2012-06-26,4.9
2012-06-27,4.9
2012-06-28,4.9
2012-06-29,4.9
2012-07-02,4.9
2012-07-03,4.9
2012-07-04,4.9
2012-07-05,4.9
2012-07-06,4.9
2012-07-09,4.9
2012-07-10,4.9
2012-07-11,4.9
2012-07-12,4.9
2012-07-13,4.9
2012-07-16,4.95
2012-07-17,4.95
2012-07-18,5.05
2012-07-19,5.1
2012-07-20,5.05
2012-07-23,4.95
2012-07-24,4.9
2012-07-25,4.9
2012-07-26,4.95
2012-07-27,5.0
2012-07-30,5.05
2012-07-31,5.05
2012-08-01,5.15
2012-08-03,5.2
2012-08-06,5.25
2012-08-07,5.2
2012-08-08,5.25
2012-08-09,5.4
2012-08-10,5.35
2012-08-14,5.25
2012-08-15,5.2
2012-08-16,5.2
2012-08-17,5.25
2012-08-20,5.300000000000001
2012-08-21,5.35
2012-08-22,5.25
2012-08-23,5.2
2012-08-24,5.2
2012-08-27,5.300000000000001
2012-08-28,5.6
2012-08-29,5.65
2012-08-30,5.5
2012-08-31,5.5
2012-09-03,5.5
2012-09-04,5.4
2012-09-05,5.3
2012-09-06,5.3
2012-09-07,5.35
2012-09-10,5.4
2012-09-11,5.4
2012-09-12,5.4
2012-09-13,5.5
2012-09-14,5.6
2012-09-17,5.65
2012-09-18,5.6
2012-09-19,5.6
2012-09-20,5.699999999999999
2012-09-21,5.8
2012-09-24,5.85
2012-09-25,5.85
2012-09-26,5.699999999999999
2012-09-27,5.65
2012-09-28,5.699999999999999
2012-10-01,5.75
2012-10-02,5.8
2012-10-03,5.65
2012-10-04,5.65
2012-10-05,5.8
2012-10-08,6.0
2012-10-09,6.0
2012-10-10,6.0
2012-10-11,5.9
2012-10-12,5.8
2012-10-15,5.8
2012-10-16,5.8
2012-10-17,5.8
2012-10-18,5.75
2012-10-19,5.7
2012-10-22,5.7
2012-10-24,5.65
2012-10-25,5.6
2012-10-26,5.6
2012-10-29,5.6
2012-10-30,5.55
2012-10-31,5.699999999999999
2012-11-01,5.8
2012-11-02,5.85
2012-11-05,5.9
2012-11-06,5.9
2012-11-07,6.1
2012-11-08,6.2
2012-11-09,6.5
2012-11-12,6.550000000000001
2012-11-13,6.300000000000001
2012-11-14,6.15
2012-11-15,6.15
2012-11-16,6.2
2012-11-19,6.25
2012-11-20,6.300000000000001
2012-11-21,6.2
2012-11-22,6.2
2012-11-23,6.2
2012-11-26,6.2
2012-11-27,6.25
2012-11-28,6.25
2012-11-29,6.35
2012-11-30,6.4
2012-12-03,6.4
2012-12-04,6.45
2012-12-06,6.45
2012-12-07,6.4
2012-12-11,6.4
2012-12-12,6.4
2012-12-13,6.45
2012-12-14,6.65
2012-12-17,6.8
2012-12-18,6.85
2012-12-19,6.8
2012-12-20,6.85
2012-12-21,6.8
2012-12-24,6.85
2012-12-25,7.0
2012-12-26,7.1
2012-12-27,7.1
2012-12-28,7.15
2013-01-02,7.2
2013-01-03,7.1
2013-01-04,7.05
2013-01-07,7.05
2013-01-08,7.1
2013-01-09,7.1
2013-01-10,7.0
2013-01-11,7.0
2013-01-14,7.1
2013-01-15,7.2
2013-01-16,7.2
2013-01-17,7.300000000000001
2013-01-18,7.4
2013-01-21,7.45
2013-01-22,7.5
2013-01-23,7.5
2013-01-24,7.45
2013-01-25,7.699999999999999
2013-01-28,7.8
2013-01-29,7.9
2013-01-30,8.0
2013-01-31,7.9
2013-02-01,7.9
2013-02-04,8.0
2013-02-05,7.95
2013-02-06,8.1
2013-02-07,8.2
2013-02-08,8.3
2013-02-11,8.4
2013-02-12,8.350000000000001
2013-02-13,8.4
2013-02-14,8.3
2013-02-15,8.05
2013-02-18,8.1
2013-02-19,8.2
2013-02-20,8.2
2013-02-21,8.2
2013-02-22,8.2
2013-02-26,8.2
2013-02-27,8.2
2013-02-28,8.2
2013-03-01,8.2
2013-03-04,8.350000000000001
2013-03-05,8.45
2013-03-06,8.6
2013-03-07,8.6
2013-03-08,8.8
2013-03-11,8.850000000000001
2013-03-12,8.8
2013-03-13,8.75
2013-03-14,8.75
2013-03-15,8.95
2013-03-18,9.3
2013-03-19,9.5
2013-03-20,9.5
2013-03-21,9.3
2013-03-22,8.95
2013-03-25,9.0
2013-03-26,9.1
2013-03-27,9.2
2013-03-28,9.149999999999999
2013-03-29,9.3
2013-04-01,9.350000000000001
2013-04-02,9.4
2013-04-03,9.3
2013-04-04,8.9
2013-04-05,9.05
2013-04-09,8.9
2013-04-10,8.850000000000001
2013-04-11,9.0
2013-04-12,9.0
2013-04-17,8.95
2013-04-18,9.1
2013-04-19,9.3
2013-04-22,9.149999999999999
2013-04-23,9.0
2013-04-24,8.95
2013-04-25,8.95
2013-04-26,9.0
2013-04-29,9.0
2013-04-30,9.0
2013-05-02,8.9
2013-05-03,8.7
2013-05-07,8.55
2013-05-08,8.6
2013-05-09,8.55
2013-05-10,8.5
2013-05-13,8.4
2013-05-14,8.600000000000001
2013-05-15,8.75
2013-05-16,8.55
2013-05-17,8.55
2013-05-20,8.6
2013-05-21,8.45
2013-05-22,8.4
2013-05-23,8.4
2013-05-27,8.3
2013-05-28,8.25
2013-05-29,8.6
2013-05-30,8.45
2013-05-31,8.3
2013-06-03,8.149999999999999
2013-06-04,8.2
2013-06-05,8.149999999999999
2013-06-06,8.05
2013-06-07,8.0
2013-06-10,8.2
2013-06-11,8.0
2013-06-12,7.8
2013-06-13,7.5
2013-06-14,7.75
2013-06-17,8.05
2013-06-18,8.0
2013-06-19,7.800000000000001
2013-06-20,7.4
2013-06-21,7.25
2013-06-24,7.25
2013-06-25,7.35
2013-06-26,7.550000000000001
2013-06-27,7.699999999999999
2013-06-28,7.699999999999999
2013-07-02,7.699999999999999
2013-07-03,7.75
2013-07-04,7.699999999999999
2013-07-05,7.7
2013-07-08,7.699999999999999
2013-07-09,7.8
2013-07-10,7.699999999999999
2013-07-11,7.9
2013-07-12,8.0
2013-07-15,8.0
2013-07-16,8.0
2013-07-17,8.15
2013-07-18,8.4
2013-07-19,8.5
2013-07-23,8.6
2013-07-24,8.5
2013-07-25,8.3
2013-07-26,8.3
2013-07-29,8.3
2013-07-30,8.1
2013-07-31,8.0
2013-08-01,8.1
2013-08-02,8.1
2013-08-05,8.0
2013-08-06,7.95
2013-08-07,8.2
2013-08-08,8.350000000000001
2013-08-09,8.5
2013-08-13,8.6
2013-08-14,8.6
2013-08-15,8.55
2013-08-16,8.4
2013-08-19,8.350000000000001
2013-08-20,8.25
2013-08-21,8.350000000000001
2013-08-22,8.05
2013-08-23,8.1
2013-08-26,8.0
2013-08-27,7.65
2013-08-28,7.4
2013-08-29,7.55
2013-08-30,7.6
2013-09-02,7.949999999999999
2013-09-03,7.95
2013-09-04,7.9
2013-09-05,7.9
2013-09-06,7.95
2013-09-09,8.05
2013-09-10,8.05
2013-09-11,8.05
2013-09-12,8.1
2013-09-13,8.1
2013-09-16,8.399999999999999
2013-09-17,8.55
2013-09-18,8.7
2013-09-19,8.9
2013-09-20,8.850000000000001
2013-09-23,8.75
2013-09-24,8.649999999999999
2013-09-25,8.8
2013-09-26,8.850000000000001
2013-09-27,8.850000000000001
2013-09-30,8.75
2013-10-01,8.8
2013-10-02,8.8
2013-10-03,8.8
2013-10-04,8.9
2013-10-07,8.85
2013-10-08,8.8
2013-10-09,8.8
2013-10-10,8.95
2013-10-11,9.05
2013-10-14,9.1
2013-10-15,9.2
2013-10-16,8.850000000000001
2013-10-17,8.850000000000001
2013-10-18,8.9
2013-10-21,8.850000000000001
2013-10-22,8.8
2013-10-24,8.8
2013-10-25,8.850000000000001
2013-10-28,8.9
2013-10-29,8.95
2013-10-30,8.9
2013-10-31,8.75
2013-11-01,8.8
2013-11-04,8.65
2013-11-05,8.75
2013-11-06,9.0
2013-11-07,9.0
2013-11-08,9.1
2013-11-11,9.1
2013-11-12,9.2
2013-11-13,9.149999999999999
2013-11-14,9.2
2013-11-15,9.2
2013-11-18,9.25
2013-11-19,9.3
2013-11-20,9.4
2013-11-21,9.15
2013-11-22,9.149999999999999
2013-11-25,9.1
2013-11-26,8.95
2013-11-27,8.95
2013-11-28,9.1
2013-11-29,9.2
2013-12-02,9.3
2013-12-03,9.3
2013-12-04,9.149999999999999
2013-12-06,9.05
2013-12-09,9.0
2013-12-11,9.0
2013-12-12,8.9
2013-12-13,8.850000000000001
2013-12-16,8.850000000000001
2013-12-17,8.9
2013-12-18,8.95
2013-12-19,8.95
2013-12-20,8.850000000000001
2013-12-23,8.75
2013-12-24,8.6
2013-12-25,8.75
2013-12-26,8.7
2013-12-27,8.7
2014-01-02,8.45
2014-01-03,8.0
2014-01-06,7.9
2014-01-07,8.1
2014-01-08,8.1
2014-01-09,8.1
2014-01-10,8.1
2014-01-13,8.3
2014-01-14,8.4
2014-01-15,8.4
2014-01-16,8.4
2014-01-17,8.45
2014-01-20,8.4
2014-01-21,8.45
2014-01-22,8.4
2014-01-23,8.350000000000001
2014-01-24,8.4
2014-01-27,8.2
2014-01-28,8.2
2014-01-29,8.149999999999999
2014-01-30,8.0
2014-01-31,8.05
2014-02-03,8.1
2014-02-04,8.149999999999999
2014-02-05,8.2
2014-02-06,8.25
2014-02-07,8.350000000000001
2014-02-10,8.4
2014-02-11,8.3
2014-02-12,8.3
2014-02-13,8.4
2014-02-17,8.4
2014-02-18,8.4
2014-02-19,8.3
2014-02-20,8.2
2014-02-21,8.2
2014-02-24,8.149999999999999
2014-02-25,8.149999999999999
2014-02-26,8.2
2014-02-27,8.2
2014-02-28,8.350000000000001
2014-03-03,8.3
2014-03-04,8.25
2014-03-05,8.25
2014-03-06,8.350000000000001
2014-03-07,8.4
2014-03-10,8.55
2014-03-11,8.6
2014-03-12,8.6
2014-03-13,8.6
2014-03-14,8.6
2014-03-17,8.6
2014-03-18,8.6
2014-03-19,8.6
2014-03-20,8.5
2014-03-21,8.5
2014-03-24,8.45
2014-03-25,8.4
2014-03-26,8.45
2014-03-27,8.4
2014-03-28,8.4
2014-03-31,8.4
2014-04-01,8.5
2014-04-02,8.5
2014-04-03,8.4
2014-04-04,8.4
2014-04-08,8.4
2014-04-09,8.4
2014-04-10,8.55
2014-04-11,8.6
2014-04-16,8.6
2014-04-17,8.5
2014-04-18,8.45
2014-04-21,8.45
2014-04-22,8.4
2014-04-23,8.4
2014-04-24,8.4
2014-04-25,8.4
2014-04-28,8.350000000000001
2014-04-29,8.350000000000001
2014-04-30,8.4
2014-05-02,8.350000000000001
2014-05-06,8.3
2014-05-07,8.25
2014-05-08,8.2
2014-05-09,8.05
2014-05-12,8.05
2014-05-14,8.05
2014-05-15,8.1
2014-05-16,8.05
2014-05-19,8.1
2014-05-20,8.05
2014-05-21,8.05
2014-05-22,8.05
2014-05-23,8.0
2014-05-26,8.2
2014-05-27,8.2
2014-05-28,8.350000000000001
2014-05-29,8.350000000000001
2014-05-30,8.350000000000001
2014-06-02,8.5
2014-06-03,8.6
2014-06-04,8.7
2014-06-05,8.55
2014-06-06,8.6
2014-06-09,8.55
2014-06-10,8.6
2014-06-11,8.6
2014-06-12,8.55
2014-06-13,8.45
2014-06-16,8.5
2014-06-17,8.6
2014-06-18,8.6
2014-06-19,8.8
2014-06-20,8.9
2014-06-23,8.9
2014-06-24,8.850000000000001
2014-06-25,8.8
2014-06-26,8.8
2014-06-27,8.8
2014-06-30,8.7
2014-07-02,8.649999999999999
2014-07-03,8.8
2014-07-04,8.75
2014-07-07,8.8
2014-07-08,8.8
2014-07-09,8.8
2014-07-10,8.75
2014-07-14,8.7
2014-07-15,8.8
2014-07-16,8.75
2014-07-17,8.75
2014-07-18,8.75
2014-07-21,8.8
2014-07-22,8.7
2014-07-23,8.7
2014-07-24,8.7
2014-07-25,8.7
2014-07-28,8.75
2014-07-29,8.7
2014-07-30,8.649999999999999
2014-07-31,8.6
2014-08-01,8.55
2014-08-04,8.8
2014-08-05,8.850000000000001
2014-08-06,8.95
2014-08-07,9.149999999999999
2014-08-08,9.2
2014-08-13,9.35
2014-08-14,9.6
2014-08-15,9.7
2014-08-18,9.7
2014-08-19,9.6
2014-08-20,9.649999999999999
2014-08-21,9.6
2014-08-22,9.55
2014-08-25,9.7
2014-08-26,9.7
2014-08-27,9.7
2014-08-28,9.75
2014-08-29,9.649999999999999
2014-09-01,9.6
2014-09-02,9.6
2014-09-03,9.7
2014-09-04,9.7
2014-09-05,9.6
2014-09-08,9.6
2014-09-09,9.6
2014-09-10,9.45
2014-09-11,9.4
2014-09-12,9.5
2014-09-15,9.45
2014-09-16,9.4
2014-09-17,9.5
2014-09-18,9.6
2014-09-19,9.6
2014-09-22,9.6
2014-09-23,9.6
2014-09-24,9.85
2014-09-25,9.95
2014-09-26,9.95
2014-09-29,9.95
2014-09-30,9.95
2014-10-01,9.95
2014-10-02,9.850000000000001
2014-10-03,9.8
2014-10-06,9.9
2014-10-07,10.1
2014-10-08,10.05
2014-10-09,10.2
2014-10-10,10.1
2014-10-13,10.05
2014-10-14,10.0
2014-10-15,10.05
2014-10-16,10.05
2014-10-17,10.2
2014-10-20,10.25
2014-10-21,10.2
2014-10-22,10.2
2014-10-24,10.2
2014-10-27,10.1
2014-10-28,10.1
2014-10-29,10.2
2014-10-30,10.149999999999999
2014-10-31,10.25
2014-11-03,10.25
2014-11-04,10.350000000000001
2014-11-05,10.35
2014-11-06,10.3
2014-11-07,10.350000000000001
2014-11-10,10.3
2014-11-11,10.3
2014-11-12,10.3
2014-11-13,10.3
2014-11-14,10.3
2014-11-17,10.3
2014-11-18,10.3
2014-11-19,10.3
2014-11-20,10.25
2014-11-21,10.2
2014-11-24,10.2
2014-11-25,10.216666666666667
2014-11-26,10.233333333333333
2014-11-27,10.25
2014-11-28,10.05
2014-12-01,10.15
2014-12-02,10.25
2014-12-03,10.2
2014-12-04,10.149999999999999
2014-12-08,10.25
2014-12-09,10.149999999999999
2014-12-11,10.05
2014-12-12,9.9
2014-12-15,9.6
2014-12-16,9.5
2014-12-17,9.5
2014-12-18,9.649999999999999
2014-12-19,9.8
2014-12-22,9.8
2014-12-23,9.75
2014-12-24,9.7
2014-12-25,9.6
2014-12-26,9.6
2014-12-29,9.6
2014-12-30,9.55
2015-01-05,9.6
2015-01-06,9.7
2015-01-07,9.850000000000001
2015-01-08,10.0
2015-01-09,10.0
2015-01-12,10.149999999999999
2015-01-13,10.3
2015-01-14,10.3
2015-01-15,10.25
2015-01-16,10.2
2015-01-19,10.3
2015-01-20,10.3
2015-01-21,10.3
2015-01-22,10.0
2015-01-23,10.0
2015-01-26,10.05
2015-01-27,10.0
2015-01-28,10.0
2015-01-29,9.95
2015-01-30,9.9
2015-02-02,9.850000000000001
2015-02-03,9.95
2015-02-04,9.85
2015-02-05,9.75
2015-02-06,9.850000000000001
2015-02-09,9.850000000000001
2015-02-10,10.05
2015-02-11,10.149999999999999
2015-02-12,10.05
2015-02-13,9.95
2015-02-16,9.9
2015-02-17,9.850000000000001
2015-02-18,9.8
2015-02-19,9.8
2015-02-20,9.8
2015-02-23,9.75
2015-02-24,9.7
2015-02-25,9.649999999999999
2015-02-26,9.6
2015-02-27,9.6
2015-03-02,9.6
2015-03-03,9.55
2015-03-05,9.5
2015-03-06,9.649999999999999
2015-03-09,9.6
2015-03-10,9.55
2015-03-11,9.45
2015-03-12,9.45
2015-03-13,9.4
2015-03-16,9.3
2015-03-17,9.2
2015-03-18,9.3
2015-03-19,9.4
2015-03-20,9.350000000000001
2015-03-23,9.3
2015-03-24,9.25
2015-03-25,9.2
2015-03-26,9.149999999999999
2015-03-27,9.1
2015-03-30,9.05
2015-03-31,9.149999999999999
2015-04-01,9.2
2015-04-02,9.350000000000001
2015-04-03,9.4
2015-04-07,9.350000000000001
2015-04-08,9.25
2015-04-09,9.2
2015-04-10,9.2
2015-04-16,9.25
2015-04-17,9.2
2015-04-20,9.2
2015-04-21,9.25
2015-04-22,9.3
2015-04-23,9.25
2015-04-24,9.25
2015-04-27,9.25
2015-04-28,9.2
2015-04-29,9.25
2015-04-30,9.2
2015-05-04,9.2
2015-05-06,9.2
2015-05-07,9.1
2015-05-08,9.0
2015-05-11,9.0
2015-05-12,9.1
2015-05-13,9.05
2015-05-14,9.0
2015-05-15,9.1
2015-05-18,9.2
2015-05-19,9.2
2015-05-20,9.25
2015-05-21,9.4
2015-05-22,9.4
2015-05-25,9.350000000000001
2015-05-26,9.4
2015-05-27,9.4
2015-05-28,9.4
2015-05-29,9.5
2015-06-02,9.5
2015-06-03,9.45
2015-06-04,9.5
2015-06-05,9.6
2015-06-08,9.7
2015-06-09,9.8
2015-06-10,9.8
2015-06-11,9.9
2015-06-12,10.0
2015-06-15,9.95
2015-06-16,9.95
2015-06-17,10.1
2015-06-18,10.1
2015-06-19,9.95
2015-06-22,9.95
2015-06-23,10.0
2015-06-24,10.05
2015-06-25,10.1
2015-06-26,10.05
2015-06-29,10.05
2015-06-30,10.0
2015-07-02,10.0
2015-07-03,10.05
2015-07-06,10.05
2015-07-07,10.1
2015-07-08,10.0
2015-07-09,10.0
2015-07-10,10.05
2015-07-13,10.0
2015-07-14,10.0
2015-07-15,10.149999999999999
2015-07-16,10.3
2015-07-17,10.3
2015-07-20,10.3
2015-07-21,10.25
2015-07-22,10.149999999999999
2015-07-23,10.2
2015-07-24,10.2
2015-07-27,10.25
2015-07-28,10.149999999999999
2015-07-29,10.05
2015-07-31,9.9
2015-08-03,9.8
2015-08-04,9.95
2015-08-05,10.0
2015-08-06,9.850000000000001
2015-08-07,9.8
2015-08-10,9.75
2015-08-11,9.7
2015-08-13,9.6
2015-08-14,9.649999999999999
2015-08-17,9.7
2015-08-18,9.4
2015-08-19,9.45
2015-08-20,9.5
2015-08-21,9.45
2015-08-24,9.3
2015-08-25,9.3
2015-08-26,9.350000000000001
2015-08-27,9.5
2015-08-28,9.649999999999999
2015-08-31,9.7
2015-09-01,9.75
2015-09-02,9.7
2015-09-03,9.75
2015-09-04,9.7
2015-09-07,9.649999999999999
2015-09-08,9.6
2015-09-09,9.75
2015-09-10,9.9
2015-09-11,9.95
2015-09-14,9.850000000000001
2015-09-15,9.75
2015-09-16,9.850000000000001
2015-09-17,9.8
2015-09-18,9.7
2015-09-21,9.7
2015-09-22,9.8
2015-09-23,9.7
2015-09-24,9.75
2015-09-25,9.8
2015-09-28,9.75
2015-09-29,9.649999999999999
2015-09-30,9.8
2015-10-01,9.7
2015-10-02,9.649999999999999
2015-10-05,9.8
2015-10-06,9.8
2015-10-07,9.75
2015-10-08,9.649999999999999
2015-10-09,9.75
2015-10-12,9.850000000000001
2015-10-13,9.8
2015-10-14,9.8
2015-10-15,9.75
2015-10-16,9.850000000000001
2015-10-19,9.8
2015-10-20,9.8
2015-10-21,9.8
2015-10-22,9.75
2015-10-26,9.75
2015-10-27,9.75
2015-10-28,9.649999999999999
2015-10-29,9.6
2015-10-30,9.6
2015-11-02,9.7
2015-11-03,9.7
2015-11-04,9.649999999999999
2015-11-05,9.7
2015-11-06,9.75
2015-11-09,9.649999999999999
2015-11-10,9.6
2015-11-11,9.6
2015-11-12,9.55
2015-11-13,9.6
2015-11-16,9.55
2015-11-17,9.45
2015-11-18,9.4
2015-11-19,9.4
2015-11-20,9.45
2015-11-23,9.5
2015-11-24,9.45
2015-11-25,9.45
2015-11-26,9.4
2015-11-27,9.4
2015-11-30,9.5
2015-12-01,9.5
2015-12-02,9.3
2015-12-03,9.25
2015-12-04,9.25
2015-12-08,9.25
2015-12-09,9.149999999999999
2015-12-11,9.05
2015-12-14,8.9
2015-12-15,9.0
2015-12-16,8.9
2015-12-17,8.8
2015-12-18,8.8
2015-12-21,8.8
2015-12-22,8.75
2015-12-23,8.7
2015-12-24,8.8
2015-12-25,8.850000000000001
2015-12-28,8.9
2015-12-29,9.0
2015-12-30,9.05
2016-01-04,8.9
2016-01-05,8.8
2016-01-06,8.850000000000001
2016-01-07,8.65
2016-01-08,8.6
2016-01-11,8.4
2016-01-12,8.5
2016-01-13,8.6
2016-01-14,8.6
2016-01-15,8.649999999999999
2016-01-18,8.6
2016-01-19,8.649999999999999
2016-01-20,8.649999999999999
2016-01-21,8.4
2016-01-22,8.4
2016-01-25,8.3
2016-01-26,8.2
2016-01-27,8.2
2016-01-28,8.2
2016-01-29,8.2
2016-02-01,8.2
2016-02-02,8.1
2016-02-03,8.05
2016-02-04,8.2
2016-02-05,8.2
2016-02-08,8.149999999999999
2016-02-09,8.05
2016-02-10,8.1
2016-02-11,8.05
2016-02-12,8.0
2016-02-15,8.1
2016-02-16,8.05
2016-02-17,8.0
2016-02-18,8.0
2016-02-19,8.1
2016-02-23,8.25
2016-02-24,8.3
2016-02-25,8.350000000000001
2016-02-26,8.350000000000001
2016-02-29,8.350000000000001
2016-03-01,8.3
2016-03-02,8.4
2016-03-03,8.5
2016-03-04,8.6
2016-03-07,8.7
2016-03-08,8.7
2016-03-09,8.75
2016-03-10,8.75
2016-03-11,8.75
2016-03-14,8.75
2016-03-15,8.6
2016-03-16,8.5
2016-03-17,8.6
2016-03-18,8.649999999999999
2016-03-21,8.649999999999999
2016-03-22,8.649999999999999
2016-03-23,8.649999999999999
2016-03-24,8.649999999999999
2016-03-25,8.649999999999999
2016-03-28,8.6
2016-03-29,8.6
2016-03-30,8.75
2016-03-31,8.95
2016-04-01,8.9
2016-04-04,8.850000000000001
2016-04-05,8.95
2016-04-07,8.9
2016-04-08,9.0
2016-04-11,8.9
2016-04-12,9.0
2016-04-18,9.2
2016-04-19,9.25
2016-04-20,9.1
2016-04-21,9.05
2016-04-22,9.05
2016-04-25,9.1
2016-04-26,9.2
2016-04-27,9.2
2016-04-28,9.149999999999999
2016-04-29,9.149999999999999
2016-05-03,9.2
2016-05-04,9.2
2016-05-09,9.149999999999999
2016-05-10,9.1
2016-05-11,9.1
2016-05-12,9.0
2016-05-13,9.0
2016-05-16,9.05
2016-05-17,9.0
2016-05-18,9.0
2016-05-19,8.95
2016-05-23,8.850000000000001
2016-05-24,8.8
2016-05-25,8.8
2016-05-26,9.0
2016-05-27,9.0
2016-05-30,9.1
2016-05-31,9.149999999999999
2016-06-01,9.05
2016-06-02,9.0
2016-06-03,9.05
2016-06-06,9.2
2016-06-07,9.2
2016-06-08,9.2
2016-06-09,9.2
2016-06-10,9.149999999999999
2016-06-13,9.05
2016-06-14,9.05
2016-06-15,9.149999999999999
2016-06-16,9.149999999999999
2016-06-17,9.149999999999999
2016-06-20,9.2
2016-06-21,9.2
2016-06-22,9.1
2016-06-23,9.1
2016-06-24,9.0
2016-06-27,9.15
2016-06-28,9.4
2016-06-29,9.45
2016-06-30,9.6
2016-07-04,9.649999999999999
2016-07-05,9.649999999999999
2016-07-06,9.6
2016-07-07,9.6
2016-07-08,9.6
2016-07-11,9.75
2016-07-12,9.75
2016-07-13,9.75
2016-07-14,9.7
2016-07-15,9.649999999999999
2016-07-20,9.75
2016-07-21,9.7
2016-07-22,9.7
2016-07-25,9.75
2016-07-26,9.649999999999999
2016-07-27,9.7
2016-07-28,9.4
2016-07-29,9.4
2016-08-01,9.3
2016-08-02,9.2
2016-08-03,9.25
2016-08-04,9.25
2016-08-05,9.2
2016-08-08,9.25
2016-08-09,9.25
2016-08-10,9.2
2016-08-11,9.149999999999999
2016-08-15,9.05
2016-08-16,9.0
2016-08-17,9.0
2016-08-18,9.149999999999999
2016-08-19,9.2
2016-08-22,9.2
2016-08-23,9.149999999999999
2016-08-24,9.2
2016-08-25,9.2
2016-08-26,9.2
2016-08-29,9.2
2016-08-30,9.2
2016-08-31,9.1
2016-09-01,9.05
2016-09-02,9.1
2016-09-05,9.1
2016-09-06,8.95
2016-09-07,8.9
2016-09-08,8.8
2016-09-09,8.649999999999999
2016-09-12,8.4
2016-09-13,8.55
2016-09-14,8.6
2016-09-15,8.6
2016-09-16,8.7
2016-09-19,8.7
2016-09-20,8.649999999999999
2016-09-21,8.6
2016-09-22,8.8
2016-09-23,8.8
2016-09-26,8.6
2016-09-27,8.7
2016-09-28,8.7
2016-09-29,8.75
2016-09-30,8.6
2016-10-03,8.6
2016-10-04,8.649999999999999
2016-10-05,8.8
2016-10-06,8.649999999999999
2016-10-07,8.6
2016-10-10,8.4
2016-10-11,8.350000000000001
2016-10-12,8.2
2016-10-13,8.0
2016-10-14,8.4
2016-10-17,8.4
2016-10-18,8.4
2016-10-19,8.4
2016-10-20,8.4
2016-10-21,8.5
2016-10-25,8.6
2016-10-26,8.6
2016-10-27,8.6
2016-10-28,8.6
2016-10-31,8.6
2016-11-01,8.6
2016-11-02,8.6
2016-11-03,8.6
2016-11-04,8.55
2016-11-07,8.6
2016-11-08,8.6
2016-11-09,8.6
2016-11-10,8.649999999999999
2016-11-11,8.55
2016-11-14,8.4
2016-11-15,8.45
2016-11-16,8.45
2016-11-17,8.4
2016-11-18,8.4
2016-11-21,8.4
2016-11-22,8.350000000000001
2016-11-23,8.5
2016-11-24,8.45
2016-11-25,8.5
2016-11-28,8.55
2016-11-29,8.6
2016-11-30,8.649999999999999
2016-12-01,8.7
2016-12-02,8.55
2016-12-06,8.55
2016-12-07,8.8
2016-12-08,8.9
2016-12-09,8.75
2016-12-13,8.7
2016-12-14,8.6
2016-12-15,8.45
2016-12-16,8.4
2016-12-19,8.4
2016-12-20,8.45
2016-12-21,8.4
2016-12-22,8.4
2016-12-23,8.4
2016-12-26,8.45
2016-12-27,8.45
2016-12-28,8.55
2016-12-29,8.6
2016-12-30,8.6
2017-01-04,8.649999999999999
2017-01-05,8.7
2017-01-06,8.6
2017-01-09,8.649999999999999
2017-01-10,8.7
2017-01-11,8.649999999999999
2017-01-12,8.649999999999999
2017-01-16,8.6
2017-01-17,8.6
2017-01-18,8.6
2017-01-19,8.4
2017-01-20,8.4
2017-01-23,8.45
2017-01-24,8.45
2017-01-25,8.45
2017-01-26,8.5
2017-01-27,8.5
2017-01-30,8.45
2017-01-31,8.4
2017-02-01,8.4
2017-02-02,8.4
2017-02-03,8.4
2017-02-06,8.350000000000001
2017-02-07,8.3
2017-02-08,8.350000000000001
2017-02-09,8.350000000000001
2017-02-10,8.4
2017-02-14,8.4
2017-02-15,8.3
2017-02-16,8.2
2017-02-17,8.25
2017-02-20,8.3
2017-02-21,8.4
2017-02-22,8.350000000000001
2017-02-23,8.3
2017-02-24,8.3
2017-02-27,8.25
2017-02-28,8.2
2017-03-01,8.2
2017-03-02,8.3
2017-03-03,8.4
2017-03-06,8.4
2017-03-07,8.350000000000001
2017-03-08,8.25
2017-03-09,8.3
2017-03-10,8.25
2017-03-13,8.25
2017-03-14,8.2
2017-03-15,8.2
2017-03-16,8.2
2017-03-17,8.25
2017-03-20,8.25
2017-03-21,8.2
2017-03-22,8.3
2017-03-23,8.350000000000001
2017-03-24,8.3
2017-03-27,8.4
2017-03-28,8.4
2017-03-29,8.4
2017-03-30,8.4
2017-03-31,8.4
2017-04-03,8.5
2017-04-04,8.6
2017-04-05,8.6
2017-04-07,8.55
2017-04-10,8.45
2017-04-11,8.5
2017-04-12,8.45
2017-04-17,8.45
2017-04-18,8.45
2017-04-19,8.5
2017-04-20,8.6
2017-04-21,8.6
2017-04-24,8.55
2017-04-25,8.6
2017-04-26,8.6
2017-04-27,8.6
2017-04-28,8.5
2017-05-02,8.45
2017-05-03,8.4
2017-05-04,8.4
2017-05-08,8.350000000000001
2017-05-09,8.350000000000001
2017-05-11,8.4
2017-05-12,8.350000000000001
2017-05-15,8.3
2017-05-16,8.4
2017-05-17,8.350000000000001
2017-05-18,8.350000000000001
2017-05-19,8.350000000000001
2017-05-22,8.4
2017-05-23,8.4
2017-05-24,8.4
2017-05-25,8.4
2017-05-26,8.350000000000001
2017-05-29,8.2
2017-05-30,8.4
2017-05-31,8.5
2017-06-01,8.55
2017-06-02,8.55
2017-06-05,8.55
2017-06-06,8.5
2017-06-07,8.6
2017-06-08,8.55
2017-06-09,8.5
2017-06-12,8.45
2017-06-13,8.4
2017-06-14,8.4
2017-06-15,8.4
2017-06-16,8.4
2017-06-19,8.4
2017-06-20,8.4
2017-06-21,8.55
2017-06-22,8.55
2017-06-23,8.55
2017-06-26,8.649999999999999
2017-06-27,8.55
2017-06-28,8.55
2017-06-29,8.5
2017-06-30,8.45
2017-07-03,8.45
2017-07-04,8.4
2017-07-05,8.5
2017-07-06,8.5
2017-07-07,8.5
2017-07-11,8.45
2017-07-12,8.45
2017-07-13,8.45
2017-07-14,8.4
2017-07-17,8.4
2017-07-18,8.5
2017-07-19,8.55
2017-07-20,8.5
2017-07-21,8.55
2017-07-24,8.5
2017-07-25,8.6
2017-07-26,8.6
2017-07-27,8.6
2017-07-31,8.6
2017-08-01,8.45
2017-08-02,8.6
2017-08-03,8.55
2017-08-04,8.55
2017-08-07,8.55
2017-08-08,8.55
2017-08-09,8.5
2017-08-10,8.45
2017-08-11,8.4
2017-08-15,8.4
2017-08-16,8.4
2017-08-17,8.45
2017-08-18,8.6
2017-08-21,8.6
2017-08-22,8.6
2017-08-23,8.55
2017-08-24,8.5
2017-08-25,8.5
2017-08-28,8.5
2017-08-29,8.7
2017-08-30,8.8
2017-08-31,8.7
2017-09-01,8.649999999999999
2017-09-04,8.6
2017-09-05,8.649999999999999
2017-09-06,8.6
2017-09-07,8.7
2017-09-08,8.7
2017-09-11,8.6
2017-09-12,8.6
2017-09-13,8.6
2017-09-14,8.6
2017-09-15,8.6
2017-09-18,8.6
2017-09-19,8.649999999999999
2017-09-20,8.7
2017-09-21,8.6
2017-09-22,8.6
2017-09-25,8.6
2017-09-26,8.6
2017-09-27,8.6
2017-09-28,8.6
2017-09-29,8.6
2017-10-02,8.6
2017-10-03,8.6
2017-10-04,8.6
2017-10-05,8.6
2017-10-06,8.6
2017-10-09,8.6
2017-10-10,8.55
2017-10-11,8.6
2017-10-12,8.55
2017-10-16,8.6
2017-10-17,8.5
2017-10-18,8.45
2017-10-19,8.4
2017-10-20,8.4
2017-10-24,8.4
2017-10-25,8.5
2017-10-27,8.45
2017-10-30,8.5
2017-10-31,8.45
2017-11-01,8.45
2017-11-02,8.45
2017-11-03,8.4
2017-11-06,8.4
2017-11-07,8.4
2017-11-08,8.4
2017-11-09,8.4
2017-11-10,8.4
2017-11-13,8.350000000000001
2017-11-14,8.350000000000001
2017-11-15,8.3
2017-11-16,8.3
2017-11-17,8.25
2017-11-20,8.350000000000001
2017-11-21,8.4
2017-11-22,8.4
2017-11-23,8.350000000000001
2017-11-24,8.25
2017-11-27,8.25
2017-11-28,8.350000000000001
2017-11-29,8.25
2017-11-30,8.2
2017-12-01,8.2
2017-12-04,8.2
2017-12-06,8.25
2017-12-07,8.3
2017-12-08,8.3
2017-12-12,8.25
2017-12-13,8.350000000000001
2017-12-14,8.350000000000001
2017-12-15,8.4
2017-12-18,8.350000000000001
2017-12-19,8.25
2017-12-20,8.25
2017-12-21,8.2
2017-12-22,8.350000000000001
2017-12-25,8.4
2017-12-26,8.4
2017-12-27,8.4
2017-12-28,8.3
2017-12-29,8.3
