Date,CPN
2008-01-02,12.35
2008-01-03,11.9
2008-01-04,11.7
2008-01-07,11.55
2008-01-08,11.75
2008-01-09,11.9
2008-01-10,11.8
2008-01-11,11.75
2008-01-14,11.6
2008-01-15,11.5
2008-01-16,11.2
2008-01-17,11.149999999999999
2008-01-18,11.0
2008-01-21,11.1
2008-01-22,10.5
2008-01-23,10.3
2008-01-24,10.0
2008-01-25,10.05
2008-01-28,10.0
2008-01-29,10.2
2008-01-30,10.149999999999999
2008-01-31,10.85
2008-02-01,12.149999999999999
2008-02-04,12.600000000000001
2008-02-05,12.35
2008-02-06,11.9
2008-02-07,12.2
2008-02-08,12.8
2008-02-11,13.0
2008-02-12,12.9
2008-02-13,13.3
2008-02-14,13.600000000000001
2008-02-15,13.45
2008-02-18,13.9
2008-02-19,14.55
2008-02-20,14.649999999999999
2008-02-22,14.0
2008-02-25,13.95
2008-02-26,13.9
2008-02-27,13.5
2008-02-28,13.35
2008-02-29,13.8
2008-03-03,14.6
2008-03-04,14.3
2008-03-05,13.85
2008-03-06,13.850000000000001
2008-03-07,13.8
2008-03-10,13.65
2008-03-11,13.9
2008-03-12,14.4
2008-03-13,14.0
2008-03-14,13.55
2008-03-17,13.3
2008-03-18,13.7
2008-03-19,14.45
2008-03-20,13.850000000000001
2008-03-21,13.8
2008-03-24,13.850000000000001
2008-03-25,13.75
2008-03-26,13.6
2008-03-27,13.850000000000001
2008-03-28,13.850000000000001
2008-03-31,13.95
2008-04-01,14.0
2008-04-02,14.149999999999999
2008-04-03,14.4
2008-04-04,14.5
2008-04-08,14.399999999999999
2008-04-09,14.05
2008-04-10,14.05
2008-04-11,14.05
2008-04-16,14.3
2008-04-17,14.45
2008-04-18,14.35
2008-04-21,14.45
2008-04-22,14.4
2008-04-23,14.0
2008-04-24,13.8
2008-04-25,13.95
2008-04-28,13.95
2008-04-29,13.95
2008-04-30,14.15
2008-05-02,14.3
2008-05-06,14.35
2008-05-07,14.0
2008-05-08,13.65
2008-05-09,13.35
2008-05-12,13.05
2008-05-13,12.850000000000001
2008-05-14,12.600000000000001
2008-05-15,12.7
2008-05-16,13.55
2008-05-20,13.7
2008-05-21,13.4
2008-05-22,13.3
2008-05-23,13.5
2008-05-26,13.75
2008-05-27,13.9
2008-05-28,13.7
2008-05-29,13.15
2008-05-30,12.7
2008-06-02,12.6
2008-06-03,12.7
2008-06-04,12.850000000000001
2008-06-05,12.850000000000001
2008-06-06,12.75
2008-06-09,12.65
2008-06-10,12.5
2008-06-11,12.4
2008-06-12,12.4
2008-06-13,12.25
2008-06-16,12.1
2008-06-17,11.9
2008-06-18,11.8
2008-06-19,11.6
2008-06-20,11.7
2008-06-23,11.600000000000001
2008-06-24,11.75
2008-06-25,11.75
2008-06-26,12.0
2008-06-27,11.9
2008-06-30,11.85
2008-07-02,11.399999999999999
2008-07-03,11.1
2008-07-04,10.9
2008-07-07,10.7
2008-07-08,10.649999999999999
2008-07-09,10.8
2008-07-10,10.75
2008-07-11,10.8
2008-07-14,10.7
2008-07-15,10.45
2008-07-16,9.850000000000001
2008-07-18,9.55
2008-07-21,9.6
2008-07-22,9.5
2008-07-23,9.899999999999999
2008-07-24,10.5
2008-07-25,10.6
2008-07-28,10.6
2008-07-29,10.3
2008-07-30,10.3
2008-07-31,10.15
2008-08-01,10.1
2008-08-04,10.1
2008-08-05,9.9
2008-08-06,10.0
2008-08-07,10.45
2008-08-08,10.35
2008-08-11,10.649999999999999
2008-08-13,10.7
2008-08-14,10.7
2008-08-15,10.7
2008-08-18,10.45
2008-08-19,10.350000000000001
2008-08-20,10.3
2008-08-21,10.1
2008-08-22,10.2
2008-08-25,10.1
2008-08-26,10.0
2008-08-27,10.1
2008-08-28,10.3
2008-08-29,10.35
2008-09-01,10.2
2008-09-02,9.850000000000001
2008-09-03,9.75
2008-09-04,9.649999999999999
2008-09-05,9.6
2008-09-08,9.7
2008-09-09,9.75
2008-09-10,9.649999999999999
2008-09-11,9.649999999999999
2008-09-12,9.649999999999999
2008-09-15,9.6
2008-09-16,9.350000000000001
2008-09-17,9.3
2008-09-18,8.95
2008-09-19,9.2
2008-09-22,9.25
2008-09-23,9.0
2008-09-24,8.95
2008-09-25,8.9
2008-09-26,8.7
2008-09-29,8.399999999999999
2008-09-30,7.8999999999999995
2008-10-01,8.350000000000001
2008-10-02,8.65
2008-10-03,8.8
2008-10-06,8.45
2008-10-07,7.75
2008-10-08,6.800000000000001
2008-10-09,6.199999999999999
2008-10-10,4.9
2008-10-13,5.1
2008-10-14,5.55
2008-10-15,5.35
2008-10-16,4.9
2008-10-17,4.800000000000001
2008-10-20,4.65
2008-10-21,4.5
2008-10-22,4.45
2008-10-24,4.25
2008-10-27,3.9
2008-10-28,3.9
2008-10-29,4.05
2008-10-30,4.35
2008-10-31,4.55
2008-11-03,4.9
2008-11-04,5.6
2008-11-05,6.5
2008-11-06,6.1
2008-11-07,6.55
2008-11-10,6.300000000000001
2008-11-11,5.8
2008-11-12,5.6
2008-11-13,5.4
2008-11-14,5.9
2008-11-17,5.699999999999999
2008-11-18,5.65
2008-11-19,5.35
2008-11-20,4.8
2008-11-21,4.85
2008-11-24,4.75
2008-11-25,4.55
2008-11-26,4.35
2008-11-27,4.5
2008-11-28,4.75
2008-12-01,4.699999999999999
2008-12-02,4.6
2008-12-03,5.15
2008-12-04,5.4
2008-12-08,6.050000000000001
2008-12-09,6.5
2008-12-11,6.4
2008-12-12,6.15
2008-12-15,6.4
2008-12-16,6.45
2008-12-17,6.449999999999999
2008-12-18,6.7
2008-12-19,6.95
2008-12-22,6.7
2008-12-23,6.6
2008-12-24,6.6
2008-12-25,6.9
2008-12-26,7.25
2008-12-29,7.25
2008-12-30,7.2
2009-01-02,7.2
2009-01-05,7.4
2009-01-06,7.35
2009-01-07,7.2
2009-01-08,7.1
2009-01-09,7.05
2009-01-12,7.05
2009-01-13,6.95
2009-01-14,6.85
2009-01-15,6.699999999999999
2009-01-16,6.6
2009-01-19,6.9
2009-01-20,6.75
2009-01-21,6.699999999999999
2009-01-22,6.85
2009-01-23,6.699999999999999
2009-01-26,6.75
2009-01-27,6.85
2009-01-28,6.85
2009-01-29,6.6
2009-01-30,6.5
2009-02-02,6.5
2009-02-03,6.4
2009-02-04,6.5
2009-02-05,6.65
2009-02-06,6.8
2009-02-10,6.699999999999999
2009-02-11,6.6
2009-02-12,6.65
2009-02-13,6.7
2009-02-16,6.699999999999999
2009-02-17,6.65
2009-02-18,6.6
2009-02-19,6.65
2009-02-20,6.65
2009-02-23,6.5
2009-02-24,6.4
2009-02-25,6.449999999999999
2009-02-26,6.25
2009-02-27,6.2
2009-03-02,6.1
2009-03-03,5.8
2009-03-04,5.85
2009-03-05,6.0
2009-03-06,6.1
2009-03-09,6.15
2009-03-10,6.2
2009-03-11,6.300000000000001
2009-03-12,6.2
2009-03-13,6.35
2009-03-16,6.5
2009-03-17,6.35
2009-03-18,6.4
2009-03-19,6.4
2009-03-20,6.4
2009-03-23,6.4
2009-03-24,6.45
2009-03-25,6.35
2009-03-26,6.35
2009-03-27,6.4
2009-03-30,6.25
2009-03-31,6.2
2009-04-01,6.2
2009-04-02,6.35
2009-04-03,6.55
2009-04-07,6.6
2009-04-08,6.4
2009-04-09,6.300000000000001
2009-04-10,6.35
2009-04-16,6.4
2009-04-17,6.4
2009-04-20,6.45
2009-04-21,6.5
2009-04-22,6.45
2009-04-23,6.5
2009-04-24,6.699999999999999
2009-04-27,6.85
2009-04-28,6.9
2009-04-29,6.8
2009-04-30,7.1
2009-05-04,7.2
2009-05-06,7.4
2009-05-07,7.6
2009-05-11,7.4
2009-05-12,7.35
2009-05-13,7.4
2009-05-14,7.25
2009-05-15,7.6
2009-05-18,7.85
2009-05-19,8.25
2009-05-20,8.2
2009-05-21,8.0
2009-05-22,7.85
2009-05-25,8.05
2009-05-26,8.4
2009-05-27,8.5
2009-05-28,8.65
2009-05-29,8.600000000000001
2009-06-01,8.5
2009-06-02,8.45
2009-06-03,8.7
2009-06-04,9.0
2009-06-05,9.2
2009-06-08,9.4
2009-06-09,9.350000000000001
2009-06-10,9.45
2009-06-11,9.55
2009-06-12,9.85
2009-06-15,10.05
2009-06-16,9.8
2009-06-17,9.55
2009-06-18,9.350000000000001
2009-06-19,9.7
2009-06-22,10.1
2009-06-23,9.65
2009-06-24,9.6
2009-06-25,9.55
2009-06-26,9.6
2009-06-29,9.6
2009-06-30,9.850000000000001
2009-07-02,9.7
2009-07-03,9.4
2009-07-06,9.4
2009-07-08,9.2
2009-07-09,9.0
2009-07-10,8.8
2009-07-13,8.649999999999999
2009-07-14,8.75
2009-07-15,8.95
2009-07-16,9.0
2009-07-17,9.1
2009-07-20,9.45
2009-07-21,9.35
2009-07-22,9.2
2009-07-23,9.149999999999999
2009-07-24,9.2
2009-07-27,9.3
2009-07-28,9.3
2009-07-29,9.149999999999999
2009-07-30,9.2
2009-07-31,9.25
2009-08-03,9.399999999999999
2009-08-04,9.8
2009-08-05,10.2
2009-08-06,10.5
2009-08-07,10.65
2009-08-10,10.8
2009-08-11,10.55
2009-08-13,10.6
2009-08-14,11.05
2009-08-17,11.05
2009-08-18,10.9
2009-08-19,10.65
2009-08-20,10.5
2009-08-21,10.55
2009-08-24,10.5
2009-08-25,10.4
2009-08-26,10.649999999999999
2009-08-27,10.55
2009-08-28,10.4
2009-08-31,10.4
2009-09-01,10.4
2009-09-02,10.45
2009-09-03,10.6
2009-09-04,10.55
2009-09-07,11.0
2009-09-08,11.15
2009-09-09,11.15
2009-09-10,11.45
2009-09-11,11.6
2009-09-14,11.5
2009-09-15,11.45
2009-09-16,11.55
2009-09-17,11.75
2009-09-18,11.9
2009-09-21,12.1
2009-09-22,12.1
2009-09-23,12.0
2009-09-24,11.7
2009-09-25,11.4
2009-09-28,11.5
2009-09-29,11.6
2009-09-30,11.6
2009-10-01,11.9
2009-10-02,12.15
2009-10-05,12.35
2009-10-06,12.5
2009-10-07,12.4
2009-10-08,12.350000000000001
2009-10-09,12.25
2009-10-12,12.149999999999999
2009-10-13,12.1
2009-10-14,11.9
2009-10-15,11.7
2009-10-16,11.5
2009-10-19,11.75
2009-10-20,11.7
2009-10-21,11.399999999999999
2009-10-22,11.2
2009-10-26,11.2
2009-10-27,11.2
2009-10-28,11.1
2009-10-29,10.75
2009-10-30,10.9
2009-11-02,10.75
2009-11-03,10.8
2009-11-04,10.8
2009-11-05,10.9
2009-11-06,11.2
2009-11-09,11.600000000000001
2009-11-10,11.5
2009-11-11,11.3
2009-11-12,11.15
2009-11-13,11.1
2009-11-16,11.0
2009-11-17,11.0
2009-11-18,11.0
2009-11-19,11.05
2009-11-20,11.0
2009-11-23,10.8
2009-11-24,10.3
2009-11-25,10.2
2009-11-26,10.2
2009-11-27,10.05
2009-11-30,10.1
2009-12-01,10.2
2009-12-02,10.3
2009-12-03,10.350000000000001
2009-12-04,10.350000000000001
2009-12-08,10.350000000000001
2009-12-09,10.3
2009-12-11,10.25
2009-12-14,10.3
2009-12-15,10.3
2009-12-16,10.25
2009-12-17,10.350000000000001
2009-12-18,10.3
2009-12-21,10.1
2009-12-22,10.149999999999999
2009-12-23,10.1
2009-12-24,10.05
2009-12-25,10.0
2009-12-28,10.1
2009-12-29,10.2
2009-12-30,10.2
2010-01-04,10.2
2010-01-05,10.3
2010-01-06,10.600000000000001
2010-01-07,10.850000000000001
2010-01-08,10.9
2010-01-11,10.95
2010-01-12,10.850000000000001
2010-01-13,10.850000000000001
2010-01-14,10.75
2010-01-15,10.5
2010-01-18,10.350000000000001
2010-01-19,10.45
2010-01-20,10.4
2010-01-21,10.2
2010-01-22,10.1
2010-01-25,10.05
2010-01-26,10.0
2010-01-27,9.7
2010-01-28,9.5
2010-01-29,9.4
2010-02-01,9.4
2010-02-02,9.5
2010-02-03,9.5
2010-02-04,9.45
2010-02-05,9.2
2010-02-08,9.2
2010-02-09,9.25
2010-02-10,9.3
2010-02-11,9.350000000000001
2010-02-12,9.4
2010-02-15,9.4
2010-02-16,9.3
2010-02-17,9.4
2010-02-18,9.4
2010-02-19,9.2
2010-02-22,9.25
2010-02-23,9.350000000000001
2010-02-24,9.3
2010-02-25,9.25
2010-02-26,9.3
2010-03-02,9.55
2010-03-03,9.850000000000001
2010-03-04,9.9
2010-03-05,9.75
2010-03-08,9.5
2010-03-09,9.4
2010-03-10,9.4
2010-03-11,9.45
2010-03-12,9.55
2010-03-15,9.65
2010-03-16,10.0
2010-03-17,10.350000000000001
2010-03-18,10.350000000000001
2010-03-19,10.25
2010-03-22,10.3
2010-03-23,10.55
2010-03-24,10.649999999999999
2010-03-25,10.6
2010-03-26,10.5
2010-03-29,10.45
2010-03-30,10.45
2010-03-31,10.5
2010-04-01,10.4
2010-04-02,10.4
2010-04-05,10.2
2010-04-07,10.2
2010-04-08,10.1
2010-04-09,9.75
2010-04-12,9.35
2010-04-16,9.25
2010-04-19,9.0
2010-04-20,9.25
2010-04-21,9.3
2010-04-22,9.4
2010-04-23,9.25
2010-04-26,9.4
2010-04-27,9.45
2010-04-28,9.4
2010-04-29,9.5
2010-04-30,9.75
2010-05-04,10.399999999999999
2010-05-06,10.5
2010-05-07,10.4
2010-05-10,10.2
2010-05-11,10.3
2010-05-12,10.149999999999999
2010-05-13,10.1
2010-05-14,10.1
2010-05-17,9.8
2010-05-18,10.0
2010-05-19,10.1
2010-05-20,9.85
2010-05-21,9.600000000000001
2010-05-24,9.350000000000001
2010-05-25,9.149999999999999
2010-05-26,9.399999999999999
2010-05-27,9.45
2010-05-31,9.45
2010-06-01,9.3
2010-06-02,9.2
2010-06-03,9.350000000000001
2010-06-04,9.350000000000001
2010-06-07,9.3
2010-06-08,9.25
2010-06-09,9.4
2010-06-10,9.45
2010-06-11,9.5
2010-06-14,9.45
2010-06-15,9.45
2010-06-16,9.4
2010-06-17,9.4
2010-06-18,9.55
2010-06-21,9.9
2010-06-22,10.1
2010-06-23,10.2
2010-06-24,10.05
2010-06-25,9.95
2010-06-28,10.0
2010-06-29,10.05
2010-06-30,10.0
2010-07-02,10.0
2010-07-05,9.95
2010-07-06,9.850000000000001
2010-07-07,9.850000000000001
2010-07-08,9.95
2010-07-09,10.2
2010-07-12,10.1
2010-07-13,9.95
2010-07-14,10.0
2010-07-15,10.05
2010-07-16,10.0
2010-07-19,10.1
2010-07-20,10.4
2010-07-21,10.8
2010-07-22,11.2
2010-07-23,11.3
2010-07-27,11.4
2010-07-28,11.4
2010-07-29,11.4
2010-07-30,11.4
2010-08-02,11.55
2010-08-03,11.55
2010-08-04,11.5
2010-08-05,11.5
2010-08-06,11.55
2010-08-09,12.100000000000001
2010-08-10,12.3
2010-08-11,12.25
2010-08-16,12.35
2010-08-17,12.25
2010-08-18,12.3
2010-08-19,12.4
2010-08-20,12.65
2010-08-23,13.45
2010-08-24,13.9
2010-08-25,14.05
2010-08-26,14.149999999999999
2010-08-27,14.1
2010-08-30,15.2
2010-08-31,15.1
2010-09-01,15.05
2010-09-02,15.05
2010-09-03,15.1
2010-09-06,15.5
2010-09-07,14.85
2010-09-08,14.3
2010-09-09,14.6
2010-09-10,14.9
2010-09-13,15.2
2010-09-14,15.2
2010-09-15,15.2
2010-09-16,15.0
2010-09-17,14.95
2010-09-20,14.850000000000001
2010-09-21,14.9
2010-09-22,14.55
2010-09-23,14.3
2010-09-24,14.25
2010-09-27,14.5
2010-09-28,14.55
2010-09-29,14.600000000000001
2010-09-30,14.85
2010-10-01,15.05
2010-10-04,14.8
2010-10-05,14.600000000000001
2010-10-06,14.9
2010-10-07,14.9
2010-10-08,14.65
2010-10-11,14.75
2010-10-12,14.95
2010-10-13,15.0
2010-10-14,14.9
2010-10-15,15.0
2010-10-18,14.9
2010-10-19,14.850000000000001
2010-10-20,14.8
2010-10-21,14.75
2010-10-22,14.45
2010-10-26,14.3
2010-10-27,14.3
2010-10-28,14.149999999999999
2010-10-29,13.95
2010-11-01,13.95
2010-11-02,13.9
2010-11-03,14.0
2010-11-04,14.149999999999999
2010-11-05,14.1
2010-11-08,13.95
2010-11-09,14.05
2010-11-10,14.25
2010-11-11,14.1
2010-11-12,14.0
2010-11-15,13.7
2010-11-16,13.65
2010-11-17,13.1
2010-11-18,12.95
2010-11-19,13.55
2010-11-22,14.0
2010-11-23,14.2
2010-11-24,14.35
2010-11-25,14.2
2010-11-26,14.25
2010-11-29,13.850000000000001
2010-11-30,13.5
2010-12-01,13.45
2010-12-02,13.5
2010-12-03,13.55
2010-12-07,13.899999999999999
2010-12-08,13.85
2010-12-09,13.9
2010-12-13,14.1
2010-12-14,14.1
2010-12-15,14.1
2010-12-16,14.399999999999999
2010-12-17,14.5
2010-12-20,14.35
2010-12-21,14.1
2010-12-22,14.05
2010-12-23,13.95
2010-12-24,13.9
2010-12-27,13.850000000000001
2010-12-28,13.95
2010-12-29,14.05
2010-12-30,13.7
2011-01-04,13.55
2011-01-05,13.7
2011-01-06,13.65
2011-01-07,13.75
2011-01-10,13.95
2011-01-11,13.7
2011-01-12,13.8
2011-01-13,13.9
2011-01-14,14.25
2011-01-17,14.4
2011-01-18,14.85
2011-01-19,15.35
2011-01-20,15.55
2011-01-21,15.35
2011-01-24,14.6
2011-01-25,13.45
2011-01-26,13.3
2011-01-27,13.55
2011-01-28,13.3
2011-01-31,13.25
2011-02-01,13.3
2011-02-02,13.3
2011-02-03,13.25
2011-02-04,13.05
2011-02-07,13.1
2011-02-08,13.05
2011-02-09,12.95
2011-02-10,12.9
2011-02-11,12.9
2011-02-14,12.95
2011-02-15,13.0
2011-02-16,13.2
2011-02-17,13.399999999999999
2011-02-18,13.475
2011-02-21,13.55
2011-02-22,13.2
2011-02-23,13.2
2011-02-24,13.2
2011-02-25,13.2
2011-02-28,13.25
2011-03-01,13.3
2011-03-02,13.4
2011-03-03,13.5
2011-03-04,13.5
2011-03-07,13.4
2011-03-08,13.4
2011-03-09,13.45
2011-03-10,13.3
2011-03-11,13.05
2011-03-14,12.95
2011-03-15,12.95
2011-03-16,12.9
2011-03-17,12.9
2011-03-21,13.05
2011-03-22,13.0
2011-03-23,13.35
2011-03-24,13.8
2011-03-25,13.5
2011-03-28,13.55
2011-03-29,13.7
2011-03-30,13.75
2011-03-31,14.05
2011-04-01,14.600000000000001
2011-04-04,14.7
2011-04-05,14.6
2011-04-07,14.7
2011-04-08,14.6
2011-04-11,14.5
2011-04-12,14.3
2011-04-18,14.45
2011-04-19,14.35
2011-04-20,14.65
2011-04-21,14.8
2011-04-22,14.6
2011-04-25,14.45
2011-04-26,14.25
2011-04-27,14.4
2011-04-28,14.45
2011-04-29,14.65
2011-05-03,15.1
2011-05-04,15.2
2011-05-06,14.75
2011-05-09,14.55
2011-05-10,14.55
2011-05-11,14.6
2011-05-12,14.7
2011-05-13,14.850000000000001
2011-05-18,14.5
2011-05-19,14.35
2011-05-20,14.7
2011-05-23,14.5
2011-05-24,14.55
2011-05-25,14.399999999999999
2011-05-26,14.3
2011-05-27,14.2
2011-05-30,14.35
2011-05-31,14.7
2011-06-01,14.8
2011-06-02,14.9
2011-06-03,14.95
2011-06-06,14.75
2011-06-07,14.6
2011-06-08,14.65
2011-06-09,14.65
2011-06-10,14.7
2011-06-13,14.3
2011-06-14,14.3
2011-06-15,14.45
2011-06-16,14.4
2011-06-17,14.600000000000001
2011-06-20,15.05
2011-06-21,14.95
2011-06-22,14.850000000000001
2011-06-23,14.399999999999999
2011-06-24,14.600000000000001
2011-06-27,14.9
2011-06-28,14.95
2011-06-29,14.8
2011-06-30,14.75
2011-07-04,14.850000000000001
2011-07-05,14.850000000000001
2011-07-06,14.9
2011-07-07,15.45
2011-07-08,15.850000000000001
2011-07-11,15.850000000000001
2011-07-12,16.05
2011-07-13,16.4
2011-07-14,16.700000000000003
2011-07-18,17.0
2011-07-19,17.3
2011-07-20,17.5
2011-07-21,17.2
2011-07-22,17.7
2011-07-25,18.15
2011-07-26,17.85
2011-07-27,18.15
2011-07-28,18.45
2011-07-29,18.6
2011-08-01,18.75
2011-08-02,18.5
2011-08-03,18.1
2011-08-04,17.85
2011-08-05,17.0
2011-08-08,17.450000000000003
2011-08-09,17.0
2011-08-10,17.6
2011-08-11,17.55
2011-08-15,17.8
2011-08-16,18.15
2011-08-17,17.450000000000003
2011-08-18,17.7
2011-08-19,17.4
2011-08-22,17.85
2011-08-23,18.4
2011-08-24,19.0
2011-08-25,18.9
2011-08-26,18.3
2011-08-29,18.3
2011-08-30,18.299999999999997
2011-08-31,18.700000000000003
2011-09-01,19.25
2011-09-02,19.700000000000003
2011-09-05,19.45
2011-09-06,19.299999999999997
2011-09-07,19.299999999999997
2011-09-08,19.6
2011-09-09,19.65
2011-09-12,19.299999999999997
2011-09-13,19.1
2011-09-14,18.5
2011-09-15,18.45
2011-09-16,18.4
2011-09-19,17.8
2011-09-20,17.85
2011-09-21,18.0
2011-09-22,17.8
2011-09-23,17.45
2011-09-26,16.75
2011-09-27,17.05
2011-09-28,16.95
2011-09-29,16.9
2011-09-30,17.1
2011-10-03,16.6
2011-10-04,16.1
2011-10-05,15.7
2011-10-06,16.5
2011-10-07,16.75
2011-10-10,16.5
2011-10-11,17.15
2011-10-12,17.4
2011-10-13,17.25
2011-10-14,17.75
2011-10-17,18.1
2011-10-18,17.8
2011-10-19,17.5
2011-10-20,17.1
2011-10-21,16.55
2011-10-25,16.35
2011-10-26,15.850000000000001
2011-10-27,16.05
2011-10-28,16.35
2011-10-31,16.299999999999997
2011-11-01,16.2
2011-11-02,16.15
2011-11-03,16.2
2011-11-04,16.5
2011-11-07,16.05
2011-11-08,16.7
2011-11-09,17.0
2011-11-10,16.7
2011-11-11,17.1
2011-11-14,17.6
2011-11-15,17.4
2011-11-16,17.4
2011-11-17,17.700000000000003
2011-11-18,17.55
2011-11-21,17.3
2011-11-22,17.1
2011-11-23,17.35
2011-11-24,17.700000000000003
2011-11-25,17.6
2011-11-28,17.7
2011-11-29,18.049999999999997
2011-11-30,18.5
2011-12-01,19.65
2011-12-02,19.7
2011-12-06,19.25
2011-12-07,19.0
2011-12-08,18.9
2011-12-09,18.9
2011-12-13,19.2
2011-12-14,19.2
2011-12-15,19.15
2011-12-16,19.5
2011-12-19,19.75
2011-12-20,19.7
2011-12-21,19.7
2011-12-22,19.4
2011-12-23,19.2
2011-12-26,19.1
2011-12-27,19.15
2011-12-28,18.9
2011-12-29,18.85
2011-12-30,18.85
2012-01-04,18.9
2012-01-05,19.2
2012-01-06,19.75
2012-01-09,20.05
2012-01-10,19.9
2012-01-11,19.5
2012-01-12,19.45
2012-01-13,19.5
2012-01-16,19.4
2012-01-17,19.700000000000003
2012-01-18,19.55
2012-01-19,19.5
2012-01-20,19.35
2012-01-23,19.15
2012-01-24,19.15
2012-01-25,19.25
2012-01-26,19.4
2012-01-27,19.45
2012-01-30,19.25
2012-01-31,19.4
2012-02-01,19.75
2012-02-02,20.25
2012-02-03,20.8
2012-02-06,21.1
2012-02-07,20.9
2012-02-08,20.95
2012-02-09,20.65
2012-02-10,20.2
2012-02-13,20.3
2012-02-14,20.45
2012-02-15,21.05
2012-02-16,21.450000000000003
2012-02-17,21.65
2012-02-20,21.45
2012-02-21,21.35
2012-02-22,20.9
2012-02-23,21.15
2012-02-24,21.15
2012-02-27,20.6
2012-02-28,20.65
2012-02-29,20.65
2012-03-01,21.1
2012-03-02,21.35
2012-03-05,20.9
2012-03-06,20.700000000000003
2012-03-08,21.2
2012-03-09,21.299999999999997
2012-03-12,21.2
2012-03-13,21.15
2012-03-14,21.6
2012-03-15,22.3
2012-03-16,22.700000000000003
2012-03-19,22.7
2012-03-20,22.299999999999997
2012-03-21,23.0
2012-03-22,23.35
2012-03-23,22.700000000000003
2012-03-26,22.65
2012-03-27,22.8
2012-03-28,23.25
2012-03-29,23.0
2012-03-30,23.1
2012-04-02,22.95
2012-04-03,22.9
2012-04-04,22.85
2012-04-05,22.5
2012-04-10,21.85
2012-04-11,21.549999999999997
2012-04-12,22.1
2012-04-17,22.2
2012-04-18,22.2
2012-04-19,21.95
2012-04-20,22.35
2012-04-23,22.700000000000003
2012-04-24,22.8
2012-04-25,22.95
2012-04-26,23.45
2012-04-27,24.25
2012-04-30,25.05
2012-05-02,25.1
2012-05-03,24.5
2012-05-04,24.5
2012-05-08,23.9
2012-05-09,23.700000000000003
2012-05-10,23.5
2012-05-11,23.549999999999997
2012-05-14,23.65
2012-05-15,23.25
2012-05-16,23.0
2012-05-17,23.1
2012-05-18,22.35
2012-05-21,22.1
2012-05-22,22.2
2012-05-23,22.2
2012-05-24,22.65
2012-05-25,22.85
2012-05-28,23.45
2012-05-29,23.6
2012-05-30,23.1
2012-05-31,22.6
2012-06-01,22.65
2012-06-05,22.299999999999997
2012-06-06,22.75
2012-06-07,22.85
2012-06-08,22.700000000000003
2012-06-11,23.2
2012-06-12,23.35
2012-06-13,23.05
2012-06-14,23.05
2012-06-15,22.85
2012-06-18,22.8
2012-06-19,22.95
2012-06-20,23.1
2012-06-21,23.05
2012-06-22,22.95
2012-06-25,23.0
2012-06-26,23.05
2012-06-27,23.299999999999997
2012-06-28,23.299999999999997
2012-06-29,23.299999999999997
2012-07-02,23.75
2012-07-03,24.05
2012-07-04,23.95
2012-07-05,23.9
2012-07-06,24.0
2012-07-09,23.9
2012-07-10,24.1
2012-07-11,24.1
2012-07-12,24.0
2012-07-13,23.85
2012-07-16,24.25
2012-07-17,24.85
2012-07-18,24.75
2012-07-19,24.8
2012-07-20,24.4
2012-07-23,23.9
2012-07-24,23.55
2012-07-25,23.8
2012-07-26,24.2
2012-07-27,24.299999999999997
2012-07-30,24.5
2012-07-31,24.5
2012-08-01,24.45
2012-08-03,24.25
2012-08-06,24.2
2012-08-07,24.55
2012-08-08,24.65
2012-08-09,24.5
2012-08-10,24.35
2012-08-14,24.35
2012-08-15,24.65
2012-08-16,24.6
2012-08-17,24.6
2012-08-20,24.700000000000003
2012-08-21,25.2
2012-08-22,26.25
2012-08-23,26.7
2012-08-24,26.2
2012-08-27,26.1
2012-08-28,26.05
2012-08-29,26.05
2012-08-30,25.8
2012-08-31,26.1
2012-09-03,26.5
2012-09-04,27.05
2012-09-05,26.700000000000003
2012-09-06,27.45
2012-09-07,28.2
2012-09-10,27.85
2012-09-11,27.6
2012-09-12,27.45
2012-09-13,27.65
2012-09-14,27.95
2012-09-17,27.2
2012-09-18,27.1
2012-09-19,27.5
2012-09-20,28.1
2012-09-21,28.35
2012-09-24,28.55
2012-09-25,29.05
2012-09-26,29.45
2012-09-27,29.3
2012-09-28,29.9
2012-10-01,29.95
2012-10-02,30.4
2012-10-03,30.700000000000003
2012-10-04,31.0
2012-10-05,31.6
2012-10-08,32.55
2012-10-09,32.5
2012-10-10,31.950000000000003
2012-10-11,32.25
2012-10-12,33.15
2012-10-15,33.6
2012-10-16,34.0
2012-10-17,34.5
2012-10-18,35.5
2012-10-19,35.8
2012-10-22,36.349999999999994
2012-10-24,36.8
2012-10-25,36.35
2012-10-26,35.95
2012-10-29,35.25
2012-10-30,34.75
2012-10-31,35.25
2012-11-01,35.3
2012-11-02,34.95
2012-11-05,34.95
2012-11-06,34.55
2012-11-07,34.55
2012-11-08,34.75
2012-11-09,35.3
2012-11-12,35.75
2012-11-13,35.2
2012-11-14,34.95
2012-11-15,35.5
2012-11-16,35.75
2012-11-19,36.2
2012-11-20,36.35
2012-11-21,36.150000000000006
2012-11-22,36.8
2012-11-23,37.25
2012-11-26,37.9
2012-11-27,38.2
2012-11-28,37.95
2012-11-29,38.150000000000006
2012-11-30,39.5
2012-12-03,40.0
2012-12-04,39.45
2012-12-06,39.7
2012-12-07,40.0
2012-12-11,40.0
2012-12-12,40.5
2012-12-13,40.9
2012-12-14,41.2
2012-12-17,41.0
2012-12-18,40.599999999999994
2012-12-19,40.599999999999994
2012-12-20,40.45
2012-12-21,39.95
2012-12-24,39.400000000000006
2012-12-25,39.6
2012-12-26,39.900000000000006
2012-12-27,40.4
2012-12-28,41.05
2013-01-02,40.75
2013-01-03,40.95
2013-01-04,41.3
2013-01-07,42.05
2013-01-08,42.55
2013-01-09,42.75
2013-01-10,41.8
2013-01-11,41.25
2013-01-14,42.0
2013-01-15,42.400000000000006
2013-01-16,41.85
2013-01-17,41.150000000000006
2013-01-18,41.6
2013-01-21,41.55
2013-01-22,41.3
2013-01-23,40.8
2013-01-24,40.75
2013-01-25,41.1
2013-01-28,41.65
2013-01-29,41.75
2013-01-30,42.55
2013-01-31,42.85
2013-02-01,42.8
2013-02-04,42.65
2013-02-05,42.35
2013-02-06,43.599999999999994
2013-02-07,43.75
2013-02-08,43.65
2013-02-11,43.3
2013-02-12,44.0
2013-02-13,45.4
2013-02-14,47.8
2013-02-15,47.35
2013-02-18,47.5
2013-02-19,47.25
2013-02-20,47.1
2013-02-21,46.7
2013-02-22,46.95
2013-02-26,47.8
2013-02-27,48.349999999999994
2013-02-28,47.75
2013-03-01,48.3
2013-03-04,48.849999999999994
2013-03-05,48.45
2013-03-06,48.15
2013-03-07,47.9
2013-03-08,47.75
2013-03-11,47.25
2013-03-12,47.099999999999994
2013-03-13,46.55
2013-03-14,46.75
2013-03-15,46.95
2013-03-18,47.150000000000006
2013-03-19,47.05
2013-03-20,46.3
2013-03-21,46.5
2013-03-22,46.8
2013-03-25,46.0
2013-03-26,47.0
2013-03-27,47.55
2013-03-28,47.35
2013-03-29,47.35
2013-04-01,47.3
2013-04-02,46.6
2013-04-03,46.1
2013-04-04,45.2
2013-04-05,43.95
2013-04-09,43.15
2013-04-10,43.2
2013-04-11,44.650000000000006
2013-04-12,45.55
2013-04-17,45.95
2013-04-18,46.45
2013-04-19,47.3
2013-04-22,48.0
2013-04-23,47.95
2013-04-24,48.599999999999994
2013-04-25,49.9
2013-04-26,50.75
2013-04-29,49.95
2013-04-30,49.7
2013-05-02,50.4
2013-05-03,51.5
2013-05-07,54.6
2013-05-08,55.5
2013-05-09,55.4
2013-05-10,56.6
2013-05-13,55.5
2013-05-14,54.1
2013-05-15,52.0
2013-05-16,52.1
2013-05-17,52.75
2013-05-20,54.5
2013-05-21,54.5
2013-05-22,54.1
2013-05-23,54.0
2013-05-27,53.0
2013-05-28,52.85
2013-05-29,53.0
2013-05-30,52.35
2013-05-31,53.5
2013-06-03,53.0
2013-06-04,51.5
2013-06-05,49.6
2013-06-06,47.0
2013-06-07,47.1
2013-06-10,48.75
2013-06-11,46.25
2013-06-12,45.0
2013-06-13,43.4
2013-06-14,47.25
2013-06-17,47.4
2013-06-18,45.7
2013-06-19,44.5
2013-06-20,41.75
2013-06-21,41.3
2013-06-24,42.9
2013-06-25,43.75
2013-06-26,45.5
2013-06-27,46.25
2013-06-28,45.75
2013-07-02,45.9
2013-07-03,45.2
2013-07-04,43.65
2013-07-05,44.4
2013-07-08,43.25
2013-07-09,42.75
2013-07-10,41.2
2013-07-11,42.5
2013-07-12,43.85
2013-07-15,44.75
2013-07-16,44.35
2013-07-17,45.4
2013-07-18,47.1
2013-07-19,47.75
2013-07-23,48.65
2013-07-24,49.0
2013-07-25,46.5
2013-07-26,46.15
2013-07-29,45.15
2013-07-30,44.3
2013-07-31,43.25
2013-08-01,44.15
2013-08-02,43.8
2013-08-05,43.8
2013-08-06,43.75
2013-08-07,43.65
2013-08-08,44.35
2013-08-09,44.15
2013-08-13,45.0
2013-08-14,46.0
2013-08-15,45.65
2013-08-16,45.0
2013-08-19,43.9
2013-08-20,42.5
2013-08-21,42.15
2013-08-22,41.35
2013-08-23,41.6
2013-08-26,41.4
2013-08-27,40.1
2013-08-28,37.0
2013-08-29,36.5
2013-08-30,36.9
2013-09-02,37.8
2013-09-03,37.7
2013-09-04,36.6
2013-09-05,36.6
2013-09-06,36.75
2013-09-09,38.5
2013-09-10,40.35
2013-09-11,41.75
2013-09-12,42.15
2013-09-13,41.25
2013-09-16,43.6
2013-09-17,44.4
2013-09-18,45.25
2013-09-19,47.9
2013-09-20,46.75
2013-09-23,44.75
2013-09-24,43.25
2013-09-25,43.65
2013-09-26,43.5
2013-09-27,43.5
2013-09-30,42.75
2013-10-01,43.25
2013-10-02,43.9
2013-10-03,44.1
2013-10-04,43.25
2013-10-07,42.9
2013-10-08,43.8
2013-10-09,44.85
2013-10-10,45.2
2013-10-11,46.25
2013-10-14,46.25
2013-10-15,47.75
2013-10-16,47.25
2013-10-17,47.0
2013-10-18,47.9
2013-10-21,47.35
2013-10-22,46.7
2013-10-24,47.6
2013-10-25,47.65
2013-10-28,47.8
2013-10-29,47.7
2013-10-30,48.0
2013-10-31,47.6
2013-11-01,47.35
2013-11-04,45.9
2013-11-05,45.85
2013-11-06,47.1
2013-11-07,46.9
2013-11-08,46.5
2013-11-11,45.4
2013-11-12,46.0
2013-11-13,45.35
2013-11-14,46.0
2013-11-15,46.35
2013-11-18,46.25
2013-11-19,46.1
2013-11-20,46.2
2013-11-21,44.75
2013-11-22,43.4
2013-11-25,42.5
2013-11-26,41.1
2013-11-27,42.1
2013-11-28,42.7
2013-11-29,42.7
2013-12-02,42.6
2013-12-03,42.15
2013-12-04,42.25
2013-12-06,41.6
2013-12-09,41.9
2013-12-11,42.4
2013-12-12,42.35
2013-12-13,41.5
2013-12-16,40.0
2013-12-17,40.4
2013-12-18,41.4
2013-12-19,42.5
2013-12-20,42.25
2013-12-23,42.2
2013-12-24,42.25
2013-12-25,42.5
2013-12-26,42.4
2013-12-27,41.25
2014-01-02,39.25
2014-01-03,37.1
2014-01-06,37.5
2014-01-07,38.5
2014-01-08,38.9
2014-01-09,39.0
2014-01-10,38.0
2014-01-13,39.0
2014-01-14,39.8
2014-01-15,39.0
2014-01-16,39.5
2014-01-17,39.9
2014-01-20,39.4
2014-01-21,39.1
2014-01-22,39.0
2014-01-23,39.5
2014-01-24,40.0
2014-01-27,38.6
2014-01-28,37.6
2014-01-29,37.5
2014-01-30,37.35
2014-01-31,37.5
2014-02-03,37.9
2014-02-04,37.1
2014-02-05,37.25
2014-02-06,37.75
2014-02-07,38.35
2014-02-10,38.25
2014-02-11,38.4
2014-02-12,39.0
2014-02-13,39.35
2014-02-17,40.25
2014-02-18,40.9
2014-02-19,40.4
2014-02-20,39.65
2014-02-21,39.65
2014-02-24,39.5
2014-02-25,40.1
2014-02-26,40.0
2014-02-27,40.4
2014-02-28,41.1
2014-03-03,42.6
2014-03-04,43.5
2014-03-05,44.25
2014-03-06,44.75
2014-03-07,44.5
2014-03-10,43.8
2014-03-11,43.9
2014-03-12,43.9
2014-03-13,44.6
2014-03-14,45.5
2014-03-17,45.5
2014-03-18,45.15
2014-03-19,44.6
2014-03-20,44.0
2014-03-21,44.2
2014-03-24,44.0
2014-03-25,44.1
2014-03-26,44.35
2014-03-27,44.2
2014-03-28,45.0
2014-03-31,46.4
2014-04-01,46.75
2014-04-02,46.2
2014-04-03,46.0
2014-04-04,45.5
2014-04-08,44.6
2014-04-09,44.5
2014-04-10,44.85
2014-04-11,45.4
2014-04-16,45.65
2014-04-17,45.5
2014-04-18,45.15
2014-04-21,44.9
2014-04-22,44.85
2014-04-23,44.65
2014-04-24,44.5
2014-04-25,44.0
2014-04-28,43.35
2014-04-29,44.4
2014-04-30,45.1
2014-05-02,45.1
2014-05-06,44.9
2014-05-07,44.5
2014-05-08,43.85
2014-05-09,43.35
2014-05-12,43.35
2014-05-14,43.85
2014-05-15,44.25
2014-05-16,44.9
2014-05-19,45.9
2014-05-20,44.6
2014-05-21,44.25
2014-05-22,44.65
2014-05-23,43.75
2014-05-26,44.5
2014-05-27,44.35
2014-05-28,44.75
2014-05-29,45.5
2014-05-30,46.25
2014-06-02,47.5
2014-06-03,48.25
2014-06-04,47.75
2014-06-05,47.9
2014-06-06,48.4
2014-06-09,48.5
2014-06-10,48.85
2014-06-11,49.2
2014-06-12,48.9
2014-06-13,48.65
2014-06-16,48.9
2014-06-17,48.35
2014-06-18,48.1
2014-06-19,48.0
2014-06-20,48.75
2014-06-23,49.65
2014-06-24,49.25
2014-06-25,49.25
2014-06-26,49.25
2014-06-27,49.5
2014-06-30,49.4
2014-07-02,48.75
2014-07-03,48.35
2014-07-04,48.25
2014-07-07,48.5
2014-07-08,48.9
2014-07-09,48.6
2014-07-10,48.85
2014-07-14,49.1
2014-07-15,49.1
2014-07-16,49.25
2014-07-17,49.2
2014-07-18,49.25
2014-07-21,49.0
2014-07-22,48.5
2014-07-23,48.7
2014-07-24,49.0
2014-07-25,48.15
2014-07-28,47.5
2014-07-29,48.35
2014-07-30,48.6
2014-07-31,47.9
2014-08-01,46.65
2014-08-04,46.75
2014-08-05,46.8
2014-08-06,46.0
2014-08-07,46.2
2014-08-08,46.0
2014-08-13,46.9
2014-08-14,47.5
2014-08-15,47.5
2014-08-18,47.1
2014-08-19,46.75
2014-08-20,46.65
2014-08-21,46.35
2014-08-22,47.65
2014-08-25,48.9
2014-08-26,48.35
2014-08-27,48.25
2014-08-28,48.35
2014-08-29,48.6
2014-09-01,48.1
2014-09-02,48.1
2014-09-03,48.65
2014-09-04,48.3
2014-09-05,47.35
2014-09-08,47.1
2014-09-09,47.0
2014-09-10,47.4
2014-09-11,47.65
2014-09-12,47.2
2014-09-15,46.75
2014-09-16,46.35
2014-09-17,46.2
2014-09-18,46.5
2014-09-19,47.0
2014-09-22,47.0
2014-09-23,46.9
2014-09-24,46.8
2014-09-25,47.1
2014-09-26,47.65
2014-09-29,47.5
2014-09-30,46.75
2014-10-01,46.65
2014-10-02,46.3
2014-10-03,45.75
2014-10-06,45.25
2014-10-07,44.5
2014-10-08,44.0
2014-10-09,45.9
2014-10-10,45.85
2014-10-13,45.65
2014-10-14,45.5
2014-10-15,45.1
2014-10-16,44.75
2014-10-17,45.15
2014-10-20,45.8
2014-10-21,45.35
2014-10-22,45.5
2014-10-24,45.9
2014-10-27,46.65
2014-10-28,46.35
2014-10-29,46.35
2014-10-30,47.4
2014-10-31,48.1
2014-11-03,48.5
2014-11-04,48.8
2014-11-05,48.5
2014-11-06,48.1
2014-11-07,47.8
2014-11-10,47.65
2014-11-11,47.275
2014-11-12,46.9
2014-11-13,46.8
2014-11-14,46.85
2014-11-17,47.175
2014-11-18,47.5
2014-11-19,47.3
2014-11-20,47.1
2014-11-21,46.8
2014-11-24,47.4
2014-11-25,48.0
2014-11-26,47.95
2014-11-27,47.9
2014-11-28,47.65
2014-12-01,47.75
2014-12-02,48.1
2014-12-03,47.65
2014-12-04,47.2
2014-12-08,47.1
2014-12-09,46.65
2014-12-11,46.25
2014-12-12,45.0
2014-12-15,43.6
2014-12-16,41.6
2014-12-17,42.6
2014-12-18,44.6
2014-12-19,45.5
2014-12-22,45.85
2014-12-23,46.1
2014-12-24,45.85
2014-12-25,45.0
2014-12-26,45.15
2014-12-29,45.65
2014-12-30,45.65
2015-01-05,45.0
2015-01-06,44.25
2015-01-07,44.8
2015-01-08,45.0
2015-01-09,45.65
2015-01-12,45.5
2015-01-13,45.35
2015-01-14,45.65
2015-01-15,45.4
2015-01-16,44.9
2015-01-19,44.75
2015-01-20,44.5
2015-01-21,44.5
2015-01-22,45.25
2015-01-23,46.0
2015-01-26,46.1
2015-01-27,46.0
2015-01-28,45.75
2015-01-29,45.2
2015-01-30,45.15
2015-02-02,45.0
2015-02-03,45.6
2015-02-04,45.3
2015-02-05,45.0
2015-02-06,44.9
2015-02-09,44.5
2015-02-10,44.1
2015-02-11,44.1
2015-02-12,44.6
2015-02-13,45.0
2015-02-16,44.8
2015-02-17,44.5
2015-02-18,44.8
2015-02-19,44.25
2015-02-20,44.0
2015-02-23,44.2
2015-02-24,44.35
2015-02-25,44.65
2015-02-26,44.65
2015-02-27,44.25
2015-03-02,44.0
2015-03-03,43.85
2015-03-05,43.35
2015-03-06,43.85
2015-03-09,43.8
2015-03-10,43.15
2015-03-11,42.65
2015-03-12,42.5
2015-03-13,42.5
2015-03-16,42.1
2015-03-17,42.1
2015-03-18,42.0
2015-03-19,42.1
2015-03-20,43.25
2015-03-23,44.35
2015-03-24,44.1
2015-03-25,44.25
2015-03-26,43.65
2015-03-27,43.5
2015-03-30,43.6
2015-03-31,43.15
2015-04-01,43.4
2015-04-02,44.1
2015-04-03,44.2
2015-04-07,44.1
2015-04-08,43.75
2015-04-09,44.15
2015-04-10,44.65
2015-04-16,44.65
2015-04-17,44.65
2015-04-20,44.75
2015-04-21,45.0
2015-04-22,45.1
2015-04-23,44.75
2015-04-24,44.35
2015-04-27,44.15
2015-04-28,43.3
2015-04-29,42.65
2015-04-30,42.0
2015-05-04,42.0
2015-05-06,41.4
2015-05-07,40.1
2015-05-08,40.7
2015-05-11,41.0
2015-05-12,40.25
2015-05-13,40.1
2015-05-14,40.4
2015-05-15,41.3
2015-05-18,42.75
2015-05-19,43.9
2015-05-20,43.5
2015-05-21,43.75
2015-05-22,44.15
2015-05-25,44.0
2015-05-26,43.25
2015-05-27,43.5
2015-05-28,43.75
2015-05-29,43.6
2015-06-02,43.0
2015-06-03,42.8
2015-06-04,43.15
2015-06-05,44.25
2015-06-08,44.25
2015-06-09,43.65
2015-06-10,44.15
2015-06-11,44.75
2015-06-12,45.35
2015-06-15,46.4
2015-06-16,46.4
2015-06-17,46.25
2015-06-18,46.4
2015-06-19,45.3
2015-06-22,45.9
2015-06-23,47.5
2015-06-24,47.0
2015-06-25,46.8
2015-06-26,46.5
2015-06-29,46.5
2015-06-30,47.35
2015-07-02,48.15
2015-07-03,48.25
2015-07-06,47.9
2015-07-07,47.9
2015-07-08,47.2
2015-07-09,47.5
2015-07-10,48.9
2015-07-13,49.0
2015-07-14,48.75
2015-07-15,47.6
2015-07-16,47.5
2015-07-17,47.4
2015-07-20,46.5
2015-07-21,46.25
2015-07-22,45.9
2015-07-23,46.1
2015-07-24,45.9
2015-07-27,45.35
2015-07-28,46.1
2015-07-29,46.65
2015-07-31,47.0
2015-08-03,47.1
2015-08-04,46.5
2015-08-05,46.2
2015-08-06,46.0
2015-08-07,45.7
2015-08-10,45.5
2015-08-11,45.9
2015-08-13,46.0
2015-08-14,46.0
2015-08-17,45.6
2015-08-18,41.0
2015-08-19,42.1
2015-08-20,42.5
2015-08-21,42.2
2015-08-24,41.35
2015-08-25,41.9
2015-08-26,41.75
2015-08-27,42.75
2015-08-28,44.35
2015-08-31,44.9
2015-09-01,45.0
2015-09-02,45.6
2015-09-03,46.1
2015-09-04,45.1
2015-09-07,44.25
2015-09-08,44.1
2015-09-09,44.35
2015-09-10,44.0
2015-09-11,43.75
2015-09-14,43.5
2015-09-15,44.0
2015-09-16,44.6
2015-09-17,45.1
2015-09-18,45.6
2015-09-21,46.0
2015-09-22,45.4
2015-09-23,44.75
2015-09-24,44.9
2015-09-25,44.65
2015-09-28,43.6
2015-09-29,43.25
2015-09-30,44.5
2015-10-01,44.75
2015-10-02,44.6
2015-10-05,44.35
2015-10-06,45.0
2015-10-07,45.65
2015-10-08,45.15
2015-10-09,45.85
2015-10-12,46.7
2015-10-13,46.9
2015-10-14,46.5
2015-10-15,47.1
2015-10-16,47.25
2015-10-19,46.75
2015-10-20,46.2
2015-10-21,46.2
2015-10-22,46.0
2015-10-26,46.15
2015-10-27,46.75
2015-10-28,46.65
2015-10-29,46.0
2015-10-30,45.9
2015-11-02,46.25
2015-11-03,46.5
2015-11-04,46.75
2015-11-05,46.9
2015-11-06,46.65
2015-11-09,46.5
2015-11-10,46.35
2015-11-11,46.35
2015-11-12,46.5
2015-11-13,46.2
2015-11-16,46.5
2015-11-17,47.0
2015-11-18,46.5
2015-11-19,46.35
2015-11-20,46.65
2015-11-23,46.65
2015-11-24,46.5
2015-11-25,46.35
2015-11-26,45.9
2015-11-27,45.5
2015-11-30,45.6
2015-12-01,46.1
2015-12-02,45.7
2015-12-03,45.25
2015-12-04,45.1
2015-12-08,45.3
2015-12-09,44.65
2015-12-11,44.65
2015-12-14,44.15
2015-12-15,44.0
2015-12-16,44.25
2015-12-17,44.1
2015-12-18,43.65
2015-12-21,43.6
2015-12-22,44.1
2015-12-23,44.8
2015-12-24,45.0
2015-12-25,45.2
2015-12-28,45.35
2015-12-29,45.2
2015-12-30,46.0
2016-01-04,45.6
2016-01-05,45.5
2016-01-06,46.15
2016-01-07,45.1
2016-01-08,45.2
2016-01-11,44.5
2016-01-12,44.5
2016-01-13,44.75
2016-01-14,44.1
2016-01-15,44.0
2016-01-18,44.15
2016-01-19,45.15
2016-01-20,44.4
2016-01-21,44.0
2016-01-22,44.0
2016-01-25,44.1
2016-01-26,44.25
2016-01-27,44.35
2016-01-28,44.5
2016-01-29,44.8
2016-02-01,44.6
2016-02-02,43.85
2016-02-03,43.5
2016-02-04,44.1
2016-02-05,44.65
2016-02-08,44.8
2016-02-09,44.2
2016-02-10,44.4
2016-02-11,44.1
2016-02-12,44.35
2016-02-15,44.65
2016-02-16,44.9
2016-02-17,44.5
2016-02-18,44.8
2016-02-19,44.8
2016-02-23,45.4
2016-02-24,46.1
2016-02-25,46.35
2016-02-26,46.5
2016-02-29,46.5
2016-03-01,47.5
2016-03-02,48.4
2016-03-03,49.0
2016-03-04,49.65
2016-03-07,49.0
2016-03-08,48.65
2016-03-09,49.0
2016-03-10,48.35
2016-03-11,49.0
2016-03-14,48.85
2016-03-15,48.9
2016-03-16,49.1
2016-03-17,48.9
2016-03-18,48.6
2016-03-21,48.35
2016-03-22,48.25
2016-03-23,48.75
2016-03-24,50.25
2016-03-25,51.1
2016-03-28,51.0
2016-03-29,51.2
2016-03-30,51.5
2016-03-31,51.5
2016-04-01,51.6
2016-04-04,52.75
2016-04-05,52.5
2016-04-07,51.85
2016-04-08,51.85
2016-04-11,51.8
2016-04-12,52.4
2016-04-18,53.5
2016-04-19,54.1
2016-04-20,54.6
2016-04-21,55.15
2016-04-22,54.25
2016-04-25,54.3
2016-04-26,54.9
2016-04-27,54.85
2016-04-28,54.1
2016-04-29,52.9
2016-05-03,53.4
2016-05-04,53.4
2016-05-09,54.0
2016-05-10,54.35
2016-05-11,53.9
2016-05-12,54.6
2016-05-13,55.5
2016-05-16,56.25
2016-05-17,56.5
2016-05-18,55.4
2016-05-19,54.6
2016-05-23,54.35
2016-05-24,54.35
2016-05-25,54.9
2016-05-26,54.5
2016-05-27,55.65
2016-05-30,57.25
2016-05-31,57.4
2016-06-01,57.2
2016-06-02,57.2
2016-06-03,57.65
2016-06-06,58.4
2016-06-07,57.6
2016-06-08,57.25
2016-06-09,57.0
2016-06-10,56.85
2016-06-13,55.65
2016-06-14,55.65
2016-06-15,56.75
2016-06-16,56.6
2016-06-17,56.85
2016-06-20,58.0
2016-06-21,58.9
2016-06-22,58.35
2016-06-23,58.1
2016-06-24,57.7
2016-06-27,58.85
2016-06-28,58.9
2016-06-29,58.9
2016-06-30,59.5
2016-07-04,59.4
2016-07-05,58.6
2016-07-06,58.25
2016-07-07,58.65
2016-07-08,58.2
2016-07-11,58.65
2016-07-12,58.65
2016-07-13,58.9
2016-07-14,59.3
2016-07-15,59.3
2016-07-20,59.15
2016-07-21,58.9
2016-07-22,58.5
2016-07-25,58.0
2016-07-26,57.75
2016-07-27,58.0
2016-07-28,57.85
2016-07-29,57.75
2016-08-01,56.25
2016-08-02,55.3
2016-08-03,55.8
2016-08-04,55.6
2016-08-05,56.2
2016-08-08,56.75
2016-08-09,56.9
2016-08-10,57.0
2016-08-11,56.35
2016-08-15,56.0
2016-08-16,55.5
2016-08-17,55.35
2016-08-18,55.6
2016-08-19,56.1
2016-08-22,57.1
2016-08-23,58.5
2016-08-24,59.65
2016-08-25,60.15
2016-08-26,59.75
2016-08-29,60.5
2016-08-30,60.0
2016-08-31,59.85
2016-09-01,60.3
2016-09-02,59.5
2016-09-05,58.15
2016-09-06,57.9
2016-09-07,57.65
2016-09-08,57.5
2016-09-09,56.4
2016-09-12,53.85
2016-09-13,54.85
2016-09-14,55.5
2016-09-15,56.15
2016-09-16,57.25
2016-09-19,58.15
2016-09-20,57.6
2016-09-21,57.35
2016-09-22,58.4
2016-09-23,58.4
2016-09-26,57.85
2016-09-27,58.9
2016-09-28,58.0
2016-09-29,58.0
2016-09-30,57.85
2016-10-03,57.9
2016-10-04,58.6
2016-10-05,58.7
2016-10-06,57.7
2016-10-07,57.35
2016-10-10,55.0
2016-10-11,54.85
2016-10-12,52.5
2016-10-13,51.7
2016-10-14,56.1
2016-10-17,56.35
2016-10-18,56.35
2016-10-19,55.9
2016-10-20,55.85
2016-10-21,56.3
2016-10-25,56.65
2016-10-26,56.15
2016-10-27,55.9
2016-10-28,56.25
2016-10-31,55.9
2016-11-01,55.6
2016-11-02,55.0
2016-11-03,54.5
2016-11-04,54.0
2016-11-07,54.35
2016-11-08,54.6
2016-11-09,54.9
2016-11-10,56.0
2016-11-11,55.85
2016-11-14,54.6
2016-11-15,54.1
2016-11-16,54.2
2016-11-17,54.25
2016-11-18,53.5
2016-11-21,53.65
2016-11-22,54.5
2016-11-23,55.0
2016-11-24,54.7
2016-11-25,54.85
2016-11-28,55.5
2016-11-29,55.5
2016-11-30,55.75
2016-12-01,56.0
2016-12-02,54.75
2016-12-06,55.25
2016-12-07,56.4
2016-12-08,56.9
2016-12-09,57.1
2016-12-13,57.2
2016-12-14,57.0
2016-12-15,55.85
2016-12-16,55.85
2016-12-19,56.75
2016-12-20,57.1
2016-12-21,56.25
2016-12-22,55.9
2016-12-23,55.35
2016-12-26,55.2
2016-12-27,55.35
2016-12-28,55.35
2016-12-29,56.15
2016-12-30,56.8
2017-01-04,56.8
2017-01-05,56.8
2017-01-06,56.9
2017-01-09,56.65
2017-01-10,56.5
2017-01-11,56.4
2017-01-12,56.0
2017-01-16,55.6
2017-01-17,55.1
2017-01-18,55.0
2017-01-19,55.25
2017-01-20,55.1
2017-01-23,55.35
2017-01-24,55.9
2017-01-25,56.2
2017-01-26,57.0
2017-01-27,58.0
2017-01-30,57.4
2017-01-31,56.65
2017-02-01,56.15
2017-02-02,56.1
2017-02-03,56.0
2017-02-06,56.0
2017-02-07,55.75
2017-02-08,55.5
2017-02-09,55.8
2017-02-10,55.5
2017-02-14,55.25
2017-02-15,54.85
2017-02-16,54.35
2017-02-17,54.35
2017-02-20,54.5
2017-02-21,54.4
2017-02-22,54.1
2017-02-23,55.15
2017-02-24,55.5
2017-02-27,54.75
2017-02-28,54.9
2017-03-01,55.5
2017-03-02,55.75
2017-03-03,55.65
2017-03-06,55.5
2017-03-07,55.9
2017-03-08,56.25
2017-03-09,56.2
2017-03-10,56.0
2017-03-13,56.25
2017-03-14,56.35
2017-03-15,56.75
2017-03-16,56.9
2017-03-17,57.0
2017-03-20,56.25
2017-03-21,56.25
2017-03-22,56.75
2017-03-23,57.0
2017-03-24,56.25
2017-03-27,56.1
2017-03-28,56.85
2017-03-29,57.0
2017-03-30,57.0
2017-03-31,56.9
2017-04-03,56.9
2017-04-04,56.9
2017-04-05,57.5
2017-04-07,57.65
2017-04-10,57.5
2017-04-11,57.5
2017-04-12,58.0
2017-04-17,57.85
2017-04-18,57.75
2017-04-19,58.15
2017-04-20,57.8
2017-04-21,57.9
2017-04-24,58.1
2017-04-25,58.0
2017-04-26,59.0
2017-04-27,60.5
2017-04-28,60.0
2017-05-02,60.0
2017-05-03,59.65
2017-05-04,59.5
2017-05-08,59.85
2017-05-09,60.1
2017-05-11,60.4
2017-05-12,61.5
2017-05-15,62.35
2017-05-16,62.75
2017-05-17,63.5
2017-05-18,65.3
2017-05-19,65.5
2017-05-22,66.1
2017-05-23,66.1
2017-05-24,66.5
2017-05-25,67.15
2017-05-26,66.8
2017-05-29,66.65
2017-05-30,66.65
2017-05-31,66.4
2017-06-01,66.6
2017-06-02,66.8
2017-06-05,67.75
2017-06-06,68.5
2017-06-07,69.85
2017-06-08,71.35
2017-06-09,70.35
2017-06-12,69.3
2017-06-13,68.5
2017-06-14,68.7
2017-06-15,69.0
2017-06-16,68.65
2017-06-19,68.9
2017-06-20,68.1
2017-06-21,67.25
2017-06-22,67.0
2017-06-23,66.35
2017-06-26,66.85
2017-06-27,67.85
2017-06-28,67.85
2017-06-29,68.25
2017-06-30,69.1
2017-07-03,69.1
2017-07-04,69.5
2017-07-05,69.9
2017-07-06,69.75
2017-07-07,69.6
2017-07-11,69.75
2017-07-12,69.0
2017-07-13,68.5
2017-07-14,68.0
2017-07-17,67.65
2017-07-18,67.35
2017-07-19,67.6
2017-07-20,68.5
2017-07-21,69.0
2017-07-24,68.8
2017-07-25,69.25
2017-07-26,69.35
2017-07-27,68.6
2017-07-31,68.85
2017-08-01,69.6
2017-08-02,69.25
2017-08-03,68.9
2017-08-04,69.25
2017-08-07,69.8
2017-08-08,69.1
2017-08-09,68.0
2017-08-10,68.5
2017-08-11,68.65
2017-08-15,67.85
2017-08-16,66.9
2017-08-17,66.2
2017-08-18,66.1
2017-08-21,66.75
2017-08-22,66.6
2017-08-23,66.5
2017-08-24,67.4
2017-08-25,67.6
2017-08-28,68.8
2017-08-29,70.5
2017-08-30,71.8
2017-08-31,71.6
2017-09-01,71.6
2017-09-04,71.85
2017-09-05,72.5
2017-09-06,71.85
2017-09-07,71.9
2017-09-08,72.15
2017-09-11,71.7
2017-09-12,71.75
2017-09-13,71.65
2017-09-14,72.75
2017-09-15,73.5
2017-09-18,73.75
2017-09-19,75.25
2017-09-20,75.85
2017-09-21,75.75
2017-09-22,76.25
2017-09-25,76.1
2017-09-26,75.75
2017-09-27,76.65
2017-09-28,77.3
2017-09-29,77.5
2017-10-02,79.4
2017-10-03,79.5
2017-10-04,79.1
2017-10-05,79.0
2017-10-06,79.2
2017-10-09,78.9
2017-10-10,79.25
2017-10-11,79.6
2017-10-12,79.5
2017-10-16,80.8
2017-10-17,80.3
2017-10-18,78.75
2017-10-19,76.9
2017-10-20,77.4
2017-10-24,78.5
2017-10-25,78.5
2017-10-27,78.9
2017-10-30,79.65
2017-10-31,79.75
2017-11-01,79.35
2017-11-02,78.8
2017-11-03,79.25
2017-11-06,80.1
2017-11-07,81.15
2017-11-08,81.9
2017-11-09,82.9
2017-11-10,81.8
2017-11-13,80.1
2017-11-14,81.35
2017-11-15,82.0
2017-11-16,82.4
2017-11-17,84.5
2017-11-20,84.5
2017-11-21,83.8
2017-11-22,84.0
2017-11-23,83.6
2017-11-24,82.4
2017-11-27,82.1
2017-11-28,82.1
2017-11-29,82.1
2017-11-30,80.85
2017-12-01,80.9
2017-12-04,80.5
2017-12-06,79.5
2017-12-07,79.5
2017-12-08,80.15
2017-12-12,79.3
2017-12-13,80.1
2017-12-14,81.0
2017-12-15,81.6
2017-12-18,83.1
2017-12-19,82.85
2017-12-20,82.5
2017-12-21,82.15
2017-12-22,82.5
2017-12-25,83.0
2017-12-26,83.4
2017-12-27,84.7
2017-12-28,85.0
2017-12-29,84.85
