Date,DTAC
2008-01-02,39.2
2008-01-03,38.65
2008-01-04,39.15
2008-01-07,39.0
2008-01-08,40.0
2008-01-09,40.5
2008-01-10,41.25
2008-01-11,40.9
2008-01-14,40.25
2008-01-15,40.1
2008-01-16,39.65
2008-01-17,41.25
2008-01-18,42.25
2008-01-21,43.0
2008-01-22,41.65
2008-01-23,41.65
2008-01-24,40.5
2008-01-25,41.5
2008-01-28,41.6
2008-01-29,42.25
2008-01-30,41.6
2008-01-31,42.1
2008-02-01,44.25
2008-02-04,46.8
2008-02-05,45.4
2008-02-06,44.65
2008-02-07,46.0
2008-02-08,45.8
2008-02-11,44.7
2008-02-12,45.5
2008-02-13,46.4
2008-02-14,47.6
2008-02-15,46.35
2008-02-18,47.25
2008-02-19,47.2
2008-02-20,47.0
2008-02-22,46.0
2008-02-25,46.6
2008-02-26,47.35
2008-02-27,47.25
2008-02-28,46.6
2008-02-29,46.1
2008-03-03,46.6
2008-03-04,46.7
2008-03-05,46.1
2008-03-06,46.35
2008-03-07,45.9
2008-03-10,44.85
2008-03-11,44.4
2008-03-12,45.35
2008-03-13,44.85
2008-03-14,44.35
2008-03-17,44.35
2008-03-18,44.6
2008-03-19,45.15
2008-03-20,45.0
2008-03-21,45.9
2008-03-24,46.9
2008-03-25,47.0
2008-03-26,46.8
2008-03-27,46.75
2008-03-28,47.0
2008-03-31,46.4
2008-04-01,45.9
2008-04-02,46.5
2008-04-03,46.9
2008-04-04,47.2
2008-04-08,46.85
2008-04-09,47.15
2008-04-10,46.5
2008-04-11,46.75
2008-04-16,46.9
2008-04-17,47.1
2008-04-18,47.6
2008-04-21,48.0
2008-04-22,47.4
2008-04-23,46.5
2008-04-24,46.1
2008-04-25,46.1
2008-04-28,45.5
2008-04-29,46.0
2008-04-30,46.2
2008-05-02,46.6
2008-05-06,47.1
2008-05-07,47.5
2008-05-08,47.0
2008-05-09,46.35
2008-05-12,46.5
2008-05-13,46.5
2008-05-14,46.9
2008-05-15,48.0
2008-05-16,49.5
2008-05-20,51.0
2008-05-21,50.75
2008-05-22,51.75
2008-05-23,55.75
2008-05-26,56.25
2008-05-27,55.5
2008-05-28,53.75
2008-05-29,52.5
2008-05-30,53.0
2008-06-02,52.75
2008-06-03,52.25
2008-06-04,52.25
2008-06-05,51.0
2008-06-06,50.0
2008-06-09,49.1
2008-06-10,49.35
2008-06-11,50.0
2008-06-12,50.5
2008-06-13,51.0
2008-06-16,52.0
2008-06-17,52.75
2008-06-18,52.75
2008-06-19,52.25
2008-06-20,51.25
2008-06-23,52.5
2008-06-24,52.0
2008-06-25,51.25
2008-06-26,51.75
2008-06-27,51.0
2008-06-30,51.25
2008-07-02,50.75
2008-07-03,50.25
2008-07-04,49.35
2008-07-07,49.75
2008-07-08,50.4
2008-07-09,50.75
2008-07-10,49.9
2008-07-11,50.25
2008-07-14,50.0
2008-07-15,48.6
2008-07-16,46.35
2008-07-18,45.5
2008-07-21,46.85
2008-07-22,47.0
2008-07-23,46.2
2008-07-24,45.75
2008-07-25,44.35
2008-07-28,44.1
2008-07-29,44.5
2008-07-30,45.15
2008-07-31,44.5
2008-08-01,43.85
2008-08-04,43.85
2008-08-05,44.4
2008-08-06,44.4
2008-08-07,44.5
2008-08-08,43.9
2008-08-11,44.35
2008-08-13,43.8
2008-08-14,44.0
2008-08-15,44.6
2008-08-18,44.4
2008-08-19,43.75
2008-08-20,43.65
2008-08-21,43.25
2008-08-22,42.5
2008-08-25,42.25
2008-08-26,40.75
2008-08-27,40.5
2008-08-28,40.85
2008-08-29,41.35
2008-09-01,41.1
2008-09-02,40.85
2008-09-03,41.6
2008-09-04,42.9
2008-09-05,42.9
2008-09-08,43.35
2008-09-09,43.15
2008-09-10,43.35
2008-09-11,43.35
2008-09-12,43.0
2008-09-15,43.2
2008-09-16,42.5
2008-09-17,41.75
2008-09-18,39.85
2008-09-19,41.25
2008-09-22,41.4
2008-09-23,39.3
2008-09-24,39.2
2008-09-25,39.25
2008-09-26,39.75
2008-09-29,39.6
2008-09-30,38.25
2008-10-01,39.75
2008-10-02,40.65
2008-10-03,40.85
2008-10-06,40.65
2008-10-07,39.35
2008-10-08,37.15
2008-10-09,33.5
2008-10-10,28.9
2008-10-13,32.4
2008-10-14,38.0
2008-10-15,36.3
2008-10-16,35.4
2008-10-17,36.0
2008-10-20,35.25
2008-10-21,34.0
2008-10-22,31.75
2008-10-24,29.25
2008-10-27,26.4
2008-10-28,25.25
2008-10-29,23.5
2008-10-30,23.45
2008-10-31,24.25
2008-11-03,27.65
2008-11-04,29.2
2008-11-05,33.0
2008-11-06,32.75
2008-11-07,33.25
2008-11-10,34.0
2008-11-11,33.5
2008-11-12,32.6
2008-11-13,31.9
2008-11-14,32.5
2008-11-17,32.5
2008-11-18,32.0
2008-11-19,31.15
2008-11-20,29.65
2008-11-21,29.6
2008-11-24,30.0
2008-11-25,31.65
2008-11-26,31.0
2008-11-27,31.0
2008-11-28,31.25
2008-12-01,30.35
2008-12-02,29.25
2008-12-03,30.5
2008-12-04,29.75
2008-12-08,30.6
2008-12-09,31.0
2008-12-11,30.0
2008-12-12,29.25
2008-12-15,29.6
2008-12-16,29.4
2008-12-17,30.35
2008-12-18,30.8
2008-12-19,30.0
2008-12-22,30.0
2008-12-23,30.6
2008-12-24,31.2
2008-12-25,31.6
2008-12-26,32.0
2008-12-29,31.5
2008-12-30,32.0
2009-01-02,32.0
2009-01-05,32.75
2009-01-06,32.75
2009-01-07,31.700000000000003
2009-01-08,30.0
2009-01-09,30.25
2009-01-12,30.1
2009-01-13,29.7
2009-01-14,29.9
2009-01-15,29.0
2009-01-16,29.5
2009-01-19,29.75
2009-01-20,29.1
2009-01-21,29.1
2009-01-22,29.25
2009-01-23,28.75
2009-01-26,28.8
2009-01-27,29.1
2009-01-28,29.6
2009-01-29,29.4
2009-01-30,29.15
2009-02-02,29.0
2009-02-03,28.5
2009-02-04,28.65
2009-02-05,28.9
2009-02-06,29.5
2009-02-10,29.85
2009-02-11,29.25
2009-02-12,29.2
2009-02-13,29.35
2009-02-16,29.5
2009-02-17,29.35
2009-02-18,29.0
2009-02-19,29.35
2009-02-20,29.1
2009-02-23,29.0
2009-02-24,28.9
2009-02-25,29.0
2009-02-26,29.0
2009-02-27,29.6
2009-03-02,29.65
2009-03-03,29.2
2009-03-04,29.35
2009-03-05,29.1
2009-03-06,29.0
2009-03-09,28.9
2009-03-10,28.8
2009-03-11,28.8
2009-03-12,28.8
2009-03-13,28.65
2009-03-16,28.0
2009-03-17,27.25
2009-03-18,27.1
2009-03-19,26.65
2009-03-20,26.75
2009-03-23,27.6
2009-03-24,27.7
2009-03-25,27.5
2009-03-26,27.5
2009-03-27,27.5
2009-03-30,26.65
2009-03-31,26.5
2009-04-01,26.4
2009-04-02,26.2
2009-04-03,26.35
2009-04-07,26.25
2009-04-08,26.0
2009-04-09,26.1
2009-04-10,26.35
2009-04-16,26.85
2009-04-17,27.15
2009-04-20,27.0
2009-04-21,27.0
2009-04-22,27.35
2009-04-23,27.35
2009-04-24,28.1
2009-04-27,28.0
2009-04-28,27.75
2009-04-29,27.75
2009-04-30,28.1
2009-05-04,28.4
2009-05-06,28.9
2009-05-07,29.1
2009-05-11,28.1
2009-05-12,27.6
2009-05-13,27.6
2009-05-14,27.1
2009-05-15,27.0
2009-05-18,26.65
2009-05-19,26.9
2009-05-20,27.5
2009-05-21,27.15
2009-05-22,26.8
2009-05-25,26.65
2009-05-26,26.35
2009-05-27,26.8
2009-05-28,27.0
2009-05-29,27.9
2009-06-01,28.5
2009-06-02,27.85
2009-06-03,27.65
2009-06-04,27.35
2009-06-05,27.6
2009-06-08,29.1
2009-06-09,30.8
2009-06-10,31.6
2009-06-11,32.85
2009-06-12,33.4
2009-06-15,32.25
2009-06-16,31.9
2009-06-17,31.25
2009-06-18,30.4
2009-06-19,30.5
2009-06-22,30.7
2009-06-23,30.1
2009-06-24,31.6
2009-06-25,31.9
2009-06-26,32.1
2009-06-29,33.0
2009-06-30,33.15
2009-07-02,32.9
2009-07-03,32.65
2009-07-06,32.5
2009-07-08,33.0
2009-07-09,34.3
2009-07-10,34.65
2009-07-13,33.3
2009-07-14,33.2
2009-07-15,33.85
2009-07-16,34.4
2009-07-17,34.7
2009-07-20,36.0
2009-07-21,35.3
2009-07-22,34.5
2009-07-23,35.3
2009-07-24,36.0
2009-07-27,35.6
2009-07-28,34.9
2009-07-29,34.15
2009-07-30,34.1
2009-07-31,33.85
2009-08-03,34.0
2009-08-04,34.5
2009-08-05,34.6
2009-08-06,34.8
2009-08-07,34.0
2009-08-10,33.7
2009-08-11,33.25
2009-08-13,33.65
2009-08-14,33.5
2009-08-17,32.4
2009-08-18,32.0
2009-08-19,31.85
2009-08-20,31.75
2009-08-21,32.2
2009-08-24,32.75
2009-08-25,32.5
2009-08-26,32.25
2009-08-27,32.4
2009-08-28,33.65
2009-08-31,34.2
2009-09-01,34.2
2009-09-02,35.1
2009-09-03,38.25
2009-09-04,39.75
2009-09-07,40.15
2009-09-08,40.1
2009-09-09,39.75
2009-09-10,43.0
2009-09-11,44.25
2009-09-14,42.4
2009-09-15,42.65
2009-09-16,42.85
2009-09-17,42.8
2009-09-18,42.5
2009-09-21,42.35
2009-09-22,43.35
2009-09-23,43.75
2009-09-24,43.2
2009-09-25,43.0
2009-09-28,42.3
2009-09-29,42.5
2009-09-30,42.5
2009-10-01,42.8
2009-10-02,42.7
2009-10-05,41.85
2009-10-06,42.5
2009-10-07,42.5
2009-10-08,42.6
2009-10-09,43.3
2009-10-12,42.75
2009-10-13,41.75
2009-10-14,40.5
2009-10-15,39.0
2009-10-16,38.9
2009-10-19,40.5
2009-10-20,40.6
2009-10-21,39.9
2009-10-22,39.25
2009-10-26,39.0
2009-10-27,38.65
2009-10-28,38.5
2009-10-29,38.5
2009-10-30,39.4
2009-11-02,38.15
2009-11-03,38.1
2009-11-04,38.1
2009-11-05,36.85
2009-11-06,37.1
2009-11-09,38.0
2009-11-10,38.4
2009-11-11,38.85
2009-11-12,38.65
2009-11-13,37.6
2009-11-16,36.85
2009-11-17,36.75
2009-11-18,36.1
2009-11-19,35.4
2009-11-20,34.8
2009-11-23,33.5
2009-11-24,31.75
2009-11-25,32.5
2009-11-26,32.3
2009-11-27,31.0
2009-11-30,31.3
2009-12-01,31.4
2009-12-02,32.7
2009-12-03,33.75
2009-12-04,33.75
2009-12-08,34.25
2009-12-09,35.0
2009-12-11,36.0
2009-12-14,35.75
2009-12-15,35.1
2009-12-16,35.65
2009-12-17,35.8
2009-12-18,35.35
2009-12-21,35.5
2009-12-22,35.75
2009-12-23,36.1
2009-12-24,36.1
2009-12-25,35.9
2009-12-28,35.65
2009-12-29,35.85
2009-12-30,36.0
2010-01-04,35.5
2010-01-05,35.5
2010-01-06,34.75
2010-01-07,34.3
2010-01-08,34.0
2010-01-11,34.35
2010-01-12,34.5
2010-01-13,34.4
2010-01-14,35.1
2010-01-15,35.25
2010-01-18,34.9
2010-01-19,34.25
2010-01-20,33.7
2010-01-21,32.5
2010-01-22,32.3
2010-01-25,32.2
2010-01-26,32.1
2010-01-27,31.700000000000003
2010-01-28,31.3
2010-01-29,31.5
2010-02-01,32.15
2010-02-02,32.4
2010-02-03,32.5
2010-02-04,32.25
2010-02-05,31.2
2010-02-08,30.9
2010-02-09,32.0
2010-02-10,33.35
2010-02-11,34.0
2010-02-12,34.35
2010-02-15,33.85
2010-02-16,33.2
2010-02-17,34.0
2010-02-18,34.5
2010-02-19,34.65
2010-02-22,35.2
2010-02-23,35.25
2010-02-24,35.0
2010-02-25,34.4
2010-02-26,34.65
2010-03-02,33.4
2010-03-03,34.1
2010-03-04,34.0
2010-03-05,33.6
2010-03-08,33.25
2010-03-09,32.9
2010-03-10,33.4
2010-03-11,33.9
2010-03-12,34.5
2010-03-15,34.9
2010-03-16,35.75
2010-03-17,36.2
2010-03-18,36.35
2010-03-19,36.6
2010-03-22,35.85
2010-03-23,35.25
2010-03-24,34.85
2010-03-25,35.0
2010-03-26,35.1
2010-03-29,35.25
2010-03-30,35.75
2010-03-31,37.0
2010-04-01,38.0
2010-04-02,37.7
2010-04-05,37.4
2010-04-07,37.35
2010-04-08,35.75
2010-04-09,35.0
2010-04-12,34.15
2010-04-16,34.2
2010-04-19,33.6
2010-04-20,34.4
2010-04-21,34.5
2010-04-22,34.5
2010-04-23,34.15
2010-04-26,34.75
2010-04-27,34.0
2010-04-28,33.8
2010-04-29,34.2
2010-04-30,34.1
2010-05-04,33.9
2010-05-06,34.3
2010-05-07,34.1
2010-05-10,34.35
2010-05-11,34.9
2010-05-12,34.35
2010-05-13,34.35
2010-05-14,34.0
2010-05-17,32.8
2010-05-18,33.0
2010-05-19,33.15
2010-05-20,33.13333333333333
2010-05-21,33.11666666666667
2010-05-24,33.1
2010-05-25,32.35
2010-05-26,31.5
2010-05-27,31.4
2010-05-31,32.1
2010-06-01,32.1
2010-06-02,32.35
2010-06-03,33.4
2010-06-04,33.75
2010-06-07,33.6
2010-06-08,35.0
2010-06-09,35.8
2010-06-10,36.25
2010-06-11,36.65
2010-06-14,36.5
2010-06-15,36.0
2010-06-16,35.6
2010-06-17,35.85
2010-06-18,35.9
2010-06-21,36.25
2010-06-22,36.35
2010-06-23,36.2
2010-06-24,36.4
2010-06-25,36.1
2010-06-28,36.35
2010-06-29,36.25
2010-06-30,36.3
2010-07-02,38.0
2010-07-05,40.25
2010-07-06,40.4
2010-07-07,40.1
2010-07-08,40.4
2010-07-09,39.5
2010-07-12,38.5
2010-07-13,37.6
2010-07-14,37.9
2010-07-15,37.9
2010-07-16,37.5
2010-07-19,38.0
2010-07-20,39.6
2010-07-21,40.7
2010-07-22,43.9
2010-07-23,45.4
2010-07-27,43.5
2010-07-28,44.35
2010-07-29,44.9
2010-07-30,46.6
2010-08-02,47.25
2010-08-03,47.0
2010-08-04,46.3
2010-08-05,46.1
2010-08-06,45.85
2010-08-09,45.4
2010-08-10,45.0
2010-08-11,43.85
2010-08-16,43.8
2010-08-17,44.0
2010-08-18,45.1
2010-08-19,46.5
2010-08-20,46.5
2010-08-23,46.5
2010-08-24,46.0
2010-08-25,45.5
2010-08-26,46.0
2010-08-27,48.35
2010-08-30,49.9
2010-08-31,47.0
2010-09-01,46.9
2010-09-02,45.65
2010-09-03,46.15
2010-09-06,46.2
2010-09-07,46.4
2010-09-08,46.25
2010-09-09,46.5
2010-09-10,46.75
2010-09-13,46.65
2010-09-14,46.3
2010-09-15,45.6
2010-09-16,45.65
2010-09-17,39.5
2010-09-20,39.35
2010-09-21,39.5
2010-09-22,39.65
2010-09-23,39.1
2010-09-24,40.5
2010-09-27,42.0
2010-09-28,42.0
2010-09-29,42.15
2010-09-30,41.9
2010-10-01,41.5
2010-10-04,40.85
2010-10-05,40.35
2010-10-06,40.35
2010-10-07,40.0
2010-10-08,40.0
2010-10-11,40.75
2010-10-12,41.0
2010-10-13,41.1
2010-10-14,41.2
2010-10-15,41.5
2010-10-18,41.25
2010-10-19,41.0
2010-10-20,40.65
2010-10-21,40.65
2010-10-22,41.25
2010-10-26,42.2
2010-10-27,42.15
2010-10-28,42.0
2010-10-29,41.9
2010-11-01,42.2
2010-11-02,42.2
2010-11-03,42.15
2010-11-04,41.5
2010-11-05,41.9
2010-11-08,41.9
2010-11-09,42.3
2010-11-10,43.2
2010-11-11,43.0
2010-11-12,42.35
2010-11-15,42.2
2010-11-16,42.75
2010-11-17,42.75
2010-11-18,42.65
2010-11-19,42.5
2010-11-22,42.35
2010-11-23,42.75
2010-11-24,43.0
2010-11-25,42.85
2010-11-26,43.0
2010-11-29,42.75
2010-11-30,42.9
2010-12-01,42.9
2010-12-02,43.0
2010-12-03,42.9
2010-12-07,42.8
2010-12-08,42.75
2010-12-09,42.35
2010-12-13,42.2
2010-12-14,42.65
2010-12-15,42.5
2010-12-16,42.35
2010-12-17,41.9
2010-12-20,41.65
2010-12-21,41.9
2010-12-22,41.8
2010-12-23,41.9
2010-12-24,43.35
2010-12-27,43.5
2010-12-28,43.0
2010-12-29,42.9
2010-12-30,42.4
2011-01-04,42.35
2011-01-05,43.1
2011-01-06,43.5
2011-01-07,43.25
2011-01-10,42.5
2011-01-11,42.0
2011-01-12,42.2
2011-01-13,42.9
2011-01-14,42.9
2011-01-17,42.65
2011-01-18,42.35
2011-01-19,42.75
2011-01-20,42.9
2011-01-21,42.5
2011-01-24,41.6
2011-01-25,41.0
2011-01-26,40.65
2011-01-27,40.5
2011-01-28,40.35
2011-01-31,40.0
2011-02-01,40.1
2011-02-02,39.4
2011-02-03,39.1
2011-02-04,39.65
2011-02-07,40.25
2011-02-08,42.0
2011-02-09,41.8
2011-02-10,41.5
2011-02-11,41.25
2011-02-14,41.9
2011-02-15,41.5
2011-02-16,42.1
2011-02-17,42.75
2011-02-18,42.625
2011-02-21,42.5
2011-02-22,41.75
2011-02-23,41.5
2011-02-24,41.0
2011-02-25,41.0
2011-02-28,41.1
2011-03-01,41.35
2011-03-02,41.2
2011-03-03,41.5
2011-03-04,41.35
2011-03-07,41.1
2011-03-08,41.1
2011-03-09,41.8
2011-03-10,42.1
2011-03-11,42.1
2011-03-14,42.5
2011-03-15,42.1
2011-03-16,42.35
2011-03-17,42.1
2011-03-21,43.35
2011-03-22,44.75
2011-03-23,45.5
2011-03-24,46.1
2011-03-25,46.1
2011-03-28,45.8
2011-03-29,46.75
2011-03-30,47.9
2011-03-31,48.1
2011-04-01,47.6
2011-04-04,48.25
2011-04-05,48.0
2011-04-07,48.25
2011-04-08,48.8
2011-04-11,48.9
2011-04-12,49.3
2011-04-18,50.0
2011-04-19,50.9
2011-04-20,51.75
2011-04-21,52.4
2011-04-22,52.9
2011-04-25,53.1
2011-04-26,49.1
2011-04-27,49.1
2011-04-28,48.3
2011-04-29,49.85
2011-05-03,51.7
2011-05-04,52.8
2011-05-06,53.5
2011-05-09,56.15
2011-05-10,57.2
2011-05-11,58.5
2011-05-12,58.1
2011-05-13,56.5
2011-05-18,54.35
2011-05-19,53.85
2011-05-20,54.8
2011-05-23,55.5
2011-05-24,56.9
2011-05-25,57.3
2011-05-26,58.0
2011-05-27,58.25
2011-05-30,58.1
2011-05-31,57.85
2011-06-01,56.2
2011-06-02,56.1
2011-06-03,57.6
2011-06-06,57.9
2011-06-07,57.5
2011-06-08,56.6
2011-06-09,56.75
2011-06-10,57.9
2011-06-13,58.4
2011-06-14,59.85
2011-06-15,60.15
2011-06-16,58.3
2011-06-17,58.0
2011-06-20,57.35
2011-06-21,56.35
2011-06-22,56.0
2011-06-23,53.6
2011-06-24,53.85
2011-06-27,54.0
2011-06-28,53.6
2011-06-29,53.85
2011-06-30,55.0
2011-07-04,58.2
2011-07-05,57.1
2011-07-06,56.65
2011-07-07,56.0
2011-07-08,56.35
2011-07-11,55.65
2011-07-12,54.75
2011-07-13,55.25
2011-07-14,56.0
2011-07-18,56.6
2011-07-19,57.2
2011-07-20,60.5
2011-07-21,62.15
2011-07-22,64.3
2011-07-25,64.85
2011-07-26,65.75
2011-07-27,65.0
2011-07-28,65.15
2011-07-29,66.35
2011-08-01,68.1
2011-08-02,68.1
2011-08-03,68.0
2011-08-04,68.65
2011-08-05,67.5
2011-08-08,67.25
2011-08-09,64.4
2011-08-10,66.25
2011-08-11,66.75
2011-08-15,68.1
2011-08-16,67.75
2011-08-17,68.1
2011-08-18,67.75
2011-08-19,66.25
2011-08-22,66.85
2011-08-23,67.8
2011-08-24,68.65
2011-08-25,70.8
2011-08-26,70.0
2011-08-29,70.5
2011-08-30,69.85
2011-08-31,69.8
2011-09-01,69.25
2011-09-02,70.4
2011-09-05,70.2
2011-09-06,71.75
2011-09-07,72.75
2011-09-08,72.4
2011-09-09,73.0
2011-09-12,72.4
2011-09-13,72.4
2011-09-14,72.15
2011-09-15,72.25
2011-09-16,73.25
2011-09-19,73.15
2011-09-20,74.75
2011-09-21,76.25
2011-09-22,75.75
2011-09-23,73.85
2011-09-26,73.0
2011-09-27,74.75
2011-09-28,74.15
2011-09-29,74.0
2011-09-30,74.5
2011-10-03,72.0
2011-10-04,73.0
2011-10-05,72.75
2011-10-06,74.0
2011-10-07,74.35
2011-10-10,72.3
2011-10-11,72.65
2011-10-12,72.65
2011-10-13,72.5
2011-10-14,73.0
2011-10-17,74.35
2011-10-18,73.9
2011-10-19,73.8
2011-10-20,73.1
2011-10-21,72.7
2011-10-25,72.0
2011-10-26,73.4
2011-10-27,74.0
2011-10-28,73.75
2011-10-31,74.0
2011-11-01,74.75
2011-11-02,74.5
2011-11-03,73.5
2011-11-04,74.35
2011-11-07,75.25
2011-11-08,76.6
2011-11-09,76.65
2011-11-10,75.9
2011-11-11,76.75
2011-11-14,77.5
2011-11-15,77.6
2011-11-16,78.35
2011-11-17,78.25
2011-11-18,78.85
2011-11-21,79.0
2011-11-22,79.5
2011-11-23,80.4
2011-11-24,80.5
2011-11-25,79.6
2011-11-28,79.15
2011-11-29,79.1
2011-11-30,79.85
2011-12-01,80.15
2011-12-02,79.75
2011-12-06,198.5
2011-12-07,78.75
2011-12-08,77.5
2011-12-09,77.5
2011-12-13,195.1
2011-12-14,79.0
2011-12-15,80.25
2011-12-16,89.75
2011-12-19,89.25
2011-12-20,87.85
2011-12-21,87.5
2011-12-22,86.9
2011-12-23,87.1
2011-12-26,87.9
2011-12-27,88.1
2011-12-28,88.4
2011-12-29,70.25
2011-12-30,70.0
2012-01-04,172.75
2012-01-05,69.0
2012-01-06,69.5
2012-01-09,68.35
2012-01-10,69.15
2012-01-11,70.65
2012-01-12,70.5
2012-01-13,69.15
2012-01-16,68.65
2012-01-17,68.5
2012-01-18,67.85
2012-01-19,67.9
2012-01-20,67.15
2012-01-23,67.15
2012-01-24,67.0
2012-01-25,67.0
2012-01-26,67.5
2012-01-27,68.0
2012-01-30,67.5
2012-01-31,67.25
2012-02-01,66.9
2012-02-02,67.2
2012-02-03,68.65
2012-02-06,69.25
2012-02-07,69.15
2012-02-08,69.85
2012-02-09,69.7
2012-02-10,69.0
2012-02-13,69.0
2012-02-14,68.8
2012-02-15,69.5
2012-02-16,69.5
2012-02-17,69.4
2012-02-20,69.15
2012-02-21,68.4
2012-02-22,67.6
2012-02-23,67.1
2012-02-24,67.1
2012-02-27,67.25
2012-02-28,67.6
2012-02-29,68.85
2012-03-01,69.35
2012-03-02,70.9
2012-03-05,71.9
2012-03-06,71.85
2012-03-08,180.5
2012-03-09,73.35
2012-03-12,72.4
2012-03-13,72.5
2012-03-14,73.5
2012-03-15,74.4
2012-03-16,75.6
2012-03-19,75.5
2012-03-20,75.4
2012-03-21,78.2
2012-03-22,81.7
2012-03-23,82.35
2012-03-26,83.25
2012-03-27,85.65
2012-03-28,84.6
2012-03-29,83.35
2012-03-30,82.5
2012-04-02,82.65
2012-04-03,83.35
2012-04-04,82.6
2012-04-05,82.2
2012-04-10,204.1
2012-04-11,77.1
2012-04-12,77.35
2012-04-17,196.25
2012-04-18,78.9
2012-04-19,79.25
2012-04-20,79.9
2012-04-23,79.5
2012-04-24,79.9
2012-04-25,79.75
2012-04-26,79.2
2012-04-27,80.5
2012-04-30,82.25
2012-05-02,206.25
2012-05-03,82.15
2012-05-04,80.25
2012-05-08,198.6
2012-05-09,79.0
2012-05-10,78.85
2012-05-11,77.15
2012-05-14,76.0
2012-05-15,76.0
2012-05-16,74.5
2012-05-17,75.4
2012-05-18,74.5
2012-05-21,74.0
2012-05-22,73.7
2012-05-23,73.5
2012-05-24,74.0
2012-05-25,76.0
2012-05-28,77.65
2012-05-29,77.5
2012-05-30,77.1
2012-05-31,76.75
2012-06-01,77.0
2012-06-05,192.25
2012-06-06,77.85
2012-06-07,77.9
2012-06-08,77.15
2012-06-11,77.35
2012-06-12,77.6
2012-06-13,77.4
2012-06-14,76.4
2012-06-15,75.15
2012-06-18,74.0
2012-06-19,74.2
2012-06-20,74.9
2012-06-21,74.5
2012-06-22,74.0
2012-06-25,73.4
2012-06-26,73.35
2012-06-27,74.25
2012-06-28,74.65
2012-06-29,74.5
2012-07-02,75.15
2012-07-03,75.9
2012-07-04,75.6
2012-07-05,75.3
2012-07-06,75.5
2012-07-09,74.5
2012-07-10,75.1
2012-07-11,77.5
2012-07-12,78.25
2012-07-13,79.75
2012-07-16,82.65
2012-07-17,83.9
2012-07-18,82.0
2012-07-19,80.4
2012-07-20,79.35
2012-07-23,78.65
2012-07-24,81.35
2012-07-25,83.6
2012-07-26,83.85
2012-07-27,83.6
2012-07-30,83.35
2012-07-31,82.85
2012-08-01,79.5
2012-08-03,79.1
2012-08-06,80.8
2012-08-07,81.0
2012-08-08,80.0
2012-08-09,80.5
2012-08-10,80.15
2012-08-14,80.15
2012-08-15,80.2
2012-08-16,81.15
2012-08-17,81.9
2012-08-20,81.85
2012-08-21,83.2
2012-08-22,85.85
2012-08-23,88.65
2012-08-24,88.65
2012-08-27,89.0
2012-08-28,86.6
2012-08-29,85.8
2012-08-30,85.6
2012-08-31,86.35
2012-09-03,87.5
2012-09-04,87.7
2012-09-05,86.4
2012-09-06,88.85
2012-09-07,89.6
2012-09-10,88.8
2012-09-11,88.0
2012-09-12,88.0
2012-09-13,87.4
2012-09-14,87.1
2012-09-17,85.6
2012-09-18,85.2
2012-09-19,86.3
2012-09-20,86.9
2012-09-21,88.25
2012-09-24,88.5
2012-09-25,88.0
2012-09-26,87.4
2012-09-27,90.1
2012-09-28,92.65
2012-10-01,91.5
2012-10-02,91.1
2012-10-03,91.3
2012-10-04,90.85
2012-10-05,89.75
2012-10-08,87.7
2012-10-09,88.1
2012-10-10,87.4
2012-10-11,87.2
2012-10-12,87.4
2012-10-15,87.2
2012-10-16,86.9
2012-10-17,87.15
2012-10-18,89.6
2012-10-19,89.5
2012-10-22,89.4
2012-10-24,89.5
2012-10-25,89.35
2012-10-26,88.25
2012-10-29,87.0
2012-10-30,87.4
2012-10-31,86.9
2012-11-01,85.5
2012-11-02,83.9
2012-11-05,82.5
2012-11-06,82.85
2012-11-07,82.65
2012-11-08,82.5
2012-11-09,82.4
2012-11-12,81.7
2012-11-13,81.6
2012-11-14,82.75
2012-11-15,82.6
2012-11-16,83.1
2012-11-19,83.75
2012-11-20,83.65
2012-11-21,82.5
2012-11-22,82.65
2012-11-23,83.0
2012-11-26,84.15
2012-11-27,85.15
2012-11-28,85.65
2012-11-29,86.1
2012-11-30,87.15
2012-12-03,87.5
2012-12-04,87.2
2012-12-06,87.35
2012-12-07,87.5
2012-12-11,88.4
2012-12-12,89.85
2012-12-13,90.4
2012-12-14,89.6
2012-12-17,88.1
2012-12-18,87.85
2012-12-19,88.9
2012-12-20,88.5
2012-12-21,87.5
2012-12-24,87.15
2012-12-25,87.65
2012-12-26,87.8
2012-12-27,88.5
2012-12-28,88.85
2013-01-02,87.85
2013-01-03,87.0
2013-01-04,86.1
2013-01-07,86.8
2013-01-08,86.8
2013-01-09,86.6
2013-01-10,85.35
2013-01-11,84.9
2013-01-14,84.85
2013-01-15,85.0
2013-01-16,83.6
2013-01-17,83.1
2013-01-18,84.15
2013-01-21,85.5
2013-01-22,84.6
2013-01-23,83.75
2013-01-24,83.75
2013-01-25,83.8
2013-01-28,84.3
2013-01-29,86.15
2013-01-30,88.2
2013-01-31,87.25
2013-02-01,87.0
2013-02-04,87.75
2013-02-05,87.4
2013-02-06,86.75
2013-02-07,87.5
2013-02-08,88.5
2013-02-11,87.8
2013-02-12,86.35
2013-02-13,86.65
2013-02-14,87.0
2013-02-15,86.75
2013-02-18,86.35
2013-02-19,86.7
2013-02-20,87.2
2013-02-21,85.0
2013-02-22,84.5
2013-02-26,84.0
2013-02-27,84.2
2013-02-28,85.1
2013-03-01,84.85
2013-03-04,84.0
2013-03-05,84.35
2013-03-06,85.0
2013-03-07,84.75
2013-03-08,84.75
2013-03-11,85.15
2013-03-12,87.65
2013-03-13,91.65
2013-03-14,91.9
2013-03-15,94.0
2013-03-18,94.25
2013-03-19,95.0
2013-03-20,95.4
2013-03-21,94.5
2013-03-22,92.65
2013-03-25,92.75
2013-03-26,95.0
2013-03-27,97.3
2013-03-28,95.65
2013-03-29,96.65
2013-04-01,97.4
2013-04-02,97.4
2013-04-03,95.9
2013-04-04,93.5
2013-04-05,94.25
2013-04-09,93.75
2013-04-10,95.0
2013-04-11,96.65
2013-04-12,97.9
2013-04-17,101.9
2013-04-18,104.5
2013-04-19,104.5
2013-04-22,104.75
2013-04-23,103.5
2013-04-24,103.5
2013-04-25,107.75
2013-04-26,111.25
2013-04-29,114.75
2013-04-30,118.0
2013-05-02,116.0
2013-05-03,114.5
2013-05-07,118.0
2013-05-08,124.25
2013-05-09,127.25
2013-05-10,125.5
2013-05-13,124.75
2013-05-14,122.5
2013-05-15,121.75
2013-05-16,121.25
2013-05-17,123.0
2013-05-20,124.5
2013-05-21,123.0
2013-05-22,121.5
2013-05-23,121.0
2013-05-27,119.5
2013-05-28,121.0
2013-05-29,121.75
2013-05-30,117.75
2013-05-31,117.0
2013-06-03,114.75
2013-06-04,118.0
2013-06-05,117.0
2013-06-06,114.5
2013-06-07,115.5
2013-06-10,117.5
2013-06-11,112.75
2013-06-12,105.5
2013-06-13,105.0
2013-06-14,113.75
2013-06-17,116.5
2013-06-18,114.0
2013-06-19,113.0
2013-06-20,113.25
2013-06-21,112.25
2013-06-24,112.75
2013-06-25,115.5
2013-06-26,116.75
2013-06-27,118.25
2013-06-28,116.25
2013-07-02,116.75
2013-07-03,117.0
2013-07-04,115.0
2013-07-05,115.25
2013-07-08,113.25
2013-07-09,113.5
2013-07-10,111.75
2013-07-11,113.0
2013-07-12,116.0
2013-07-15,118.5
2013-07-16,118.0
2013-07-17,117.75
2013-07-18,118.0
2013-07-19,117.75
2013-07-23,122.0
2013-07-24,125.25
2013-07-25,120.75
2013-07-26,121.5
2013-07-29,119.5
2013-07-30,117.25
2013-07-31,117.5
2013-08-01,119.5
2013-08-02,117.5
2013-08-05,116.0
2013-08-06,117.0
2013-08-07,118.0
2013-08-08,121.25
2013-08-09,121.75
2013-08-13,120.5
2013-08-14,119.75
2013-08-15,120.0
2013-08-16,117.25
2013-08-19,115.5
2013-08-20,113.0
2013-08-21,111.75
2013-08-22,109.25
2013-08-23,108.0
2013-08-26,105.75
2013-08-27,101.6
2013-08-28,96.75
2013-08-29,98.8
2013-08-30,99.75
2013-09-02,101.9
2013-09-03,104.5
2013-09-04,102.75
2013-09-05,103.75
2013-09-06,107.5
2013-09-09,111.5
2013-09-10,114.75
2013-09-11,116.25
2013-09-12,114.75
2013-09-13,111.25
2013-09-16,115.75
2013-09-17,114.25
2013-09-18,114.75
2013-09-19,118.75
2013-09-20,118.75
2013-09-23,114.25
2013-09-24,113.5
2013-09-25,114.25
2013-09-26,113.5
2013-09-27,112.0
2013-09-30,105.75
2013-10-01,106.5
2013-10-02,109.75
2013-10-03,111.5
2013-10-04,113.75
2013-10-07,114.5
2013-10-08,116.25
2013-10-09,116.0
2013-10-10,116.5
2013-10-11,117.0
2013-10-14,117.25
2013-10-15,117.5
2013-10-16,116.0
2013-10-17,116.25
2013-10-18,118.0
2013-10-21,116.5
2013-10-22,115.0
2013-10-24,115.0
2013-10-25,114.25
2013-10-28,114.25
2013-10-29,114.5
2013-10-30,113.75
2013-10-31,112.0
2013-11-01,111.5
2013-11-04,110.75
2013-11-05,113.0
2013-11-06,114.0
2013-11-07,112.5
2013-11-08,107.0
2013-11-11,102.5
2013-11-12,106.0
2013-11-13,104.25
2013-11-14,104.5
2013-11-15,103.75
2013-11-18,103.0
2013-11-19,101.75
2013-11-20,100.65
2013-11-21,99.5
2013-11-22,99.5
2013-11-25,99.75
2013-11-26,102.5
2013-11-27,104.0
2013-11-28,102.5
2013-11-29,104.0
2013-12-02,103.25
2013-12-03,103.0
2013-12-04,102.25
2013-12-06,101.25
2013-12-09,101.25
2013-12-11,100.35
2013-12-12,99.4
2013-12-13,98.6
2013-12-16,97.15
2013-12-17,97.5
2013-12-18,99.1
2013-12-19,99.6
2013-12-20,99.8
2013-12-23,99.35
2013-12-24,99.4
2013-12-25,99.5
2013-12-26,99.0
2013-12-27,97.4
2014-01-02,95.0
2014-01-03,91.25
2014-01-06,93.1
2014-01-07,95.6
2014-01-08,96.75
2014-01-09,99.5
2014-01-10,99.4
2014-01-13,98.5
2014-01-14,99.0
2014-01-15,99.0
2014-01-16,100.5
2014-01-17,101.0
2014-01-20,100.0
2014-01-21,100.0
2014-01-22,99.1
2014-01-23,98.9
2014-01-24,99.4
2014-01-27,96.85
2014-01-28,95.1
2014-01-29,93.35
2014-01-30,92.5
2014-01-31,94.8
2014-02-03,96.5
2014-02-04,94.65
2014-02-05,95.4
2014-02-06,96.5
2014-02-07,96.5
2014-02-10,95.7
2014-02-11,96.6
2014-02-12,96.75
2014-02-13,99.75
2014-02-17,101.75
2014-02-18,103.0
2014-02-19,104.5
2014-02-20,103.0
2014-02-21,103.5
2014-02-24,104.0
2014-02-25,103.5
2014-02-26,103.25
2014-02-27,102.5
2014-02-28,101.25
2014-03-03,102.0
2014-03-04,103.0
2014-03-05,103.25
2014-03-06,103.5
2014-03-07,106.25
2014-03-10,108.25
2014-03-11,108.5
2014-03-12,107.75
2014-03-13,108.75
2014-03-14,108.25
2014-03-17,109.25
2014-03-18,111.0
2014-03-19,114.75
2014-03-20,115.25
2014-03-21,116.5
2014-03-24,115.75
2014-03-25,115.0
2014-03-26,115.25
2014-03-27,115.75
2014-03-28,116.5
2014-03-31,116.75
2014-04-01,118.25
2014-04-02,119.75
2014-04-03,117.5
2014-04-04,117.0
2014-04-08,116.5
2014-04-09,115.0
2014-04-10,116.25
2014-04-11,117.75
2014-04-16,118.25
2014-04-17,119.5
2014-04-18,122.0
2014-04-21,122.5
2014-04-22,123.0
2014-04-23,123.25
2014-04-24,122.75
2014-04-25,121.5
2014-04-28,119.5
2014-04-29,120.5
2014-04-30,122.75
2014-05-02,123.75
2014-05-06,121.5
2014-05-07,120.0
2014-05-08,118.75
2014-05-09,118.0
2014-05-12,117.5
2014-05-14,120.0
2014-05-15,121.0
2014-05-16,120.0
2014-05-19,121.5
2014-05-20,120.75
2014-05-21,121.5
2014-05-22,122.75
2014-05-23,121.75
2014-05-26,120.25
2014-05-27,119.75
2014-05-28,120.25
2014-05-29,120.5
2014-05-30,120.5
2014-06-02,121.75
2014-06-03,126.5
2014-06-04,127.0
2014-06-05,127.25
2014-06-06,128.5
2014-06-09,128.75
2014-06-10,115.75
2014-06-11,117.0
2014-06-12,113.5
2014-06-13,110.0
2014-06-16,111.75
2014-06-17,112.5
2014-06-18,111.0
2014-06-19,112.5
2014-06-20,111.5
2014-06-23,111.25
2014-06-24,111.0
2014-06-25,111.75
2014-06-26,113.25
2014-06-27,114.0
2014-06-30,113.25
2014-07-02,112.0
2014-07-03,111.25
2014-07-04,110.25
2014-07-07,110.0
2014-07-08,111.5
2014-07-09,112.75
2014-07-10,113.75
2014-07-14,113.75
2014-07-15,114.0
2014-07-16,113.0
2014-07-17,112.75
2014-07-18,110.75
2014-07-21,110.25
2014-07-22,109.25
2014-07-23,108.75
2014-07-24,108.25
2014-07-25,107.25
2014-07-28,105.0
2014-07-29,102.5
2014-07-30,100.25
2014-07-31,102.25
2014-08-01,103.75
2014-08-04,104.25
2014-08-05,106.0
2014-08-06,106.25
2014-08-07,105.25
2014-08-08,103.5
2014-08-13,104.0
2014-08-14,104.0
2014-08-15,103.5
2014-08-18,104.25
2014-08-19,104.5
2014-08-20,109.25
2014-08-21,111.25
2014-08-22,110.5
2014-08-25,110.0
2014-08-26,109.25
2014-08-27,110.0
2014-08-28,110.75
2014-08-29,109.25
2014-09-01,108.5
2014-09-02,107.25
2014-09-03,107.25
2014-09-04,105.25
2014-09-05,103.25
2014-09-08,103.0
2014-09-09,102.75
2014-09-10,103.75
2014-09-11,104.75
2014-09-12,105.25
2014-09-15,103.5
2014-09-16,102.0
2014-09-17,101.25
2014-09-18,101.0
2014-09-19,101.75
2014-09-22,100.75
2014-09-23,102.5
2014-09-24,105.0
2014-09-25,106.75
2014-09-26,106.5
2014-09-29,107.25
2014-09-30,105.25
2014-10-01,106.0
2014-10-02,106.25
2014-10-03,105.75
2014-10-06,104.5
2014-10-07,103.0
2014-10-08,102.75
2014-10-09,103.5
2014-10-10,103.25
2014-10-13,102.25
2014-10-14,103.25
2014-10-15,103.5
2014-10-16,102.75
2014-10-17,102.25
2014-10-20,102.0
2014-10-21,101.25
2014-10-22,102.0
2014-10-24,101.75
2014-10-27,100.75
2014-10-28,101.0
2014-10-29,102.25
2014-10-30,102.75
2014-10-31,103.0
2014-11-03,102.0
2014-11-04,101.75
2014-11-05,101.5
2014-11-06,102.25
2014-11-07,102.75
2014-11-10,102.25
2014-11-11,100.75
2014-11-12,100.75
2014-11-13,100.75
2014-11-14,100.25
2014-11-17,99.9
2014-11-18,100.4
2014-11-19,100.41428571428573
2014-11-20,100.42857142857143
2014-11-21,100.44285714285715
2014-11-24,100.45714285714286
2014-11-25,100.47142857142858
2014-11-26,100.48571428571428
2014-11-27,100.5
2014-11-28,99.75
2014-12-01,98.85
2014-12-02,97.65
2014-12-03,97.5
2014-12-04,98.85
2014-12-08,99.35
2014-12-09,99.2
2014-12-11,98.6
2014-12-12,98.15
2014-12-15,97.4
2014-12-16,95.0
2014-12-17,95.65
2014-12-18,97.0
2014-12-19,97.0
2014-12-22,97.6
2014-12-23,96.9
2014-12-24,97.4
2014-12-25,97.35
2014-12-26,97.25
2014-12-29,97.15
2014-12-30,96.25
2015-01-05,96.0
2015-01-06,94.85
2015-01-07,93.85
2015-01-08,93.5
2015-01-09,93.65
2015-01-12,94.1
2015-01-13,94.7
2015-01-14,94.75
2015-01-15,94.35
2015-01-16,93.15
2015-01-19,93.0
2015-01-20,92.5
2015-01-21,92.2
2015-01-22,93.0
2015-01-23,93.65
2015-01-26,93.8
2015-01-27,93.9
2015-01-28,94.75
2015-01-29,94.6
2015-01-30,94.25
2015-02-02,92.75
2015-02-03,92.9
2015-02-04,92.8
2015-02-05,92.5
2015-02-06,92.15
2015-02-09,93.3
2015-02-10,95.6
2015-02-11,94.65
2015-02-12,93.5
2015-02-13,93.35
2015-02-16,94.25
2015-02-17,94.25
2015-02-18,94.65
2015-02-19,94.5
2015-02-20,92.0
2015-02-23,91.0
2015-02-24,89.25
2015-02-25,86.65
2015-02-26,86.0
2015-02-27,87.0
2015-03-02,86.5
2015-03-03,85.65
2015-03-05,84.0
2015-03-06,83.0
2015-03-09,83.25
2015-03-10,83.0
2015-03-11,82.6
2015-03-12,83.6
2015-03-13,85.35
2015-03-16,85.6
2015-03-17,84.65
2015-03-18,84.0
2015-03-19,86.1
2015-03-20,86.15
2015-03-23,84.9
2015-03-24,83.4
2015-03-25,83.0
2015-03-26,82.9
2015-03-27,82.5
2015-03-30,82.25
2015-03-31,82.25
2015-04-01,82.5
2015-04-02,83.25
2015-04-03,83.0
2015-04-07,82.5
2015-04-08,81.5
2015-04-09,81.5
2015-04-10,82.15
2015-04-16,82.5
2015-04-17,82.6
2015-04-20,82.0
2015-04-21,82.5
2015-04-22,82.25
2015-04-23,82.0
2015-04-24,81.75
2015-04-27,85.0
2015-04-28,86.5
2015-04-29,86.1
2015-04-30,86.5
2015-05-04,86.8
2015-05-06,85.8
2015-05-07,83.0
2015-05-08,82.3
2015-05-11,84.6
2015-05-12,84.85
2015-05-13,84.85
2015-05-14,84.85
2015-05-15,85.2
2015-05-18,85.85
2015-05-19,88.1
2015-05-20,89.1
2015-05-21,89.25
2015-05-22,91.1
2015-05-25,90.5
2015-05-26,88.5
2015-05-27,87.85
2015-05-28,88.0
2015-05-29,87.9
2015-06-02,87.6
2015-06-03,87.6
2015-06-04,87.1
2015-06-05,87.25
2015-06-08,87.75
2015-06-09,86.5
2015-06-10,86.4
2015-06-11,87.65
2015-06-12,87.1
2015-06-15,86.15
2015-06-16,85.3
2015-06-17,84.5
2015-06-18,84.0
2015-06-19,83.1
2015-06-22,82.7
2015-06-23,83.4
2015-06-24,83.4
2015-06-25,84.15
2015-06-26,84.9
2015-06-29,84.5
2015-06-30,83.7
2015-07-02,83.2
2015-07-03,82.9
2015-07-06,82.5
2015-07-07,82.85
2015-07-08,82.25
2015-07-09,82.85
2015-07-10,82.6
2015-07-13,82.65
2015-07-14,82.0
2015-07-15,83.25
2015-07-16,84.5
2015-07-17,84.4
2015-07-20,83.5
2015-07-21,80.2
2015-07-22,78.25
2015-07-23,77.0
2015-07-24,75.85
2015-07-27,73.6
2015-07-28,71.4
2015-07-29,70.8
2015-07-31,70.5
2015-08-03,69.1
2015-08-04,66.7
2015-08-05,64.5
2015-08-06,64.85
2015-08-07,66.65
2015-08-10,65.5
2015-08-11,64.4
2015-08-13,65.3
2015-08-14,66.5
2015-08-17,67.35
2015-08-18,65.5
2015-08-19,65.5
2015-08-20,66.2
2015-08-21,66.65
2015-08-24,64.9
2015-08-25,63.9
2015-08-26,62.5
2015-08-27,61.9
2015-08-28,63.15
2015-08-31,65.7
2015-09-01,66.15
2015-09-02,66.1
2015-09-03,67.65
2015-09-04,66.65
2015-09-07,65.5
2015-09-08,66.25
2015-09-09,69.4
2015-09-10,70.0
2015-09-11,69.2
2015-09-14,68.1
2015-09-15,66.0
2015-09-16,63.35
2015-09-17,64.0
2015-09-18,65.5
2015-09-21,65.25
2015-09-22,64.6
2015-09-23,63.0
2015-09-24,62.15
2015-09-25,61.5
2015-09-28,61.0
2015-09-29,60.35
2015-09-30,59.4
2015-10-01,57.2
2015-10-02,55.5
2015-10-05,53.75
2015-10-06,54.25
2015-10-07,55.9
2015-10-08,56.65
2015-10-09,57.5
2015-10-12,57.85
2015-10-13,57.4
2015-10-14,57.9
2015-10-15,58.0
2015-10-16,58.0
2015-10-19,57.0
2015-10-20,56.5
2015-10-21,57.25
2015-10-22,59.35
2015-10-26,62.0
2015-10-27,65.0
2015-10-28,66.5
2015-10-29,66.35
2015-10-30,67.0
2015-11-02,67.5
2015-11-03,66.9
2015-11-04,66.5
2015-11-05,64.25
2015-11-06,63.35
2015-11-09,63.0
2015-11-10,62.5
2015-11-11,62.25
2015-11-12,57.25
2015-11-13,53.4
2015-11-16,52.15
2015-11-17,53.15
2015-11-18,51.25
2015-11-19,50.5
2015-11-20,51.15
2015-11-23,52.1
2015-11-24,51.65
2015-11-25,49.9
2015-11-26,48.6
2015-11-27,48.0
2015-11-30,47.0
2015-12-01,45.0
2015-12-02,44.5
2015-12-03,46.25
2015-12-04,47.0
2015-12-08,46.2
2015-12-09,45.25
2015-12-11,45.35
2015-12-14,43.1
2015-12-15,45.9
2015-12-16,47.25
2015-12-17,42.7
2015-12-18,39.5
2015-12-21,30.4
2015-12-22,30.1
2015-12-23,30.5
2015-12-24,31.5
2015-12-25,31.3
2015-12-28,30.9
2015-12-29,30.9
2015-12-30,30.6
2016-01-04,29.5
2016-01-05,29.0
2016-01-06,29.7
2016-01-07,29.35
2016-01-08,30.15
2016-01-11,30.5
2016-01-12,31.15
2016-01-13,31.700000000000003
2016-01-14,31.9
2016-01-15,33.5
2016-01-18,33.2
2016-01-19,34.25
2016-01-20,34.2
2016-01-21,34.65
2016-01-22,35.15
2016-01-25,34.1
2016-01-26,32.6
2016-01-27,32.15
2016-01-28,31.5
2016-01-29,32.5
2016-02-01,32.75
2016-02-02,34.0
2016-02-03,35.5
2016-02-04,32.75
2016-02-05,31.4
2016-02-08,31.2
2016-02-09,31.5
2016-02-10,32.75
2016-02-11,32.35
2016-02-12,31.9
2016-02-15,32.0
2016-02-16,31.4
2016-02-17,31.0
2016-02-18,31.700000000000003
2016-02-19,33.0
2016-02-23,33.3
2016-02-24,32.75
2016-02-25,33.0
2016-02-26,33.15
2016-02-29,32.4
2016-03-01,32.15
2016-03-02,33.35
2016-03-03,35.5
2016-03-04,38.0
2016-03-07,40.85
2016-03-08,40.6
2016-03-09,40.4
2016-03-10,41.15
2016-03-11,41.15
2016-03-14,41.0
2016-03-15,38.9
2016-03-16,39.25
2016-03-17,39.5
2016-03-18,38.75
2016-03-21,41.1
2016-03-22,46.85
2016-03-23,47.15
2016-03-24,46.5
2016-03-25,44.25
2016-03-28,42.6
2016-03-29,42.1
2016-03-30,41.2
2016-03-31,40.85
2016-04-01,40.35
2016-04-04,38.75
2016-04-05,36.3
2016-04-07,33.65
2016-04-08,33.15
2016-04-11,33.8
2016-04-12,34.0
2016-04-18,34.1
2016-04-19,34.85
2016-04-20,34.85
2016-04-21,34.35
2016-04-22,34.5
2016-04-25,34.6
2016-04-26,34.6
2016-04-27,34.6
2016-04-28,33.85
2016-04-29,33.8
2016-05-03,33.9
2016-05-04,33.75
2016-05-09,33.25
2016-05-10,32.9
2016-05-11,32.5
2016-05-12,32.0
2016-05-13,32.0
2016-05-16,31.85
2016-05-17,32.9
2016-05-18,32.6
2016-05-19,31.85
2016-05-23,31.5
2016-05-24,32.15
2016-05-25,32.65
2016-05-26,32.85
2016-05-27,34.2
2016-05-30,36.0
2016-05-31,36.6
2016-06-01,36.7
2016-06-02,36.2
2016-06-03,36.35
2016-06-06,36.5
2016-06-07,36.9
2016-06-08,36.65
2016-06-09,36.9
2016-06-10,37.0
2016-06-13,37.15
2016-06-14,37.1
2016-06-15,36.15
2016-06-16,34.2
2016-06-17,34.0
2016-06-20,33.5
2016-06-21,33.2
2016-06-22,32.7
2016-06-23,32.35
2016-06-24,31.9
2016-06-27,32.1
2016-06-28,32.5
2016-06-29,32.75
2016-06-30,32.5
2016-07-04,32.35
2016-07-05,32.25
2016-07-06,32.0
2016-07-07,31.9
2016-07-08,32.0
2016-07-11,32.6
2016-07-12,32.5
2016-07-13,31.6
2016-07-14,31.8
2016-07-15,31.9
2016-07-20,32.25
2016-07-21,32.25
2016-07-22,32.1
2016-07-25,31.75
2016-07-26,31.35
2016-07-27,31.85
2016-07-28,32.1
2016-07-29,32.25
2016-08-01,32.15
2016-08-02,31.8
2016-08-03,31.5
2016-08-04,31.35
2016-08-05,31.65
2016-08-08,32.1
2016-08-09,32.5
2016-08-10,34.65
2016-08-11,36.85
2016-08-15,36.5
2016-08-16,34.85
2016-08-17,34.85
2016-08-18,35.75
2016-08-19,35.6
2016-08-22,34.6
2016-08-23,34.85
2016-08-24,36.0
2016-08-25,35.8
2016-08-26,34.9
2016-08-29,34.75
2016-08-30,34.5
2016-08-31,34.5
2016-09-01,34.35
2016-09-02,33.6
2016-09-05,32.6
2016-09-06,32.35
2016-09-07,32.0
2016-09-08,31.15
2016-09-09,30.1
2016-09-12,29.5
2016-09-13,30.65
2016-09-14,30.1
2016-09-15,30.65
2016-09-16,31.1
2016-09-19,32.6
2016-09-20,32.75
2016-09-21,32.85
2016-09-22,33.2
2016-09-23,33.15
2016-09-26,32.5
2016-09-27,32.8
2016-09-28,32.4
2016-09-29,32.1
2016-09-30,31.65
2016-10-03,31.5
2016-10-04,31.35
2016-10-05,31.25
2016-10-06,31.5
2016-10-07,31.65
2016-10-10,30.0
2016-10-11,30.35
2016-10-12,29.85
2016-10-13,29.15
2016-10-14,30.8
2016-10-17,30.85
2016-10-18,31.2
2016-10-19,31.1
2016-10-20,31.1
2016-10-21,31.5
2016-10-25,32.0
2016-10-26,31.6
2016-10-27,31.0
2016-10-28,31.15
2016-10-31,31.5
2016-11-01,31.5
2016-11-02,31.35
2016-11-03,31.1
2016-11-04,31.0
2016-11-07,31.5
2016-11-08,32.5
2016-11-09,33.4
2016-11-10,35.15
2016-11-11,36.5
2016-11-14,38.0
2016-11-15,35.85
2016-11-16,34.85
2016-11-17,35.35
2016-11-18,35.75
2016-11-21,35.1
2016-11-22,35.0
2016-11-23,34.5
2016-11-24,33.85
2016-11-25,33.85
2016-11-28,34.1
2016-11-29,34.5
2016-11-30,34.4
2016-12-01,33.7
2016-12-02,33.0
2016-12-06,32.5
2016-12-07,33.2
2016-12-08,34.15
2016-12-09,34.0
2016-12-13,34.35
2016-12-14,34.65
2016-12-15,35.15
2016-12-16,35.65
2016-12-19,35.8
2016-12-20,35.3
2016-12-21,35.0
2016-12-22,35.1
2016-12-23,35.1
2016-12-26,35.35
2016-12-27,35.75
2016-12-28,37.0
2016-12-29,37.5
2016-12-30,37.8
2017-01-04,39.3
2017-01-05,41.15
2017-01-06,41.6
2017-01-09,40.9
2017-01-10,40.9
2017-01-11,41.65
2017-01-12,42.5
2017-01-16,41.75
2017-01-17,41.65
2017-01-18,42.9
2017-01-19,43.75
2017-01-20,44.5
2017-01-23,45.6
2017-01-24,46.0
2017-01-25,45.0
2017-01-26,43.0
2017-01-27,42.15
2017-01-30,41.75
2017-01-31,39.6
2017-02-01,40.5
2017-02-02,42.4
2017-02-03,42.85
2017-02-06,43.35
2017-02-07,42.5
2017-02-08,42.1
2017-02-09,41.7
2017-02-10,41.5
2017-02-14,41.65
2017-02-15,42.15
2017-02-16,43.5
2017-02-17,44.2
2017-02-20,44.15
2017-02-21,43.75
2017-02-22,43.0
2017-02-23,42.9
2017-02-24,42.75
2017-02-27,42.75
2017-02-28,43.5
2017-03-01,43.5
2017-03-02,43.0
2017-03-03,41.85
2017-03-06,41.0
2017-03-07,40.0
2017-03-08,39.8
2017-03-09,40.15
2017-03-10,40.3
2017-03-13,39.5
2017-03-14,39.75
2017-03-15,40.5
2017-03-16,41.25
2017-03-17,41.5
2017-03-20,41.65
2017-03-21,42.25
2017-03-22,42.4
2017-03-23,42.9
2017-03-24,43.0
2017-03-27,43.35
2017-03-28,43.85
2017-03-29,44.2
2017-03-30,43.85
2017-03-31,43.6
2017-04-03,43.6
2017-04-04,42.6
2017-04-05,42.25
2017-04-07,42.4
2017-04-10,42.65
2017-04-11,42.35
2017-04-12,42.85
2017-04-17,43.0
2017-04-18,42.75
2017-04-19,41.85
2017-04-20,42.65
2017-04-21,42.7
2017-04-24,42.5
2017-04-25,42.4
2017-04-26,41.4
2017-04-27,41.1
2017-04-28,41.5
2017-05-02,41.5
2017-05-03,41.5
2017-05-04,41.75
2017-05-08,41.65
2017-05-09,41.5
2017-05-11,41.35
2017-05-12,41.35
2017-05-15,41.0
2017-05-16,41.25
2017-05-17,41.15
2017-05-18,40.65
2017-05-19,40.9
2017-05-22,41.5
2017-05-23,42.1
2017-05-24,44.0
2017-05-25,43.65
2017-05-26,43.9
2017-05-29,44.85
2017-05-30,46.75
2017-05-31,47.15
2017-06-01,46.6
2017-06-02,46.65
2017-06-05,46.9
2017-06-06,46.25
2017-06-07,46.35
2017-06-08,47.5
2017-06-09,50.15
2017-06-12,50.65
2017-06-13,51.75
2017-06-14,52.5
2017-06-15,51.8
2017-06-16,51.6
2017-06-19,51.75
2017-06-20,52.1
2017-06-21,51.75
2017-06-22,51.8
2017-06-23,52.9
2017-06-26,53.75
2017-06-27,53.3
2017-06-28,52.5
2017-06-29,52.35
2017-06-30,52.5
2017-07-03,53.0
2017-07-04,52.65
2017-07-05,52.15
2017-07-06,52.15
2017-07-07,51.4
2017-07-11,51.0
2017-07-12,53.0
2017-07-13,55.25
2017-07-14,54.9
2017-07-17,54.9
2017-07-18,54.6
2017-07-19,55.65
2017-07-20,55.85
2017-07-21,55.65
2017-07-24,56.0
2017-07-25,56.35
2017-07-26,56.4
2017-07-27,56.15
2017-07-31,55.0
2017-08-01,54.8
2017-08-02,55.25
2017-08-03,55.65
2017-08-04,55.65
2017-08-07,55.6
2017-08-08,55.35
2017-08-09,55.5
2017-08-10,56.0
2017-08-11,55.25
2017-08-15,54.75
2017-08-16,54.6
2017-08-17,53.35
2017-08-18,52.75
2017-08-21,53.5
2017-08-22,53.9
2017-08-23,53.75
2017-08-24,52.5
2017-08-25,52.25
2017-08-28,52.8
2017-08-29,54.0
2017-08-30,54.85
2017-08-31,54.65
2017-09-01,54.8
2017-09-04,55.9
2017-09-05,57.6
2017-09-06,58.2
2017-09-07,58.5
2017-09-08,58.75
2017-09-11,58.65
2017-09-12,58.0
2017-09-13,57.9
2017-09-14,58.25
2017-09-15,58.35
2017-09-18,58.0
2017-09-19,57.4
2017-09-20,56.15
2017-09-21,55.0
2017-09-22,54.65
2017-09-25,54.8
2017-09-26,55.5
2017-09-27,56.4
2017-09-28,56.6
2017-09-29,56.6
2017-10-02,57.6
2017-10-03,57.75
2017-10-04,57.5
2017-10-05,58.1
2017-10-06,57.675
2017-10-09,57.25
2017-10-10,57.0
2017-10-11,58.15
2017-10-12,58.4
2017-10-16,57.5
2017-10-17,55.5
2017-10-18,52.7
2017-10-19,52.65
2017-10-20,52.75
2017-10-24,52.9
2017-10-25,53.6
2017-10-27,53.9
2017-10-30,53.75
2017-10-31,53.7
2017-11-01,52.1
2017-11-02,48.15
2017-11-03,45.8
2017-11-06,46.6
2017-11-07,47.9
2017-11-08,47.9
2017-11-09,48.5
2017-11-10,48.4
2017-11-13,46.4
2017-11-14,45.4
2017-11-15,46.0
2017-11-16,46.3
2017-11-17,46.3
2017-11-20,45.5
2017-11-21,44.8
2017-11-22,44.75
2017-11-23,43.15
2017-11-24,42.1
2017-11-27,42.4
2017-11-28,42.9
2017-11-29,42.75
2017-11-30,42.35
2017-12-01,43.4
2017-12-04,43.6
2017-12-06,44.2
2017-12-07,45.35
2017-12-08,45.5
2017-12-12,45.35
2017-12-13,45.3
2017-12-14,44.65
2017-12-15,43.85
2017-12-18,43.35
2017-12-19,43.15
2017-12-20,42.8
2017-12-21,43.6
2017-12-22,44.25
2017-12-25,43.85
2017-12-26,43.5
2017-12-27,43.5
2017-12-28,49.6
2017-12-29,49.1
