Date,KBANK
2008-01-02,85.0
2008-01-03,82.75
2008-01-04,81.25
2008-01-07,80.25
2008-01-08,81.75
2008-01-09,81.75
2008-01-10,81.25
2008-01-11,80.0
2008-01-14,79.0
2008-01-15,79.0
2008-01-16,77.5
2008-01-17,80.25
2008-01-18,81.25
2008-01-21,81.75
2008-01-22,78.25
2008-01-23,78.75
2008-01-24,76.75
2008-01-25,78.0
2008-01-28,77.5
2008-01-29,77.25
2008-01-30,78.25
2008-01-31,81.5
2008-02-01,85.25
2008-02-04,86.25
2008-02-05,86.5
2008-02-06,84.75
2008-02-07,85.5
2008-02-08,86.0
2008-02-11,86.75
2008-02-12,88.5
2008-02-13,91.75
2008-02-14,91.25
2008-02-15,88.25
2008-02-18,88.25
2008-02-19,89.25
2008-02-20,88.5
2008-02-22,87.5
2008-02-25,88.5
2008-02-26,88.5
2008-02-27,87.75
2008-02-28,86.75
2008-02-29,87.0
2008-03-03,87.5
2008-03-04,87.25
2008-03-05,86.75
2008-03-06,88.0
2008-03-07,87.5
2008-03-10,85.75
2008-03-11,86.0
2008-03-12,87.5
2008-03-13,85.0
2008-03-14,84.75
2008-03-17,84.0
2008-03-18,84.5
2008-03-19,86.25
2008-03-20,85.0
2008-03-21,85.75
2008-03-24,87.25
2008-03-25,89.0
2008-03-26,90.25
2008-03-27,90.0
2008-03-28,90.5
2008-03-31,90.25
2008-04-01,90.75
2008-04-02,92.25
2008-04-03,92.0
2008-04-04,91.5
2008-04-08,91.25
2008-04-09,91.25
2008-04-10,89.75
2008-04-11,90.0
2008-04-16,91.25
2008-04-17,93.25
2008-04-18,93.0
2008-04-21,92.5
2008-04-22,90.75
2008-04-23,90.25
2008-04-24,89.5
2008-04-25,88.25
2008-04-28,86.75
2008-04-29,87.5
2008-04-30,87.5
2008-05-02,88.5
2008-05-06,89.25
2008-05-07,88.5
2008-05-08,87.5
2008-05-09,87.0
2008-05-12,86.25
2008-05-13,87.0
2008-05-14,87.75
2008-05-15,87.75
2008-05-16,88.5
2008-05-20,88.0
2008-05-21,88.5
2008-05-22,89.25
2008-05-23,89.25
2008-05-26,87.25
2008-05-27,87.5
2008-05-28,86.75
2008-05-29,85.5
2008-05-30,85.0
2008-06-02,82.25
2008-06-03,79.75
2008-06-04,79.0
2008-06-05,79.75
2008-06-06,80.75
2008-06-09,78.0
2008-06-10,77.0
2008-06-11,77.0
2008-06-12,75.25
2008-06-13,74.5
2008-06-16,74.5
2008-06-17,74.25
2008-06-18,72.25
2008-06-19,69.5
2008-06-20,70.0
2008-06-23,70.75
2008-06-24,70.75
2008-06-25,72.25
2008-06-26,74.75
2008-06-27,72.75
2008-06-30,72.25
2008-07-02,69.75
2008-07-03,66.75
2008-07-04,66.75
2008-07-07,67.25
2008-07-08,66.5
2008-07-09,67.25
2008-07-10,66.25
2008-07-11,67.5
2008-07-14,67.25
2008-07-15,64.0
2008-07-16,62.25
2008-07-18,62.5
2008-07-21,66.25
2008-07-22,66.75
2008-07-23,68.75
2008-07-24,69.25
2008-07-25,66.75
2008-07-28,67.0
2008-07-29,66.0
2008-07-30,66.5
2008-07-31,66.5
2008-08-01,67.0
2008-08-04,68.0
2008-08-05,68.25
2008-08-06,70.5
2008-08-07,73.5
2008-08-08,72.5
2008-08-11,75.25
2008-08-13,76.5
2008-08-14,77.0
2008-08-15,76.5
2008-08-18,74.75
2008-08-19,71.75
2008-08-20,70.5
2008-08-21,68.75
2008-08-22,68.25
2008-08-25,69.5
2008-08-26,68.5
2008-08-27,70.0
2008-08-28,71.5
2008-08-29,72.25
2008-09-01,70.75
2008-09-02,68.25
2008-09-03,67.75
2008-09-04,68.25
2008-09-05,68.25
2008-09-08,70.0
2008-09-09,69.5
2008-09-10,67.75
2008-09-11,66.75
2008-09-12,67.25
2008-09-15,66.25
2008-09-16,63.0
2008-09-17,62.0
2008-09-18,59.75
2008-09-19,64.75
2008-09-22,64.75
2008-09-23,62.0
2008-09-24,63.5
2008-09-25,65.0
2008-09-26,64.5
2008-09-29,63.25
2008-09-30,60.25
2008-10-01,62.5
2008-10-02,63.25
2008-10-03,63.0
2008-10-06,60.5
2008-10-07,58.25
2008-10-08,56.0
2008-10-09,56.5
2008-10-10,51.25
2008-10-13,52.0
2008-10-14,57.5
2008-10-15,55.75
2008-10-16,55.0
2008-10-17,55.25
2008-10-20,56.0
2008-10-21,57.5
2008-10-22,55.75
2008-10-24,53.25
2008-10-27,48.25
2008-10-28,47.9
2008-10-29,49.0
2008-10-30,49.75
2008-10-31,49.75
2008-11-03,52.75
2008-11-04,53.25
2008-11-05,54.75
2008-11-06,52.5
2008-11-07,54.75
2008-11-10,55.0
2008-11-11,53.0
2008-11-12,52.0
2008-11-13,50.5
2008-11-14,51.0
2008-11-17,50.25
2008-11-18,49.25
2008-11-19,48.5
2008-11-20,46.15
2008-11-21,44.75
2008-11-24,44.0
2008-11-25,44.6
2008-11-26,42.9
2008-11-27,41.75
2008-11-28,42.5
2008-12-01,41.5
2008-12-02,39.0
2008-12-03,40.35
2008-12-04,39.4
2008-12-08,40.75
2008-12-09,42.75
2008-12-11,43.75
2008-12-12,43.85
2008-12-15,45.15
2008-12-16,45.6
2008-12-17,46.9
2008-12-18,47.7
2008-12-19,47.9
2008-12-22,46.75
2008-12-23,45.65
2008-12-24,45.25
2008-12-25,45.35
2008-12-26,45.8
2008-12-29,45.5
2008-12-30,45.25
2009-01-02,45.0
2009-01-05,47.0
2009-01-06,48.8
2009-01-07,48.35
2009-01-08,47.15
2009-01-09,47.35
2009-01-12,46.85
2009-01-13,45.5
2009-01-14,45.65
2009-01-15,44.25
2009-01-16,44.5
2009-01-19,44.9
2009-01-20,44.15
2009-01-21,44.0
2009-01-22,44.75
2009-01-23,44.4
2009-01-26,44.5
2009-01-27,45.5
2009-01-28,46.5
2009-01-29,46.4
2009-01-30,44.75
2009-02-02,44.3
2009-02-03,44.25
2009-02-04,44.75
2009-02-05,44.65
2009-02-06,45.5
2009-02-10,45.3
2009-02-11,44.7
2009-02-12,45.2
2009-02-13,46.4
2009-02-16,47.1
2009-02-17,46.15
2009-02-18,45.6
2009-02-19,46.4
2009-02-20,45.9
2009-02-23,45.65
2009-02-24,45.1
2009-02-25,45.25
2009-02-26,45.2
2009-02-27,44.85
2009-03-02,42.65
2009-03-03,40.35
2009-03-04,41.25
2009-03-05,42.1
2009-03-06,41.65
2009-03-09,41.15
2009-03-10,41.2
2009-03-11,41.85
2009-03-12,41.35
2009-03-13,42.35
2009-03-16,43.0
2009-03-17,42.75
2009-03-18,43.1
2009-03-19,43.35
2009-03-20,43.5
2009-03-23,44.3
2009-03-24,45.65
2009-03-25,45.1
2009-03-26,45.6
2009-03-27,46.25
2009-03-30,45.35
2009-03-31,45.0
2009-04-01,45.2
2009-04-02,47.0
2009-04-03,48.5
2009-04-07,49.4
2009-04-08,49.3
2009-04-09,50.0
2009-04-10,49.7
2009-04-16,49.6
2009-04-17,48.85
2009-04-20,48.6
2009-04-21,48.4
2009-04-22,48.6
2009-04-23,48.5
2009-04-24,49.25
2009-04-27,50.65
2009-04-28,51.6
2009-04-29,52.0
2009-04-30,52.75
2009-05-04,53.5
2009-05-06,55.0
2009-05-07,56.4
2009-05-11,55.9
2009-05-12,56.1
2009-05-13,56.1
2009-05-14,53.0
2009-05-15,53.75
2009-05-18,55.25
2009-05-19,58.9
2009-05-20,59.65
2009-05-21,58.4
2009-05-22,57.5
2009-05-25,56.9
2009-05-26,56.4
2009-05-27,56.75
2009-05-28,55.8
2009-05-29,56.0
2009-06-01,57.4
2009-06-02,58.1
2009-06-03,60.75
2009-06-04,64.7
2009-06-05,67.9
2009-06-08,68.25
2009-06-09,67.9
2009-06-10,69.85
2009-06-11,72.75
2009-06-12,73.0
2009-06-15,69.5
2009-06-16,66.2
2009-06-17,64.6
2009-06-18,63.4
2009-06-19,64.2
2009-06-22,66.0
2009-06-23,63.35
2009-06-24,64.35
2009-06-25,66.25
2009-06-26,66.7
2009-06-29,67.0
2009-06-30,67.6
2009-07-02,65.6
2009-07-03,64.5
2009-07-06,65.0
2009-07-08,64.25
2009-07-09,64.15
2009-07-10,63.85
2009-07-13,62.25
2009-07-14,63.85
2009-07-15,65.6
2009-07-16,66.2
2009-07-17,66.5
2009-07-20,68.3
2009-07-21,68.0
2009-07-22,67.25
2009-07-23,68.0
2009-07-24,68.85
2009-07-27,69.65
2009-07-28,70.6
2009-07-29,71.3
2009-07-30,71.3
2009-07-31,72.5
2009-08-03,74.1
2009-08-04,75.5
2009-08-05,74.6
2009-08-06,74.25
2009-08-07,74.0
2009-08-10,73.9
2009-08-11,71.6
2009-08-13,71.9
2009-08-14,72.4
2009-08-17,70.0
2009-08-18,70.65
2009-08-19,71.35
2009-08-20,71.85
2009-08-21,72.5
2009-08-24,73.7
2009-08-25,73.65
2009-08-26,72.5
2009-08-27,71.75
2009-08-28,72.25
2009-08-31,72.25
2009-09-01,73.25
2009-09-02,73.35
2009-09-03,73.85
2009-09-04,73.0
2009-09-07,73.7
2009-09-08,75.65
2009-09-09,76.9
2009-09-10,77.25
2009-09-11,77.9
2009-09-14,77.25
2009-09-15,77.15
2009-09-16,77.35
2009-09-17,78.1
2009-09-18,78.4
2009-09-21,78.3
2009-09-22,78.0
2009-09-23,79.0
2009-09-24,80.5
2009-09-25,81.5
2009-09-28,79.85
2009-09-29,80.5
2009-09-30,81.35
2009-10-01,83.85
2009-10-02,84.35
2009-10-05,84.15
2009-10-06,85.85
2009-10-07,89.0
2009-10-08,89.6
2009-10-09,90.25
2009-10-12,90.1
2009-10-13,89.5
2009-10-14,87.85
2009-10-15,83.8
2009-10-16,83.15
2009-10-19,85.5
2009-10-20,86.65
2009-10-21,84.9
2009-10-22,82.4
2009-10-26,81.9
2009-10-27,81.9
2009-10-28,82.3
2009-10-29,79.5
2009-10-30,79.15
2009-11-02,77.75
2009-11-03,77.0
2009-11-04,78.1
2009-11-05,78.8
2009-11-06,80.8
2009-11-09,82.4
2009-11-10,82.75
2009-11-11,82.9
2009-11-12,82.25
2009-11-13,81.9
2009-11-16,82.65
2009-11-17,83.4
2009-11-18,85.15
2009-11-19,84.5
2009-11-20,82.65
2009-11-23,81.65
2009-11-24,80.6
2009-11-25,82.1
2009-11-26,82.35
2009-11-27,80.6
2009-11-30,84.75
2009-12-01,85.35
2009-12-02,84.65
2009-12-03,84.4
2009-12-04,84.15
2009-12-08,83.65
2009-12-09,83.4
2009-12-11,83.5
2009-12-14,84.0
2009-12-15,83.85
2009-12-16,84.25
2009-12-17,84.5
2009-12-18,83.75
2009-12-21,83.2
2009-12-22,84.15
2009-12-23,84.9
2009-12-24,85.0
2009-12-25,85.0
2009-12-28,84.9
2009-12-29,85.25
2009-12-30,85.25
2010-01-04,84.75
2010-01-05,84.75
2010-01-06,85.4
2010-01-07,86.65
2010-01-08,87.75
2010-01-11,88.0
2010-01-12,87.6
2010-01-13,87.75
2010-01-14,88.15
2010-01-15,87.25
2010-01-18,86.0
2010-01-19,85.4
2010-01-20,84.4
2010-01-21,83.0
2010-01-22,81.85
2010-01-25,82.65
2010-01-26,83.0
2010-01-27,81.85
2010-01-28,81.75
2010-01-29,81.75
2010-02-01,82.65
2010-02-02,82.65
2010-02-03,83.1
2010-02-04,82.7
2010-02-05,80.25
2010-02-08,79.0
2010-02-09,78.75
2010-02-10,79.8
2010-02-11,79.65
2010-02-12,79.8
2010-02-15,78.65
2010-02-16,78.4
2010-02-17,80.0
2010-02-18,80.0
2010-02-19,79.65
2010-02-22,80.35
2010-02-23,81.6
2010-02-24,83.9
2010-02-25,85.65
2010-02-26,86.0
2010-03-02,87.65
2010-03-03,88.5
2010-03-04,87.75
2010-03-05,88.15
2010-03-08,87.9
2010-03-09,86.85
2010-03-10,86.1
2010-03-11,86.5
2010-03-12,87.6
2010-03-15,88.25
2010-03-16,89.3
2010-03-17,91.3
2010-03-18,91.7
2010-03-19,94.25
2010-03-22,96.65
2010-03-23,97.6
2010-03-24,98.8
2010-03-25,100.0
2010-03-26,99.0
2010-03-29,96.25
2010-03-30,96.4
2010-03-31,97.35
2010-04-01,97.8
2010-04-02,97.85
2010-04-05,97.3
2010-04-07,100.15
2010-04-08,98.5
2010-04-09,96.2
2010-04-12,92.0
2010-04-16,88.4
2010-04-19,85.1
2010-04-20,89.25
2010-04-21,91.25
2010-04-22,92.0
2010-04-23,90.9
2010-04-26,92.4
2010-04-27,90.9
2010-04-28,89.65
2010-04-29,90.0
2010-04-30,90.2
2010-05-04,93.7
2010-05-06,95.35
2010-05-07,90.6
2010-05-10,91.5
2010-05-11,92.0
2010-05-12,90.85
2010-05-13,90.75
2010-05-14,89.6
2010-05-17,86.5
2010-05-18,87.1
2010-05-19,87.25
2010-05-20,88.0
2010-05-21,88.0
2010-05-24,87.25
2010-05-25,84.4
2010-05-26,84.0
2010-05-27,84.25
2010-05-31,86.85
2010-06-01,87.2
2010-06-02,86.8
2010-06-03,88.6
2010-06-04,89.7
2010-06-07,88.65
2010-06-08,88.5
2010-06-09,88.4
2010-06-10,89.6
2010-06-11,91.1
2010-06-14,91.65
2010-06-15,90.9
2010-06-16,91.85
2010-06-17,92.5
2010-06-18,92.6
2010-06-21,94.5
2010-06-22,94.65
2010-06-23,93.75
2010-06-24,91.85
2010-06-25,90.75
2010-06-28,91.4
2010-06-29,91.75
2010-06-30,90.9
2010-07-02,90.65
2010-07-05,90.65
2010-07-06,91.0
2010-07-07,91.6
2010-07-08,92.35
2010-07-09,93.1
2010-07-12,94.1
2010-07-13,93.9
2010-07-14,93.6
2010-07-15,92.85
2010-07-16,93.35
2010-07-19,93.9
2010-07-20,94.0
2010-07-21,94.5
2010-07-22,95.5
2010-07-23,98.0
2010-07-27,101.75
2010-07-28,103.5
2010-07-29,102.75
2010-07-30,101.5
2010-08-02,101.25
2010-08-03,102.0
2010-08-04,103.25
2010-08-05,105.0
2010-08-06,105.25
2010-08-09,104.25
2010-08-10,102.5
2010-08-11,102.25
2010-08-16,101.25
2010-08-17,101.5
2010-08-18,103.0
2010-08-19,105.0
2010-08-20,106.0
2010-08-23,107.5
2010-08-24,108.75
2010-08-25,106.75
2010-08-26,104.75
2010-08-27,104.5
2010-08-30,108.25
2010-08-31,108.5
2010-09-01,112.25
2010-09-02,115.25
2010-09-03,112.5
2010-09-06,112.75
2010-09-07,111.5
2010-09-08,108.5
2010-09-09,109.5
2010-09-10,108.25
2010-09-13,110.5
2010-09-14,110.0
2010-09-15,105.75
2010-09-16,106.0
2010-09-17,106.5
2010-09-20,107.0
2010-09-21,107.75
2010-09-22,111.25
2010-09-23,113.75
2010-09-24,113.0
2010-09-27,113.25
2010-09-28,114.0
2010-09-29,115.5
2010-09-30,116.5
2010-10-01,117.0
2010-10-04,116.5
2010-10-05,116.0
2010-10-06,117.75
2010-10-07,117.25
2010-10-08,116.0
2010-10-11,117.0
2010-10-12,118.0
2010-10-13,119.75
2010-10-14,120.0
2010-10-15,118.0
2010-10-18,117.0
2010-10-19,117.75
2010-10-20,117.5
2010-10-21,118.5
2010-10-22,119.0
2010-10-26,118.75
2010-10-27,117.25
2010-10-28,116.5
2010-10-29,117.0
2010-11-01,119.0
2010-11-02,120.5
2010-11-03,122.75
2010-11-04,124.5
2010-11-05,126.75
2010-11-08,128.0
2010-11-09,127.25
2010-11-10,124.75
2010-11-11,123.75
2010-11-12,120.25
2010-11-15,119.5
2010-11-16,117.5
2010-11-17,114.0
2010-11-18,116.25
2010-11-19,120.75
2010-11-22,122.25
2010-11-23,120.5
2010-11-24,121.0
2010-11-25,120.75
2010-11-26,117.0
2010-11-29,117.25
2010-11-30,119.5
2010-12-01,119.5
2010-12-02,122.5
2010-12-03,124.5
2010-12-07,127.5
2010-12-08,127.25
2010-12-09,127.75
2010-12-13,127.5
2010-12-14,126.5
2010-12-15,125.75
2010-12-16,124.5
2010-12-17,122.75
2010-12-20,122.0
2010-12-21,122.75
2010-12-22,124.75
2010-12-23,126.5
2010-12-24,126.0
2010-12-27,125.5
2010-12-28,124.25
2010-12-29,125.75
2010-12-30,125.75
2011-01-04,127.25
2011-01-05,128.75
2011-01-06,130.75
2011-01-07,130.75
2011-01-10,128.0
2011-01-11,124.25
2011-01-12,124.5
2011-01-13,127.25
2011-01-14,128.5
2011-01-17,127.0
2011-01-18,125.0
2011-01-19,125.25
2011-01-20,123.75
2011-01-21,119.0
2011-01-24,113.75
2011-01-25,114.25
2011-01-26,116.25
2011-01-27,118.0
2011-01-28,117.75
2011-01-31,115.75
2011-02-01,115.25
2011-02-02,117.25
2011-02-03,117.5
2011-02-04,116.5
2011-02-07,113.25
2011-02-08,112.0
2011-02-09,109.75
2011-02-10,105.25
2011-02-11,103.25
2011-02-14,107.75
2011-02-15,113.25
2011-02-16,115.5
2011-02-17,118.5
2011-02-18,118.125
2011-02-21,117.75
2011-02-22,113.75
2011-02-23,112.5
2011-02-24,111.25
2011-02-25,113.0
2011-02-28,115.75
2011-03-01,119.0
2011-03-02,119.0
2011-03-03,120.0
2011-03-04,120.75
2011-03-07,120.0
2011-03-08,122.5
2011-03-09,124.75
2011-03-10,124.5
2011-03-11,122.75
2011-03-14,123.0
2011-03-15,121.25
2011-03-16,120.75
2011-03-17,119.25
2011-03-21,122.25
2011-03-22,125.25
2011-03-23,124.25
2011-03-24,125.75
2011-03-25,127.0
2011-03-28,126.75
2011-03-29,126.25
2011-03-30,128.25
2011-03-31,128.5
2011-04-01,129.25
2011-04-04,132.25
2011-04-05,132.5
2011-04-07,132.25
2011-04-08,132.0
2011-04-11,130.25
2011-04-12,129.5
2011-04-18,129.5
2011-04-19,128.25
2011-04-20,128.75
2011-04-21,129.75
2011-04-22,129.5
2011-04-25,128.5
2011-04-26,126.75
2011-04-27,126.25
2011-04-28,125.5
2011-04-29,125.25
2011-05-03,124.0
2011-05-04,123.0
2011-05-06,122.0
2011-05-09,124.0
2011-05-10,126.5
2011-05-11,128.0
2011-05-12,127.0
2011-05-13,127.0
2011-05-18,124.75
2011-05-19,124.75
2011-05-20,123.0
2011-05-23,121.25
2011-05-24,122.25
2011-05-25,122.25
2011-05-26,122.0
2011-05-27,122.0
2011-05-30,123.25
2011-05-31,124.25
2011-06-01,123.25
2011-06-02,120.0
2011-06-03,119.0
2011-06-06,117.75
2011-06-07,115.25
2011-06-08,112.0
2011-06-09,111.0
2011-06-10,111.75
2011-06-13,110.5
2011-06-14,113.0
2011-06-15,114.75
2011-06-16,113.75
2011-06-17,114.25
2011-06-20,112.5
2011-06-21,114.0
2011-06-22,115.75
2011-06-23,113.0
2011-06-24,113.5
2011-06-27,114.0
2011-06-28,116.25
2011-06-29,119.0
2011-06-30,122.25
2011-07-04,131.75
2011-07-05,131.5
2011-07-06,128.75
2011-07-07,128.25
2011-07-08,128.5
2011-07-11,127.75
2011-07-12,125.0
2011-07-13,126.25
2011-07-14,127.0
2011-07-18,128.5
2011-07-19,133.0
2011-07-20,135.25
2011-07-21,134.5
2011-07-22,140.75
2011-07-25,142.25
2011-07-26,140.75
2011-07-27,140.5
2011-07-28,140.5
2011-07-29,140.75
2011-08-01,142.5
2011-08-02,140.5
2011-08-03,136.75
2011-08-04,136.25
2011-08-05,131.5
2011-08-08,130.0
2011-08-09,124.75
2011-08-10,126.5
2011-08-11,127.5
2011-08-15,133.0
2011-08-16,132.25
2011-08-17,133.5
2011-08-18,135.0
2011-08-19,131.5
2011-08-22,129.5
2011-08-23,127.0
2011-08-24,124.75
2011-08-25,123.75
2011-08-26,122.5
2011-08-29,125.25
2011-08-30,124.5
2011-08-31,126.0
2011-09-01,129.0
2011-09-02,128.5
2011-09-05,125.5
2011-09-06,124.25
2011-09-07,125.75
2011-09-08,126.0
2011-09-09,125.0
2011-09-12,121.25
2011-09-13,119.5
2011-09-14,119.0
2011-09-15,120.25
2011-09-16,122.25
2011-09-19,120.5
2011-09-20,120.5
2011-09-21,122.75
2011-09-22,119.0
2011-09-23,116.0
2011-09-26,112.0
2011-09-27,116.0
2011-09-28,116.5
2011-09-29,116.0
2011-09-30,117.0
2011-10-03,111.0
2011-10-04,108.75
2011-10-05,105.25
2011-10-06,111.0
2011-10-07,114.25
2011-10-10,114.75
2011-10-11,118.25
2011-10-12,118.5
2011-10-13,117.5
2011-10-14,117.0
2011-10-17,119.75
2011-10-18,117.0
2011-10-19,115.75
2011-10-20,111.75
2011-10-21,112.5
2011-10-25,119.0
2011-10-26,119.0
2011-10-27,119.5
2011-10-28,122.0
2011-10-31,123.75
2011-11-01,122.25
2011-11-02,123.25
2011-11-03,123.0
2011-11-04,123.75
2011-11-07,123.5
2011-11-08,123.75
2011-11-09,122.25
2011-11-10,118.75
2011-11-11,118.0
2011-11-14,119.25
2011-11-15,118.5
2011-11-16,117.0
2011-11-17,114.75
2011-11-18,112.0
2011-11-21,109.5
2011-11-22,111.0
2011-11-23,111.5
2011-11-24,112.75
2011-11-25,111.25
2011-11-28,113.5
2011-11-29,115.0
2011-11-30,116.0
2011-12-01,119.75
2011-12-02,121.0
2011-12-06,122.0
2011-12-07,124.0
2011-12-08,123.0
2011-12-09,120.5
2011-12-13,120.5
2011-12-14,121.25
2011-12-15,118.75
2011-12-16,120.25
2011-12-19,121.75
2011-12-20,123.25
2011-12-21,125.0
2011-12-22,124.0
2011-12-23,122.75
2011-12-26,122.0
2011-12-27,121.5
2011-12-28,121.5
2011-12-29,121.25
2011-12-30,122.0
2012-01-04,121.0
2012-01-05,116.25
2012-01-06,114.5
2012-01-09,115.5
2012-01-10,116.25
2012-01-11,115.25
2012-01-12,115.75
2012-01-13,116.5
2012-01-16,116.0
2012-01-17,118.75
2012-01-18,119.75
2012-01-19,120.75
2012-01-20,122.5
2012-01-23,123.75
2012-01-24,124.25
2012-01-25,124.25
2012-01-26,125.5
2012-01-27,126.5
2012-01-30,126.5
2012-01-31,128.0
2012-02-01,128.5
2012-02-02,130.0
2012-02-03,129.0
2012-02-06,129.75
2012-02-07,130.5
2012-02-08,130.75
2012-02-09,130.75
2012-02-10,132.0
2012-02-13,133.75
2012-02-14,137.25
2012-02-15,141.75
2012-02-16,142.75
2012-02-17,143.25
2012-02-20,139.75
2012-02-21,140.5
2012-02-22,142.25
2012-02-23,144.25
2012-02-24,146.0
2012-02-27,145.25
2012-02-28,144.5
2012-02-29,145.75
2012-03-01,146.75
2012-03-02,147.0
2012-03-05,147.25
2012-03-06,144.5
2012-03-08,146.25
2012-03-09,145.5
2012-03-12,143.5
2012-03-13,145.25
2012-03-14,150.5
2012-03-15,153.75
2012-03-16,155.5
2012-03-19,157.75
2012-03-20,158.5
2012-03-21,158.25
2012-03-22,156.0
2012-03-23,153.0
2012-03-26,150.5
2012-03-27,153.5
2012-03-28,154.0
2012-03-29,155.25
2012-03-30,155.75
2012-04-02,155.75
2012-04-03,158.5
2012-04-04,158.5
2012-04-05,154.25
2012-04-10,152.0
2012-04-11,148.75
2012-04-12,152.0
2012-04-17,153.0
2012-04-18,152.25
2012-04-19,156.0
2012-04-20,156.5
2012-04-23,155.0
2012-04-24,155.0
2012-04-25,154.75
2012-04-26,155.25
2012-04-27,155.0
2012-04-30,159.75
2012-05-02,162.5
2012-05-03,162.5
2012-05-04,161.0
2012-05-08,160.25
2012-05-09,156.75
2012-05-10,153.25
2012-05-11,152.25
2012-05-14,151.5
2012-05-15,152.75
2012-05-16,151.25
2012-05-17,152.25
2012-05-18,151.0
2012-05-21,149.75
2012-05-22,146.5
2012-05-23,143.25
2012-05-24,146.0
2012-05-25,148.5
2012-05-28,149.25
2012-05-29,150.5
2012-05-30,150.5
2012-05-31,152.0
2012-06-01,150.5
2012-06-05,146.25
2012-06-06,145.75
2012-06-07,149.0
2012-06-08,149.5
2012-06-11,155.0
2012-06-12,155.25
2012-06-13,157.5
2012-06-14,156.25
2012-06-15,158.25
2012-06-18,159.0
2012-06-19,159.0
2012-06-20,160.5
2012-06-21,157.75
2012-06-22,157.5
2012-06-25,159.75
2012-06-26,160.25
2012-06-27,162.75
2012-06-28,162.75
2012-06-29,162.5
2012-07-02,163.25
2012-07-03,165.0
2012-07-04,164.75
2012-07-05,163.0
2012-07-06,162.75
2012-07-09,161.5
2012-07-10,163.0
2012-07-11,163.5
2012-07-12,162.5
2012-07-13,163.0
2012-07-16,165.75
2012-07-17,166.5
2012-07-18,165.75
2012-07-19,165.0
2012-07-20,162.25
2012-07-23,160.0
2012-07-24,161.25
2012-07-25,164.0
2012-07-26,165.25
2012-07-27,166.5
2012-07-30,169.5
2012-07-31,175.0
2012-08-01,175.0
2012-08-03,173.75
2012-08-06,173.5
2012-08-07,172.5
2012-08-08,171.75
2012-08-09,173.5
2012-08-10,174.0
2012-08-14,174.75
2012-08-15,175.75
2012-08-16,174.5
2012-08-17,172.5
2012-08-20,170.5
2012-08-21,170.5
2012-08-22,171.5
2012-08-23,172.5
2012-08-24,171.0
2012-08-27,171.0
2012-08-28,172.0
2012-08-29,169.75
2012-08-30,166.25
2012-08-31,167.25
2012-09-03,171.25
2012-09-04,171.25
2012-09-05,170.75
2012-09-06,175.5
2012-09-07,176.25
2012-09-10,175.0
2012-09-11,173.75
2012-09-12,176.25
2012-09-13,178.5
2012-09-14,183.75
2012-09-17,184.75
2012-09-18,182.25
2012-09-19,182.0
2012-09-20,182.5
2012-09-21,183.75
2012-09-24,185.75
2012-09-25,185.5
2012-09-26,183.0
2012-09-27,181.0
2012-09-28,182.25
2012-10-01,183.25
2012-10-02,185.25
2012-10-03,184.25
2012-10-04,184.25
2012-10-05,184.5
2012-10-08,181.75
2012-10-09,178.75
2012-10-10,177.25
2012-10-11,178.75
2012-10-12,179.5
2012-10-15,177.75
2012-10-16,176.75
2012-10-17,177.25
2012-10-18,175.25
2012-10-19,174.5
2012-10-22,173.5
2012-10-24,173.75
2012-10-25,173.75
2012-10-26,175.0
2012-10-29,174.25
2012-10-30,175.75
2012-10-31,178.0
2012-11-01,179.0
2012-11-02,179.5
2012-11-05,178.25
2012-11-06,177.0
2012-11-07,177.75
2012-11-08,177.75
2012-11-09,178.0
2012-11-12,181.25
2012-11-13,181.0
2012-11-14,178.25
2012-11-15,175.75
2012-11-16,177.25
2012-11-19,178.25
2012-11-20,178.75
2012-11-21,179.25
2012-11-22,180.25
2012-11-23,181.75
2012-11-26,181.75
2012-11-27,181.25
2012-11-28,180.25
2012-11-29,182.0
2012-11-30,185.25
2012-12-03,187.25
2012-12-04,187.0
2012-12-06,190.75
2012-12-07,196.75
2012-12-11,197.0
2012-12-12,195.75
2012-12-13,195.25
2012-12-14,195.5
2012-12-17,195.25
2012-12-18,193.75
2012-12-19,193.0
2012-12-20,193.5
2012-12-21,191.75
2012-12-24,191.5
2012-12-25,193.25
2012-12-26,193.5
2012-12-27,193.0
2012-12-28,193.5
2013-01-02,194.75
2013-01-03,197.0
2013-01-04,198.5
2013-01-07,198.5
2013-01-08,198.0
2013-01-09,199.25
2013-01-10,198.5
2013-01-11,195.5
2013-01-14,194.5
2013-01-15,193.5
2013-01-16,192.75
2013-01-17,193.0
2013-01-18,193.5
2013-01-21,194.75
2013-01-22,193.75
2013-01-23,193.25
2013-01-24,192.25
2013-01-25,194.5
2013-01-28,197.5
2013-01-29,198.75
2013-01-30,197.75
2013-01-31,198.0
2013-02-01,201.75
2013-02-04,208.5
2013-02-05,207.0
2013-02-06,207.5
2013-02-07,204.0
2013-02-08,203.5
2013-02-11,202.0
2013-02-12,199.5
2013-02-13,202.5
2013-02-14,204.0
2013-02-15,203.0
2013-02-18,203.5
2013-02-19,206.0
2013-02-20,212.5
2013-02-21,212.5
2013-02-22,210.0
2013-02-26,209.5
2013-02-27,208.0
2013-02-28,209.0
2013-03-01,216.0
2013-03-04,219.5
2013-03-05,217.5
2013-03-06,217.0
2013-03-07,213.5
2013-03-08,214.0
2013-03-11,215.5
2013-03-12,215.5
2013-03-13,213.5
2013-03-14,214.5
2013-03-15,216.5
2013-03-18,216.5
2013-03-19,218.0
2013-03-20,210.5
2013-03-21,204.5
2013-03-22,203.0
2013-03-25,207.5
2013-03-26,210.5
2013-03-27,214.5
2013-03-28,211.0
2013-03-29,208.5
2013-04-01,206.5
2013-04-02,205.0
2013-04-03,204.5
2013-04-04,201.5
2013-04-05,201.5
2013-04-09,198.5
2013-04-10,194.75
2013-04-11,199.0
2013-04-12,199.0
2013-04-17,197.25
2013-04-18,195.25
2013-04-19,197.25
2013-04-22,206.0
2013-04-23,208.0
2013-04-24,210.0
2013-04-25,208.5
2013-04-26,210.5
2013-04-29,210.5
2013-04-30,211.0
2013-05-02,211.5
2013-05-03,209.5
2013-05-07,209.5
2013-05-08,214.5
2013-05-09,216.5
2013-05-10,218.0
2013-05-13,216.0
2013-05-14,216.5
2013-05-15,219.0
2013-05-16,216.5
2013-05-17,215.0
2013-05-20,216.5
2013-05-21,220.0
2013-05-22,220.5
2013-05-23,216.0
2013-05-27,210.5
2013-05-28,206.0
2013-05-29,204.5
2013-05-30,199.75
2013-05-31,196.5
2013-06-03,195.25
2013-06-04,199.25
2013-06-05,196.5
2013-06-06,194.0
2013-06-07,194.25
2013-06-10,195.25
2013-06-11,186.75
2013-06-12,175.75
2013-06-13,174.5
2013-06-14,190.0
2013-06-17,194.0
2013-06-18,191.0
2013-06-19,189.75
2013-06-20,180.0
2013-06-21,176.25
2013-06-24,173.0
2013-06-25,174.5
2013-06-26,178.5
2013-06-27,186.0
2013-06-28,190.5
2013-07-02,190.25
2013-07-03,186.75
2013-07-04,183.5
2013-07-05,181.75
2013-07-08,177.0
2013-07-09,173.5
2013-07-10,174.5
2013-07-11,183.0
2013-07-12,188.75
2013-07-15,187.5
2013-07-16,185.0
2013-07-17,186.25
2013-07-18,188.75
2013-07-19,187.25
2013-07-23,186.75
2013-07-24,187.5
2013-07-25,185.75
2013-07-26,186.0
2013-07-29,185.0
2013-07-30,184.0
2013-07-31,182.25
2013-08-01,184.5
2013-08-02,182.75
2013-08-05,177.75
2013-08-06,175.5
2013-08-07,176.0
2013-08-08,177.5
2013-08-09,178.25
2013-08-13,181.0
2013-08-14,185.75
2013-08-15,186.5
2013-08-16,184.25
2013-08-19,179.5
2013-08-20,172.0
2013-08-21,167.25
2013-08-22,162.5
2013-08-23,164.75
2013-08-26,163.5
2013-08-27,162.25
2013-08-28,160.5
2013-08-29,160.5
2013-08-30,160.5
2013-09-02,161.25
2013-09-03,162.25
2013-09-04,161.5
2013-09-05,162.5
2013-09-06,165.5
2013-09-09,173.5
2013-09-10,179.0
2013-09-11,181.75
2013-09-12,181.0
2013-09-13,179.25
2013-09-16,187.0
2013-09-17,188.75
2013-09-18,187.0
2013-09-19,197.5
2013-09-20,195.0
2013-09-23,189.75
2013-09-24,185.5
2013-09-25,185.5
2013-09-26,184.0
2013-09-27,183.5
2013-09-30,177.0
2013-10-01,178.0
2013-10-02,177.0
2013-10-03,179.0
2013-10-04,177.75
2013-10-07,175.5
2013-10-08,176.25
2013-10-09,178.0
2013-10-10,182.0
2013-10-11,188.5
2013-10-14,186.5
2013-10-15,189.5
2013-10-16,189.75
2013-10-17,189.0
2013-10-18,190.75
2013-10-21,188.5
2013-10-22,185.25
2013-10-24,185.75
2013-10-25,186.0
2013-10-28,186.25
2013-10-29,185.5
2013-10-30,184.75
2013-10-31,186.5
2013-11-01,186.5
2013-11-04,182.0
2013-11-05,183.0
2013-11-06,186.0
2013-11-07,187.75
2013-11-08,184.5
2013-11-11,182.5
2013-11-12,185.0
2013-11-13,181.5
2013-11-14,182.25
2013-11-15,183.25
2013-11-18,182.5
2013-11-19,180.5
2013-11-20,180.75
2013-11-21,175.5
2013-11-22,171.5
2013-11-25,171.75
2013-11-26,171.0
2013-11-27,170.75
2013-11-28,169.5
2013-11-29,168.0
2013-12-02,166.75
2013-12-03,167.0
2013-12-04,167.5
2013-12-06,167.0
2013-12-09,167.0
2013-12-11,166.5
2013-12-12,167.0
2013-12-13,166.75
2013-12-16,167.25
2013-12-17,168.75
2013-12-18,170.5
2013-12-19,172.0
2013-12-20,170.0
2013-12-23,166.75
2013-12-24,165.5
2013-12-25,165.5
2013-12-26,162.75
2013-12-27,157.75
2014-01-02,150.75
2014-01-03,148.75
2014-01-06,154.25
2014-01-07,160.0
2014-01-08,162.25
2014-01-09,161.75
2014-01-10,159.0
2014-01-13,161.25
2014-01-14,163.25
2014-01-15,161.75
2014-01-16,163.5
2014-01-17,167.5
2014-01-20,165.75
2014-01-21,168.0
2014-01-22,168.0
2014-01-23,172.75
2014-01-24,175.5
2014-01-27,171.5
2014-01-28,169.75
2014-01-29,170.0
2014-01-30,169.5
2014-01-31,170.0
2014-02-03,171.0
2014-02-04,167.25
2014-02-05,168.0
2014-02-06,168.5
2014-02-07,168.25
2014-02-10,166.75
2014-02-11,166.5
2014-02-12,168.5
2014-02-13,168.75
2014-02-17,169.5
2014-02-18,169.75
2014-02-19,169.0
2014-02-20,166.25
2014-02-21,165.75
2014-02-24,165.0
2014-02-25,165.75
2014-02-26,166.0
2014-02-27,168.0
2014-02-28,169.75
2014-03-03,171.5
2014-03-04,173.0
2014-03-05,174.5
2014-03-06,175.0
2014-03-07,175.25
2014-03-10,173.25
2014-03-11,173.0
2014-03-12,172.5
2014-03-13,172.25
2014-03-14,171.5
2014-03-17,173.0
2014-03-18,174.25
2014-03-19,175.5
2014-03-20,174.0
2014-03-21,172.25
2014-03-24,170.5
2014-03-25,170.75
2014-03-26,172.0
2014-03-27,171.75
2014-03-28,173.25
2014-03-31,176.75
2014-04-01,179.25
2014-04-02,181.75
2014-04-03,182.25
2014-04-04,183.5
2014-04-08,183.25
2014-04-09,183.5
2014-04-10,184.5
2014-04-11,181.5
2014-04-16,182.0
2014-04-17,185.5
2014-04-18,188.0
2014-04-21,189.75
2014-04-22,192.5
2014-04-23,196.5
2014-04-24,193.5
2014-04-25,188.25
2014-04-28,188.5
2014-04-29,190.0
2014-04-30,191.5
2014-05-02,191.75
2014-05-06,192.25
2014-05-07,191.0
2014-05-08,189.5
2014-05-09,188.0
2014-05-12,188.25
2014-05-14,190.0
2014-05-15,192.25
2014-05-16,193.75
2014-05-19,195.25
2014-05-20,192.0
2014-05-21,190.5
2014-05-22,191.75
2014-05-23,188.0
2014-05-26,186.5
2014-05-27,185.75
2014-05-28,188.75
2014-05-29,188.75
2014-05-30,188.0
2014-06-02,191.25
2014-06-03,197.5
2014-06-04,197.25
2014-06-05,196.75
2014-06-06,198.25
2014-06-09,199.25
2014-06-10,202.75
2014-06-11,205.0
2014-06-12,202.0
2014-06-13,202.0
2014-06-16,203.0
2014-06-17,201.5
2014-06-18,199.75
2014-06-19,201.0
2014-06-20,203.0
2014-06-23,203.0
2014-06-24,202.0
2014-06-25,203.0
2014-06-26,204.5
2014-06-27,204.0
2014-06-30,203.5
2014-07-02,207.0
2014-07-03,211.0
2014-07-04,212.0
2014-07-07,213.5
2014-07-08,215.0
2014-07-09,213.0
2014-07-10,213.5
2014-07-14,215.0
2014-07-15,215.5
2014-07-16,213.0
2014-07-17,212.0
2014-07-18,213.5
2014-07-21,216.5
2014-07-22,216.0
2014-07-23,215.0
2014-07-24,215.0
2014-07-25,213.0
2014-07-28,210.5
2014-07-29,206.5
2014-07-30,206.0
2014-07-31,207.5
2014-08-01,209.5
2014-08-04,213.5
2014-08-05,214.5
2014-08-06,214.5
2014-08-07,217.5
2014-08-08,218.0
2014-08-13,222.0
2014-08-14,227.0
2014-08-15,227.0
2014-08-18,225.5
2014-08-19,224.0
2014-08-20,224.0
2014-08-21,223.0
2014-08-22,222.0
2014-08-25,224.0
2014-08-26,223.0
2014-08-27,225.0
2014-08-28,226.0
2014-08-29,225.0
2014-09-01,226.5
2014-09-02,227.0
2014-09-03,229.5
2014-09-04,233.0
2014-09-05,238.5
2014-09-08,241.0
2014-09-09,238.0
2014-09-10,234.0
2014-09-11,229.0
2014-09-12,227.5
2014-09-15,226.5
2014-09-16,226.0
2014-09-17,226.0
2014-09-18,233.0
2014-09-19,235.0
2014-09-22,234.5
2014-09-23,233.5
2014-09-24,232.5
2014-09-25,234.5
2014-09-26,235.0
2014-09-29,234.5
2014-09-30,234.5
2014-10-01,235.5
2014-10-02,235.0
2014-10-03,231.5
2014-10-06,224.0
2014-10-07,223.0
2014-10-08,222.5
2014-10-09,228.5
2014-10-10,227.0
2014-10-13,225.0
2014-10-14,224.0
2014-10-15,225.0
2014-10-16,222.0
2014-10-17,222.5
2014-10-20,229.5
2014-10-21,233.0
2014-10-22,234.0
2014-10-24,233.5
2014-10-27,236.5
2014-10-28,237.5
2014-10-29,238.0
2014-10-30,235.5
2014-10-31,235.0
2014-11-03,234.5
2014-11-04,233.75
2014-11-05,233.0
2014-11-06,233.5
2014-11-07,235.0
2014-11-10,236.5
2014-11-11,236.5
2014-11-12,237.0
2014-11-13,237.5
2014-11-14,237.5
2014-11-17,237.5
2014-11-18,238.5
2014-11-19,240.6
2014-11-20,242.7
2014-11-21,244.8
2014-11-24,246.9
2014-11-25,249.0
2014-11-26,248.25
2014-11-27,247.5
2014-11-28,247.5
2014-12-01,247.5
2014-12-02,247.0
2014-12-03,244.0
2014-12-04,241.0
2014-12-08,240.5
2014-12-09,241.0
2014-12-11,239.0
2014-12-12,236.5
2014-12-15,235.5
2014-12-16,228.5
2014-12-17,226.0
2014-12-18,232.0
2014-12-19,234.0
2014-12-22,233.0
2014-12-23,233.5
2014-12-24,232.5
2014-12-25,229.5
2014-12-26,229.5
2014-12-29,230.0
2014-12-30,228.5
2015-01-05,224.5
2015-01-06,214.0
2015-01-07,216.5
2015-01-08,225.5
2015-01-09,229.5
2015-01-12,227.0
2015-01-13,225.0
2015-01-14,225.0
2015-01-15,226.0
2015-01-16,225.0
2015-01-19,224.5
2015-01-20,223.0
2015-01-21,222.0
2015-01-22,226.5
2015-01-23,233.5
2015-01-26,232.5
2015-01-27,232.0
2015-01-28,231.5
2015-01-29,228.5
2015-01-30,222.5
2015-02-02,220.0
2015-02-03,224.0
2015-02-04,226.5
2015-02-05,225.0
2015-02-06,226.0
2015-02-09,223.5
2015-02-10,222.5
2015-02-11,225.5
2015-02-12,226.5
2015-02-13,225.0
2015-02-16,224.0
2015-02-17,222.0
2015-02-18,221.5
2015-02-19,222.5
2015-02-20,221.0
2015-02-23,218.5
2015-02-24,220.0
2015-02-25,220.5
2015-02-26,217.5
2015-02-27,216.5
2015-03-02,217.5
2015-03-03,221.5
2015-03-05,225.5
2015-03-06,228.5
2015-03-09,227.5
2015-03-10,226.5
2015-03-11,225.5
2015-03-12,226.0
2015-03-13,224.5
2015-03-16,222.0
2015-03-17,222.0
2015-03-18,224.0
2015-03-19,229.0
2015-03-20,229.0
2015-03-23,228.5
2015-03-24,225.5
2015-03-25,225.5
2015-03-26,224.0
2015-03-27,225.5
2015-03-30,228.0
2015-03-31,229.0
2015-04-01,229.5
2015-04-02,230.5
2015-04-03,231.0
2015-04-07,232.0
2015-04-08,233.5
2015-04-09,232.5
2015-04-10,234.0
2015-04-16,234.0
2015-04-17,234.0
2015-04-20,233.5
2015-04-21,232.5
2015-04-22,229.0
2015-04-23,223.0
2015-04-24,222.0
2015-04-27,218.5
2015-04-28,212.0
2015-04-29,209.0
2015-04-30,209.5
2015-05-04,210.0
2015-05-06,205.5
2015-05-07,201.5
2015-05-08,205.5
2015-05-11,210.5
2015-05-12,209.0
2015-05-13,208.0
2015-05-14,208.5
2015-05-15,207.5
2015-05-18,207.0
2015-05-19,207.0
2015-05-20,204.0
2015-05-21,200.75
2015-05-22,200.0
2015-05-25,199.75
2015-05-26,199.75
2015-05-27,197.25
2015-05-28,196.75
2015-05-29,195.75
2015-06-02,193.75
2015-06-03,194.25
2015-06-04,197.25
2015-06-05,201.5
2015-06-08,202.5
2015-06-09,200.5
2015-06-10,200.0
2015-06-11,203.5
2015-06-12,204.5
2015-06-15,202.0
2015-06-16,200.0
2015-06-17,199.5
2015-06-18,199.5
2015-06-19,198.5
2015-06-22,199.5
2015-06-23,200.25
2015-06-24,199.0
2015-06-25,199.0
2015-06-26,199.5
2015-06-29,197.25
2015-06-30,192.25
2015-07-02,184.0
2015-07-03,179.5
2015-07-06,178.5
2015-07-07,181.0
2015-07-08,180.75
2015-07-09,182.5
2015-07-10,186.5
2015-07-13,189.75
2015-07-14,190.25
2015-07-15,189.0
2015-07-16,189.5
2015-07-17,189.0
2015-07-20,189.25
2015-07-21,184.25
2015-07-22,181.25
2015-07-23,181.75
2015-07-24,180.25
2015-07-27,177.25
2015-07-28,174.25
2015-07-29,173.25
2015-07-31,175.0
2015-08-03,179.5
2015-08-04,180.5
2015-08-05,178.75
2015-08-06,176.75
2015-08-07,176.0
2015-08-10,176.25
2015-08-11,175.75
2015-08-13,172.75
2015-08-14,171.75
2015-08-17,173.0
2015-08-18,170.0
2015-08-19,172.75
2015-08-20,172.75
2015-08-21,172.5
2015-08-24,166.25
2015-08-25,167.25
2015-08-26,169.0
2015-08-27,178.0
2015-08-28,180.5
2015-08-31,179.25
2015-09-01,179.5
2015-09-02,179.25
2015-09-03,181.25
2015-09-04,181.0
2015-09-07,179.5
2015-09-08,178.75
2015-09-09,182.5
2015-09-10,183.25
2015-09-11,182.5
2015-09-14,180.25
2015-09-15,179.25
2015-09-16,179.5
2015-09-17,179.75
2015-09-18,181.75
2015-09-21,183.25
2015-09-22,184.25
2015-09-23,182.5
2015-09-24,181.25
2015-09-25,181.5
2015-09-28,178.75
2015-09-29,175.0
2015-09-30,173.25
2015-10-01,170.25
2015-10-02,168.75
2015-10-05,170.5
2015-10-06,173.0
2015-10-07,176.25
2015-10-08,178.0
2015-10-09,182.0
2015-10-12,184.5
2015-10-13,184.5
2015-10-14,183.75
2015-10-15,186.75
2015-10-16,188.5
2015-10-19,189.25
2015-10-20,187.75
2015-10-21,185.25
2015-10-22,185.0
2015-10-26,183.5
2015-10-27,179.75
2015-10-28,177.0
2015-10-29,174.25
2015-10-30,172.75
2015-11-02,175.5
2015-11-03,178.0
2015-11-04,177.75
2015-11-05,177.0
2015-11-06,177.25
2015-11-09,176.75
2015-11-10,175.25
2015-11-11,174.25
2015-11-12,175.25
2015-11-13,175.75
2015-11-16,173.5
2015-11-17,173.75
2015-11-18,172.5
2015-11-19,170.5
2015-11-20,169.5
2015-11-23,170.0
2015-11-24,169.25
2015-11-25,169.75
2015-11-26,169.25
2015-11-27,168.25
2015-11-30,169.0
2015-12-01,169.5
2015-12-02,168.0
2015-12-03,166.5
2015-12-04,166.5
2015-12-08,163.5
2015-12-09,159.25
2015-12-11,155.5
2015-12-14,151.25
2015-12-15,153.5
2015-12-16,154.75
2015-12-17,153.5
2015-12-18,151.25
2015-12-21,150.25
2015-12-22,149.5
2015-12-23,149.5
2015-12-24,152.0
2015-12-25,151.0
2015-12-28,151.75
2015-12-29,151.5
2015-12-30,151.25
2016-01-04,149.25
2016-01-05,146.75
2016-01-06,147.0
2016-01-07,144.75
2016-01-08,145.75
2016-01-11,146.25
2016-01-12,151.5
2016-01-13,160.5
2016-01-14,160.0
2016-01-15,157.0
2016-01-18,152.0
2016-01-19,156.5
2016-01-20,159.0
2016-01-21,161.75
2016-01-22,162.0
2016-01-25,160.75
2016-01-26,157.75
2016-01-27,160.75
2016-01-28,163.25
2016-01-29,167.0
2016-02-01,168.5
2016-02-02,166.5
2016-02-03,163.25
2016-02-04,164.75
2016-02-05,168.0
2016-02-08,169.25
2016-02-09,166.0
2016-02-10,165.75
2016-02-11,164.5
2016-02-12,162.0
2016-02-15,163.0
2016-02-16,164.0
2016-02-17,162.25
2016-02-18,163.75
2016-02-19,166.5
2016-02-23,170.0
2016-02-24,171.75
2016-02-25,172.5
2016-02-26,172.75
2016-02-29,171.75
2016-03-01,172.0
2016-03-02,175.0
2016-03-03,178.0
2016-03-04,180.0
2016-03-07,182.5
2016-03-08,182.0
2016-03-09,180.5
2016-03-10,179.5
2016-03-11,179.5
2016-03-14,183.75
2016-03-15,182.75
2016-03-16,177.0
2016-03-17,173.0
2016-03-18,173.0
2016-03-21,174.5
2016-03-22,175.0
2016-03-23,176.5
2016-03-24,176.75
2016-03-25,174.5
2016-03-28,171.25
2016-03-29,168.25
2016-03-30,171.5
2016-03-31,173.0
2016-04-01,170.25
2016-04-04,168.75
2016-04-05,161.25
2016-04-07,158.25
2016-04-08,157.5
2016-04-11,159.75
2016-04-12,159.75
2016-04-18,161.0
2016-04-19,162.5
2016-04-20,161.5
2016-04-21,164.75
2016-04-22,163.5
2016-04-25,162.25
2016-04-26,163.0
2016-04-27,163.0
2016-04-28,163.0
2016-04-29,164.25
2016-05-03,165.5
2016-05-04,164.0
2016-05-09,163.0
2016-05-10,161.5
2016-05-11,159.25
2016-05-12,158.5
2016-05-13,159.0
2016-05-16,160.5
2016-05-17,162.25
2016-05-18,162.75
2016-05-19,160.5
2016-05-23,160.25
2016-05-24,161.75
2016-05-25,163.75
2016-05-26,165.25
2016-05-27,166.75
2016-05-30,171.5
2016-05-31,173.75
2016-06-01,173.5
2016-06-02,173.0
2016-06-03,175.0
2016-06-06,176.25
2016-06-07,177.25
2016-06-08,175.0
2016-06-09,172.75
2016-06-10,169.5
2016-06-13,166.5
2016-06-14,166.25
2016-06-15,167.5
2016-06-16,164.5
2016-06-17,163.0
2016-06-20,161.5
2016-06-21,162.5
2016-06-22,165.0
2016-06-23,166.5
2016-06-24,164.75
2016-06-27,166.0
2016-06-28,168.5
2016-06-29,173.0
2016-06-30,172.75
2016-07-04,173.75
2016-07-05,178.25
2016-07-06,177.5
2016-07-07,177.75
2016-07-08,175.5
2016-07-11,178.0
2016-07-12,179.5
2016-07-13,177.75
2016-07-14,178.0
2016-07-15,179.5
2016-07-20,181.0
2016-07-21,182.0
2016-07-22,179.5
2016-07-25,180.0
2016-07-26,180.25
2016-07-27,182.5
2016-07-28,190.25
2016-07-29,196.25
2016-08-01,196.25
2016-08-02,192.0
2016-08-03,191.5
2016-08-04,190.75
2016-08-05,189.75
2016-08-08,198.25
2016-08-09,200.5
2016-08-10,200.5
2016-08-11,199.5
2016-08-15,199.75
2016-08-16,199.25
2016-08-17,195.5
2016-08-18,196.25
2016-08-19,196.0
2016-08-22,196.0
2016-08-23,195.5
2016-08-24,196.75
2016-08-25,197.0
2016-08-26,196.5
2016-08-29,198.0
2016-08-30,198.25
2016-08-31,197.5
2016-09-01,199.0
2016-09-02,195.75
2016-09-05,191.75
2016-09-06,188.75
2016-09-07,190.0
2016-09-08,189.25
2016-09-09,186.75
2016-09-12,181.75
2016-09-13,184.75
2016-09-14,187.25
2016-09-15,189.0
2016-09-16,188.5
2016-09-19,188.5
2016-09-20,186.0
2016-09-21,187.25
2016-09-22,191.25
2016-09-23,189.25
2016-09-26,187.25
2016-09-27,189.0
2016-09-28,187.0
2016-09-29,188.5
2016-09-30,187.25
2016-10-03,189.0
2016-10-04,192.0
2016-10-05,194.0
2016-10-06,194.0
2016-10-07,192.75
2016-10-10,186.0
2016-10-11,185.75
2016-10-12,182.5
2016-10-13,183.5
2016-10-14,192.25
2016-10-17,180.25
2016-10-18,177.75
2016-10-19,175.75
2016-10-20,177.75
2016-10-21,177.25
2016-10-25,175.75
2016-10-26,173.25
2016-10-27,172.5
2016-10-28,172.5
2016-10-31,172.0
2016-11-01,171.5
2016-11-02,170.0
2016-11-03,168.25
2016-11-04,166.25
2016-11-07,169.0
2016-11-08,171.0
2016-11-09,169.75
2016-11-10,171.75
2016-11-11,169.75
2016-11-14,167.5
2016-11-15,168.0
2016-11-16,167.25
2016-11-17,168.5
2016-11-18,169.75
2016-11-21,170.0
2016-11-22,170.5
2016-11-23,171.25
2016-11-24,170.0
2016-11-25,171.0
2016-11-28,170.75
2016-11-29,170.25
2016-11-30,169.0
2016-12-01,170.5
2016-12-02,169.75
2016-12-06,169.5
2016-12-07,169.75
2016-12-08,173.0
2016-12-09,174.75
2016-12-13,173.5
2016-12-14,171.5
2016-12-15,169.75
2016-12-16,170.25
2016-12-19,170.0
2016-12-20,170.75
2016-12-21,171.25
2016-12-22,171.5
2016-12-23,172.75
2016-12-26,173.75
2016-12-27,174.5
2016-12-28,174.75
2016-12-29,175.25
2016-12-30,177.25
2017-01-04,179.75
2017-01-05,182.75
2017-01-06,183.0
2017-01-09,185.0
2017-01-10,187.75
2017-01-11,190.5
2017-01-12,189.5
2017-01-16,187.25
2017-01-17,185.0
2017-01-18,186.0
2017-01-19,183.0
2017-01-20,182.75
2017-01-23,185.25
2017-01-24,186.5
2017-01-25,189.5
2017-01-26,191.5
2017-01-27,188.25
2017-01-30,188.0
2017-01-31,188.5
2017-02-01,189.0
2017-02-02,190.5
2017-02-03,190.25
2017-02-06,193.75
2017-02-07,195.25
2017-02-08,195.25
2017-02-09,197.0
2017-02-10,198.75
2017-02-14,196.25
2017-02-15,193.25
2017-02-16,194.0
2017-02-17,196.5
2017-02-20,197.25
2017-02-21,194.75
2017-02-22,193.0
2017-02-23,191.25
2017-02-24,190.0
2017-02-27,188.25
2017-02-28,190.25
2017-03-01,193.75
2017-03-02,195.75
2017-03-03,195.5
2017-03-06,193.0
2017-03-07,192.0
2017-03-08,191.5
2017-03-09,190.75
2017-03-10,190.0
2017-03-13,189.25
2017-03-14,190.0
2017-03-15,189.5
2017-03-16,191.5
2017-03-17,193.0
2017-03-20,192.75
2017-03-21,192.5
2017-03-22,190.75
2017-03-23,191.25
2017-03-24,191.0
2017-03-27,191.0
2017-03-28,192.0
2017-03-29,192.5
2017-03-30,192.0
2017-03-31,190.5
2017-04-03,190.0
2017-04-04,191.5
2017-04-05,193.0
2017-04-07,193.5
2017-04-10,193.5
2017-04-11,194.5
2017-04-12,195.5
2017-04-17,194.25
2017-04-18,193.25
2017-04-19,189.0
2017-04-20,187.75
2017-04-21,189.0
2017-04-24,187.25
2017-04-25,185.5
2017-04-26,185.25
2017-04-27,184.0
2017-04-28,184.75
2017-05-02,186.0
2017-05-03,188.25
2017-05-04,191.5
2017-05-08,192.0
2017-05-09,193.0
2017-05-11,191.25
2017-05-12,189.25
2017-05-15,185.0
2017-05-16,183.75
2017-05-17,183.75
2017-05-18,184.5
2017-05-19,186.0
2017-05-22,189.25
2017-05-23,191.0
2017-05-24,191.0
2017-05-25,191.0
2017-05-26,190.25
2017-05-29,190.25
2017-05-30,190.5
2017-05-31,189.0
2017-06-01,188.75
2017-06-02,190.0
2017-06-05,190.0
2017-06-06,189.75
2017-06-07,188.75
2017-06-08,188.25
2017-06-09,188.5
2017-06-12,189.5
2017-06-13,191.25
2017-06-14,191.75
2017-06-15,190.0
2017-06-16,191.25
2017-06-19,192.0
2017-06-20,192.25
2017-06-21,192.75
2017-06-22,192.25
2017-06-23,192.5
2017-06-26,193.75
2017-06-27,194.75
2017-06-28,196.5
2017-06-29,198.75
2017-06-30,198.75
2017-07-03,197.75
2017-07-04,198.5
2017-07-05,198.75
2017-07-06,198.0
2017-07-07,196.5
2017-07-11,197.5
2017-07-12,201.5
2017-07-13,204.0
2017-07-14,203.0
2017-07-17,201.0
2017-07-18,199.25
2017-07-19,198.25
2017-07-20,196.25
2017-07-21,196.75
2017-07-24,197.5
2017-07-25,198.25
2017-07-26,198.5
2017-07-27,198.25
2017-07-31,195.0
2017-08-01,190.0
2017-08-02,190.0
2017-08-03,189.0
2017-08-04,188.75
2017-08-07,188.5
2017-08-08,191.75
2017-08-09,193.0
2017-08-10,193.75
2017-08-11,193.25
2017-08-15,193.0
2017-08-16,191.5
2017-08-17,190.75
2017-08-18,190.25
2017-08-21,191.0
2017-08-22,193.25
2017-08-23,196.25
2017-08-24,197.0
2017-08-25,196.5
2017-08-28,199.25
2017-08-29,201.0
2017-08-30,204.0
2017-08-31,202.5
2017-09-01,203.5
2017-09-04,203.5
2017-09-05,203.0
2017-09-06,201.0
2017-09-07,203.0
2017-09-08,206.5
2017-09-11,211.0
2017-09-12,212.0
2017-09-13,211.5
2017-09-14,214.0
2017-09-15,214.5
2017-09-18,214.0
2017-09-19,215.5
2017-09-20,213.5
2017-09-21,211.0
2017-09-22,207.0
2017-09-25,208.0
2017-09-26,208.5
2017-09-27,209.0
2017-09-28,208.0
2017-09-29,206.5
2017-10-02,208.0
2017-10-03,208.0
2017-10-04,208.0
2017-10-05,207.5
2017-10-06,208.0
2017-10-09,207.0
2017-10-10,209.5
2017-10-11,215.5
2017-10-12,216.5
2017-10-16,217.0
2017-10-17,217.0
2017-10-18,216.0
2017-10-19,214.0
2017-10-20,210.5
2017-10-24,211.5
2017-10-25,211.5
2017-10-27,212.5
2017-10-30,216.5
2017-10-31,221.0
2017-11-01,223.0
2017-11-02,223.0
2017-11-03,223.0
2017-11-06,221.5
2017-11-07,220.5
2017-11-08,221.0
2017-11-09,221.5
2017-11-10,217.5
2017-11-13,216.5
2017-11-14,221.0
2017-11-15,221.5
2017-11-16,220.5
2017-11-17,223.5
2017-11-20,224.0
2017-11-21,223.0
2017-11-22,224.0
2017-11-23,223.5
2017-11-24,222.5
2017-11-27,221.5
2017-11-28,221.5
2017-11-29,226.5
2017-11-30,227.5
2017-12-01,225.0
2017-12-04,225.0
2017-12-06,227.0
2017-12-07,229.5
2017-12-08,229.5
2017-12-12,227.0
2017-12-13,225.0
2017-12-14,227.0
2017-12-15,229.0
2017-12-18,229.5
2017-12-19,231.0
2017-12-20,232.5
2017-12-21,234.0
2017-12-22,233.5
2017-12-25,233.5
2017-12-26,234.5
2017-12-27,235.0
2017-12-28,233.5
2017-12-29,233.5
