Date,KCE
2008-01-02,3.55
2008-01-03,3.5
2008-01-04,3.5
2008-01-07,3.5
2008-01-08,3.5
2008-01-09,3.45
2008-01-10,3.3499999999999996
2008-01-11,3.25
2008-01-14,3.25
2008-01-15,3.3
2008-01-16,3.3
2008-01-17,3.3
2008-01-18,3.3499999999999996
2008-01-21,3.4
2008-01-22,3.3499999999999996
2008-01-23,3.3499999999999996
2008-01-24,3.3
2008-01-25,3.3
2008-01-28,3.3
2008-01-29,3.3
2008-01-30,3.3499999999999996
2008-01-31,3.3499999999999996
2008-02-01,3.3499999999999996
2008-02-04,3.45
2008-02-05,3.3499999999999996
2008-02-06,3.3
2008-02-07,3.3
2008-02-08,3.3
2008-02-11,3.3
2008-02-12,3.3499999999999996
2008-02-13,3.45
2008-02-14,3.5
2008-02-15,3.4
2008-02-18,3.45
2008-02-19,3.6
2008-02-20,3.7
2008-02-22,3.7
2008-02-25,3.75
2008-02-26,3.75
2008-02-27,3.7
2008-02-28,3.6500000000000004
2008-02-29,3.55
2008-03-03,3.45
2008-03-04,3.4
2008-03-05,3.4
2008-03-06,3.4
2008-03-07,3.4
2008-03-10,3.4
2008-03-11,3.4
2008-03-12,3.4
2008-03-13,3.4
2008-03-14,3.4
2008-03-17,3.4
2008-03-18,3.4
2008-03-19,3.3499999999999996
2008-03-20,3.3
2008-03-21,3.3
2008-03-24,3.3499999999999996
2008-03-25,3.4
2008-03-26,3.4
2008-03-27,3.45
2008-03-28,3.5
2008-03-31,3.5
2008-04-01,3.5
2008-04-02,3.5
2008-04-03,3.4
2008-04-04,3.4
2008-04-08,3.45
2008-04-09,3.5
2008-04-10,3.5
2008-04-11,3.45
2008-04-16,3.45
2008-04-17,3.5
2008-04-18,3.5
2008-04-21,3.6
2008-04-22,3.6
2008-04-23,3.6500000000000004
2008-04-24,3.7
2008-04-25,3.75
2008-04-28,3.75
2008-04-29,3.7
2008-04-30,3.6500000000000004
2008-05-02,3.55
2008-05-06,3.5
2008-05-07,3.5
2008-05-08,3.5
2008-05-09,3.5
2008-05-12,3.5
2008-05-13,3.55
2008-05-14,3.5
2008-05-15,3.45
2008-05-16,3.5
2008-05-20,3.5
2008-05-21,3.5
2008-05-22,3.5
2008-05-23,3.5
2008-05-26,3.5
2008-05-27,3.45
2008-05-28,3.5
2008-05-29,3.4
2008-05-30,3.4
2008-06-02,3.4
2008-06-03,3.4
2008-06-04,3.3499999999999996
2008-06-05,3.4
2008-06-06,3.45
2008-06-09,3.4
2008-06-10,3.3499999999999996
2008-06-11,3.3499999999999996
2008-06-12,3.3
2008-06-13,3.4
2008-06-16,3.3
2008-06-17,3.2
2008-06-18,3.2
2008-06-19,3.1500000000000004
2008-06-20,3.1
2008-06-23,3.1
2008-06-24,3.1
2008-06-25,3.1
2008-06-26,3.1
2008-06-27,3.05
2008-06-30,3.1
2008-07-02,3.05
2008-07-03,3.0
2008-07-04,3.0
2008-07-07,2.9
2008-07-08,2.8
2008-07-09,2.8
2008-07-10,2.75
2008-07-11,2.8
2008-07-14,2.8
2008-07-15,2.8
2008-07-16,2.8
2008-07-18,2.8
2008-07-21,2.8
2008-07-22,2.8
2008-07-23,2.8499999999999996
2008-07-24,2.9
2008-07-25,2.9
2008-07-28,2.95
2008-07-29,2.9
2008-07-30,2.9
2008-07-31,2.8499999999999996
2008-08-01,2.8
2008-08-04,2.75
2008-08-05,2.7
2008-08-06,2.75
2008-08-07,2.8499999999999996
2008-08-08,2.8499999999999996
2008-08-11,2.8
2008-08-13,2.8
2008-08-14,2.8499999999999996
2008-08-15,2.75
2008-08-18,2.7
2008-08-19,2.75
2008-08-20,2.8
2008-08-21,2.8
2008-08-22,2.9
2008-08-25,2.9
2008-08-26,2.8499999999999996
2008-08-27,2.8
2008-08-28,2.8499999999999996
2008-08-29,2.95
2008-09-01,2.9
2008-09-02,2.8499999999999996
2008-09-03,2.8
2008-09-04,2.8
2008-09-05,2.8
2008-09-08,2.8
2008-09-09,2.8
2008-09-10,2.75
2008-09-11,2.8
2008-09-12,2.7
2008-09-15,2.7
2008-09-16,2.7
2008-09-17,2.7
2008-09-18,2.6500000000000004
2008-09-19,2.6
2008-09-22,2.6500000000000004
2008-09-23,2.6500000000000004
2008-09-24,2.6
2008-09-25,2.6
2008-09-26,2.6
2008-09-29,2.55
2008-09-30,2.5
2008-10-01,2.5
2008-10-02,2.5
2008-10-03,2.5
2008-10-06,2.5
2008-10-07,2.3
2008-10-08,2.25
2008-10-09,2.2
2008-10-10,2.1
2008-10-13,2.05
2008-10-14,1.95
2008-10-15,1.9
2008-10-16,1.85
2008-10-17,1.8
2008-10-20,1.8
2008-10-21,1.8
2008-10-22,1.8
2008-10-24,1.7000000000000002
2008-10-27,1.5
2008-10-28,1.5
2008-10-29,1.5
2008-10-30,1.45
2008-10-31,1.35
2008-11-03,1.4
2008-11-04,1.4
2008-11-05,1.4
2008-11-06,1.4
2008-11-07,1.4
2008-11-10,1.4
2008-11-11,1.4
2008-11-12,1.35
2008-11-13,1.3
2008-11-14,1.3
2008-11-17,1.2
2008-11-18,1.2
2008-11-19,1.15
2008-11-20,1.05
2008-11-21,1.05
2008-11-24,1.1
2008-11-25,1.1
2008-11-26,1.1
2008-11-27,1.05
2008-11-28,1.0
2008-12-01,1.0
2008-12-02,1.05
2008-12-03,1.1
2008-12-04,1.1
2008-12-08,1.1
2008-12-09,1.1
2008-12-11,1.1
2008-12-12,1.1
2008-12-15,1.1
2008-12-16,1.1
2008-12-17,1.05
2008-12-18,1.0
2008-12-19,1.0
2008-12-22,1.0
2008-12-23,0.95
2008-12-24,0.9
2008-12-25,0.9
2008-12-26,0.9
2008-12-29,0.9
2008-12-30,0.9
2009-01-02,0.9
2009-01-05,0.9
2009-01-06,0.9
2009-01-07,0.9
2009-01-08,0.9
2009-01-09,0.9
2009-01-12,0.9
2009-01-13,0.9
2009-01-14,0.9
2009-01-15,0.9
2009-01-16,0.9
2009-01-19,0.9
2009-01-20,0.95
2009-01-21,0.95
2009-01-22,0.9
2009-01-23,0.9
2009-01-26,0.9
2009-01-27,0.9
2009-01-28,0.9
2009-01-29,0.9
2009-01-30,0.9
2009-02-02,0.9
2009-02-03,0.9
2009-02-04,0.9
2009-02-05,0.9
2009-02-06,0.9
2009-02-10,0.9
2009-02-11,0.8500000000000001
2009-02-12,0.8500000000000001
2009-02-13,0.8500000000000001
2009-02-16,0.8
2009-02-17,0.8
2009-02-18,0.8
2009-02-19,0.8
2009-02-20,0.8
2009-02-23,0.8
2009-02-24,0.8
2009-02-25,0.8
2009-02-26,0.8
2009-02-27,0.8
2009-03-02,0.8
2009-03-03,0.8
2009-03-04,0.8
2009-03-05,0.8
2009-03-06,0.8
2009-03-09,0.8
2009-03-10,0.8
2009-03-11,0.8
2009-03-12,0.8
2009-03-13,0.8
2009-03-16,0.8
2009-03-17,0.8
2009-03-18,0.8
2009-03-19,0.8
2009-03-20,0.8500000000000001
2009-03-23,0.9
2009-03-24,0.8500000000000001
2009-03-25,0.8
2009-03-26,0.8
2009-03-27,0.8
2009-03-30,0.8
2009-03-31,0.8
2009-04-01,0.8
2009-04-02,0.8500000000000001
2009-04-03,0.9
2009-04-07,0.9
2009-04-08,0.9
2009-04-09,0.9
2009-04-10,0.9
2009-04-16,0.9
2009-04-17,0.9
2009-04-20,0.95
2009-04-21,0.95
2009-04-22,0.9
2009-04-23,0.9
2009-04-24,0.9
2009-04-27,0.9
2009-04-28,0.9
2009-04-29,0.9
2009-04-30,0.95
2009-05-04,1.05
2009-05-06,1.2000000000000002
2009-05-07,1.25
2009-05-11,1.2
2009-05-12,1.2
2009-05-13,1.2
2009-05-14,1.15
2009-05-15,1.05
2009-05-18,1.0
2009-05-19,1.1
2009-05-20,1.1
2009-05-21,1.15
2009-05-22,1.2
2009-05-25,1.2
2009-05-26,1.2
2009-05-27,1.2
2009-05-28,1.2
2009-05-29,1.35
2009-06-01,1.4
2009-06-02,1.4
2009-06-03,1.4
2009-06-04,1.4
2009-06-05,1.4
2009-06-08,1.45
2009-06-09,1.5
2009-06-10,1.5
2009-06-11,1.55
2009-06-12,1.6
2009-06-15,1.55
2009-06-16,1.45
2009-06-17,1.4
2009-06-18,1.4
2009-06-19,1.4
2009-06-22,1.45
2009-06-23,1.4
2009-06-24,1.4
2009-06-25,1.5
2009-06-26,1.5
2009-06-29,1.5
2009-06-30,1.45
2009-07-02,1.4
2009-07-03,1.4
2009-07-06,1.4
2009-07-08,1.4
2009-07-09,1.4
2009-07-10,1.4
2009-07-13,1.4
2009-07-14,1.45
2009-07-15,1.5
2009-07-16,1.5
2009-07-17,1.5
2009-07-20,1.55
2009-07-21,1.7
2009-07-22,1.65
2009-07-23,1.7
2009-07-24,1.7
2009-07-27,1.7
2009-07-28,1.7
2009-07-29,1.75
2009-07-30,1.8
2009-07-31,1.85
2009-08-03,1.8
2009-08-04,1.85
2009-08-05,1.8
2009-08-06,1.8
2009-08-07,1.8
2009-08-10,1.8
2009-08-11,1.8
2009-08-13,1.8
2009-08-14,1.8
2009-08-17,1.75
2009-08-18,1.75
2009-08-19,1.8
2009-08-20,1.85
2009-08-21,1.95
2009-08-24,2.0
2009-08-25,2.05
2009-08-26,2.1500000000000004
2009-08-27,2.1500000000000004
2009-08-28,2.1500000000000004
2009-08-31,2.2
2009-09-01,2.3
2009-09-02,2.3
2009-09-03,2.3499999999999996
2009-09-04,2.25
2009-09-07,2.25
2009-09-08,2.3
2009-09-09,2.3
2009-09-10,2.3
2009-09-11,2.3
2009-09-14,2.3499999999999996
2009-09-15,2.65
2009-09-16,2.8
2009-09-17,2.8499999999999996
2009-09-18,2.8
2009-09-21,2.8499999999999996
2009-09-22,2.95
2009-09-23,3.05
2009-09-24,3.05
2009-09-25,3.1
2009-09-28,3.1500000000000004
2009-09-29,3.1
2009-09-30,3.1
2009-10-01,3.2
2009-10-02,3.25
2009-10-05,3.3
2009-10-06,3.5999999999999996
2009-10-07,3.9499999999999997
2009-10-08,4.2
2009-10-09,4.15
2009-10-12,4.1
2009-10-13,4.1
2009-10-14,4.0
2009-10-15,3.8
2009-10-16,3.75
2009-10-19,3.95
2009-10-20,3.95
2009-10-21,3.9
2009-10-22,3.8499999999999996
2009-10-26,3.8499999999999996
2009-10-27,3.9
2009-10-28,3.95
2009-10-29,3.8
2009-10-30,3.8499999999999996
2009-11-02,3.7
2009-11-03,3.9
2009-11-04,3.95
2009-11-05,4.25
2009-11-06,4.35
2009-11-09,4.35
2009-11-10,4.3
2009-11-11,4.25
2009-11-12,4.2
2009-11-13,4.15
2009-11-16,4.0
2009-11-17,3.95
2009-11-18,4.0
2009-11-19,3.95
2009-11-20,3.8499999999999996
2009-11-23,4.0
2009-11-24,4.05
2009-11-25,4.0
2009-11-26,3.95
2009-11-27,3.95
2009-11-30,3.95
2009-12-01,3.95
2009-12-02,3.95
2009-12-03,4.0
2009-12-04,4.05
2009-12-08,4.05
2009-12-09,4.05
2009-12-11,4.1
2009-12-14,4.1
2009-12-15,4.15
2009-12-16,4.1
2009-12-17,4.1
2009-12-18,4.1
2009-12-21,4.1
2009-12-22,4.2
2009-12-23,4.15
2009-12-24,4.15
2009-12-25,4.1
2009-12-28,4.15
2009-12-29,4.15
2009-12-30,4.2
2010-01-04,4.2
2010-01-05,4.15
2010-01-06,4.300000000000001
2010-01-07,4.35
2010-01-08,4.35
2010-01-11,4.4
2010-01-12,4.45
2010-01-13,4.6
2010-01-14,4.85
2010-01-15,5.0
2010-01-18,5.25
2010-01-19,5.65
2010-01-20,5.9
2010-01-21,5.699999999999999
2010-01-22,5.85
2010-01-25,5.85
2010-01-26,5.75
2010-01-27,5.4
2010-01-28,5.2
2010-01-29,5.050000000000001
2010-02-01,5.25
2010-02-02,5.300000000000001
2010-02-03,5.449999999999999
2010-02-04,5.45
2010-02-05,5.2
2010-02-08,5.2
2010-02-09,5.35
2010-02-10,5.45
2010-02-11,5.5
2010-02-12,5.6
2010-02-15,5.5
2010-02-16,5.4
2010-02-17,5.4
2010-02-18,5.4
2010-02-19,5.45
2010-02-22,5.55
2010-02-23,5.699999999999999
2010-02-24,5.800000000000001
2010-02-25,5.699999999999999
2010-02-26,5.6
2010-03-02,5.6
2010-03-03,5.65
2010-03-04,5.65
2010-03-05,5.65
2010-03-08,5.699999999999999
2010-03-09,5.5
2010-03-10,5.5
2010-03-11,5.7
2010-03-12,5.8
2010-03-15,5.8
2010-03-16,6.0
2010-03-17,6.2
2010-03-18,6.15
2010-03-19,6.15
2010-03-22,6.2
2010-03-23,6.2
2010-03-24,6.2
2010-03-25,6.2
2010-03-26,6.300000000000001
2010-03-29,6.35
2010-03-30,6.5
2010-03-31,6.8
2010-04-01,7.1
2010-04-02,7.25
2010-04-05,7.25
2010-04-07,7.4
2010-04-08,7.25
2010-04-09,7.1
2010-04-12,6.8
2010-04-16,6.6
2010-04-19,6.25
2010-04-20,6.6
2010-04-21,6.75
2010-04-22,6.75
2010-04-23,6.6
2010-04-26,6.8
2010-04-27,6.8
2010-04-28,6.75
2010-04-29,6.95
2010-04-30,7.1
2010-05-04,7.25
2010-05-06,7.5
2010-05-07,7.55
2010-05-10,7.6
2010-05-11,7.55
2010-05-12,7.5
2010-05-13,7.35
2010-05-14,7.300000000000001
2010-05-17,7.0
2010-05-18,7.15
2010-05-19,7.15
2010-05-20,7.3
2010-05-21,7.3
2010-05-24,7.300000000000001
2010-05-25,7.0
2010-05-26,7.05
2010-05-27,7.0
2010-05-31,7.1
2010-06-01,7.2
2010-06-02,7.25
2010-06-03,7.300000000000001
2010-06-04,7.3
2010-06-07,7.15
2010-06-08,6.949999999999999
2010-06-09,6.85
2010-06-10,6.699999999999999
2010-06-11,6.75
2010-06-14,6.9
2010-06-15,6.95
2010-06-16,7.05
2010-06-17,7.15
2010-06-18,7.05
2010-06-21,7.0
2010-06-22,7.2
2010-06-23,7.4
2010-06-24,7.35
2010-06-25,7.4
2010-06-28,7.6
2010-06-29,7.45
2010-06-30,7.35
2010-07-02,7.449999999999999
2010-07-05,7.85
2010-07-06,7.9
2010-07-07,7.75
2010-07-08,7.8
2010-07-09,7.699999999999999
2010-07-12,7.8
2010-07-13,7.8
2010-07-14,8.1
2010-07-15,8.350000000000001
2010-07-16,8.7
2010-07-19,8.7
2010-07-20,8.649999999999999
2010-07-21,8.75
2010-07-22,9.15
2010-07-23,9.3
2010-07-27,9.3
2010-07-28,9.3
2010-07-29,9.2
2010-07-30,9.3
2010-08-02,9.4
2010-08-03,9.3
2010-08-04,9.600000000000001
2010-08-05,10.05
2010-08-06,10.3
2010-08-09,10.350000000000001
2010-08-10,10.3
2010-08-11,10.2
2010-08-16,10.2
2010-08-17,10.1
2010-08-18,10.05
2010-08-19,10.149999999999999
2010-08-20,10.15
2010-08-23,10.05
2010-08-24,10.0
2010-08-25,9.9
2010-08-26,9.850000000000001
2010-08-27,10.0
2010-08-30,9.95
2010-08-31,9.75
2010-09-01,9.7
2010-09-02,9.399999999999999
2010-09-03,9.2
2010-09-06,8.85
2010-09-07,8.6
2010-09-08,8.75
2010-09-09,8.75
2010-09-10,8.6
2010-09-13,8.6
2010-09-14,8.399999999999999
2010-09-15,8.3
2010-09-16,8.8
2010-09-17,8.95
2010-09-20,8.75
2010-09-21,8.7
2010-09-22,8.75
2010-09-23,8.649999999999999
2010-09-24,8.8
2010-09-27,8.8
2010-09-28,8.7
2010-09-29,8.5
2010-09-30,8.4
2010-10-01,8.4
2010-10-04,8.4
2010-10-05,8.45
2010-10-06,8.65
2010-10-07,8.75
2010-10-08,8.55
2010-10-11,8.6
2010-10-12,8.8
2010-10-13,8.8
2010-10-14,8.75
2010-10-15,8.5
2010-10-18,8.3
2010-10-19,8.2
2010-10-20,8.2
2010-10-21,8.25
2010-10-22,8.35
2010-10-26,8.45
2010-10-27,8.45
2010-10-28,8.25
2010-10-29,8.2
2010-11-01,8.149999999999999
2010-11-02,8.149999999999999
2010-11-03,8.05
2010-11-04,8.2
2010-11-05,7.949999999999999
2010-11-08,7.75
2010-11-09,7.699999999999999
2010-11-10,7.699999999999999
2010-11-11,7.75
2010-11-12,7.65
2010-11-15,7.6
2010-11-16,7.55
2010-11-17,7.300000000000001
2010-11-18,7.199999999999999
2010-11-19,7.25
2010-11-22,7.25
2010-11-23,7.35
2010-11-24,7.45
2010-11-25,7.35
2010-11-26,7.199999999999999
2010-11-29,7.15
2010-11-30,7.25
2010-12-01,7.25
2010-12-02,7.2
2010-12-03,7.2
2010-12-07,7.550000000000001
2010-12-08,7.699999999999999
2010-12-09,7.699999999999999
2010-12-13,7.65
2010-12-14,7.85
2010-12-15,7.9
2010-12-16,7.8
2010-12-17,7.800000000000001
2010-12-20,7.65
2010-12-21,7.5
2010-12-22,7.45
2010-12-23,7.5
2010-12-24,7.5
2010-12-27,7.4
2010-12-28,7.65
2010-12-29,7.75
2010-12-30,7.75
2011-01-04,7.699999999999999
2011-01-05,7.75
2011-01-06,8.05
2011-01-07,8.3
2011-01-10,8.4
2011-01-11,8.35
2011-01-12,8.149999999999999
2011-01-13,8.149999999999999
2011-01-14,8.05
2011-01-17,7.85
2011-01-18,7.75
2011-01-19,7.85
2011-01-20,7.8
2011-01-21,7.699999999999999
2011-01-24,7.4
2011-01-25,7.2
2011-01-26,7.300000000000001
2011-01-27,7.55
2011-01-28,7.4
2011-01-31,7.35
2011-02-01,7.55
2011-02-02,7.6
2011-02-03,7.7
2011-02-04,7.65
2011-02-07,7.65
2011-02-08,7.75
2011-02-09,7.699999999999999
2011-02-10,7.5
2011-02-11,7.35
2011-02-14,7.35
2011-02-15,7.35
2011-02-16,7.300000000000001
2011-02-17,7.3
2011-02-18,7.3
2011-02-21,7.3
2011-02-22,7.2
2011-02-23,7.5
2011-02-24,7.449999999999999
2011-02-25,7.35
2011-02-28,7.4
2011-03-01,7.45
2011-03-02,7.6
2011-03-03,7.8
2011-03-04,7.9
2011-03-07,7.75
2011-03-08,7.75
2011-03-09,7.9
2011-03-10,8.0
2011-03-11,7.9
2011-03-14,7.8
2011-03-15,7.699999999999999
2011-03-16,7.6
2011-03-17,7.45
2011-03-21,7.5
2011-03-22,7.6
2011-03-23,7.699999999999999
2011-03-24,7.8
2011-03-25,7.8
2011-03-28,7.75
2011-03-29,7.9
2011-03-30,8.0
2011-03-31,7.9
2011-04-01,7.699999999999999
2011-04-04,7.75
2011-04-05,7.75
2011-04-07,7.8
2011-04-08,7.8
2011-04-11,7.75
2011-04-12,7.65
2011-04-18,7.8
2011-04-19,7.699999999999999
2011-04-20,7.6
2011-04-21,7.6
2011-04-22,7.7
2011-04-25,7.949999999999999
2011-04-26,8.149999999999999
2011-04-27,8.3
2011-04-28,8.55
2011-04-29,8.6
2011-05-03,8.35
2011-05-04,8.35
2011-05-06,8.4
2011-05-09,8.5
2011-05-10,8.55
2011-05-11,8.3
2011-05-12,8.0
2011-05-13,8.05
2011-05-18,8.1
2011-05-19,8.05
2011-05-20,8.149999999999999
2011-05-23,8.05
2011-05-24,8.0
2011-05-25,8.05
2011-05-26,8.05
2011-05-27,8.05
2011-05-30,8.05
2011-05-31,8.05
2011-06-01,8.1
2011-06-02,8.0
2011-06-03,8.05
2011-06-06,7.9
2011-06-07,7.8
2011-06-08,7.55
2011-06-09,7.55
2011-06-10,7.45
2011-06-13,7.25
2011-06-14,7.4
2011-06-15,7.4
2011-06-16,7.4
2011-06-17,7.4
2011-06-20,7.4
2011-06-21,7.35
2011-06-22,7.35
2011-06-23,7.199999999999999
2011-06-24,7.1
2011-06-27,7.1
2011-06-28,7.05
2011-06-29,7.05
2011-06-30,7.05
2011-07-04,7.2
2011-07-05,7.25
2011-07-06,7.35
2011-07-07,7.4
2011-07-08,7.45
2011-07-11,7.300000000000001
2011-07-12,7.15
2011-07-13,7.15
2011-07-14,7.2
2011-07-18,7.25
2011-07-19,7.2
2011-07-20,7.2
2011-07-21,7.2
2011-07-22,7.2
2011-07-25,7.2
2011-07-26,7.2
2011-07-27,7.2
2011-07-28,7.2
2011-07-29,7.15
2011-08-01,7.05
2011-08-02,7.05
2011-08-03,7.0
2011-08-04,7.0
2011-08-05,6.85
2011-08-08,6.8
2011-08-09,6.449999999999999
2011-08-10,6.4
2011-08-11,6.25
2011-08-15,6.35
2011-08-16,6.4
2011-08-17,6.65
2011-08-18,6.85
2011-08-19,6.65
2011-08-22,6.6
2011-08-23,6.6
2011-08-24,6.6
2011-08-25,6.5
2011-08-26,6.25
2011-08-29,6.35
2011-08-30,6.2
2011-08-31,6.300000000000001
2011-09-01,6.4
2011-09-02,6.3
2011-09-05,6.2
2011-09-06,6.2
2011-09-07,6.15
2011-09-08,6.1
2011-09-09,6.1
2011-09-12,6.0
2011-09-13,5.95
2011-09-14,5.85
2011-09-15,5.8
2011-09-16,5.8
2011-09-19,5.75
2011-09-20,5.75
2011-09-21,5.9
2011-09-22,5.75
2011-09-23,5.35
2011-09-26,4.85
2011-09-27,4.8
2011-09-28,4.9
2011-09-29,5.0
2011-09-30,5.05
2011-10-03,4.85
2011-10-04,4.8
2011-10-05,4.85
2011-10-06,4.9
2011-10-07,4.9
2011-10-10,4.9
2011-10-11,4.85
2011-10-12,4.55
2011-10-13,4.0
2011-10-14,3.8
2011-10-17,3.8499999999999996
2011-10-18,3.8
2011-10-19,3.8
2011-10-20,3.75
2011-10-21,3.55
2011-10-25,3.4
2011-10-26,3.4
2011-10-27,3.45
2011-10-28,3.55
2011-10-31,3.95
2011-11-01,4.300000000000001
2011-11-02,4.65
2011-11-03,4.95
2011-11-04,5.0
2011-11-07,4.85
2011-11-08,4.85
2011-11-09,4.9
2011-11-10,4.8
2011-11-11,4.8
2011-11-14,4.8
2011-11-15,4.8
2011-11-16,4.85
2011-11-17,4.95
2011-11-18,5.0
2011-11-21,4.85
2011-11-22,4.800000000000001
2011-11-23,4.7
2011-11-24,4.7
2011-11-25,4.7
2011-11-28,4.8
2011-11-29,4.75
2011-11-30,4.75
2011-12-01,4.75
2011-12-02,4.8
2011-12-06,4.8
2011-12-07,4.85
2011-12-08,5.050000000000001
2011-12-09,5.2
2011-12-13,5.1
2011-12-14,5.0
2011-12-15,4.9
2011-12-16,4.95
2011-12-19,4.95
2011-12-20,4.95
2011-12-21,4.95
2011-12-22,4.9
2011-12-23,4.9
2011-12-26,4.9
2011-12-27,4.85
2011-12-28,4.8
2011-12-29,4.8
2011-12-30,4.8
2012-01-04,4.8
2012-01-05,4.85
2012-01-06,4.9
2012-01-09,4.95
2012-01-10,5.0
2012-01-11,5.0
2012-01-12,5.0
2012-01-13,4.95
2012-01-16,4.9
2012-01-17,4.9
2012-01-18,4.85
2012-01-19,4.9
2012-01-20,4.9
2012-01-23,4.9
2012-01-24,4.9
2012-01-25,4.9
2012-01-26,4.9
2012-01-27,4.9
2012-01-30,4.85
2012-01-31,4.8
2012-02-01,4.8
2012-02-02,4.9
2012-02-03,4.95
2012-02-06,4.95
2012-02-07,4.95
2012-02-08,5.0
2012-02-09,4.95
2012-02-10,4.95
2012-02-13,4.95
2012-02-14,4.9
2012-02-15,4.9
2012-02-16,4.95
2012-02-17,4.9
2012-02-20,4.9
2012-02-21,4.9
2012-02-22,4.9
2012-02-23,4.9
2012-02-24,4.9
2012-02-27,4.9
2012-02-28,4.9
2012-02-29,4.9
2012-03-01,4.9
2012-03-02,4.9
2012-03-05,4.9
2012-03-06,4.9
2012-03-08,4.9
2012-03-09,4.95
2012-03-12,5.1
2012-03-13,5.1
2012-03-14,5.1
2012-03-15,5.15
2012-03-16,5.2
2012-03-19,5.4
2012-03-20,5.85
2012-03-21,5.85
2012-03-22,5.6
2012-03-23,5.45
2012-03-26,5.55
2012-03-27,5.699999999999999
2012-03-28,5.699999999999999
2012-03-29,5.6
2012-03-30,5.5
2012-04-02,5.6
2012-04-03,5.6
2012-04-04,5.699999999999999
2012-04-05,5.85
2012-04-10,5.8
2012-04-11,5.55
2012-04-12,5.6
2012-04-17,5.699999999999999
2012-04-18,5.9
2012-04-19,5.85
2012-04-20,5.95
2012-04-23,6.0
2012-04-24,6.15
2012-04-25,6.3
2012-04-26,6.25
2012-04-27,6.2
2012-04-30,6.2
2012-05-02,6.2
2012-05-03,6.15
2012-05-04,6.15
2012-05-08,6.199999999999999
2012-05-09,6.3
2012-05-10,6.2
2012-05-11,5.949999999999999
2012-05-14,5.699999999999999
2012-05-15,5.6
2012-05-16,5.6
2012-05-17,5.6
2012-05-18,5.4
2012-05-21,5.45
2012-05-22,5.45
2012-05-23,5.699999999999999
2012-05-24,5.85
2012-05-25,5.75
2012-05-28,5.75
2012-05-29,5.75
2012-05-30,5.699999999999999
2012-05-31,5.6
2012-06-01,5.5
2012-06-05,5.35
2012-06-06,5.300000000000001
2012-06-07,5.4
2012-06-08,5.65
2012-06-11,5.8
2012-06-12,5.85
2012-06-13,6.0
2012-06-14,5.95
2012-06-15,6.0
2012-06-18,6.0
2012-06-19,6.0
2012-06-20,6.15
2012-06-21,6.2
2012-06-22,6.0
2012-06-25,6.0
2012-06-26,6.0
2012-06-27,6.1
2012-06-28,6.1
2012-06-29,6.1
2012-07-02,6.1
2012-07-03,6.15
2012-07-04,6.2
2012-07-05,6.1
2012-07-06,6.15
2012-07-09,6.2
2012-07-10,6.5
2012-07-11,6.55
2012-07-12,6.5
2012-07-13,6.75
2012-07-16,6.8
2012-07-17,6.699999999999999
2012-07-18,6.65
2012-07-19,6.85
2012-07-20,6.95
2012-07-23,6.95
2012-07-24,7.0
2012-07-25,7.15
2012-07-26,7.1
2012-07-27,7.15
2012-07-30,7.300000000000001
2012-07-31,7.5
2012-08-01,7.6
2012-08-03,7.6
2012-08-06,7.65
2012-08-07,7.6
2012-08-08,7.6
2012-08-09,7.5
2012-08-10,7.5
2012-08-14,7.5
2012-08-15,7.6
2012-08-16,7.4
2012-08-17,7.4
2012-08-20,7.35
2012-08-21,7.4
2012-08-22,7.4
2012-08-23,7.3
2012-08-24,7.25
2012-08-27,7.35
2012-08-28,7.55
2012-08-29,7.9
2012-08-30,7.9
2012-08-31,7.85
2012-09-03,7.95
2012-09-04,8.2
2012-09-05,8.3
2012-09-06,8.25
2012-09-07,8.149999999999999
2012-09-10,8.149999999999999
2012-09-11,8.1
2012-09-12,8.0
2012-09-13,8.0
2012-09-14,8.05
2012-09-17,8.05
2012-09-18,8.0
2012-09-19,8.0
2012-09-20,8.0
2012-09-21,7.95
2012-09-24,7.9
2012-09-25,8.05
2012-09-26,8.2
2012-09-27,8.35
2012-09-28,9.3
2012-10-01,9.55
2012-10-02,9.5
2012-10-03,9.45
2012-10-04,9.8
2012-10-05,10.05
2012-10-08,10.25
2012-10-09,10.25
2012-10-10,10.149999999999999
2012-10-11,10.45
2012-10-12,10.6
2012-10-15,10.3
2012-10-16,10.1
2012-10-17,9.899999999999999
2012-10-18,9.7
2012-10-19,9.95
2012-10-22,9.850000000000001
2012-10-24,9.850000000000001
2012-10-25,10.0
2012-10-26,9.8
2012-10-29,9.5
2012-10-30,9.45
2012-10-31,9.649999999999999
2012-11-01,9.55
2012-11-02,9.6
2012-11-05,9.649999999999999
2012-11-06,9.95
2012-11-07,9.95
2012-11-08,9.6
2012-11-09,9.45
2012-11-12,9.350000000000001
2012-11-13,9.4
2012-11-14,9.3
2012-11-15,9.0
2012-11-16,8.9
2012-11-19,8.9
2012-11-20,8.850000000000001
2012-11-21,8.7
2012-11-22,8.649999999999999
2012-11-23,8.7
2012-11-26,8.850000000000001
2012-11-27,9.1
2012-11-28,9.35
2012-11-29,9.55
2012-11-30,9.649999999999999
2012-12-03,9.6
2012-12-04,9.7
2012-12-06,9.850000000000001
2012-12-07,9.9
2012-12-11,9.8
2012-12-12,9.9
2012-12-13,10.0
2012-12-14,10.15
2012-12-17,10.25
2012-12-18,10.4
2012-12-19,10.35
2012-12-20,10.25
2012-12-21,10.1
2012-12-24,10.15
2012-12-25,10.45
2012-12-26,10.350000000000001
2012-12-27,10.4
2012-12-28,10.4
2013-01-02,10.5
2013-01-03,10.45
2013-01-04,10.55
2013-01-07,10.5
2013-01-08,10.85
2013-01-09,11.1
2013-01-10,10.899999999999999
2013-01-11,10.649999999999999
2013-01-14,10.75
2013-01-15,10.850000000000001
2013-01-16,10.7
2013-01-17,10.6
2013-01-18,10.6
2013-01-21,10.5
2013-01-22,10.5
2013-01-23,10.5
2013-01-24,10.5
2013-01-25,10.45
2013-01-28,10.649999999999999
2013-01-29,10.7
2013-01-30,10.55
2013-01-31,10.45
2013-02-01,10.55
2013-02-04,10.6
2013-02-05,10.55
2013-02-06,10.55
2013-02-07,10.6
2013-02-08,10.6
2013-02-11,10.65
2013-02-12,11.0
2013-02-13,11.55
2013-02-14,12.0
2013-02-15,11.95
2013-02-18,12.55
2013-02-19,13.149999999999999
2013-02-20,13.600000000000001
2013-02-21,13.9
2013-02-22,13.95
2013-02-26,13.9
2013-02-27,14.05
2013-02-28,14.25
2013-03-01,14.65
2013-03-04,14.85
2013-03-05,15.7
2013-03-06,16.85
2013-03-07,17.25
2013-03-08,16.9
2013-03-11,16.8
2013-03-12,16.1
2013-03-13,15.600000000000001
2013-03-14,16.200000000000003
2013-03-15,17.2
2013-03-18,18.35
2013-03-19,17.700000000000003
2013-03-20,17.0
2013-03-21,16.7
2013-03-22,15.6
2013-03-25,15.8
2013-03-26,16.15
2013-03-27,16.35
2013-03-28,15.899999999999999
2013-03-29,15.95
2013-04-01,15.7
2013-04-02,15.7
2013-04-03,15.45
2013-04-04,15.2
2013-04-05,15.45
2013-04-09,15.2
2013-04-10,15.2
2013-04-11,15.65
2013-04-12,15.85
2013-04-17,15.75
2013-04-18,15.5
2013-04-19,15.5
2013-04-22,15.7
2013-04-23,15.75
2013-04-24,16.1
2013-04-25,16.65
2013-04-26,17.45
2013-04-29,17.950000000000003
2013-04-30,17.65
2013-05-02,17.1
2013-05-03,16.85
2013-05-07,16.55
2013-05-08,16.0
2013-05-09,15.7
2013-05-10,16.3
2013-05-13,15.95
2013-05-14,16.25
2013-05-15,16.35
2013-05-16,16.2
2013-05-17,15.9
2013-05-20,15.95
2013-05-21,16.05
2013-05-22,16.25
2013-05-23,16.1
2013-05-27,16.15
2013-05-28,16.200000000000003
2013-05-29,16.35
2013-05-30,16.1
2013-05-31,16.1
2013-06-03,16.1
2013-06-04,16.200000000000003
2013-06-05,16.0
2013-06-06,15.7
2013-06-07,15.8
2013-06-10,16.0
2013-06-11,15.45
2013-06-12,14.850000000000001
2013-06-13,14.15
2013-06-14,14.55
2013-06-17,14.7
2013-06-18,14.95
2013-06-19,15.0
2013-06-20,14.6
2013-06-21,14.6
2013-06-24,14.35
2013-06-25,14.45
2013-06-26,14.8
2013-06-27,15.3
2013-06-28,15.55
2013-07-02,15.6
2013-07-03,15.649999999999999
2013-07-04,15.65
2013-07-05,15.55
2013-07-08,15.100000000000001
2013-07-09,14.850000000000001
2013-07-10,14.649999999999999
2013-07-11,15.05
2013-07-12,15.55
2013-07-15,15.649999999999999
2013-07-16,16.15
2013-07-17,16.65
2013-07-18,16.9
2013-07-19,17.0
2013-07-23,16.95
2013-07-24,16.65
2013-07-25,15.7
2013-07-26,15.7
2013-07-29,15.5
2013-07-30,15.65
2013-07-31,15.75
2013-08-01,16.05
2013-08-02,16.0
2013-08-05,15.850000000000001
2013-08-06,15.95
2013-08-07,15.9
2013-08-08,16.35
2013-08-09,16.85
2013-08-13,16.9
2013-08-14,16.9
2013-08-15,16.75
2013-08-16,16.700000000000003
2013-08-19,16.55
2013-08-20,15.9
2013-08-21,15.75
2013-08-22,15.65
2013-08-23,15.75
2013-08-26,15.4
2013-08-27,14.7
2013-08-28,14.350000000000001
2013-08-29,14.7
2013-08-30,15.05
2013-09-02,15.7
2013-09-03,15.9
2013-09-04,15.75
2013-09-05,15.85
2013-09-06,16.15
2013-09-09,16.3
2013-09-10,16.25
2013-09-11,16.5
2013-09-12,16.4
2013-09-13,16.15
2013-09-16,16.3
2013-09-17,16.15
2013-09-18,15.950000000000001
2013-09-19,16.0
2013-09-20,15.8
2013-09-23,15.75
2013-09-24,15.75
2013-09-25,15.950000000000001
2013-09-26,16.299999999999997
2013-09-27,16.299999999999997
2013-09-30,16.1
2013-10-01,16.6
2013-10-02,16.799999999999997
2013-10-03,17.05
2013-10-04,17.35
2013-10-07,17.4
2013-10-08,17.4
2013-10-09,17.3
2013-10-10,17.299999999999997
2013-10-11,17.700000000000003
2013-10-14,18.1
2013-10-15,18.65
2013-10-16,19.1
2013-10-17,19.4
2013-10-18,19.450000000000003
2013-10-21,19.200000000000003
2013-10-22,18.65
2013-10-24,18.7
2013-10-25,18.9
2013-10-28,19.0
2013-10-29,19.05
2013-10-30,18.75
2013-10-31,18.15
2013-11-01,18.4
2013-11-04,18.5
2013-11-05,18.85
2013-11-06,19.4
2013-11-07,19.5
2013-11-08,18.9
2013-11-11,18.3
2013-11-12,18.799999999999997
2013-11-13,18.95
2013-11-14,19.1
2013-11-15,19.0
2013-11-18,19.05
2013-11-19,19.0
2013-11-20,19.0
2013-11-21,18.549999999999997
2013-11-22,18.1
2013-11-25,17.7
2013-11-26,18.1
2013-11-27,18.450000000000003
2013-11-28,18.5
2013-11-29,18.75
2013-12-02,19.75
2013-12-03,20.5
2013-12-04,20.4
2013-12-06,20.05
2013-12-09,20.3
2013-12-11,21.15
2013-12-12,21.45
2013-12-13,21.65
2013-12-16,21.75
2013-12-17,21.8
2013-12-18,21.5
2013-12-19,21.35
2013-12-20,21.799999999999997
2013-12-23,22.4
2013-12-24,23.3
2013-12-25,23.549999999999997
2013-12-26,23.4
2013-12-27,23.35
2014-01-02,23.25
2014-01-03,22.549999999999997
2014-01-06,21.5
2014-01-07,20.799999999999997
2014-01-08,21.05
2014-01-09,20.799999999999997
2014-01-10,20.65
2014-01-13,20.75
2014-01-14,21.1
2014-01-15,20.65
2014-01-16,20.75
2014-01-17,20.85
2014-01-20,20.85
2014-01-21,20.700000000000003
2014-01-22,21.65
2014-01-23,22.6
2014-01-24,22.85
2014-01-27,22.65
2014-01-28,22.200000000000003
2014-01-29,22.25
2014-01-30,22.549999999999997
2014-01-31,22.8
2014-02-03,23.6
2014-02-04,24.45
2014-02-05,24.95
2014-02-06,24.95
2014-02-07,24.7
2014-02-10,24.65
2014-02-11,24.65
2014-02-12,25.2
2014-02-13,25.5
2014-02-17,25.1
2014-02-18,25.1
2014-02-19,25.35
2014-02-20,25.85
2014-02-21,26.2
2014-02-24,25.9
2014-02-25,25.9
2014-02-26,25.75
2014-02-27,25.75
2014-02-28,26.0
2014-03-03,26.35
2014-03-04,26.65
2014-03-05,27.1
2014-03-06,27.75
2014-03-07,27.75
2014-03-10,27.5
2014-03-11,28.25
2014-03-12,28.25
2014-03-13,28.25
2014-03-14,28.0
2014-03-17,28.85
2014-03-18,29.5
2014-03-19,29.75
2014-03-20,29.65
2014-03-21,29.9
2014-03-24,29.4
2014-03-25,29.1
2014-03-26,29.1
2014-03-27,29.2
2014-03-28,29.5
2014-03-31,30.15
2014-04-01,30.9
2014-04-02,31.0
2014-04-03,30.8
2014-04-04,30.65
2014-04-08,30.4
2014-04-09,30.0
2014-04-10,29.5
2014-04-11,28.75
2014-04-16,29.6
2014-04-17,31.25
2014-04-18,32.35
2014-04-21,32.35
2014-04-22,32.7
2014-04-23,33.6
2014-04-24,34.4
2014-04-25,34.65
2014-04-28,34.2
2014-04-29,34.85
2014-04-30,35.1
2014-05-02,35.25
2014-05-06,35.0
2014-05-07,34.75
2014-05-08,34.85
2014-05-09,34.6
2014-05-12,34.9
2014-05-14,35.0
2014-05-15,35.3
2014-05-16,35.8
2014-05-19,36.4
2014-05-20,36.65
2014-05-21,37.15
2014-05-22,38.15
2014-05-23,37.75
2014-05-26,38.0
2014-05-27,38.6
2014-05-28,39.0
2014-05-29,38.35
2014-05-30,38.25
2014-06-02,38.25
2014-06-03,37.7
2014-06-04,36.7
2014-06-05,36.2
2014-06-06,37.5
2014-06-09,37.9
2014-06-10,37.0
2014-06-11,37.35
2014-06-12,36.85
2014-06-13,36.35
2014-06-16,36.25
2014-06-17,36.75
2014-06-18,35.85
2014-06-19,35.25
2014-06-20,36.25
2014-06-23,36.5
2014-06-24,35.25
2014-06-25,35.1
2014-06-26,34.85
2014-06-27,34.85
2014-06-30,35.6
2014-07-02,35.0
2014-07-03,35.0
2014-07-04,35.85
2014-07-07,36.5
2014-07-08,37.4
2014-07-09,37.9
2014-07-10,38.25
2014-07-14,38.5
2014-07-15,38.75
2014-07-16,40.5
2014-07-17,41.5
2014-07-18,41.6
2014-07-21,41.75
2014-07-22,41.0
2014-07-23,40.85
2014-07-24,40.85
2014-07-25,40.0
2014-07-28,40.0
2014-07-29,41.0
2014-07-30,41.8
2014-07-31,42.25
2014-08-01,41.4
2014-08-04,41.9
2014-08-05,41.9
2014-08-06,41.75
2014-08-07,41.0
2014-08-08,40.5
2014-08-13,40.35
2014-08-14,40.0
2014-08-15,39.6
2014-08-18,39.85
2014-08-19,40.35
2014-08-20,40.25
2014-08-21,39.5
2014-08-22,39.35
2014-08-25,39.5
2014-08-26,39.2
2014-08-27,38.75
2014-08-28,37.9
2014-08-29,38.15
2014-09-01,38.9
2014-09-02,39.9
2014-09-03,40.65
2014-09-04,40.65
2014-09-05,40.75
2014-09-08,41.9
2014-09-09,41.5
2014-09-10,41.15
2014-09-11,41.4
2014-09-12,41.0
2014-09-15,40.85
2014-09-16,40.35
2014-09-17,40.2
2014-09-18,40.4
2014-09-19,40.75
2014-09-22,40.35
2014-09-23,40.5
2014-09-24,40.0
2014-09-25,39.9
2014-09-26,39.1
2014-09-29,38.8
2014-09-30,39.4
2014-10-01,40.2
2014-10-02,39.9
2014-10-03,40.1
2014-10-06,39.75
2014-10-07,39.6
2014-10-08,40.1
2014-10-09,40.2
2014-10-10,39.8
2014-10-13,39.75
2014-10-14,40.0
2014-10-15,41.0
2014-10-16,41.15
2014-10-17,40.6
2014-10-20,40.0
2014-10-21,40.25
2014-10-22,40.85
2014-10-24,41.0
2014-10-27,41.1
2014-10-28,40.5
2014-10-29,40.5
2014-10-30,40.25
2014-10-31,40.0
2014-11-03,39.8
2014-11-04,39.35
2014-11-05,39.4
2014-11-06,40.0
2014-11-07,40.6
2014-11-10,40.7
2014-11-11,40.650000000000006
2014-11-12,40.6
2014-11-13,40.45
2014-11-14,40.3
2014-11-17,39.15
2014-11-18,38.5
2014-11-19,38.5
2014-11-20,38.55
2014-11-21,38.6
2014-11-24,38.75
2014-11-25,38.9
2014-11-26,39.45
2014-11-27,40.0
2014-11-28,39.5
2014-12-01,39.0
2014-12-02,39.0
2014-12-03,39.1
2014-12-04,39.0
2014-12-08,39.0
2014-12-09,39.0
2014-12-11,38.4
2014-12-12,37.9
2014-12-15,37.2
2014-12-16,36.5
2014-12-17,36.25
2014-12-18,36.35
2014-12-19,36.35
2014-12-22,36.0
2014-12-23,36.25
2014-12-24,36.0
2014-12-25,35.7
2014-12-26,34.85
2014-12-29,33.4
2014-12-30,33.85
2015-01-05,33.85
2015-01-06,32.9
2015-01-07,33.1
2015-01-08,34.9
2015-01-09,37.1
2015-01-12,37.5
2015-01-13,37.35
2015-01-14,38.25
2015-01-15,38.0
2015-01-16,37.65
2015-01-19,37.2
2015-01-20,38.35
2015-01-21,38.2
2015-01-22,39.5
2015-01-23,42.5
2015-01-26,43.1
2015-01-27,44.0
2015-01-28,45.0
2015-01-29,46.0
2015-01-30,47.0
2015-02-02,46.9
2015-02-03,46.5
2015-02-04,47.35
2015-02-05,48.8
2015-02-06,50.0
2015-02-09,49.0
2015-02-10,48.25
2015-02-11,49.65
2015-02-12,50.65
2015-02-13,50.65
2015-02-16,50.0
2015-02-17,49.65
2015-02-18,49.65
2015-02-19,49.7
2015-02-20,50.35
2015-02-23,50.25
2015-02-24,51.0
2015-02-25,51.65
2015-02-26,52.25
2015-02-27,54.0
2015-03-02,54.5
2015-03-03,54.0
2015-03-05,53.5
2015-03-06,53.65
2015-03-09,53.1
2015-03-10,53.0
2015-03-11,52.6
2015-03-12,54.4
2015-03-13,56.9
2015-03-16,57.0
2015-03-17,55.85
2015-03-18,55.65
2015-03-19,55.5
2015-03-20,54.25
2015-03-23,52.65
2015-03-24,51.9
2015-03-25,52.5
2015-03-26,52.6
2015-03-27,51.5
2015-03-30,51.25
2015-03-31,53.0
2015-04-01,52.35
2015-04-02,53.3
2015-04-03,53.6
2015-04-07,53.1
2015-04-08,52.15
2015-04-09,51.3
2015-04-10,51.9
2015-04-16,52.6
2015-04-17,51.2
2015-04-20,50.35
2015-04-21,51.2
2015-04-22,51.75
2015-04-23,51.25
2015-04-24,51.5
2015-04-27,51.75
2015-04-28,50.9
2015-04-29,50.75
2015-04-30,52.75
2015-05-04,54.0
2015-05-06,54.6
2015-05-07,54.35
2015-05-08,54.1
2015-05-11,54.15
2015-05-12,53.35
2015-05-13,53.85
2015-05-14,54.35
2015-05-15,54.35
2015-05-18,54.1
2015-05-19,54.6
2015-05-20,55.0
2015-05-21,54.65
2015-05-22,54.0
2015-05-25,53.5
2015-05-26,53.4
2015-05-27,53.3
2015-05-28,52.5
2015-05-29,52.35
2015-06-02,52.6
2015-06-03,53.0
2015-06-04,52.85
2015-06-05,53.2
2015-06-08,53.2
2015-06-09,52.8
2015-06-10,52.9
2015-06-11,53.0
2015-06-12,52.7
2015-06-15,51.5
2015-06-16,51.2
2015-06-17,52.25
2015-06-18,53.0
2015-06-19,53.9
2015-06-22,55.1
2015-06-23,55.15
2015-06-24,55.0
2015-06-25,54.5
2015-06-26,54.25
2015-06-29,54.75
2015-06-30,55.25
2015-07-02,54.35
2015-07-03,53.0
2015-07-06,51.5
2015-07-07,50.7
2015-07-08,51.4
2015-07-09,52.0
2015-07-10,52.0
2015-07-13,52.6
2015-07-14,53.1
2015-07-15,52.75
2015-07-16,51.0
2015-07-17,49.65
2015-07-20,48.9
2015-07-21,49.5
2015-07-22,50.4
2015-07-23,52.15
2015-07-24,52.9
2015-07-27,51.65
2015-07-28,51.25
2015-07-29,52.1
2015-07-31,53.0
2015-08-03,53.4
2015-08-04,53.5
2015-08-05,53.5
2015-08-06,52.75
2015-08-07,52.0
2015-08-10,51.9
2015-08-11,52.25
2015-08-13,51.65
2015-08-14,51.75
2015-08-17,53.4
2015-08-18,52.5
2015-08-19,52.1
2015-08-20,53.0
2015-08-21,52.7
2015-08-24,51.75
2015-08-25,51.5
2015-08-26,51.4
2015-08-27,51.65
2015-08-28,51.9
2015-08-31,52.1
2015-09-01,52.2
2015-09-02,51.4
2015-09-03,51.75
2015-09-04,51.8
2015-09-07,52.25
2015-09-08,53.35
2015-09-09,56.35
2015-09-10,57.5
2015-09-11,56.35
2015-09-14,55.15
2015-09-15,54.5
2015-09-16,55.8
2015-09-17,57.0
2015-09-18,57.1
2015-09-21,56.9
2015-09-22,56.6
2015-09-23,55.25
2015-09-24,55.35
2015-09-25,55.65
2015-09-28,56.4
2015-09-29,55.4
2015-09-30,55.6
2015-10-01,55.5
2015-10-02,55.5
2015-10-05,56.35
2015-10-06,57.15
2015-10-07,57.35
2015-10-08,57.5
2015-10-09,59.75
2015-10-12,60.6
2015-10-13,59.5
2015-10-14,59.9
2015-10-15,61.2
2015-10-16,63.4
2015-10-19,63.65
2015-10-20,62.15
2015-10-21,62.0
2015-10-22,62.65
2015-10-26,62.25
2015-10-27,61.5
2015-10-28,61.4
2015-10-29,61.3
2015-10-30,61.3
2015-11-02,62.2
2015-11-03,62.4
2015-11-04,62.1
2015-11-05,61.25
2015-11-06,60.85
2015-11-09,61.75
2015-11-10,62.0
2015-11-11,63.3
2015-11-12,64.0
2015-11-13,63.5
2015-11-16,63.25
2015-11-17,64.1
2015-11-18,63.9
2015-11-19,64.5
2015-11-20,64.9
2015-11-23,64.75
2015-11-24,63.75
2015-11-25,63.4
2015-11-26,63.1
2015-11-27,62.3
2015-11-30,63.5
2015-12-01,63.4
2015-12-02,62.6
2015-12-03,61.6
2015-12-04,60.7
2015-12-08,61.5
2015-12-09,61.35
2015-12-11,61.0
2015-12-14,61.0
2015-12-15,61.25
2015-12-16,61.4
2015-12-17,62.65
2015-12-18,62.4
2015-12-21,61.5
2015-12-22,62.25
2015-12-23,62.85
2015-12-24,64.1
2015-12-25,64.25
2015-12-28,66.5
2015-12-29,67.75
2015-12-30,69.5
2016-01-04,68.6
2016-01-05,67.4
2016-01-06,67.75
2016-01-07,67.25
2016-01-08,68.25
2016-01-11,68.65
2016-01-12,71.4
2016-01-13,73.25
2016-01-14,72.15
2016-01-15,73.9
2016-01-18,75.0
2016-01-19,75.85
2016-01-20,75.4
2016-01-21,75.25
2016-01-22,77.35
2016-01-25,79.25
2016-01-26,78.5
2016-01-27,78.0
2016-01-28,77.65
2016-01-29,76.85
2016-02-01,75.65
2016-02-02,76.15
2016-02-03,76.5
2016-02-04,77.7
2016-02-05,77.6
2016-02-08,77.9
2016-02-09,77.9
2016-02-10,77.4
2016-02-11,75.85
2016-02-12,73.75
2016-02-15,73.2
2016-02-16,73.35
2016-02-17,74.75
2016-02-18,75.6
2016-02-19,75.5
2016-02-23,76.35
2016-02-24,77.65
2016-02-25,77.75
2016-02-26,79.0
2016-02-29,82.5
2016-03-01,84.9
2016-03-02,84.9
2016-03-03,84.0
2016-03-04,81.0
2016-03-07,80.15
2016-03-08,79.4
2016-03-09,78.7
2016-03-10,80.6
2016-03-11,80.4
2016-03-14,79.75
2016-03-15,79.1
2016-03-16,80.35
2016-03-17,79.35
2016-03-18,79.0
2016-03-21,79.65
2016-03-22,79.9
2016-03-23,80.6
2016-03-24,81.5
2016-03-25,80.4
2016-03-28,79.75
2016-03-29,78.6
2016-03-30,79.7
2016-03-31,79.0
2016-04-01,78.25
2016-04-04,77.0
2016-04-05,75.85
2016-04-07,75.65
2016-04-08,74.75
2016-04-11,76.25
2016-04-12,77.0
2016-04-18,77.1
2016-04-19,76.2
2016-04-20,74.75
2016-04-21,74.85
2016-04-22,73.25
2016-04-25,73.85
2016-04-26,76.9
2016-04-27,79.0
2016-04-28,78.5
2016-04-29,78.15
2016-05-03,78.75
2016-05-04,78.6
2016-05-09,77.6
2016-05-10,77.6
2016-05-11,78.5
2016-05-12,78.6
2016-05-13,77.5
2016-05-16,77.15
2016-05-17,77.8
2016-05-18,77.35
2016-05-19,77.5
2016-05-23,77.25
2016-05-24,77.1
2016-05-25,78.75
2016-05-26,80.65
2016-05-27,81.0
2016-05-30,80.75
2016-05-31,81.1
2016-06-01,81.35
2016-06-02,82.25
2016-06-03,84.6
2016-06-06,85.75
2016-06-07,85.1
2016-06-08,83.65
2016-06-09,82.6
2016-06-10,82.75
2016-06-13,81.5
2016-06-14,81.85
2016-06-15,83.1
2016-06-16,82.5
2016-06-17,82.35
2016-06-20,82.85
2016-06-21,83.65
2016-06-22,83.5
2016-06-23,84.15
2016-06-24,82.6
2016-06-27,81.0
2016-06-28,83.15
2016-06-29,84.5
2016-06-30,83.35
2016-07-04,83.6
2016-07-05,84.0
2016-07-06,83.75
2016-07-07,84.9
2016-07-08,84.9
2016-07-11,84.6
2016-07-12,83.9
2016-07-13,84.65
2016-07-14,85.65
2016-07-15,87.7
2016-07-20,91.35
2016-07-21,91.25
2016-07-22,91.1
2016-07-25,92.4
2016-07-26,93.9
2016-07-27,96.85
2016-07-28,97.75
2016-07-29,97.6
2016-08-01,99.5
2016-08-02,98.65
2016-08-03,97.5
2016-08-04,98.15
2016-08-05,99.0
2016-08-08,102.5
2016-08-09,103.75
2016-08-10,101.0
2016-08-11,99.4
2016-08-15,97.9
2016-08-16,96.9
2016-08-17,98.0
2016-08-18,98.8
2016-08-19,97.4
2016-08-22,96.25
2016-08-23,95.6
2016-08-24,95.85
2016-08-25,97.65
2016-08-26,98.5
2016-08-29,97.65
2016-08-30,97.9
2016-08-31,97.65
2016-09-01,96.85
2016-09-02,95.15
2016-09-05,94.1
2016-09-06,94.4
2016-09-07,95.75
2016-09-08,93.65
2016-09-09,90.25
2016-09-12,90.5
2016-09-13,93.9
2016-09-14,95.35
2016-09-15,95.6
2016-09-16,97.75
2016-09-19,100.1
2016-09-20,99.1
2016-09-21,99.8
2016-09-22,100.0
2016-09-23,100.75
2016-09-26,102.0
2016-09-27,103.0
2016-09-28,101.75
2016-09-29,103.25
2016-09-30,104.75
2016-10-03,108.5
2016-10-04,109.25
2016-10-05,107.75
2016-10-06,106.25
2016-10-07,106.75
2016-10-10,102.0
2016-10-11,104.25
2016-10-12,103.0
2016-10-13,101.5
2016-10-14,106.75
2016-10-17,108.25
2016-10-18,109.0
2016-10-19,111.75
2016-10-20,115.5
2016-10-21,115.25
2016-10-25,114.25
2016-10-26,113.25
2016-10-27,112.0
2016-10-28,110.75
2016-10-31,110.5
2016-11-01,113.25
2016-11-02,112.0
2016-11-03,111.5
2016-11-04,111.0
2016-11-07,111.5
2016-11-08,112.0
2016-11-09,110.5
2016-11-10,111.5
2016-11-11,110.5
2016-11-14,106.75
2016-11-15,110.25
2016-11-16,113.25
2016-11-17,115.5
2016-11-18,116.5
2016-11-21,117.0
2016-11-22,119.0
2016-11-23,122.25
2016-11-24,122.25
2016-11-25,123.0
2016-11-28,124.75
2016-11-29,124.75
2016-11-30,121.75
2016-12-01,121.5
2016-12-02,120.75
2016-12-06,122.25
2016-12-07,126.0
2016-12-08,127.75
2016-12-09,128.25
2016-12-13,125.75
2016-12-14,123.0
2016-12-15,122.0
2016-12-16,122.5
2016-12-19,122.25
2016-12-20,122.25
2016-12-21,121.5
2016-12-22,119.75
2016-12-23,118.25
2016-12-26,117.5
2016-12-27,120.5
2016-12-28,121.75
2016-12-29,122.5
2016-12-30,122.5
2017-01-04,123.0
2017-01-05,123.25
2017-01-06,121.5
2017-01-09,120.75
2017-01-10,122.75
2017-01-11,124.75
2017-01-12,123.25
2017-01-16,121.75
2017-01-17,121.25
2017-01-18,119.25
2017-01-19,117.25
2017-01-20,117.25
2017-01-23,120.5
2017-01-24,122.5
2017-01-25,120.5
2017-01-26,116.75
2017-01-27,112.25
2017-01-30,109.5
2017-01-31,108.5
2017-02-01,106.5
2017-02-02,102.0
2017-02-03,105.0
2017-02-06,107.5
2017-02-07,105.0
2017-02-08,102.0
2017-02-09,99.0
2017-02-10,100.1
2017-02-14,100.5
2017-02-15,101.25
2017-02-16,102.75
2017-02-17,103.0
2017-02-20,102.5
2017-02-21,101.25
2017-02-22,100.15
2017-02-23,100.0
2017-02-24,100.5
2017-02-27,100.75
2017-02-28,99.6
2017-03-01,97.7
2017-03-02,96.75
2017-03-03,97.8
2017-03-06,97.3
2017-03-07,96.4
2017-03-08,96.35
2017-03-09,98.75
2017-03-10,103.25
2017-03-13,103.25
2017-03-14,105.0
2017-03-15,106.0
2017-03-16,105.5
2017-03-17,106.25
2017-03-20,106.25
2017-03-21,106.25
2017-03-22,106.25
2017-03-23,105.75
2017-03-24,104.5
2017-03-27,104.25
2017-03-28,105.75
2017-03-29,106.0
2017-03-30,106.75
2017-03-31,105.25
2017-04-03,104.75
2017-04-04,104.5
2017-04-05,105.75
2017-04-07,105.75
2017-04-10,104.75
2017-04-11,104.5
2017-04-12,103.0
2017-04-17,100.5
2017-04-18,99.5
2017-04-19,101.0
2017-04-20,103.5
2017-04-21,101.75
2017-04-24,101.5
2017-04-25,103.0
2017-04-26,103.5
2017-04-27,104.25
2017-04-28,106.25
2017-05-02,107.75
2017-05-03,111.75
2017-05-04,113.0
2017-05-08,112.75
2017-05-09,111.75
2017-05-11,111.0
2017-05-12,108.0
2017-05-15,104.5
2017-05-16,103.75
2017-05-17,103.0
2017-05-18,102.5
2017-05-19,102.75
2017-05-22,102.75
2017-05-23,102.5
2017-05-24,104.75
2017-05-25,107.25
2017-05-26,107.0
2017-05-29,106.5
2017-05-30,107.75
2017-05-31,108.75
2017-06-01,107.25
2017-06-02,106.25
2017-06-05,105.5
2017-06-06,106.0
2017-06-07,107.0
2017-06-08,107.5
2017-06-09,107.5
2017-06-12,106.25
2017-06-13,106.0
2017-06-14,108.0
2017-06-15,108.75
2017-06-16,109.75
2017-06-19,110.75
2017-06-20,110.75
2017-06-21,111.5
2017-06-22,111.5
2017-06-23,109.75
2017-06-26,110.0
2017-06-27,111.0
2017-06-28,110.0
2017-06-29,109.25
2017-06-30,108.75
2017-07-03,108.5
2017-07-04,107.25
2017-07-05,105.5
2017-07-06,104.5
2017-07-07,105.25
2017-07-11,106.0
2017-07-12,107.0
2017-07-13,106.0
2017-07-14,104.75
2017-07-17,104.25
2017-07-18,102.0
2017-07-19,101.0
2017-07-20,100.1
2017-07-21,99.4
2017-07-24,96.35
2017-07-25,91.65
2017-07-26,90.0
2017-07-27,89.2
2017-07-31,87.85
2017-08-01,87.5
2017-08-02,88.5
2017-08-03,87.35
2017-08-04,84.4
2017-08-07,81.75
2017-08-08,82.6
2017-08-09,84.0
2017-08-10,84.5
2017-08-11,86.35
2017-08-15,87.85
2017-08-16,88.65
2017-08-17,88.5
2017-08-18,87.4
2017-08-21,87.4
2017-08-22,87.4
2017-08-23,86.65
2017-08-24,87.1
2017-08-25,87.0
2017-08-28,86.75
2017-08-29,87.35
2017-08-30,87.7
2017-08-31,87.5
2017-09-01,87.6
2017-09-04,87.1
2017-09-05,86.6
2017-09-06,86.1
2017-09-07,85.25
2017-09-08,84.8
2017-09-11,86.0
2017-09-12,87.85
2017-09-13,88.65
2017-09-14,91.0
2017-09-15,92.0
2017-09-18,93.85
2017-09-19,94.35
2017-09-20,93.15
2017-09-21,93.5
2017-09-22,94.0
2017-09-25,96.25
2017-09-26,98.1
2017-09-27,100.5
2017-09-28,102.25
2017-09-29,101.0
2017-10-02,101.0
2017-10-03,102.75
2017-10-04,102.0
2017-10-05,102.75
2017-10-06,102.75
2017-10-09,101.25
2017-10-10,99.5
2017-10-11,100.75
2017-10-12,99.9
2017-10-16,97.2
2017-10-17,95.7
2017-10-18,94.35
2017-10-19,94.85
2017-10-20,94.7
2017-10-24,94.6
2017-10-25,95.5
2017-10-27,96.75
2017-10-30,99.5
2017-10-31,100.5
2017-11-01,99.6
2017-11-02,97.85
2017-11-03,97.2
2017-11-06,97.7
2017-11-07,98.15
2017-11-08,91.75
2017-11-09,87.5
2017-11-10,84.4
2017-11-13,84.5
2017-11-14,84.9
2017-11-15,84.15
2017-11-16,82.85
2017-11-17,84.3
2017-11-20,85.15
2017-11-21,84.5
2017-11-22,84.5
2017-11-23,84.35
2017-11-24,84.1
2017-11-27,83.6
2017-11-28,83.5
2017-11-29,83.3
2017-11-30,82.85
2017-12-01,83.0
2017-12-04,82.75
2017-12-06,83.25
2017-12-07,84.5
2017-12-08,86.1
2017-12-12,86.25
2017-12-13,87.15
2017-12-14,86.15
2017-12-15,84.5
2017-12-18,84.65
2017-12-19,85.15
2017-12-20,85.1
2017-12-21,85.65
2017-12-22,85.8
2017-12-25,85.3
2017-12-26,85.25
2017-12-27,84.5
2017-12-28,82.9
2017-12-29,82.4
