Date,KTB
2008-01-02,9.45
2008-01-03,9.3
2008-01-04,9.15
2008-01-07,8.850000000000001
2008-01-08,8.8
2008-01-09,8.75
2008-01-10,8.75
2008-01-11,8.75
2008-01-14,8.649999999999999
2008-01-15,8.5
2008-01-16,8.2
2008-01-17,8.4
2008-01-18,8.350000000000001
2008-01-21,8.35
2008-01-22,7.800000000000001
2008-01-23,7.800000000000001
2008-01-24,7.75
2008-01-25,7.9
2008-01-28,7.85
2008-01-29,7.9
2008-01-30,8.2
2008-01-31,8.55
2008-02-01,9.100000000000001
2008-02-04,9.6
2008-02-05,9.5
2008-02-06,9.149999999999999
2008-02-07,9.399999999999999
2008-02-08,9.7
2008-02-11,9.7
2008-02-12,9.7
2008-02-13,9.95
2008-02-14,10.149999999999999
2008-02-15,9.95
2008-02-18,9.95
2008-02-19,9.95
2008-02-20,9.75
2008-02-22,9.7
2008-02-25,9.850000000000001
2008-02-26,9.8
2008-02-27,9.649999999999999
2008-02-28,9.7
2008-02-29,9.899999999999999
2008-03-03,10.0
2008-03-04,9.899999999999999
2008-03-05,9.85
2008-03-06,10.0
2008-03-07,9.8
2008-03-10,9.55
2008-03-11,9.65
2008-03-12,9.95
2008-03-13,9.65
2008-03-14,9.6
2008-03-17,9.4
2008-03-18,9.45
2008-03-19,9.5
2008-03-20,9.3
2008-03-21,9.45
2008-03-24,9.5
2008-03-25,9.5
2008-03-26,9.5
2008-03-27,9.45
2008-03-28,9.55
2008-03-31,9.55
2008-04-01,9.55
2008-04-02,9.75
2008-04-03,9.95
2008-04-04,10.149999999999999
2008-04-08,10.149999999999999
2008-04-09,10.1
2008-04-10,10.0
2008-04-11,9.95
2008-04-16,10.1
2008-04-17,10.3
2008-04-18,10.3
2008-04-21,10.3
2008-04-22,10.2
2008-04-23,9.9
2008-04-24,9.850000000000001
2008-04-25,9.850000000000001
2008-04-28,9.850000000000001
2008-04-29,9.850000000000001
2008-04-30,9.649999999999999
2008-05-02,9.8
2008-05-06,9.7
2008-05-07,9.45
2008-05-08,9.4
2008-05-09,9.350000000000001
2008-05-12,9.25
2008-05-13,9.3
2008-05-14,9.4
2008-05-15,9.350000000000001
2008-05-16,9.25
2008-05-20,9.05
2008-05-21,9.0
2008-05-22,8.95
2008-05-23,9.05
2008-05-26,9.0
2008-05-27,8.95
2008-05-28,8.8
2008-05-29,8.5
2008-05-30,8.4
2008-06-02,8.45
2008-06-03,8.45
2008-06-04,8.45
2008-06-05,8.5
2008-06-06,8.55
2008-06-09,8.3
2008-06-10,8.2
2008-06-11,8.1
2008-06-12,8.05
2008-06-13,8.05
2008-06-16,8.149999999999999
2008-06-17,8.149999999999999
2008-06-18,8.0
2008-06-19,7.95
2008-06-20,7.9
2008-06-23,7.95
2008-06-24,7.95
2008-06-25,8.05
2008-06-26,8.2
2008-06-27,8.05
2008-06-30,8.0
2008-07-02,7.85
2008-07-03,7.7
2008-07-04,7.65
2008-07-07,7.55
2008-07-08,7.55
2008-07-09,7.55
2008-07-10,7.55
2008-07-11,7.65
2008-07-14,7.55
2008-07-15,7.4
2008-07-16,7.199999999999999
2008-07-18,7.1
2008-07-21,7.25
2008-07-22,7.15
2008-07-23,7.2
2008-07-24,7.15
2008-07-25,7.05
2008-07-28,7.05
2008-07-29,6.9
2008-07-30,7.0
2008-07-31,6.9
2008-08-01,6.800000000000001
2008-08-04,6.9
2008-08-05,6.95
2008-08-06,7.1
2008-08-07,7.1
2008-08-08,7.1
2008-08-11,7.4
2008-08-13,7.45
2008-08-14,7.699999999999999
2008-08-15,7.85
2008-08-18,7.699999999999999
2008-08-19,7.35
2008-08-20,7.3
2008-08-21,7.15
2008-08-22,7.199999999999999
2008-08-25,7.25
2008-08-26,7.05
2008-08-27,7.05
2008-08-28,7.1
2008-08-29,7.15
2008-09-01,7.05
2008-09-02,6.85
2008-09-03,6.75
2008-09-04,6.75
2008-09-05,6.7
2008-09-08,6.8
2008-09-09,6.85
2008-09-10,6.85
2008-09-11,6.75
2008-09-12,6.8
2008-09-15,6.75
2008-09-16,6.45
2008-09-17,6.449999999999999
2008-09-18,6.1
2008-09-19,6.4
2008-09-22,6.25
2008-09-23,5.95
2008-09-24,6.15
2008-09-25,6.3
2008-09-26,6.05
2008-09-29,5.9
2008-09-30,5.6
2008-10-01,5.75
2008-10-02,5.75
2008-10-03,5.6
2008-10-06,5.35
2008-10-07,4.95
2008-10-08,4.5
2008-10-09,4.45
2008-10-10,4.199999999999999
2008-10-13,4.55
2008-10-14,5.15
2008-10-15,4.75
2008-10-16,4.55
2008-10-17,4.55
2008-10-20,4.55
2008-10-21,4.449999999999999
2008-10-22,4.25
2008-10-24,4.0
2008-10-27,3.5
2008-10-28,3.5
2008-10-29,3.65
2008-10-30,3.6500000000000004
2008-10-31,3.7
2008-11-03,3.8
2008-11-04,3.8
2008-11-05,3.8
2008-11-06,3.6
2008-11-07,3.6500000000000004
2008-11-10,3.7
2008-11-11,3.55
2008-11-12,3.5
2008-11-13,3.4
2008-11-14,3.45
2008-11-17,3.4
2008-11-18,3.3499999999999996
2008-11-19,3.25
2008-11-20,3.1500000000000004
2008-11-21,3.05
2008-11-24,3.0
2008-11-25,3.0
2008-11-26,3.05
2008-11-27,3.0
2008-11-28,3.05
2008-12-01,3.05
2008-12-02,3.0
2008-12-03,3.1
2008-12-04,3.1
2008-12-08,3.1
2008-12-09,3.3499999999999996
2008-12-11,3.4
2008-12-12,3.3
2008-12-15,3.4
2008-12-16,3.45
2008-12-17,3.45
2008-12-18,3.45
2008-12-19,3.5
2008-12-22,3.5
2008-12-23,3.55
2008-12-24,3.7
2008-12-25,3.7
2008-12-26,3.7
2008-12-29,3.6500000000000004
2008-12-30,3.6500000000000004
2009-01-02,3.6
2009-01-05,3.7
2009-01-06,3.9
2009-01-07,3.95
2009-01-08,3.9
2009-01-09,4.0
2009-01-12,4.0
2009-01-13,3.9
2009-01-14,3.8499999999999996
2009-01-15,3.6500000000000004
2009-01-16,3.6500000000000004
2009-01-19,3.7
2009-01-20,3.6
2009-01-21,3.75
2009-01-22,3.8
2009-01-23,3.75
2009-01-26,3.75
2009-01-27,3.8499999999999996
2009-01-28,3.9
2009-01-29,3.85
2009-01-30,3.7
2009-02-02,3.75
2009-02-03,3.75
2009-02-04,3.8
2009-02-05,3.8
2009-02-06,3.8
2009-02-10,3.8
2009-02-11,3.8
2009-02-12,3.8
2009-02-13,3.8
2009-02-16,3.8
2009-02-17,3.8
2009-02-18,3.8
2009-02-19,3.8
2009-02-20,3.8
2009-02-23,3.8
2009-02-24,3.8
2009-02-25,3.8499999999999996
2009-02-26,3.9
2009-02-27,3.9
2009-03-02,3.8499999999999996
2009-03-03,3.8
2009-03-04,3.8
2009-03-05,3.8499999999999996
2009-03-06,3.9
2009-03-09,3.8499999999999996
2009-03-10,3.9
2009-03-11,3.9
2009-03-12,3.9
2009-03-13,4.05
2009-03-16,4.1
2009-03-17,4.1
2009-03-18,4.15
2009-03-19,4.1
2009-03-20,4.15
2009-03-23,4.2
2009-03-24,4.3
2009-03-25,4.2
2009-03-26,4.2
2009-03-27,4.3
2009-03-30,4.2
2009-03-31,4.25
2009-04-01,4.3
2009-04-02,4.35
2009-04-03,4.5
2009-04-07,4.65
2009-04-08,4.75
2009-04-09,4.8
2009-04-10,4.95
2009-04-16,5.05
2009-04-17,5.15
2009-04-20,5.300000000000001
2009-04-21,5.300000000000001
2009-04-22,5.4
2009-04-23,5.0
2009-04-24,5.05
2009-04-27,4.95
2009-04-28,5.0
2009-04-29,5.0
2009-04-30,5.05
2009-05-04,5.1
2009-05-06,5.35
2009-05-07,5.65
2009-05-11,5.95
2009-05-12,6.4
2009-05-13,6.65
2009-05-14,6.4
2009-05-15,6.5
2009-05-18,6.45
2009-05-19,6.65
2009-05-20,6.7
2009-05-21,6.6
2009-05-22,6.55
2009-05-25,6.55
2009-05-26,6.65
2009-05-27,6.7
2009-05-28,6.7
2009-05-29,6.8
2009-06-01,6.95
2009-06-02,7.199999999999999
2009-06-03,7.65
2009-06-04,7.8
2009-06-05,7.8
2009-06-08,7.6
2009-06-09,7.65
2009-06-10,7.800000000000001
2009-06-11,7.85
2009-06-12,7.95
2009-06-15,7.800000000000001
2009-06-16,7.55
2009-06-17,7.45
2009-06-18,7.45
2009-06-19,7.6
2009-06-22,7.7
2009-06-23,7.5
2009-06-24,7.699999999999999
2009-06-25,7.85
2009-06-26,7.9
2009-06-29,8.05
2009-06-30,8.25
2009-07-02,8.25
2009-07-03,8.149999999999999
2009-07-06,8.1
2009-07-08,8.149999999999999
2009-07-09,8.1
2009-07-10,7.95
2009-07-13,7.699999999999999
2009-07-14,7.7
2009-07-15,7.75
2009-07-16,7.800000000000001
2009-07-17,7.9
2009-07-20,8.1
2009-07-21,7.95
2009-07-22,7.85
2009-07-23,7.95
2009-07-24,8.0
2009-07-27,7.95
2009-07-28,8.0
2009-07-29,7.9
2009-07-30,7.9
2009-07-31,7.95
2009-08-03,7.95
2009-08-04,8.05
2009-08-05,8.1
2009-08-06,8.0
2009-08-07,7.95
2009-08-10,7.95
2009-08-11,8.05
2009-08-13,8.2
2009-08-14,8.3
2009-08-17,8.0
2009-08-18,8.0
2009-08-19,7.95
2009-08-20,8.0
2009-08-21,7.95
2009-08-24,7.95
2009-08-25,7.9
2009-08-26,7.95
2009-08-27,7.9
2009-08-28,7.9
2009-08-31,8.0
2009-09-01,8.0
2009-09-02,7.9
2009-09-03,8.15
2009-09-04,8.5
2009-09-07,8.6
2009-09-08,8.55
2009-09-09,8.5
2009-09-10,8.5
2009-09-11,8.5
2009-09-14,8.5
2009-09-15,8.649999999999999
2009-09-16,8.75
2009-09-17,8.75
2009-09-18,8.649999999999999
2009-09-21,8.6
2009-09-22,8.649999999999999
2009-09-23,8.7
2009-09-24,8.6
2009-09-25,8.6
2009-09-28,8.45
2009-09-29,8.55
2009-09-30,8.5
2009-10-01,8.649999999999999
2009-10-02,8.75
2009-10-05,8.75
2009-10-06,8.95
2009-10-07,9.4
2009-10-08,9.45
2009-10-09,9.4
2009-10-12,9.5
2009-10-13,9.5
2009-10-14,9.25
2009-10-15,8.85
2009-10-16,8.75
2009-10-19,8.9
2009-10-20,9.05
2009-10-21,8.85
2009-10-22,8.6
2009-10-26,8.649999999999999
2009-10-27,8.6
2009-10-28,8.6
2009-10-29,8.45
2009-10-30,8.4
2009-11-02,8.2
2009-11-03,8.149999999999999
2009-11-04,8.3
2009-11-05,8.3
2009-11-06,8.45
2009-11-09,8.6
2009-11-10,8.899999999999999
2009-11-11,9.3
2009-11-12,9.25
2009-11-13,9.05
2009-11-16,9.149999999999999
2009-11-17,9.149999999999999
2009-11-18,8.95
2009-11-19,8.7
2009-11-20,8.649999999999999
2009-11-23,8.7
2009-11-24,8.6
2009-11-25,8.649999999999999
2009-11-26,8.6
2009-11-27,8.5
2009-11-30,8.6
2009-12-01,8.899999999999999
2009-12-02,8.95
2009-12-03,9.15
2009-12-04,9.3
2009-12-08,9.4
2009-12-09,9.2
2009-12-11,9.25
2009-12-14,9.350000000000001
2009-12-15,9.3
2009-12-16,9.3
2009-12-17,9.3
2009-12-18,9.3
2009-12-21,9.25
2009-12-22,9.3
2009-12-23,9.4
2009-12-24,9.350000000000001
2009-12-25,9.3
2009-12-28,9.350000000000001
2009-12-29,9.350000000000001
2009-12-30,9.350000000000001
2010-01-04,9.3
2010-01-05,9.4
2010-01-06,9.45
2010-01-07,9.649999999999999
2010-01-08,9.8
2010-01-11,9.8
2010-01-12,9.75
2010-01-13,9.7
2010-01-14,9.8
2010-01-15,9.75
2010-01-18,9.8
2010-01-19,9.7
2010-01-20,9.45
2010-01-21,9.350000000000001
2010-01-22,9.2
2010-01-25,9.1
2010-01-26,9.149999999999999
2010-01-27,9.1
2010-01-28,9.0
2010-01-29,8.95
2010-02-01,9.1
2010-02-02,9.149999999999999
2010-02-03,9.149999999999999
2010-02-04,9.149999999999999
2010-02-05,8.9
2010-02-08,8.8
2010-02-09,8.7
2010-02-10,8.7
2010-02-11,8.8
2010-02-12,8.95
2010-02-15,8.8
2010-02-16,8.75
2010-02-17,8.8
2010-02-18,8.850000000000001
2010-02-19,8.9
2010-02-22,9.05
2010-02-23,9.2
2010-02-24,9.25
2010-02-25,9.2
2010-02-26,9.350000000000001
2010-03-02,9.5
2010-03-03,9.649999999999999
2010-03-04,9.5
2010-03-05,9.45
2010-03-08,9.45
2010-03-09,9.4
2010-03-10,9.5
2010-03-11,9.55
2010-03-12,9.7
2010-03-15,9.85
2010-03-16,10.15
2010-03-17,10.3
2010-03-18,10.25
2010-03-19,10.350000000000001
2010-03-22,10.45
2010-03-23,10.9
2010-03-24,11.0
2010-03-25,10.850000000000001
2010-03-26,10.9
2010-03-29,10.8
2010-03-30,10.85
2010-03-31,11.35
2010-04-01,11.7
2010-04-02,11.8
2010-04-05,11.85
2010-04-07,12.45
2010-04-08,12.6
2010-04-09,12.75
2010-04-12,12.3
2010-04-16,11.9
2010-04-19,11.149999999999999
2010-04-20,11.85
2010-04-21,11.95
2010-04-22,11.6
2010-04-23,11.4
2010-04-26,11.8
2010-04-27,11.850000000000001
2010-04-28,11.6
2010-04-29,11.55
2010-04-30,11.6
2010-05-04,11.85
2010-05-06,11.95
2010-05-07,11.45
2010-05-10,11.6
2010-05-11,11.600000000000001
2010-05-12,11.5
2010-05-13,11.4
2010-05-14,11.25
2010-05-17,11.0
2010-05-18,11.149999999999999
2010-05-19,11.2
2010-05-20,11.4
2010-05-21,11.4
2010-05-24,11.15
2010-05-25,10.5
2010-05-26,10.4
2010-05-27,10.350000000000001
2010-05-31,10.8
2010-06-01,11.1
2010-06-02,11.0
2010-06-03,11.5
2010-06-04,11.75
2010-06-07,11.45
2010-06-08,11.4
2010-06-09,11.65
2010-06-10,11.850000000000001
2010-06-11,11.850000000000001
2010-06-14,11.9
2010-06-15,12.05
2010-06-16,12.2
2010-06-17,12.05
2010-06-18,12.1
2010-06-21,12.4
2010-06-22,12.45
2010-06-23,12.4
2010-06-24,12.15
2010-06-25,11.9
2010-06-28,12.0
2010-06-29,11.95
2010-06-30,11.850000000000001
2010-07-02,12.0
2010-07-05,12.0
2010-07-06,12.2
2010-07-07,12.25
2010-07-08,12.4
2010-07-09,12.5
2010-07-12,12.45
2010-07-13,12.25
2010-07-14,12.25
2010-07-15,12.05
2010-07-16,12.0
2010-07-19,11.95
2010-07-20,12.0
2010-07-21,12.0
2010-07-22,12.1
2010-07-23,12.350000000000001
2010-07-27,12.5
2010-07-28,12.65
2010-07-29,12.4
2010-07-30,12.25
2010-08-02,12.25
2010-08-03,12.25
2010-08-04,12.25
2010-08-05,12.4
2010-08-06,12.4
2010-08-09,12.4
2010-08-10,12.15
2010-08-11,11.95
2010-08-16,11.850000000000001
2010-08-17,11.8
2010-08-18,11.9
2010-08-19,12.149999999999999
2010-08-20,12.1
2010-08-23,12.05
2010-08-24,11.95
2010-08-25,11.9
2010-08-26,11.95
2010-08-27,12.0
2010-08-30,12.350000000000001
2010-08-31,13.0
2010-09-01,13.75
2010-09-02,13.95
2010-09-03,13.95
2010-09-06,13.7
2010-09-07,14.3
2010-09-08,14.25
2010-09-09,14.35
2010-09-10,13.9
2010-09-13,14.15
2010-09-14,14.2
2010-09-15,13.8
2010-09-16,13.9
2010-09-17,14.05
2010-09-20,14.2
2010-09-21,14.5
2010-09-22,14.649999999999999
2010-09-23,14.75
2010-09-24,14.95
2010-09-27,15.2
2010-09-28,15.25
2010-09-29,15.35
2010-09-30,15.75
2010-10-01,16.2
2010-10-04,16.2
2010-10-05,16.05
2010-10-06,16.2
2010-10-07,16.0
2010-10-08,16.05
2010-10-11,16.1
2010-10-12,16.05
2010-10-13,16.299999999999997
2010-10-14,16.6
2010-10-15,16.7
2010-10-18,16.35
2010-10-19,16.2
2010-10-20,16.05
2010-10-21,16.25
2010-10-22,16.2
2010-10-26,16.25
2010-10-27,16.15
2010-10-28,16.15
2010-10-29,15.95
2010-11-01,16.05
2010-11-02,16.15
2010-11-03,16.299999999999997
2010-11-04,16.549999999999997
2010-11-05,16.9
2010-11-08,16.9
2010-11-09,16.799999999999997
2010-11-10,16.7
2010-11-11,16.65
2010-11-12,16.1
2010-11-15,15.950000000000001
2010-11-16,15.75
2010-11-17,15.3
2010-11-18,15.55
2010-11-19,15.9
2010-11-22,15.9
2010-11-23,15.55
2010-11-24,15.45
2010-11-25,15.5
2010-11-26,15.3
2010-11-29,15.399999999999999
2010-11-30,15.35
2010-12-01,15.65
2010-12-02,16.0
2010-12-03,16.1
2010-12-07,15.85
2010-12-08,15.55
2010-12-09,15.6
2010-12-13,15.6
2010-12-14,15.8
2010-12-15,15.95
2010-12-16,16.2
2010-12-17,16.25
2010-12-20,16.05
2010-12-21,16.35
2010-12-22,16.35
2010-12-23,16.3
2010-12-24,16.25
2010-12-27,16.3
2010-12-28,16.450000000000003
2010-12-29,16.65
2010-12-30,16.5
2011-01-04,16.65
2011-01-05,16.85
2011-01-06,17.4
2011-01-07,17.35
2011-01-10,16.75
2011-01-11,16.549999999999997
2011-01-12,16.9
2011-01-13,17.3
2011-01-14,17.55
2011-01-17,17.45
2011-01-18,17.25
2011-01-19,17.5
2011-01-20,17.35
2011-01-21,16.8
2011-01-24,16.2
2011-01-25,16.0
2011-01-26,16.05
2011-01-27,16.1
2011-01-28,15.9
2011-01-31,15.2
2011-02-01,14.6
2011-02-02,14.8
2011-02-03,15.1
2011-02-04,15.1
2011-02-07,15.100000000000001
2011-02-08,15.1
2011-02-09,15.25
2011-02-10,15.2
2011-02-11,15.149999999999999
2011-02-14,15.45
2011-02-15,15.75
2011-02-16,16.0
2011-02-17,16.05
2011-02-18,15.950000000000001
2011-02-21,15.850000000000001
2011-02-22,15.45
2011-02-23,15.25
2011-02-24,14.95
2011-02-25,15.1
2011-02-28,15.3
2011-03-01,15.55
2011-03-02,15.350000000000001
2011-03-03,15.5
2011-03-04,15.8
2011-03-07,15.9
2011-03-08,16.25
2011-03-09,16.450000000000003
2011-03-10,16.25
2011-03-11,16.0
2011-03-14,16.1
2011-03-15,15.9
2011-03-16,15.9
2011-03-17,15.7
2011-03-21,16.05
2011-03-22,16.5
2011-03-23,16.7
2011-03-24,17.15
2011-03-25,17.4
2011-03-28,17.45
2011-03-29,17.299999999999997
2011-03-30,17.35
2011-03-31,17.4
2011-04-01,17.55
2011-04-04,18.05
2011-04-05,18.0
2011-04-07,17.95
2011-04-08,17.85
2011-04-11,17.75
2011-04-12,17.75
2011-04-18,18.200000000000003
2011-04-19,18.25
2011-04-20,18.5
2011-04-21,18.8
2011-04-22,19.15
2011-04-25,19.35
2011-04-26,19.1
2011-04-27,19.1
2011-04-28,18.4
2011-04-29,18.35
2011-05-03,18.2
2011-05-04,17.950000000000003
2011-05-06,17.9
2011-05-09,18.15
2011-05-10,18.4
2011-05-11,18.9
2011-05-12,18.65
2011-05-13,18.450000000000003
2011-05-18,18.200000000000003
2011-05-19,18.200000000000003
2011-05-20,18.05
2011-05-23,17.85
2011-05-24,17.85
2011-05-25,17.9
2011-05-26,17.95
2011-05-27,17.85
2011-05-30,17.95
2011-05-31,18.1
2011-06-01,17.7
2011-06-02,17.4
2011-06-03,17.4
2011-06-06,17.2
2011-06-07,16.799999999999997
2011-06-08,16.200000000000003
2011-06-09,16.1
2011-06-10,16.2
2011-06-13,16.0
2011-06-14,16.45
2011-06-15,16.7
2011-06-16,16.4
2011-06-17,16.3
2011-06-20,16.25
2011-06-21,16.450000000000003
2011-06-22,16.6
2011-06-23,16.299999999999997
2011-06-24,16.450000000000003
2011-06-27,16.5
2011-06-28,16.799999999999997
2011-06-29,17.2
2011-06-30,17.7
2011-07-04,18.75
2011-07-05,19.1
2011-07-06,18.85
2011-07-07,18.799999999999997
2011-07-08,19.05
2011-07-11,18.85
2011-07-12,18.35
2011-07-13,18.5
2011-07-14,18.6
2011-07-18,18.549999999999997
2011-07-19,18.65
2011-07-20,18.85
2011-07-21,18.700000000000003
2011-07-22,18.9
2011-07-25,19.2
2011-07-26,19.35
2011-07-27,19.35
2011-07-28,19.45
2011-07-29,19.6
2011-08-01,19.75
2011-08-02,19.450000000000003
2011-08-03,18.95
2011-08-04,18.9
2011-08-05,18.25
2011-08-08,17.95
2011-08-09,17.65
2011-08-10,18.1
2011-08-11,18.15
2011-08-15,18.75
2011-08-16,18.9
2011-08-17,19.0
2011-08-18,19.1
2011-08-19,18.5
2011-08-22,18.55
2011-08-23,18.5
2011-08-24,18.25
2011-08-25,17.799999999999997
2011-08-26,17.25
2011-08-29,17.65
2011-08-30,17.7
2011-08-31,17.85
2011-09-01,17.95
2011-09-02,17.799999999999997
2011-09-05,17.45
2011-09-06,17.5
2011-09-07,17.9
2011-09-08,17.95
2011-09-09,17.9
2011-09-12,17.299999999999997
2011-09-13,17.2
2011-09-14,16.9
2011-09-15,16.9
2011-09-16,17.200000000000003
2011-09-19,16.85
2011-09-20,16.95
2011-09-21,17.200000000000003
2011-09-22,16.7
2011-09-23,15.950000000000001
2011-09-26,15.05
2011-09-27,15.2
2011-09-28,15.05
2011-09-29,14.8
2011-09-30,14.75
2011-10-03,13.45
2011-10-04,13.0
2011-10-05,12.55
2011-10-06,13.25
2011-10-07,13.65
2011-10-10,13.45
2011-10-11,14.25
2011-10-12,14.7
2011-10-13,14.65
2011-10-14,14.600000000000001
2011-10-17,15.05
2011-10-18,14.5
2011-10-19,14.1
2011-10-20,12.9
2011-10-21,12.95
2011-10-25,13.45
2011-10-26,13.5
2011-10-27,14.100000000000001
2011-10-28,14.649999999999999
2011-10-31,14.65
2011-11-01,13.85
2011-11-02,13.7
2011-11-03,13.55
2011-11-04,13.65
2011-11-07,13.55
2011-11-08,13.8
2011-11-09,13.7
2011-11-10,13.4
2011-11-11,13.45
2011-11-14,13.55
2011-11-15,13.649999999999999
2011-11-16,13.9
2011-11-17,13.8
2011-11-18,13.55
2011-11-21,13.350000000000001
2011-11-22,13.4
2011-11-23,13.4
2011-11-24,13.350000000000001
2011-11-25,13.4
2011-11-28,13.5
2011-11-29,13.7
2011-11-30,13.75
2011-12-01,14.2
2011-12-02,14.45
2011-12-06,14.5
2011-12-07,14.85
2011-12-08,14.95
2011-12-09,14.6
2011-12-13,14.45
2011-12-14,14.15
2011-12-15,13.899999999999999
2011-12-16,14.25
2011-12-19,14.2
2011-12-20,14.25
2011-12-21,14.4
2011-12-22,14.25
2011-12-23,14.2
2011-12-26,14.25
2011-12-27,14.1
2011-12-28,14.0
2011-12-29,13.95
2011-12-30,14.05
2012-01-04,14.05
2012-01-05,13.8
2012-01-06,13.6
2012-01-09,13.8
2012-01-10,13.850000000000001
2012-01-11,13.7
2012-01-12,13.7
2012-01-13,13.7
2012-01-16,13.6
2012-01-17,13.85
2012-01-18,13.9
2012-01-19,14.0
2012-01-20,14.0
2012-01-23,14.05
2012-01-24,14.25
2012-01-25,14.15
2012-01-26,14.2
2012-01-27,14.25
2012-01-30,14.25
2012-01-31,14.4
2012-02-01,14.4
2012-02-02,14.6
2012-02-03,14.7
2012-02-06,14.75
2012-02-07,14.649999999999999
2012-02-08,14.95
2012-02-09,15.35
2012-02-10,15.5
2012-02-13,15.8
2012-02-14,15.75
2012-02-15,15.9
2012-02-16,15.8
2012-02-17,16.05
2012-02-20,16.25
2012-02-21,16.4
2012-02-22,16.299999999999997
2012-02-23,16.15
2012-02-24,16.2
2012-02-27,16.05
2012-02-28,16.05
2012-02-29,16.35
2012-03-01,16.35
2012-03-02,16.299999999999997
2012-03-05,16.2
2012-03-06,16.2
2012-03-08,16.35
2012-03-09,16.549999999999997
2012-03-12,16.6
2012-03-13,16.55
2012-03-14,16.75
2012-03-15,17.049999999999997
2012-03-16,17.25
2012-03-19,17.45
2012-03-20,17.4
2012-03-21,17.549999999999997
2012-03-22,17.549999999999997
2012-03-23,17.15
2012-03-26,16.7
2012-03-27,16.75
2012-03-28,16.7
2012-03-29,16.7
2012-03-30,16.6
2012-04-02,16.55
2012-04-03,16.65
2012-04-04,16.65
2012-04-05,16.5
2012-04-10,16.2
2012-04-11,16.0
2012-04-12,16.35
2012-04-17,16.55
2012-04-18,16.7
2012-04-19,16.299999999999997
2012-04-20,16.3
2012-04-23,16.299999999999997
2012-04-24,16.4
2012-04-25,16.55
2012-04-26,16.55
2012-04-27,16.6
2012-04-30,16.799999999999997
2012-05-02,16.85
2012-05-03,16.8
2012-05-04,16.450000000000003
2012-05-08,16.3
2012-05-09,16.05
2012-05-10,15.75
2012-05-11,15.5
2012-05-14,15.3
2012-05-15,15.5
2012-05-16,15.5
2012-05-17,15.45
2012-05-18,14.95
2012-05-21,14.65
2012-05-22,14.5
2012-05-23,14.0
2012-05-24,14.2
2012-05-25,14.35
2012-05-28,14.45
2012-05-29,14.5
2012-05-30,14.25
2012-05-31,14.1
2012-06-01,14.0
2012-06-05,13.850000000000001
2012-06-06,14.1
2012-06-07,14.2
2012-06-08,14.1
2012-06-11,14.65
2012-06-12,14.7
2012-06-13,14.7
2012-06-14,14.6
2012-06-15,14.649999999999999
2012-06-18,14.75
2012-06-19,14.649999999999999
2012-06-20,14.649999999999999
2012-06-21,14.55
2012-06-22,14.45
2012-06-25,14.45
2012-06-26,14.65
2012-06-27,14.9
2012-06-28,15.0
2012-06-29,15.1
2012-07-02,15.25
2012-07-03,15.4
2012-07-04,15.5
2012-07-05,15.4
2012-07-06,15.350000000000001
2012-07-09,15.2
2012-07-10,15.3
2012-07-11,15.1
2012-07-12,14.9
2012-07-13,14.95
2012-07-16,15.350000000000001
2012-07-17,15.4
2012-07-18,15.25
2012-07-19,15.2
2012-07-20,15.3
2012-07-23,15.05
2012-07-24,15.1
2012-07-25,15.149999999999999
2012-07-26,15.15
2012-07-27,15.149999999999999
2012-07-30,15.2
2012-07-31,15.45
2012-08-01,15.75
2012-08-03,16.1
2012-08-06,16.35
2012-08-07,16.35
2012-08-08,16.45
2012-08-09,16.3
2012-08-10,15.45
2012-08-14,15.7
2012-08-15,15.55
2012-08-16,15.6
2012-08-17,15.85
2012-08-20,15.9
2012-08-21,16.2
2012-08-22,16.6
2012-08-23,16.7
2012-08-24,16.75
2012-08-27,16.85
2012-08-28,16.7
2012-08-29,16.5
2012-08-30,16.25
2012-08-31,16.450000000000003
2012-09-03,16.700000000000003
2012-09-04,16.75
2012-09-05,16.700000000000003
2012-09-06,16.9
2012-09-07,17.15
2012-09-10,17.05
2012-09-11,16.950000000000003
2012-09-12,17.1
2012-09-13,17.15
2012-09-14,17.35
2012-09-17,17.3
2012-09-18,17.3
2012-09-19,17.799999999999997
2012-09-20,18.05
2012-09-21,18.1
2012-09-24,18.15
2012-09-25,18.4
2012-09-26,18.3
2012-09-27,18.05
2012-09-28,18.200000000000003
2012-10-01,18.35
2012-10-02,18.45
2012-10-03,18.35
2012-10-04,18.45
2012-10-05,18.6
2012-10-08,18.6
2012-10-09,18.75
2012-10-10,18.35
2012-10-11,18.45
2012-10-12,18.4
2012-10-15,18.25
2012-10-16,18.450000000000003
2012-10-17,18.75
2012-10-18,18.65
2012-10-19,19.0
2012-10-22,18.9
2012-10-24,18.65
2012-10-25,18.3
2012-10-26,18.3
2012-10-29,18.1
2012-10-30,18.200000000000003
2012-10-31,18.200000000000003
2012-11-01,18.3
2012-11-02,18.700000000000003
2012-11-05,18.6
2012-11-06,18.3
2012-11-07,18.35
2012-11-08,18.25
2012-11-09,18.35
2012-11-12,18.5
2012-11-13,18.45
2012-11-14,18.35
2012-11-15,17.95
2012-11-16,18.0
2012-11-19,18.2
2012-11-20,18.049999999999997
2012-11-21,17.85
2012-11-22,17.450000000000003
2012-11-23,17.25
2012-11-26,17.45
2012-11-27,17.700000000000003
2012-11-28,17.9
2012-11-29,18.2
2012-11-30,18.45
2012-12-03,18.4
2012-12-04,18.4
2012-12-06,18.549999999999997
2012-12-07,18.6
2012-12-11,18.65
2012-12-12,18.8
2012-12-13,18.75
2012-12-14,18.65
2012-12-17,18.700000000000003
2012-12-18,18.75
2012-12-19,19.05
2012-12-20,19.45
2012-12-21,19.5
2012-12-24,19.6
2012-12-25,19.55
2012-12-26,19.55
2012-12-27,19.55
2012-12-28,19.65
2013-01-02,19.700000000000003
2013-01-03,19.8
2013-01-04,20.05
2013-01-07,20.4
2013-01-08,20.4
2013-01-09,20.5
2013-01-10,20.45
2013-01-11,20.25
2013-01-14,20.45
2013-01-15,20.549999999999997
2013-01-16,20.55
2013-01-17,20.8
2013-01-18,20.85
2013-01-21,20.6
2013-01-22,21.0
2013-01-23,21.7
2013-01-24,22.6
2013-01-25,23.299999999999997
2013-01-28,23.65
2013-01-29,23.85
2013-01-30,23.549999999999997
2013-01-31,23.049999999999997
2013-02-01,23.450000000000003
2013-02-04,24.049999999999997
2013-02-05,23.6
2013-02-06,23.5
2013-02-07,23.4
2013-02-08,23.5
2013-02-11,23.65
2013-02-12,23.799999999999997
2013-02-13,24.5
2013-02-14,25.25
2013-02-15,25.65
2013-02-18,25.5
2013-02-19,25.25
2013-02-20,25.85
2013-02-21,25.75
2013-02-22,25.25
2013-02-26,25.25
2013-02-27,24.85
2013-02-28,25.1
2013-03-01,26.15
2013-03-04,26.6
2013-03-05,27.0
2013-03-06,27.1
2013-03-07,26.6
2013-03-08,26.35
2013-03-11,26.65
2013-03-12,26.5
2013-03-13,26.25
2013-03-14,26.1
2013-03-15,26.5
2013-03-18,26.35
2013-03-19,27.0
2013-03-20,27.1
2013-03-21,26.35
2013-03-22,25.25
2013-03-25,24.95
2013-03-26,25.0
2013-03-27,25.35
2013-03-28,24.9
2013-03-29,25.0
2013-04-01,24.95
2013-04-02,25.2
2013-04-03,25.35
2013-04-04,24.95
2013-04-05,24.9
2013-04-09,24.35
2013-04-10,24.05
2013-04-11,24.5
2013-04-12,24.450000000000003
2013-04-17,24.200000000000003
2013-04-18,24.05
2013-04-19,24.35
2013-04-22,25.15
2013-04-23,24.45
2013-04-24,24.25
2013-04-25,24.25
2013-04-26,24.5
2013-04-29,24.6
2013-04-30,24.700000000000003
2013-05-02,24.75
2013-05-03,24.65
2013-05-07,24.5
2013-05-08,24.8
2013-05-09,25.0
2013-05-10,25.0
2013-05-13,24.75
2013-05-14,24.55
2013-05-15,24.6
2013-05-16,24.35
2013-05-17,24.05
2013-05-20,24.1
2013-05-21,23.85
2013-05-22,23.25
2013-05-23,22.75
2013-05-27,22.25
2013-05-28,22.2
2013-05-29,22.35
2013-05-30,22.25
2013-05-31,22.35
2013-06-03,22.1
2013-06-04,22.0
2013-06-05,21.6
2013-06-06,20.85
2013-06-07,20.75
2013-06-10,21.0
2013-06-11,20.2
2013-06-12,19.6
2013-06-13,19.1
2013-06-14,20.1
2013-06-17,20.3
2013-06-18,20.05
2013-06-19,19.6
2013-06-20,18.65
2013-06-21,18.4
2013-06-24,18.15
2013-06-25,18.4
2013-06-26,19.1
2013-06-27,19.799999999999997
2013-06-28,20.15
2013-07-02,20.55
2013-07-03,20.5
2013-07-04,20.2
2013-07-05,20.2
2013-07-08,19.35
2013-07-09,18.5
2013-07-10,18.15
2013-07-11,19.0
2013-07-12,19.85
2013-07-15,19.7
2013-07-16,19.05
2013-07-17,18.95
2013-07-18,19.45
2013-07-19,19.6
2013-07-23,19.450000000000003
2013-07-24,19.2
2013-07-25,18.700000000000003
2013-07-26,18.5
2013-07-29,17.950000000000003
2013-07-30,17.9
2013-07-31,17.799999999999997
2013-08-01,18.05
2013-08-02,17.95
2013-08-05,17.6
2013-08-06,17.6
2013-08-07,17.65
2013-08-08,18.25
2013-08-09,18.4
2013-08-13,18.55
2013-08-14,18.75
2013-08-15,18.65
2013-08-16,18.75
2013-08-19,18.5
2013-08-20,17.85
2013-08-21,17.65
2013-08-22,17.75
2013-08-23,17.9
2013-08-26,17.6
2013-08-27,17.0
2013-08-28,16.35
2013-08-29,16.45
2013-08-30,16.55
2013-09-02,16.75
2013-09-03,17.0
2013-09-04,16.8
2013-09-05,16.9
2013-09-06,17.1
2013-09-09,17.85
2013-09-10,18.65
2013-09-11,19.05
2013-09-12,19.45
2013-09-13,19.7
2013-09-16,20.9
2013-09-17,20.950000000000003
2013-09-18,20.6
2013-09-19,22.049999999999997
2013-09-20,21.9
2013-09-23,21.05
2013-09-24,20.35
2013-09-25,20.5
2013-09-26,20.4
2013-09-27,20.2
2013-09-30,19.299999999999997
2013-10-01,19.55
2013-10-02,19.799999999999997
2013-10-03,20.1
2013-10-04,19.9
2013-10-07,19.549999999999997
2013-10-08,19.549999999999997
2013-10-09,19.7
2013-10-10,20.15
2013-10-11,20.75
2013-10-14,20.45
2013-10-15,20.75
2013-10-16,20.85
2013-10-17,20.950000000000003
2013-10-18,21.1
2013-10-21,20.85
2013-10-22,20.4
2013-10-24,20.45
2013-10-25,20.25
2013-10-28,20.3
2013-10-29,20.299999999999997
2013-10-30,20.049999999999997
2013-10-31,19.9
2013-11-01,19.85
2013-11-04,19.1
2013-11-05,19.55
2013-11-06,20.15
2013-11-07,20.2
2013-11-08,19.799999999999997
2013-11-11,19.25
2013-11-12,19.5
2013-11-13,19.25
2013-11-14,19.45
2013-11-15,19.75
2013-11-18,19.9
2013-11-19,19.95
2013-11-20,19.8
2013-11-21,19.2
2013-11-22,19.0
2013-11-25,18.8
2013-11-26,18.85
2013-11-27,19.0
2013-11-28,19.0
2013-11-29,18.700000000000003
2013-12-02,18.45
2013-12-03,18.450000000000003
2013-12-04,18.55
2013-12-06,18.5
2013-12-09,18.65
2013-12-11,18.65
2013-12-12,18.4
2013-12-13,17.950000000000003
2013-12-16,17.8
2013-12-17,17.85
2013-12-18,17.95
2013-12-19,18.0
2013-12-20,17.799999999999997
2013-12-23,17.549999999999997
2013-12-24,17.4
2013-12-25,17.5
2013-12-26,17.2
2013-12-27,16.75
2014-01-02,16.0
2014-01-03,15.5
2014-01-06,15.65
2014-01-07,16.1
2014-01-08,16.0
2014-01-09,15.95
2014-01-10,15.950000000000001
2014-01-13,16.15
2014-01-14,16.7
2014-01-15,16.700000000000003
2014-01-16,17.0
2014-01-17,17.15
2014-01-20,16.9
2014-01-21,16.95
2014-01-22,17.05
2014-01-23,17.65
2014-01-24,17.8
2014-01-27,17.3
2014-01-28,17.0
2014-01-29,16.799999999999997
2014-01-30,16.45
2014-01-31,16.65
2014-02-03,16.85
2014-02-04,16.75
2014-02-05,16.8
2014-02-06,16.9
2014-02-07,16.9
2014-02-10,16.95
2014-02-11,17.15
2014-02-12,17.549999999999997
2014-02-13,17.55
2014-02-17,17.6
2014-02-18,17.5
2014-02-19,17.5
2014-02-20,17.25
2014-02-21,17.2
2014-02-24,17.2
2014-02-25,17.25
2014-02-26,17.4
2014-02-27,17.7
2014-02-28,17.85
2014-03-03,18.15
2014-03-04,18.25
2014-03-05,18.4
2014-03-06,18.65
2014-03-07,18.75
2014-03-10,18.5
2014-03-11,18.4
2014-03-12,18.45
2014-03-13,18.55
2014-03-14,18.6
2014-03-17,18.75
2014-03-18,18.75
2014-03-19,18.75
2014-03-20,18.6
2014-03-21,18.55
2014-03-24,18.4
2014-03-25,18.25
2014-03-26,18.200000000000003
2014-03-27,18.0
2014-03-28,18.25
2014-03-31,18.6
2014-04-01,18.8
2014-04-02,18.9
2014-04-03,18.95
2014-04-04,18.85
2014-04-08,18.799999999999997
2014-04-09,18.8
2014-04-10,18.9
2014-04-11,18.95
2014-04-16,19.2
2014-04-17,19.55
2014-04-18,19.65
2014-04-21,18.8
2014-04-22,18.75
2014-04-23,18.65
2014-04-24,18.4
2014-04-25,18.25
2014-04-28,18.25
2014-04-29,18.2
2014-04-30,18.15
2014-05-02,18.200000000000003
2014-05-06,18.15
2014-05-07,17.9
2014-05-08,17.95
2014-05-09,17.85
2014-05-12,17.85
2014-05-14,18.15
2014-05-15,18.3
2014-05-16,18.35
2014-05-19,18.5
2014-05-20,18.35
2014-05-21,18.3
2014-05-22,18.35
2014-05-23,18.0
2014-05-26,18.15
2014-05-27,18.35
2014-05-28,18.5
2014-05-29,18.5
2014-05-30,18.799999999999997
2014-06-02,19.15
2014-06-03,19.65
2014-06-04,19.6
2014-06-05,19.700000000000003
2014-06-06,20.05
2014-06-09,20.4
2014-06-10,20.7
2014-06-11,20.75
2014-06-12,20.45
2014-06-13,20.55
2014-06-16,20.85
2014-06-17,21.05
2014-06-18,20.700000000000003
2014-06-19,20.7
2014-06-20,21.049999999999997
2014-06-23,21.15
2014-06-24,20.799999999999997
2014-06-25,21.0
2014-06-26,21.15
2014-06-27,21.0
2014-06-30,20.9
2014-07-02,21.25
2014-07-03,21.700000000000003
2014-07-04,21.95
2014-07-07,21.9
2014-07-08,22.1
2014-07-09,22.25
2014-07-10,22.5
2014-07-14,22.700000000000003
2014-07-15,22.9
2014-07-16,22.85
2014-07-17,22.95
2014-07-18,22.950000000000003
2014-07-21,22.75
2014-07-22,22.299999999999997
2014-07-23,22.4
2014-07-24,22.5
2014-07-25,22.299999999999997
2014-07-28,22.0
2014-07-29,21.9
2014-07-30,22.200000000000003
2014-07-31,21.85
2014-08-01,21.95
2014-08-04,22.35
2014-08-05,22.45
2014-08-06,22.45
2014-08-07,22.450000000000003
2014-08-08,22.2
2014-08-13,22.55
2014-08-14,23.05
2014-08-15,22.95
2014-08-18,22.9
2014-08-19,22.95
2014-08-20,22.95
2014-08-21,23.15
2014-08-22,23.55
2014-08-25,23.4
2014-08-26,23.6
2014-08-27,23.75
2014-08-28,23.65
2014-08-29,23.5
2014-09-01,23.6
2014-09-02,23.7
2014-09-03,23.8
2014-09-04,23.9
2014-09-05,24.05
2014-09-08,24.1
2014-09-09,23.95
2014-09-10,23.75
2014-09-11,23.8
2014-09-12,23.7
2014-09-15,23.5
2014-09-16,23.5
2014-09-17,23.55
2014-09-18,23.85
2014-09-19,24.1
2014-09-22,24.35
2014-09-23,24.25
2014-09-24,24.15
2014-09-25,24.049999999999997
2014-09-26,23.9
2014-09-29,23.950000000000003
2014-09-30,23.75
2014-10-01,23.9
2014-10-02,23.799999999999997
2014-10-03,23.75
2014-10-06,23.35
2014-10-07,23.0
2014-10-08,23.049999999999997
2014-10-09,23.6
2014-10-10,23.35
2014-10-13,23.299999999999997
2014-10-14,23.4
2014-10-15,23.65
2014-10-16,23.3
2014-10-17,23.25
2014-10-20,23.3
2014-10-21,23.15
2014-10-22,22.85
2014-10-24,22.35
2014-10-27,22.299999999999997
2014-10-28,22.6
2014-10-29,22.85
2014-10-30,22.85
2014-10-31,23.05
2014-11-03,23.35
2014-11-04,23.450000000000003
2014-11-05,23.4
2014-11-06,23.4
2014-11-07,23.299999999999997
2014-11-10,23.15
2014-11-11,23.0
2014-11-12,22.85
2014-11-13,22.75
2014-11-14,22.925
2014-11-17,23.1
2014-11-18,23.212500000000002
2014-11-19,23.325000000000003
2014-11-20,23.4375
2014-11-21,23.55
2014-11-24,23.6625
2014-11-25,23.775
2014-11-26,23.8875
2014-11-27,24.0
2014-11-28,23.95
2014-12-01,24.0
2014-12-02,24.2
2014-12-03,24.200000000000003
2014-12-04,24.15
2014-12-08,23.85
2014-12-09,23.65
2014-12-11,23.3
2014-12-12,22.549999999999997
2014-12-15,21.9
2014-12-16,21.75
2014-12-17,22.299999999999997
2014-12-18,22.799999999999997
2014-12-19,23.1
2014-12-22,23.2
2014-12-23,23.1
2014-12-24,22.950000000000003
2014-12-25,22.75
2014-12-26,22.75
2014-12-29,22.9
2014-12-30,22.75
2015-01-05,22.4
2015-01-06,21.549999999999997
2015-01-07,21.9
2015-01-08,22.5
2015-01-09,22.55
2015-01-12,22.4
2015-01-13,22.200000000000003
2015-01-14,22.25
2015-01-15,22.25
2015-01-16,22.05
2015-01-19,22.25
2015-01-20,22.35
2015-01-21,22.299999999999997
2015-01-22,22.45
2015-01-23,22.85
2015-01-26,23.05
2015-01-27,23.2
2015-01-28,23.25
2015-01-29,23.1
2015-01-30,22.75
2015-02-02,22.75
2015-02-03,23.0
2015-02-04,23.2
2015-02-05,23.2
2015-02-06,23.4
2015-02-09,23.1
2015-02-10,22.95
2015-02-11,23.05
2015-02-12,23.299999999999997
2015-02-13,23.45
2015-02-16,23.45
2015-02-17,23.1
2015-02-18,23.049999999999997
2015-02-19,23.15
2015-02-20,23.1
2015-02-23,23.200000000000003
2015-02-24,23.1
2015-02-25,23.15
2015-02-26,23.05
2015-02-27,22.85
2015-03-02,22.8
2015-03-03,22.8
2015-03-05,23.05
2015-03-06,23.549999999999997
2015-03-09,23.4
2015-03-10,23.1
2015-03-11,22.9
2015-03-12,23.05
2015-03-13,22.9
2015-03-16,22.7
2015-03-17,22.8
2015-03-18,22.85
2015-03-19,23.1
2015-03-20,22.95
2015-03-23,22.9
2015-03-24,22.85
2015-03-25,23.0
2015-03-26,22.85
2015-03-27,22.75
2015-03-30,22.9
2015-03-31,22.85
2015-04-01,22.85
2015-04-02,23.05
2015-04-03,23.15
2015-04-07,23.299999999999997
2015-04-08,23.45
2015-04-09,23.65
2015-04-10,23.85
2015-04-16,23.799999999999997
2015-04-17,23.65
2015-04-20,23.4
2015-04-21,22.799999999999997
2015-04-22,21.65
2015-04-23,21.0
2015-04-24,20.65
2015-04-27,20.4
2015-04-28,20.049999999999997
2015-04-29,20.0
2015-04-30,20.0
2015-05-04,20.0
2015-05-06,19.75
2015-05-07,19.55
2015-05-08,19.9
2015-05-11,20.1
2015-05-12,19.9
2015-05-13,19.8
2015-05-14,19.700000000000003
2015-05-15,19.75
2015-05-18,19.8
2015-05-19,19.9
2015-05-20,19.65
2015-05-21,18.85
2015-05-22,18.6
2015-05-25,18.5
2015-05-26,18.200000000000003
2015-05-27,18.3
2015-05-28,18.3
2015-05-29,18.15
2015-06-02,17.950000000000003
2015-06-03,17.95
2015-06-04,18.05
2015-06-05,18.15
2015-06-08,18.15
2015-06-09,18.05
2015-06-10,18.0
2015-06-11,18.1
2015-06-12,18.0
2015-06-15,17.85
2015-06-16,17.8
2015-06-17,17.9
2015-06-18,17.85
2015-06-19,17.75
2015-06-22,17.75
2015-06-23,17.85
2015-06-24,17.85
2015-06-25,17.700000000000003
2015-06-26,17.7
2015-06-29,17.55
2015-06-30,17.3
2015-07-02,16.9
2015-07-03,16.95
2015-07-06,16.85
2015-07-07,16.9
2015-07-08,16.65
2015-07-09,16.75
2015-07-10,17.15
2015-07-13,17.6
2015-07-14,17.700000000000003
2015-07-15,17.4
2015-07-16,17.35
2015-07-17,17.200000000000003
2015-07-20,17.15
2015-07-21,16.9
2015-07-22,17.25
2015-07-23,17.25
2015-07-24,16.95
2015-07-27,16.799999999999997
2015-07-28,16.8
2015-07-29,16.95
2015-07-31,17.25
2015-08-03,17.5
2015-08-04,17.65
2015-08-05,17.75
2015-08-06,17.65
2015-08-07,17.5
2015-08-10,17.35
2015-08-11,17.299999999999997
2015-08-13,17.2
2015-08-14,17.5
2015-08-17,17.65
2015-08-18,17.2
2015-08-19,17.35
2015-08-20,17.65
2015-08-21,17.85
2015-08-24,17.25
2015-08-25,17.7
2015-08-26,17.950000000000003
2015-08-27,18.6
2015-08-28,18.4
2015-08-31,18.15
2015-09-01,17.9
2015-09-02,17.7
2015-09-03,17.8
2015-09-04,17.75
2015-09-07,17.700000000000003
2015-09-08,18.0
2015-09-09,18.4
2015-09-10,18.3
2015-09-11,18.3
2015-09-14,18.15
2015-09-15,18.0
2015-09-16,17.95
2015-09-17,18.15
2015-09-18,18.25
2015-09-21,17.8
2015-09-22,17.6
2015-09-23,17.1
2015-09-24,17.25
2015-09-25,17.25
2015-09-28,16.950000000000003
2015-09-29,16.700000000000003
2015-09-30,17.05
2015-10-01,16.950000000000003
2015-10-02,16.85
2015-10-05,17.1
2015-10-06,17.1
2015-10-07,17.2
2015-10-08,17.2
2015-10-09,17.450000000000003
2015-10-12,17.65
2015-10-13,17.65
2015-10-14,17.7
2015-10-15,17.950000000000003
2015-10-16,18.1
2015-10-19,17.95
2015-10-20,17.85
2015-10-21,17.65
2015-10-22,17.5
2015-10-26,17.4
2015-10-27,17.5
2015-10-28,17.4
2015-10-29,17.1
2015-10-30,17.05
2015-11-02,17.35
2015-11-03,17.6
2015-11-04,17.6
2015-11-05,17.55
2015-11-06,17.45
2015-11-09,17.299999999999997
2015-11-10,17.15
2015-11-11,17.200000000000003
2015-11-12,17.200000000000003
2015-11-13,17.2
2015-11-16,17.200000000000003
2015-11-17,17.299999999999997
2015-11-18,17.2
2015-11-19,17.3
2015-11-20,17.25
2015-11-23,17.4
2015-11-24,17.200000000000003
2015-11-25,17.1
2015-11-26,17.15
2015-11-27,17.05
2015-11-30,17.0
2015-12-01,17.1
2015-12-02,16.95
2015-12-03,16.95
2015-12-04,16.85
2015-12-08,16.6
2015-12-09,16.200000000000003
2015-12-11,16.0
2015-12-14,15.3
2015-12-15,15.5
2015-12-16,15.850000000000001
2015-12-17,16.3
2015-12-18,16.35
2015-12-21,16.4
2015-12-22,16.75
2015-12-23,16.700000000000003
2015-12-24,16.8
2015-12-25,16.75
2015-12-28,16.75
2015-12-29,16.75
2015-12-30,16.75
2016-01-04,16.4
2016-01-05,16.2
2016-01-06,16.0
2016-01-07,15.7
2016-01-08,15.850000000000001
2016-01-11,15.7
2016-01-12,16.0
2016-01-13,16.950000000000003
2016-01-14,16.75
2016-01-15,16.5
2016-01-18,16.35
2016-01-19,16.85
2016-01-20,16.75
2016-01-21,16.85
2016-01-22,17.25
2016-01-25,17.65
2016-01-26,17.5
2016-01-27,17.549999999999997
2016-01-28,17.5
2016-01-29,17.5
2016-02-01,17.5
2016-02-02,17.450000000000003
2016-02-03,17.3
2016-02-04,17.55
2016-02-05,17.75
2016-02-08,17.9
2016-02-09,17.9
2016-02-10,17.799999999999997
2016-02-11,17.55
2016-02-12,17.35
2016-02-15,17.35
2016-02-16,17.4
2016-02-17,17.3
2016-02-18,17.35
2016-02-19,17.4
2016-02-23,17.700000000000003
2016-02-24,17.75
2016-02-25,17.9
2016-02-26,18.05
2016-02-29,17.85
2016-03-01,17.85
2016-03-02,18.1
2016-03-03,18.3
2016-03-04,18.35
2016-03-07,18.45
2016-03-08,18.3
2016-03-09,18.25
2016-03-10,18.35
2016-03-11,18.35
2016-03-14,18.55
2016-03-15,18.5
2016-03-16,18.3
2016-03-17,18.3
2016-03-18,18.35
2016-03-21,18.45
2016-03-22,18.5
2016-03-23,18.75
2016-03-24,18.700000000000003
2016-03-25,18.55
2016-03-28,18.45
2016-03-29,18.35
2016-03-30,18.5
2016-03-31,18.6
2016-04-01,18.55
2016-04-04,18.45
2016-04-05,18.1
2016-04-07,17.65
2016-04-08,17.4
2016-04-11,17.35
2016-04-12,17.4
2016-04-18,17.55
2016-04-19,17.65
2016-04-20,17.7
2016-04-21,17.8
2016-04-22,17.5
2016-04-25,17.45
2016-04-26,17.4
2016-04-27,17.35
2016-04-28,17.25
2016-04-29,17.4
2016-05-03,17.5
2016-05-04,17.5
2016-05-09,17.45
2016-05-10,16.7
2016-05-11,16.549999999999997
2016-05-12,16.45
2016-05-13,16.299999999999997
2016-05-16,16.3
2016-05-17,16.45
2016-05-18,16.5
2016-05-19,16.35
2016-05-23,16.450000000000003
2016-05-24,16.5
2016-05-25,16.700000000000003
2016-05-26,16.75
2016-05-27,16.799999999999997
2016-05-30,17.1
2016-05-31,17.200000000000003
2016-06-01,17.05
2016-06-02,17.05
2016-06-03,17.25
2016-06-06,17.4
2016-06-07,17.4
2016-06-08,17.4
2016-06-09,17.3
2016-06-10,17.1
2016-06-13,16.9
2016-06-14,16.85
2016-06-15,16.9
2016-06-16,16.75
2016-06-17,16.65
2016-06-20,16.5
2016-06-21,16.5
2016-06-22,16.55
2016-06-23,16.65
2016-06-24,16.3
2016-06-27,16.45
2016-06-28,16.55
2016-06-29,16.7
2016-06-30,16.55
2016-07-04,16.55
2016-07-05,16.75
2016-07-06,16.7
2016-07-07,16.6
2016-07-08,16.5
2016-07-11,16.6
2016-07-12,16.7
2016-07-13,16.700000000000003
2016-07-14,16.95
2016-07-15,17.1
2016-07-20,17.15
2016-07-21,17.049999999999997
2016-07-22,17.1
2016-07-25,17.15
2016-07-26,17.200000000000003
2016-07-27,17.3
2016-07-28,17.4
2016-07-29,17.5
2016-08-01,17.5
2016-08-02,17.35
2016-08-03,17.299999999999997
2016-08-04,17.5
2016-08-05,17.7
2016-08-08,18.0
2016-08-09,18.15
2016-08-10,18.25
2016-08-11,18.299999999999997
2016-08-15,18.75
2016-08-16,19.15
2016-08-17,18.9
2016-08-18,19.2
2016-08-19,19.15
2016-08-22,18.8
2016-08-23,18.55
2016-08-24,18.75
2016-08-25,18.9
2016-08-26,18.9
2016-08-29,18.9
2016-08-30,18.95
2016-08-31,19.0
2016-09-01,18.8
2016-09-02,18.35
2016-09-05,17.95
2016-09-06,17.700000000000003
2016-09-07,17.65
2016-09-08,17.549999999999997
2016-09-09,17.45
2016-09-12,17.1
2016-09-13,17.4
2016-09-14,17.7
2016-09-15,17.9
2016-09-16,18.0
2016-09-19,18.0
2016-09-20,18.0
2016-09-21,18.05
2016-09-22,18.4
2016-09-23,18.25
2016-09-26,18.0
2016-09-27,17.9
2016-09-28,17.85
2016-09-29,17.85
2016-09-30,17.65
2016-10-03,17.75
2016-10-04,18.1
2016-10-05,18.35
2016-10-06,18.25
2016-10-07,18.0
2016-10-10,17.5
2016-10-11,17.549999999999997
2016-10-12,17.2
2016-10-13,17.0
2016-10-14,17.65
2016-10-17,17.55
2016-10-18,17.5
2016-10-19,17.3
2016-10-20,17.45
2016-10-21,17.7
2016-10-25,17.7
2016-10-26,17.6
2016-10-27,17.65
2016-10-28,17.6
2016-10-31,17.299999999999997
2016-11-01,17.25
2016-11-02,17.25
2016-11-03,17.25
2016-11-04,17.15
2016-11-07,17.299999999999997
2016-11-08,17.3
2016-11-09,17.200000000000003
2016-11-10,17.299999999999997
2016-11-11,17.1
2016-11-14,17.0
2016-11-15,17.0
2016-11-16,17.1
2016-11-17,17.1
2016-11-18,17.05
2016-11-21,17.0
2016-11-22,17.0
2016-11-23,17.1
2016-11-24,17.05
2016-11-25,17.1
2016-11-28,17.1
2016-11-29,17.05
2016-11-30,17.35
2016-12-01,17.45
2016-12-02,17.299999999999997
2016-12-06,17.4
2016-12-07,17.5
2016-12-08,17.65
2016-12-09,17.65
2016-12-13,17.6
2016-12-14,17.55
2016-12-15,17.45
2016-12-16,17.5
2016-12-19,17.35
2016-12-20,17.3
2016-12-21,17.35
2016-12-22,17.25
2016-12-23,17.299999999999997
2016-12-26,17.4
2016-12-27,17.45
2016-12-28,17.45
2016-12-29,17.5
2016-12-30,17.65
2017-01-04,17.85
2017-01-05,18.3
2017-01-06,18.5
2017-01-09,18.45
2017-01-10,18.6
2017-01-11,18.799999999999997
2017-01-12,18.85
2017-01-16,18.6
2017-01-17,18.4
2017-01-18,18.55
2017-01-19,18.45
2017-01-20,18.700000000000003
2017-01-23,18.9
2017-01-24,18.95
2017-01-25,19.1
2017-01-26,19.200000000000003
2017-01-27,19.15
2017-01-30,19.2
2017-01-31,19.05
2017-02-01,19.1
2017-02-02,19.1
2017-02-03,19.05
2017-02-06,19.1
2017-02-07,18.95
2017-02-08,19.0
2017-02-09,19.3
2017-02-10,19.5
2017-02-14,19.4
2017-02-15,19.4
2017-02-16,19.5
2017-02-17,19.55
2017-02-20,19.5
2017-02-21,19.45
2017-02-22,19.65
2017-02-23,19.700000000000003
2017-02-24,19.65
2017-02-27,19.5
2017-02-28,19.55
2017-03-01,19.700000000000003
2017-03-02,19.8
2017-03-03,19.75
2017-03-06,19.65
2017-03-07,19.65
2017-03-08,19.65
2017-03-09,19.75
2017-03-10,19.95
2017-03-13,20.0
2017-03-14,20.05
2017-03-15,20.1
2017-03-16,20.299999999999997
2017-03-17,20.4
2017-03-20,20.4
2017-03-21,20.5
2017-03-22,20.4
2017-03-23,20.5
2017-03-24,20.6
2017-03-27,20.6
2017-03-28,20.450000000000003
2017-03-29,20.25
2017-03-30,20.3
2017-03-31,20.4
2017-04-03,20.5
2017-04-04,20.55
2017-04-05,20.65
2017-04-07,20.85
2017-04-10,20.85
2017-04-11,20.8
2017-04-12,20.95
2017-04-17,20.95
2017-04-18,20.9
2017-04-19,20.15
2017-04-20,19.55
2017-04-21,19.700000000000003
2017-04-24,19.7
2017-04-25,19.7
2017-04-26,19.7
2017-04-27,19.65
2017-04-28,19.65
2017-05-02,19.700000000000003
2017-05-03,19.700000000000003
2017-05-04,19.8
2017-05-08,19.35
2017-05-09,18.95
2017-05-11,18.85
2017-05-12,18.6
2017-05-15,18.7
2017-05-16,18.7
2017-05-17,18.700000000000003
2017-05-18,18.55
2017-05-19,18.6
2017-05-22,19.05
2017-05-23,19.3
2017-05-24,19.25
2017-05-25,19.15
2017-05-26,19.1
2017-05-29,19.15
2017-05-30,19.15
2017-05-31,19.1
2017-06-01,19.1
2017-06-02,19.25
2017-06-05,19.35
2017-06-06,19.35
2017-06-07,19.200000000000003
2017-06-08,19.1
2017-06-09,18.9
2017-06-12,18.700000000000003
2017-06-13,18.85
2017-06-14,18.9
2017-06-15,18.6
2017-06-16,18.6
2017-06-19,18.65
2017-06-20,18.700000000000003
2017-06-21,18.7
2017-06-22,18.65
2017-06-23,18.75
2017-06-26,18.8
2017-06-27,18.799999999999997
2017-06-28,18.7
2017-06-29,18.65
2017-06-30,18.700000000000003
2017-07-03,18.8
2017-07-04,18.799999999999997
2017-07-05,18.7
2017-07-06,18.75
2017-07-07,18.75
2017-07-11,18.85
2017-07-12,18.95
2017-07-13,18.799999999999997
2017-07-14,18.65
2017-07-17,18.65
2017-07-18,18.5
2017-07-19,18.5
2017-07-20,18.200000000000003
2017-07-21,18.15
2017-07-24,18.2
2017-07-25,17.95
2017-07-26,17.95
2017-07-27,18.0
2017-07-31,18.05
2017-08-01,17.9
2017-08-02,17.95
2017-08-03,18.0
2017-08-04,17.950000000000003
2017-08-07,17.7
2017-08-08,17.65
2017-08-09,17.9
2017-08-10,17.85
2017-08-11,17.75
2017-08-15,17.75
2017-08-16,17.8
2017-08-17,17.85
2017-08-18,17.9
2017-08-21,18.1
2017-08-22,18.35
2017-08-23,18.25
2017-08-24,18.25
2017-08-25,18.2
2017-08-28,18.2
2017-08-29,18.549999999999997
2017-08-30,18.85
2017-08-31,18.7
2017-09-01,18.65
2017-09-04,18.6
2017-09-05,18.55
2017-09-06,18.5
2017-09-07,18.4
2017-09-08,18.45
2017-09-11,18.45
2017-09-12,18.6
2017-09-13,18.7
2017-09-14,18.85
2017-09-15,19.0
2017-09-18,19.05
2017-09-19,18.950000000000003
2017-09-20,18.85
2017-09-21,18.9
2017-09-22,18.9
2017-09-25,18.95
2017-09-26,18.85
2017-09-27,18.7
2017-09-28,18.700000000000003
2017-09-29,18.75
2017-10-02,18.95
2017-10-03,19.05
2017-10-04,18.95
2017-10-05,18.95
2017-10-06,19.0
2017-10-09,19.0
2017-10-10,19.0
2017-10-11,19.1
2017-10-12,19.3
2017-10-16,19.4
2017-10-17,19.4
2017-10-18,19.2
2017-10-19,18.85
2017-10-20,18.549999999999997
2017-10-24,18.4
2017-10-25,18.3
2017-10-27,18.3
2017-10-30,18.25
2017-10-31,18.2
2017-11-01,18.3
2017-11-02,18.2
2017-11-03,18.25
2017-11-06,18.25
2017-11-07,18.3
2017-11-08,18.35
2017-11-09,18.4
2017-11-10,18.299999999999997
2017-11-13,18.15
2017-11-14,18.35
2017-11-15,18.25
2017-11-16,18.4
2017-11-17,18.6
2017-11-20,18.55
2017-11-21,18.5
2017-11-22,18.7
2017-11-23,18.65
2017-11-24,18.700000000000003
2017-11-27,18.9
2017-11-28,19.0
2017-11-29,19.25
2017-11-30,19.35
2017-12-01,19.45
2017-12-04,19.5
2017-12-06,19.5
2017-12-07,19.35
2017-12-08,19.45
2017-12-12,19.4
2017-12-13,19.45
2017-12-14,19.45
2017-12-15,19.4
2017-12-18,19.5
2017-12-19,19.4
2017-12-20,19.25
2017-12-21,19.15
2017-12-22,19.05
2017-12-25,19.25
2017-12-26,19.35
2017-12-27,19.25
2017-12-28,19.25
2017-12-29,19.2
