Date,ROBINS
2008-01-02,11.05
2008-01-03,11.149999999999999
2008-01-04,11.25
2008-01-07,11.149999999999999
2008-01-08,11.1
2008-01-09,11.1
2008-01-10,11.1
2008-01-11,11.0
2008-01-14,10.95
2008-01-15,11.05
2008-01-16,11.05
2008-01-17,11.1
2008-01-18,11.0
2008-01-21,11.0
2008-01-22,10.95
2008-01-23,10.95
2008-01-24,10.9
2008-01-25,10.9
2008-01-28,10.9
2008-01-29,10.9
2008-01-30,10.9
2008-01-31,10.95
2008-02-01,10.95
2008-02-04,11.0
2008-02-05,10.95
2008-02-06,10.95
2008-02-07,10.9
2008-02-08,10.95
2008-02-11,10.9
2008-02-12,10.9
2008-02-13,10.9
2008-02-14,10.850000000000001
2008-02-15,10.75
2008-02-18,10.75
2008-02-19,10.850000000000001
2008-02-20,10.850000000000001
2008-02-22,10.850000000000001
2008-02-25,10.9
2008-02-26,10.95
2008-02-27,10.95
2008-02-28,11.1
2008-02-29,11.2
2008-03-03,11.149999999999999
2008-03-04,11.3
2008-03-05,11.600000000000001
2008-03-06,11.8
2008-03-07,11.75
2008-03-10,11.75
2008-03-11,11.7
2008-03-12,11.7
2008-03-13,11.649999999999999
2008-03-14,11.75
2008-03-17,11.75
2008-03-18,11.75
2008-03-19,11.8
2008-03-20,11.75
2008-03-21,11.75
2008-03-24,11.75
2008-03-25,11.75
2008-03-26,11.9
2008-03-27,11.8
2008-03-28,11.850000000000001
2008-03-31,11.850000000000001
2008-04-01,11.850000000000001
2008-04-02,11.8
2008-04-03,11.8
2008-04-04,11.8
2008-04-08,11.850000000000001
2008-04-09,11.75
2008-04-10,11.75
2008-04-11,11.7
2008-04-16,11.7
2008-04-17,11.7
2008-04-18,11.75
2008-04-21,11.75
2008-04-22,11.7
2008-04-23,11.7
2008-04-24,11.649999999999999
2008-04-25,11.6
2008-04-28,11.5
2008-04-29,11.45
2008-04-30,11.15
2008-05-02,10.5
2008-05-06,10.350000000000001
2008-05-07,10.4
2008-05-08,10.5
2008-05-09,10.75
2008-05-12,10.850000000000001
2008-05-13,10.9
2008-05-14,10.649999999999999
2008-05-15,10.6
2008-05-16,10.350000000000001
2008-05-20,10.45
2008-05-21,10.649999999999999
2008-05-22,10.6
2008-05-23,10.8
2008-05-26,10.8
2008-05-27,10.95
2008-05-28,11.3
2008-05-29,11.55
2008-05-30,11.75
2008-06-02,12.05
2008-06-03,11.95
2008-06-04,11.9
2008-06-05,11.9
2008-06-06,11.65
2008-06-09,11.5
2008-06-10,11.55
2008-06-11,11.4
2008-06-12,11.1
2008-06-13,10.850000000000001
2008-06-16,10.55
2008-06-17,10.4
2008-06-18,10.350000000000001
2008-06-19,10.3
2008-06-20,10.3
2008-06-23,10.2
2008-06-24,10.149999999999999
2008-06-25,10.2
2008-06-26,10.149999999999999
2008-06-27,9.8
2008-06-30,9.3
2008-07-02,9.149999999999999
2008-07-03,9.1
2008-07-04,9.149999999999999
2008-07-07,9.05
2008-07-08,9.0
2008-07-09,9.05
2008-07-10,9.0
2008-07-11,9.0
2008-07-14,8.95
2008-07-15,8.9
2008-07-16,8.75
2008-07-18,8.6
2008-07-21,8.6
2008-07-22,8.35
2008-07-23,8.2
2008-07-24,8.2
2008-07-25,8.45
2008-07-28,8.7
2008-07-29,8.5
2008-07-30,8.4
2008-07-31,8.55
2008-08-01,8.75
2008-08-04,8.6
2008-08-05,8.5
2008-08-06,8.7
2008-08-07,8.8
2008-08-08,8.9
2008-08-11,9.1
2008-08-13,9.1
2008-08-14,9.45
2008-08-15,9.6
2008-08-18,9.6
2008-08-19,9.45
2008-08-20,9.5
2008-08-21,9.55
2008-08-22,9.45
2008-08-25,9.55
2008-08-26,9.5
2008-08-27,9.6
2008-08-28,9.6
2008-08-29,9.899999999999999
2008-09-01,10.05
2008-09-02,10.0
2008-09-03,9.95
2008-09-04,9.9
2008-09-05,9.9
2008-09-08,10.15
2008-09-09,10.25
2008-09-10,10.05
2008-09-11,10.1
2008-09-12,10.05
2008-09-15,10.05
2008-09-16,10.05
2008-09-17,10.0
2008-09-18,9.75
2008-09-19,9.55
2008-09-22,9.45
2008-09-23,9.0
2008-09-24,8.7
2008-09-25,8.45
2008-09-26,8.2
2008-09-29,8.2
2008-09-30,8.2
2008-10-01,8.1
2008-10-02,8.149999999999999
2008-10-03,7.9
2008-10-06,7.65
2008-10-07,7.050000000000001
2008-10-08,6.7
2008-10-09,6.7
2008-10-10,6.15
2008-10-13,5.8
2008-10-14,5.95
2008-10-15,6.95
2008-10-16,6.55
2008-10-17,8.0
2008-10-20,7.1
2008-10-21,7.7
2008-10-22,7.7
2008-10-24,7.0
2008-10-27,5.25
2008-10-28,5.0
2008-10-29,5.35
2008-10-30,6.0
2008-10-31,6.55
2008-11-03,7.05
2008-11-04,7.75
2008-11-05,8.0
2008-11-06,7.85
2008-11-07,7.25
2008-11-10,7.0
2008-11-11,7.05
2008-11-12,7.05
2008-11-13,7.05
2008-11-14,7.0
2008-11-17,7.0
2008-11-18,7.05
2008-11-19,7.1
2008-11-20,6.7
2008-11-21,6.5
2008-11-24,6.5
2008-11-25,6.550000000000001
2008-11-26,6.45
2008-11-27,6.45
2008-11-28,6.45
2008-12-01,6.5
2008-12-02,6.5
2008-12-03,6.45
2008-12-04,6.45
2008-12-08,6.25
2008-12-09,6.25
2008-12-11,6.05
2008-12-12,6.2
2008-12-15,6.300000000000001
2008-12-16,6.300000000000001
2008-12-17,6.1
2008-12-18,6.0
2008-12-19,5.95
2008-12-22,5.95
2008-12-23,5.85
2008-12-24,5.699999999999999
2008-12-25,5.65
2008-12-26,5.75
2008-12-29,5.7
2008-12-30,5.7
2009-01-02,5.7
2009-01-05,5.65
2009-01-06,5.75
2009-01-07,5.75
2009-01-08,5.75
2009-01-09,5.8
2009-01-12,5.85
2009-01-13,5.85
2009-01-14,5.8
2009-01-15,5.75
2009-01-16,5.8
2009-01-19,5.9
2009-01-20,5.8
2009-01-21,5.8
2009-01-22,5.85
2009-01-23,5.8
2009-01-26,5.9
2009-01-27,5.95
2009-01-28,6.0
2009-01-29,5.95
2009-01-30,5.9
2009-02-02,5.9
2009-02-03,5.95
2009-02-04,6.05
2009-02-05,6.15
2009-02-06,6.300000000000001
2009-02-10,6.2
2009-02-11,6.2
2009-02-12,6.2
2009-02-13,6.2
2009-02-16,6.2
2009-02-17,6.15
2009-02-18,6.15
2009-02-19,6.2
2009-02-20,6.300000000000001
2009-02-23,6.300000000000001
2009-02-24,6.35
2009-02-25,6.4
2009-02-26,6.35
2009-02-27,6.25
2009-03-02,6.2
2009-03-03,6.2
2009-03-04,6.2
2009-03-05,6.2
2009-03-06,6.2
2009-03-09,6.2
2009-03-10,6.1
2009-03-11,6.0
2009-03-12,6.0
2009-03-13,5.75
2009-03-16,5.8
2009-03-17,5.85
2009-03-18,5.95
2009-03-19,5.85
2009-03-20,5.8
2009-03-23,5.95
2009-03-24,6.0
2009-03-25,6.05
2009-03-26,6.2
2009-03-27,6.2
2009-03-30,6.0
2009-03-31,6.05
2009-04-01,6.05
2009-04-02,6.2
2009-04-03,6.35
2009-04-07,6.35
2009-04-08,6.45
2009-04-09,6.45
2009-04-10,6.5
2009-04-16,6.8
2009-04-17,6.8
2009-04-20,6.8
2009-04-21,6.949999999999999
2009-04-22,7.4
2009-04-23,7.6
2009-04-24,7.9
2009-04-27,7.7
2009-04-28,7.75
2009-04-29,7.8
2009-04-30,7.95
2009-05-04,8.0
2009-05-06,8.0
2009-05-07,8.0
2009-05-11,8.0
2009-05-12,8.0
2009-05-13,8.0
2009-05-14,7.95
2009-05-15,7.9
2009-05-18,7.95
2009-05-19,8.1
2009-05-20,8.25
2009-05-21,8.25
2009-05-22,8.3
2009-05-25,8.25
2009-05-26,8.3
2009-05-27,8.3
2009-05-28,8.350000000000001
2009-05-29,8.3
2009-06-01,8.4
2009-06-02,8.4
2009-06-03,8.8
2009-06-04,8.6
2009-06-05,8.850000000000001
2009-06-08,8.9
2009-06-09,8.95
2009-06-10,9.0
2009-06-11,9.0
2009-06-12,9.05
2009-06-15,9.1
2009-06-16,9.0
2009-06-17,9.0
2009-06-18,8.9
2009-06-19,8.95
2009-06-22,9.0
2009-06-23,8.9
2009-06-24,9.0
2009-06-25,9.0
2009-06-26,9.0
2009-06-29,9.0
2009-06-30,9.0
2009-07-02,9.0
2009-07-03,9.0
2009-07-06,9.0
2009-07-08,8.9
2009-07-09,8.6
2009-07-10,8.6
2009-07-13,8.7
2009-07-14,8.6
2009-07-15,8.649999999999999
2009-07-16,8.6
2009-07-17,8.649999999999999
2009-07-20,8.8
2009-07-21,8.95
2009-07-22,9.05
2009-07-23,9.2
2009-07-24,9.2
2009-07-27,9.25
2009-07-28,9.3
2009-07-29,9.55
2009-07-30,9.45
2009-07-31,9.55
2009-08-03,9.5
2009-08-04,9.4
2009-08-05,9.55
2009-08-06,9.25
2009-08-07,9.2
2009-08-10,9.2
2009-08-11,9.2
2009-08-13,9.149999999999999
2009-08-14,9.05
2009-08-17,9.149999999999999
2009-08-18,9.25
2009-08-19,9.25
2009-08-20,9.600000000000001
2009-08-21,9.8
2009-08-24,9.8
2009-08-25,9.75
2009-08-26,9.8
2009-08-27,9.65
2009-08-28,9.75
2009-08-31,10.0
2009-09-01,10.3
2009-09-02,10.25
2009-09-03,10.3
2009-09-04,10.25
2009-09-07,10.2
2009-09-08,9.95
2009-09-09,9.8
2009-09-10,9.8
2009-09-11,9.8
2009-09-14,9.850000000000001
2009-09-15,10.0
2009-09-16,10.3
2009-09-17,10.4
2009-09-18,10.5
2009-09-21,10.649999999999999
2009-09-22,10.7
2009-09-23,11.0
2009-09-24,11.25
2009-09-25,11.2
2009-09-28,11.05
2009-09-29,11.0
2009-09-30,10.8
2009-10-01,10.649999999999999
2009-10-02,10.55
2009-10-05,10.5
2009-10-06,10.75
2009-10-07,10.850000000000001
2009-10-08,10.85
2009-10-09,10.8
2009-10-12,10.75
2009-10-13,10.899999999999999
2009-10-14,11.05
2009-10-15,10.8
2009-10-16,10.5
2009-10-19,10.2
2009-10-20,10.05
2009-10-21,10.0
2009-10-22,10.0
2009-10-26,9.9
2009-10-27,9.8
2009-10-28,9.7
2009-10-29,9.4
2009-10-30,9.4
2009-11-02,9.45
2009-11-03,9.45
2009-11-04,9.45
2009-11-05,9.6
2009-11-06,9.7
2009-11-09,10.05
2009-11-10,10.1
2009-11-11,9.9
2009-11-12,9.9
2009-11-13,9.8
2009-11-16,9.649999999999999
2009-11-17,9.75
2009-11-18,9.8
2009-11-19,9.7
2009-11-20,9.7
2009-11-23,9.75
2009-11-24,9.850000000000001
2009-11-25,9.8
2009-11-26,9.75
2009-11-27,9.8
2009-11-30,9.850000000000001
2009-12-01,10.05
2009-12-02,10.25
2009-12-03,10.4
2009-12-04,10.55
2009-12-08,10.4
2009-12-09,10.15
2009-12-11,10.1
2009-12-14,10.5
2009-12-15,10.649999999999999
2009-12-16,10.649999999999999
2009-12-17,10.850000000000001
2009-12-18,10.8
2009-12-21,10.7
2009-12-22,10.5
2009-12-23,10.5
2009-12-24,10.6
2009-12-25,10.75
2009-12-28,10.9
2009-12-29,10.95
2009-12-30,10.600000000000001
2010-01-04,10.45
2010-01-05,10.6
2010-01-06,10.7
2010-01-07,10.55
2010-01-08,10.7
2010-01-11,10.7
2010-01-12,10.7
2010-01-13,10.75
2010-01-14,10.9
2010-01-15,10.7
2010-01-18,10.75
2010-01-19,10.75
2010-01-20,10.5
2010-01-21,10.350000000000001
2010-01-22,10.149999999999999
2010-01-25,10.25
2010-01-26,10.3
2010-01-27,10.25
2010-01-28,10.25
2010-01-29,10.25
2010-02-01,10.2
2010-02-02,10.350000000000001
2010-02-03,10.3
2010-02-04,10.3
2010-02-05,10.25
2010-02-08,10.3
2010-02-09,10.15
2010-02-10,10.0
2010-02-11,10.05
2010-02-12,10.1
2010-02-15,10.1
2010-02-16,10.05
2010-02-17,10.1
2010-02-18,10.2
2010-02-19,10.1
2010-02-22,10.149999999999999
2010-02-23,10.2
2010-02-24,10.2
2010-02-25,10.2
2010-02-26,10.4
2010-03-02,10.600000000000001
2010-03-03,10.850000000000001
2010-03-04,10.9
2010-03-05,11.05
2010-03-08,11.3
2010-03-09,11.600000000000001
2010-03-10,11.850000000000001
2010-03-11,11.8
2010-03-12,11.95
2010-03-15,11.95
2010-03-16,11.55
2010-03-17,11.7
2010-03-18,11.85
2010-03-19,11.8
2010-03-22,11.7
2010-03-23,11.6
2010-03-24,11.7
2010-03-25,12.0
2010-03-26,12.9
2010-03-29,13.600000000000001
2010-03-30,13.8
2010-03-31,13.649999999999999
2010-04-01,13.55
2010-04-02,13.4
2010-04-05,13.55
2010-04-07,13.55
2010-04-08,13.3
2010-04-09,12.8
2010-04-12,12.100000000000001
2010-04-16,11.8
2010-04-19,11.95
2010-04-20,12.1
2010-04-21,12.25
2010-04-22,12.65
2010-04-23,12.7
2010-04-26,12.9
2010-04-27,12.8
2010-04-28,12.75
2010-04-29,12.649999999999999
2010-04-30,12.649999999999999
2010-05-04,12.9
2010-05-06,12.85
2010-05-07,12.6
2010-05-10,12.8
2010-05-11,13.05
2010-05-12,13.2
2010-05-13,13.45
2010-05-14,13.35
2010-05-17,13.1
2010-05-18,13.1
2010-05-19,13.2
2010-05-20,13.25
2010-05-21,13.3
2010-05-24,13.350000000000001
2010-05-25,13.4
2010-05-26,13.65
2010-05-27,13.5
2010-05-31,13.649999999999999
2010-06-01,13.8
2010-06-02,13.9
2010-06-03,14.0
2010-06-04,13.95
2010-06-07,13.850000000000001
2010-06-08,13.9
2010-06-09,14.05
2010-06-10,14.6
2010-06-11,15.05
2010-06-14,14.8
2010-06-15,14.850000000000001
2010-06-16,14.75
2010-06-17,14.5
2010-06-18,14.600000000000001
2010-06-21,15.100000000000001
2010-06-22,15.2
2010-06-23,15.0
2010-06-24,14.8
2010-06-25,14.7
2010-06-28,14.95
2010-06-29,15.25
2010-06-30,15.5
2010-07-02,15.4
2010-07-05,15.25
2010-07-06,15.1
2010-07-07,15.149999999999999
2010-07-08,15.4
2010-07-09,15.55
2010-07-12,15.6
2010-07-13,15.55
2010-07-14,15.5
2010-07-15,15.6
2010-07-16,15.7
2010-07-19,16.05
2010-07-20,16.549999999999997
2010-07-21,16.85
2010-07-22,17.25
2010-07-23,17.75
2010-07-27,17.4
2010-07-28,17.15
2010-07-29,17.1
2010-07-30,17.1
2010-08-02,17.0
2010-08-03,17.05
2010-08-04,17.35
2010-08-05,18.25
2010-08-06,19.25
2010-08-09,19.45
2010-08-10,19.15
2010-08-11,19.0
2010-08-16,18.8
2010-08-17,19.25
2010-08-18,19.9
2010-08-19,20.5
2010-08-20,21.0
2010-08-23,21.1
2010-08-24,21.25
2010-08-25,21.1
2010-08-26,21.0
2010-08-27,21.6
2010-08-30,21.950000000000003
2010-08-31,22.049999999999997
2010-09-01,22.2
2010-09-02,22.0
2010-09-03,22.0
2010-09-06,21.4
2010-09-07,20.75
2010-09-08,20.15
2010-09-09,20.15
2010-09-10,20.2
2010-09-13,19.95
2010-09-14,19.65
2010-09-15,19.5
2010-09-16,19.85
2010-09-17,20.55
2010-09-20,21.25
2010-09-21,21.700000000000003
2010-09-22,22.15
2010-09-23,22.55
2010-09-24,22.9
2010-09-27,22.9
2010-09-28,22.7
2010-09-29,22.549999999999997
2010-09-30,22.9
2010-10-01,22.75
2010-10-04,22.65
2010-10-05,22.25
2010-10-06,22.299999999999997
2010-10-07,21.8
2010-10-08,21.4
2010-10-11,21.25
2010-10-12,21.65
2010-10-13,21.65
2010-10-14,21.85
2010-10-15,21.5
2010-10-18,21.45
2010-10-19,21.35
2010-10-20,21.65
2010-10-21,21.95
2010-10-22,22.6
2010-10-26,23.15
2010-10-27,22.7
2010-10-28,22.4
2010-10-29,22.6
2010-11-01,23.15
2010-11-02,23.35
2010-11-03,23.3
2010-11-04,23.299999999999997
2010-11-05,23.05
2010-11-08,23.15
2010-11-09,22.7
2010-11-10,23.15
2010-11-11,22.95
2010-11-12,22.700000000000003
2010-11-15,22.1
2010-11-16,21.8
2010-11-17,21.15
2010-11-18,21.05
2010-11-19,21.25
2010-11-22,21.3
2010-11-23,21.450000000000003
2010-11-24,21.8
2010-11-25,22.15
2010-11-26,22.45
2010-11-29,22.6
2010-11-30,23.6
2010-12-01,24.0
2010-12-02,24.0
2010-12-03,23.9
2010-12-07,23.9
2010-12-08,23.7
2010-12-09,23.55
2010-12-13,23.85
2010-12-14,23.8
2010-12-15,23.55
2010-12-16,23.65
2010-12-17,23.55
2010-12-20,23.7
2010-12-21,23.85
2010-12-22,23.85
2010-12-23,23.9
2010-12-24,24.05
2010-12-27,24.2
2010-12-28,24.45
2010-12-29,24.6
2010-12-30,24.75
2011-01-04,24.6
2011-01-05,24.25
2011-01-06,23.6
2011-01-07,23.0
2011-01-10,22.6
2011-01-11,22.05
2011-01-12,21.8
2011-01-13,21.65
2011-01-14,21.9
2011-01-17,21.8
2011-01-18,21.5
2011-01-19,21.200000000000003
2011-01-20,21.0
2011-01-21,20.9
2011-01-24,20.65
2011-01-25,20.45
2011-01-26,20.45
2011-01-27,20.15
2011-01-28,20.25
2011-01-31,20.35
2011-02-01,20.5
2011-02-02,20.4
2011-02-03,20.6
2011-02-04,20.95
2011-02-07,20.549999999999997
2011-02-08,20.450000000000003
2011-02-09,20.15
2011-02-10,19.85
2011-02-11,19.5
2011-02-14,19.55
2011-02-15,19.35
2011-02-16,19.35
2011-02-17,19.9
2011-02-18,20.0
2011-02-21,20.1
2011-02-22,20.2
2011-02-23,20.95
2011-02-24,21.35
2011-02-25,21.45
2011-02-28,21.6
2011-03-01,21.6
2011-03-02,21.4
2011-03-03,21.35
2011-03-04,21.7
2011-03-07,22.0
2011-03-08,22.15
2011-03-09,22.45
2011-03-10,22.75
2011-03-11,23.05
2011-03-14,23.200000000000003
2011-03-15,22.5
2011-03-16,22.6
2011-03-17,22.5
2011-03-21,22.45
2011-03-22,22.7
2011-03-23,22.65
2011-03-24,22.95
2011-03-25,23.2
2011-03-28,23.4
2011-03-29,23.45
2011-03-30,24.2
2011-03-31,24.75
2011-04-01,24.95
2011-04-04,25.0
2011-04-05,24.8
2011-04-07,25.35
2011-04-08,25.2
2011-04-11,25.6
2011-04-12,26.15
2011-04-18,26.5
2011-04-19,25.85
2011-04-20,25.9
2011-04-21,25.5
2011-04-22,25.7
2011-04-25,26.65
2011-04-26,26.75
2011-04-27,27.1
2011-04-28,27.6
2011-04-29,28.25
2011-05-03,28.5
2011-05-04,27.85
2011-05-06,26.65
2011-05-09,26.4
2011-05-10,27.75
2011-05-11,28.65
2011-05-12,27.9
2011-05-13,28.35
2011-05-18,28.8
2011-05-19,28.65
2011-05-20,28.65
2011-05-23,28.1
2011-05-24,27.85
2011-05-25,28.15
2011-05-26,29.4
2011-05-27,30.25
2011-05-30,31.25
2011-05-31,30.65
2011-06-01,30.0
2011-06-02,29.4
2011-06-03,29.65
2011-06-06,29.5
2011-06-07,29.25
2011-06-08,28.9
2011-06-09,28.75
2011-06-10,29.4
2011-06-13,29.25
2011-06-14,30.0
2011-06-15,30.5
2011-06-16,30.25
2011-06-17,30.35
2011-06-20,30.35
2011-06-21,30.35
2011-06-22,30.8
2011-06-23,30.6
2011-06-24,30.6
2011-06-27,30.1
2011-06-28,30.5
2011-06-29,30.75
2011-06-30,31.4
2011-07-04,33.0
2011-07-05,32.6
2011-07-06,32.8
2011-07-07,33.0
2011-07-08,33.1
2011-07-11,32.9
2011-07-12,32.5
2011-07-13,33.1
2011-07-14,33.6
2011-07-18,34.35
2011-07-19,34.5
2011-07-20,34.4
2011-07-21,33.65
2011-07-22,33.35
2011-07-25,33.75
2011-07-26,34.5
2011-07-27,36.0
2011-07-28,37.0
2011-07-29,37.65
2011-08-01,37.5
2011-08-02,37.8
2011-08-03,37.25
2011-08-04,36.25
2011-08-05,33.85
2011-08-08,34.9
2011-08-09,35.1
2011-08-10,36.65
2011-08-11,36.7
2011-08-15,38.35
2011-08-16,39.6
2011-08-17,40.35
2011-08-18,39.6
2011-08-19,37.5
2011-08-22,38.6
2011-08-23,39.0
2011-08-24,39.0
2011-08-25,38.2
2011-08-26,36.6
2011-08-29,37.25
2011-08-30,37.1
2011-08-31,38.25
2011-09-01,39.35
2011-09-02,39.8
2011-09-05,38.85
2011-09-06,38.0
2011-09-07,38.35
2011-09-08,38.2
2011-09-09,38.65
2011-09-12,37.6
2011-09-13,37.35
2011-09-14,37.25
2011-09-15,37.35
2011-09-16,38.25
2011-09-19,37.6
2011-09-20,36.6
2011-09-21,36.5
2011-09-22,36.75
2011-09-23,35.65
2011-09-26,33.6
2011-09-27,34.1
2011-09-28,33.15
2011-09-29,32.65
2011-09-30,33.0
2011-10-03,31.6
2011-10-04,30.15
2011-10-05,29.65
2011-10-06,29.9
2011-10-07,31.15
2011-10-10,31.85
2011-10-11,33.5
2011-10-12,33.9
2011-10-13,34.0
2011-10-14,34.25
2011-10-17,34.4
2011-10-18,32.25
2011-10-19,32.35
2011-10-20,31.0
2011-10-21,30.85
2011-10-25,33.0
2011-10-26,32.65
2011-10-27,33.0
2011-10-28,33.65
2011-10-31,33.0
2011-11-01,32.85
2011-11-02,32.75
2011-11-03,31.6
2011-11-04,32.0
2011-11-07,31.65
2011-11-08,32.5
2011-11-09,33.5
2011-11-10,32.65
2011-11-11,33.65
2011-11-14,34.25
2011-11-15,34.65
2011-11-16,35.1
2011-11-17,35.5
2011-11-18,34.65
2011-11-21,33.4
2011-11-22,33.1
2011-11-23,33.35
2011-11-24,34.0
2011-11-25,34.0
2011-11-28,34.6
2011-11-29,35.4
2011-11-30,36.0
2011-12-01,38.0
2011-12-02,40.1
2011-12-06,40.75
2011-12-07,40.4
2011-12-08,39.15
2011-12-09,38.2
2011-12-13,39.1
2011-12-14,41.0
2011-12-15,41.35
2011-12-16,41.5
2011-12-19,41.4
2011-12-20,42.25
2011-12-21,42.9
2011-12-22,42.65
2011-12-23,42.9
2011-12-26,43.0
2011-12-27,42.9
2011-12-28,42.1
2011-12-29,41.5
2011-12-30,42.65
2012-01-04,42.35
2012-01-05,41.6
2012-01-06,41.15
2012-01-09,42.35
2012-01-10,43.3
2012-01-11,42.75
2012-01-12,42.75
2012-01-13,42.35
2012-01-16,41.5
2012-01-17,42.1
2012-01-18,41.5
2012-01-19,41.5
2012-01-20,42.4
2012-01-23,42.6
2012-01-24,42.35
2012-01-25,42.85
2012-01-26,42.5
2012-01-27,42.6
2012-01-30,42.5
2012-01-31,42.0
2012-02-01,41.85
2012-02-02,41.6
2012-02-03,42.15
2012-02-06,42.65
2012-02-07,42.35
2012-02-08,43.0
2012-02-09,43.5
2012-02-10,43.0
2012-02-13,42.85
2012-02-14,42.65
2012-02-15,42.8
2012-02-16,43.15
2012-02-17,44.5
2012-02-20,45.4
2012-02-21,45.0
2012-02-22,44.85
2012-02-23,46.35
2012-02-24,47.25
2012-02-27,46.35
2012-02-28,45.85
2012-02-29,46.4
2012-03-01,47.25
2012-03-02,48.15
2012-03-05,47.8
2012-03-06,47.9
2012-03-08,48.2
2012-03-09,48.75
2012-03-12,49.4
2012-03-13,50.25
2012-03-14,51.0
2012-03-15,50.4
2012-03-16,50.35
2012-03-19,52.0
2012-03-20,51.75
2012-03-21,51.6
2012-03-22,50.4
2012-03-23,50.5
2012-03-26,50.25
2012-03-27,49.9
2012-03-28,50.65
2012-03-29,50.9
2012-03-30,51.1
2012-04-02,51.5
2012-04-03,51.6
2012-04-04,51.0
2012-04-05,50.65
2012-04-10,49.85
2012-04-11,49.0
2012-04-12,50.25
2012-04-17,50.5
2012-04-18,50.4
2012-04-19,49.9
2012-04-20,49.9
2012-04-23,50.6
2012-04-24,51.4
2012-04-25,52.5
2012-04-26,53.5
2012-04-27,53.25
2012-04-30,53.2
2012-05-02,54.1
2012-05-03,56.1
2012-05-04,57.6
2012-05-08,56.85
2012-05-09,56.0
2012-05-10,55.25
2012-05-11,56.35
2012-05-14,55.25
2012-05-15,54.6
2012-05-16,53.75
2012-05-17,54.6
2012-05-18,53.15
2012-05-21,53.1
2012-05-22,54.25
2012-05-23,54.35
2012-05-24,54.0
2012-05-25,54.35
2012-05-28,57.5
2012-05-29,58.75
2012-05-30,58.5
2012-05-31,58.25
2012-06-01,57.25
2012-06-05,55.0
2012-06-06,55.25
2012-06-07,57.25
2012-06-08,58.0
2012-06-11,62.65
2012-06-12,62.0
2012-06-13,61.0
2012-06-14,60.0
2012-06-15,60.5
2012-06-18,61.25
2012-06-19,60.5
2012-06-20,59.9
2012-06-21,59.75
2012-06-22,59.9
2012-06-25,59.8
2012-06-26,59.65
2012-06-27,60.1
2012-06-28,60.0
2012-06-29,61.25
2012-07-02,61.4
2012-07-03,61.0
2012-07-04,60.9
2012-07-05,60.15
2012-07-06,59.9
2012-07-09,60.15
2012-07-10,60.5
2012-07-11,59.75
2012-07-12,59.7
2012-07-13,59.9
2012-07-16,60.0
2012-07-17,60.75
2012-07-18,61.4
2012-07-19,63.15
2012-07-20,63.1
2012-07-23,61.4
2012-07-24,60.3
2012-07-25,59.75
2012-07-26,60.0
2012-07-27,59.35
2012-07-30,59.75
2012-07-31,60.5
2012-08-01,61.35
2012-08-03,60.7
2012-08-06,60.65
2012-08-07,60.5
2012-08-08,60.4
2012-08-09,59.7
2012-08-10,59.6
2012-08-14,59.75
2012-08-15,59.5
2012-08-16,59.75
2012-08-17,60.15
2012-08-20,60.25
2012-08-21,60.0
2012-08-22,59.9
2012-08-23,62.35
2012-08-24,64.35
2012-08-27,64.5
2012-08-28,63.25
2012-08-29,62.0
2012-08-30,61.35
2012-08-31,61.65
2012-09-03,61.35
2012-09-04,61.2
2012-09-05,62.1
2012-09-06,63.1
2012-09-07,63.2
2012-09-10,63.65
2012-09-11,63.6
2012-09-12,64.0
2012-09-13,63.65
2012-09-14,64.65
2012-09-17,64.4
2012-09-18,63.1
2012-09-19,62.8
2012-09-20,63.35
2012-09-21,63.15
2012-09-24,62.2
2012-09-25,62.7
2012-09-26,63.35
2012-09-27,63.85
2012-09-28,64.65
2012-10-01,65.0
2012-10-02,65.75
2012-10-03,65.4
2012-10-04,65.25
2012-10-05,64.75
2012-10-08,63.25
2012-10-09,61.75
2012-10-10,60.0
2012-10-11,58.2
2012-10-12,57.9
2012-10-15,57.7
2012-10-16,58.9
2012-10-17,61.4
2012-10-18,62.25
2012-10-19,62.0
2012-10-22,61.5
2012-10-24,62.1
2012-10-25,61.35
2012-10-26,59.85
2012-10-29,60.25
2012-10-30,60.15
2012-10-31,61.0
2012-11-01,61.1
2012-11-02,61.5
2012-11-05,62.25
2012-11-06,61.9
2012-11-07,61.85
2012-11-08,61.9
2012-11-09,61.25
2012-11-12,61.6
2012-11-13,61.75
2012-11-14,62.1
2012-11-15,61.35
2012-11-16,60.75
2012-11-19,60.1
2012-11-20,60.2
2012-11-21,60.0
2012-11-22,61.0
2012-11-23,61.9
2012-11-26,63.4
2012-11-27,63.75
2012-11-28,64.1
2012-11-29,63.6
2012-11-30,61.0
2012-12-03,62.0
2012-12-04,62.65
2012-12-06,61.9
2012-12-07,62.15
2012-12-11,62.65
2012-12-12,63.4
2012-12-13,64.3
2012-12-14,64.9
2012-12-17,64.5
2012-12-18,64.25
2012-12-19,66.7
2012-12-20,67.85
2012-12-21,67.9
2012-12-24,67.75
2012-12-25,67.9
2012-12-26,67.9
2012-12-27,67.25
2012-12-28,66.25
2013-01-02,66.75
2013-01-03,67.25
2013-01-04,66.4
2013-01-07,66.4
2013-01-08,67.2
2013-01-09,67.8
2013-01-10,66.7
2013-01-11,66.5
2013-01-14,66.2
2013-01-15,68.0
2013-01-16,68.4
2013-01-17,68.0
2013-01-18,69.25
2013-01-21,70.5
2013-01-22,70.35
2013-01-23,69.85
2013-01-24,71.15
2013-01-25,70.5
2013-01-28,71.25
2013-01-29,70.6
2013-01-30,70.2
2013-01-31,70.1
2013-02-01,69.9
2013-02-04,70.1
2013-02-05,70.5
2013-02-06,71.5
2013-02-07,70.8
2013-02-08,70.0
2013-02-11,69.65
2013-02-12,69.7
2013-02-13,70.75
2013-02-14,71.0
2013-02-15,70.6
2013-02-18,72.75
2013-02-19,76.0
2013-02-20,75.2
2013-02-21,73.75
2013-02-22,73.4
2013-02-26,73.4
2013-02-27,73.4
2013-02-28,73.15
2013-03-01,73.6
2013-03-04,74.25
2013-03-05,77.75
2013-03-06,79.35
2013-03-07,78.4
2013-03-08,78.75
2013-03-11,79.1
2013-03-12,80.15
2013-03-13,79.2
2013-03-14,79.85
2013-03-15,79.9
2013-03-18,78.5
2013-03-19,76.6
2013-03-20,75.5
2013-03-21,75.65
2013-03-22,75.1
2013-03-25,75.6
2013-03-26,75.9
2013-03-27,76.5
2013-03-28,76.5
2013-03-29,76.25
2013-04-01,75.85
2013-04-02,74.35
2013-04-03,73.0
2013-04-04,72.25
2013-04-05,71.6
2013-04-09,70.6
2013-04-10,71.6
2013-04-11,74.15
2013-04-12,73.15
2013-04-17,73.25
2013-04-18,73.5
2013-04-19,73.6
2013-04-22,75.0
2013-04-23,75.25
2013-04-24,76.75
2013-04-25,78.35
2013-04-26,81.3
2013-04-29,80.1
2013-04-30,80.5
2013-05-02,80.3
2013-05-03,80.4
2013-05-07,79.8
2013-05-08,81.0
2013-05-09,82.1
2013-05-10,81.15
2013-05-13,79.5
2013-05-14,80.6
2013-05-15,80.9
2013-05-16,78.75
2013-05-17,79.0
2013-05-20,80.65
2013-05-21,80.85
2013-05-22,81.15
2013-05-23,79.9
2013-05-27,79.9
2013-05-28,79.5
2013-05-29,78.0
2013-05-30,76.5
2013-05-31,76.65
2013-06-03,75.5
2013-06-04,74.5
2013-06-05,73.5
2013-06-06,71.6
2013-06-07,70.1
2013-06-10,71.5
2013-06-11,69.25
2013-06-12,66.85
2013-06-13,65.5
2013-06-14,68.6
2013-06-17,68.5
2013-06-18,66.6
2013-06-19,66.0
2013-06-20,63.0
2013-06-21,62.85
2013-06-24,63.5
2013-06-25,60.0
2013-06-26,62.75
2013-06-27,62.25
2013-06-28,62.0
2013-07-02,63.0
2013-07-03,62.85
2013-07-04,60.0
2013-07-05,58.6
2013-07-08,57.5
2013-07-09,57.0
2013-07-10,56.5
2013-07-11,58.8
2013-07-12,60.0
2013-07-15,59.6
2013-07-16,57.75
2013-07-17,57.6
2013-07-18,58.25
2013-07-19,57.9
2013-07-23,59.15
2013-07-24,59.5
2013-07-25,57.9
2013-07-26,56.6
2013-07-29,56.0
2013-07-30,55.9
2013-07-31,56.0
2013-08-01,57.3
2013-08-02,56.6
2013-08-05,55.15
2013-08-06,55.1
2013-08-07,55.4
2013-08-08,57.25
2013-08-09,56.5
2013-08-13,55.5
2013-08-14,53.85
2013-08-15,52.25
2013-08-16,52.5
2013-08-19,51.6
2013-08-20,49.25
2013-08-21,48.25
2013-08-22,47.6
2013-08-23,49.4
2013-08-26,48.75
2013-08-27,45.7
2013-08-28,42.5
2013-08-29,44.1
2013-08-30,46.0
2013-09-02,47.2
2013-09-03,48.6
2013-09-04,47.85
2013-09-05,48.8
2013-09-06,49.0
2013-09-09,49.6
2013-09-10,50.1
2013-09-11,50.5
2013-09-12,53.25
2013-09-13,53.1
2013-09-16,55.75
2013-09-17,55.75
2013-09-18,55.6
2013-09-19,58.5
2013-09-20,58.25
2013-09-23,55.1
2013-09-24,53.25
2013-09-25,52.35
2013-09-26,51.1
2013-09-27,50.75
2013-09-30,48.65
2013-10-01,47.8
2013-10-02,49.85
2013-10-03,52.65
2013-10-04,53.6
2013-10-07,52.7
2013-10-08,53.2
2013-10-09,55.25
2013-10-10,55.65
2013-10-11,56.0
2013-10-14,55.35
2013-10-15,55.85
2013-10-16,55.25
2013-10-17,56.0
2013-10-18,59.1
2013-10-21,60.4
2013-10-22,56.5
2013-10-24,56.75
2013-10-25,55.85
2013-10-28,54.5
2013-10-29,53.5
2013-10-30,53.25
2013-10-31,52.65
2013-11-01,53.25
2013-11-04,52.75
2013-11-05,52.25
2013-11-06,53.25
2013-11-07,55.0
2013-11-08,54.0
2013-11-11,54.85
2013-11-12,57.4
2013-11-13,56.5
2013-11-14,55.9
2013-11-15,57.15
2013-11-18,57.4
2013-11-19,56.15
2013-11-20,54.75
2013-11-21,53.1
2013-11-22,52.5
2013-11-25,52.1
2013-11-26,53.75
2013-11-27,54.4
2013-11-28,54.15
2013-11-29,53.75
2013-12-02,53.25
2013-12-03,52.65
2013-12-04,52.6
2013-12-06,52.6
2013-12-09,52.6
2013-12-11,52.4
2013-12-12,51.35
2013-12-13,50.9
2013-12-16,51.2
2013-12-17,51.6
2013-12-18,51.1
2013-12-19,51.1
2013-12-20,51.0
2013-12-23,50.9
2013-12-24,50.5
2013-12-25,50.85
2013-12-26,50.3
2013-12-27,48.6
2014-01-02,46.5
2014-01-03,44.5
2014-01-06,44.65
2014-01-07,46.75
2014-01-08,47.5
2014-01-09,47.75
2014-01-10,47.1
2014-01-13,48.1
2014-01-14,47.5
2014-01-15,46.4
2014-01-16,46.15
2014-01-17,46.5
2014-01-20,47.15
2014-01-21,46.5
2014-01-22,46.15
2014-01-23,45.5
2014-01-24,45.4
2014-01-27,44.1
2014-01-28,44.2
2014-01-29,44.9
2014-01-30,44.5
2014-01-31,44.75
2014-02-03,45.0
2014-02-04,44.65
2014-02-05,45.2
2014-02-06,46.4
2014-02-07,47.15
2014-02-10,46.75
2014-02-11,46.25
2014-02-12,46.35
2014-02-13,46.65
2014-02-17,46.65
2014-02-18,46.65
2014-02-19,46.9
2014-02-20,46.4
2014-02-21,45.75
2014-02-24,46.25
2014-02-25,46.4
2014-02-26,46.9
2014-02-27,47.6
2014-02-28,47.85
2014-03-03,49.65
2014-03-04,49.5
2014-03-05,50.25
2014-03-06,50.3
2014-03-07,50.25
2014-03-10,50.9
2014-03-11,52.4
2014-03-12,52.6
2014-03-13,52.5
2014-03-14,54.15
2014-03-17,54.6
2014-03-18,53.0
2014-03-19,52.25
2014-03-20,51.8
2014-03-21,51.85
2014-03-24,52.4
2014-03-25,51.65
2014-03-26,51.3
2014-03-27,51.15
2014-03-28,51.25
2014-03-31,52.0
2014-04-01,52.35
2014-04-02,53.5
2014-04-03,53.5
2014-04-04,54.5
2014-04-08,54.25
2014-04-09,52.9
2014-04-10,52.65
2014-04-11,52.75
2014-04-16,52.15
2014-04-17,51.85
2014-04-18,52.35
2014-04-21,52.5
2014-04-22,52.5
2014-04-23,52.0
2014-04-24,51.5
2014-04-25,50.5
2014-04-28,49.7
2014-04-29,50.65
2014-04-30,50.65
2014-05-02,50.25
2014-05-06,50.4
2014-05-07,49.75
2014-05-08,49.9
2014-05-09,50.0
2014-05-12,50.1
2014-05-14,50.2
2014-05-15,50.35
2014-05-16,50.25
2014-05-19,51.1
2014-05-20,51.6
2014-05-21,52.3
2014-05-22,52.7
2014-05-23,52.0
2014-05-26,51.5
2014-05-27,53.6
2014-05-28,56.0
2014-05-29,57.5
2014-05-30,57.25
2014-06-02,58.5
2014-06-03,58.5
2014-06-04,57.0
2014-06-05,57.9
2014-06-06,58.0
2014-06-09,57.75
2014-06-10,57.9
2014-06-11,58.35
2014-06-12,58.0
2014-06-13,58.1
2014-06-16,57.85
2014-06-17,57.8
2014-06-18,57.4
2014-06-19,56.75
2014-06-20,56.4
2014-06-23,57.4
2014-06-24,57.4
2014-06-25,57.25
2014-06-26,56.9
2014-06-27,57.15
2014-06-30,57.5
2014-07-02,56.5
2014-07-03,56.5
2014-07-04,57.9
2014-07-07,58.75
2014-07-08,59.9
2014-07-09,60.3
2014-07-10,60.0
2014-07-14,59.6
2014-07-15,59.2
2014-07-16,59.65
2014-07-17,59.5
2014-07-18,58.9
2014-07-21,58.5
2014-07-22,58.65
2014-07-23,59.4
2014-07-24,59.6
2014-07-25,58.5
2014-07-28,58.65
2014-07-29,58.8
2014-07-30,59.0
2014-07-31,58.9
2014-08-01,57.9
2014-08-04,57.6
2014-08-05,58.0
2014-08-06,58.0
2014-08-07,58.0
2014-08-08,57.4
2014-08-13,57.1
2014-08-14,58.0
2014-08-15,58.0
2014-08-18,58.0
2014-08-19,57.65
2014-08-20,57.5
2014-08-21,57.65
2014-08-22,58.25
2014-08-25,58.75
2014-08-26,58.9
2014-08-27,58.5
2014-08-28,57.7
2014-08-29,56.75
2014-09-01,57.0
2014-09-02,56.3
2014-09-03,55.8
2014-09-04,56.5
2014-09-05,56.9
2014-09-08,56.9
2014-09-09,56.6
2014-09-10,55.7
2014-09-11,55.1
2014-09-12,54.85
2014-09-15,54.1
2014-09-16,53.5
2014-09-17,53.0
2014-09-18,52.7
2014-09-19,52.6
2014-09-22,52.5
2014-09-23,52.2
2014-09-24,52.5
2014-09-25,53.9
2014-09-26,54.65
2014-09-29,53.85
2014-09-30,52.8
2014-10-01,52.5
2014-10-02,51.25
2014-10-03,50.75
2014-10-06,50.4
2014-10-07,49.9
2014-10-08,49.7
2014-10-09,50.7
2014-10-10,51.2
2014-10-13,50.65
2014-10-14,50.9
2014-10-15,51.65
2014-10-16,51.65
2014-10-17,52.0
2014-10-20,52.1
2014-10-21,51.1
2014-10-22,50.5
2014-10-24,50.25
2014-10-27,50.2
2014-10-28,49.85
2014-10-29,49.9
2014-10-30,50.25
2014-10-31,51.0
2014-11-03,52.6
2014-11-04,53.65
2014-11-05,53.15
2014-11-06,52.5
2014-11-07,50.65
2014-11-10,49.15
2014-11-11,47.85
2014-11-12,47.56666666666667
2014-11-13,47.28333333333333
2014-11-14,47.0
2014-11-17,47.35
2014-11-18,47.733333333333334
2014-11-19,48.11666666666667
2014-11-20,48.5
2014-11-21,48.7
2014-11-24,48.9
2014-11-25,49.1
2014-11-26,49.3
2014-11-27,49.5
2014-11-28,49.1
2014-12-01,48.85
2014-12-02,49.1
2014-12-03,49.0
2014-12-04,48.5
2014-12-08,47.1
2014-12-09,44.9
2014-12-11,43.25
2014-12-12,43.0
2014-12-15,42.9
2014-12-16,42.85
2014-12-17,43.5
2014-12-18,44.35
2014-12-19,44.4
2014-12-22,44.7
2014-12-23,46.15
2014-12-24,47.3
2014-12-25,47.2
2014-12-26,46.85
2014-12-29,45.7
2014-12-30,45.0
2015-01-05,44.75
2015-01-06,44.5
2015-01-07,45.25
2015-01-08,46.5
2015-01-09,46.75
2015-01-12,47.0
2015-01-13,46.75
2015-01-14,47.0
2015-01-15,47.75
2015-01-16,47.6
2015-01-19,46.8
2015-01-20,45.8
2015-01-21,45.65
2015-01-22,46.25
2015-01-23,46.4
2015-01-26,45.4
2015-01-27,44.65
2015-01-28,44.9
2015-01-29,44.8
2015-01-30,44.9
2015-02-02,44.75
2015-02-03,45.6
2015-02-04,46.0
2015-02-05,45.8
2015-02-06,45.5
2015-02-09,45.25
2015-02-10,45.5
2015-02-11,45.9
2015-02-12,45.9
2015-02-13,45.4
2015-02-16,45.0
2015-02-17,44.75
2015-02-18,45.0
2015-02-19,45.15
2015-02-20,44.9
2015-02-23,46.9
2015-02-24,48.4
2015-02-25,48.65
2015-02-26,50.0
2015-02-27,51.1
2015-03-02,50.1
2015-03-03,48.9
2015-03-05,49.3
2015-03-06,49.5
2015-03-09,49.25
2015-03-10,48.0
2015-03-11,47.0
2015-03-12,47.1
2015-03-13,47.25
2015-03-16,47.0
2015-03-17,46.5
2015-03-18,46.65
2015-03-19,46.4
2015-03-20,46.3
2015-03-23,46.65
2015-03-24,46.15
2015-03-25,46.25
2015-03-26,46.3
2015-03-27,45.8
2015-03-30,45.65
2015-03-31,46.5
2015-04-01,47.2
2015-04-02,48.0
2015-04-03,48.4
2015-04-07,47.9
2015-04-08,47.5
2015-04-09,47.25
2015-04-10,47.35
2015-04-16,47.85
2015-04-17,47.7
2015-04-20,47.2
2015-04-21,47.75
2015-04-22,48.0
2015-04-23,47.65
2015-04-24,47.9
2015-04-27,48.25
2015-04-28,48.1
2015-04-29,47.5
2015-04-30,47.15
2015-05-04,46.8
2015-05-06,46.0
2015-05-07,44.65
2015-05-08,44.15
2015-05-11,44.0
2015-05-12,43.9
2015-05-13,44.3
2015-05-14,44.0
2015-05-15,44.9
2015-05-18,46.5
2015-05-19,47.25
2015-05-20,46.9
2015-05-21,46.5
2015-05-22,45.7
2015-05-25,45.65
2015-05-26,45.1
2015-05-27,44.9
2015-05-28,45.0
2015-05-29,44.9
2015-06-02,45.6
2015-06-03,46.35
2015-06-04,46.1
2015-06-05,46.0
2015-06-08,46.2
2015-06-09,45.6
2015-06-10,45.75
2015-06-11,46.85
2015-06-12,47.3
2015-06-15,46.35
2015-06-16,46.25
2015-06-17,47.25
2015-06-18,47.1
2015-06-19,46.0
2015-06-22,45.25
2015-06-23,45.35
2015-06-24,45.0
2015-06-25,44.9
2015-06-26,44.65
2015-06-29,44.35
2015-06-30,44.8
2015-07-02,44.9
2015-07-03,45.0
2015-07-06,44.65
2015-07-07,44.75
2015-07-08,44.5
2015-07-09,44.65
2015-07-10,44.75
2015-07-13,45.6
2015-07-14,45.9
2015-07-15,45.65
2015-07-16,45.5
2015-07-17,45.1
2015-07-20,44.65
2015-07-21,44.5
2015-07-22,43.75
2015-07-23,43.5
2015-07-24,43.1
2015-07-27,42.25
2015-07-28,41.75
2015-07-29,41.75
2015-07-31,42.25
2015-08-03,42.0
2015-08-04,41.6
2015-08-05,40.15
2015-08-06,39.8
2015-08-07,39.8
2015-08-10,39.65
2015-08-11,39.9
2015-08-13,39.9
2015-08-14,40.4
2015-08-17,40.5
2015-08-18,37.9
2015-08-19,38.9
2015-08-20,39.85
2015-08-21,39.5
2015-08-24,38.4
2015-08-25,39.0
2015-08-26,38.75
2015-08-27,39.25
2015-08-28,40.2
2015-08-31,40.6
2015-09-01,40.15
2015-09-02,39.75
2015-09-03,40.25
2015-09-04,40.0
2015-09-07,39.9
2015-09-08,39.8
2015-09-09,40.2
2015-09-10,39.75
2015-09-11,39.3
2015-09-14,38.65
2015-09-15,38.65
2015-09-16,39.4
2015-09-17,40.0
2015-09-18,40.0
2015-09-21,39.25
2015-09-22,38.85
2015-09-23,38.5
2015-09-24,38.5
2015-09-25,38.35
2015-09-28,38.0
2015-09-29,37.75
2015-09-30,38.0
2015-10-01,37.9
2015-10-02,37.65
2015-10-05,38.0
2015-10-06,38.15
2015-10-07,38.3
2015-10-08,38.8
2015-10-09,39.0
2015-10-12,38.6
2015-10-13,38.35
2015-10-14,38.1
2015-10-15,38.25
2015-10-16,38.85
2015-10-19,39.25
2015-10-20,39.35
2015-10-21,39.65
2015-10-22,40.0
2015-10-26,39.6
2015-10-27,39.2
2015-10-28,39.1
2015-10-29,38.75
2015-10-30,39.0
2015-11-02,39.5
2015-11-03,39.4
2015-11-04,39.5
2015-11-05,39.5
2015-11-06,40.1
2015-11-09,40.9
2015-11-10,40.65
2015-11-11,40.65
2015-11-12,40.35
2015-11-13,39.85
2015-11-16,39.6
2015-11-17,41.15
2015-11-18,41.1
2015-11-19,41.25
2015-11-20,42.15
2015-11-23,43.4
2015-11-24,43.8
2015-11-25,43.9
2015-11-26,43.7
2015-11-27,43.0
2015-11-30,43.4
2015-12-01,43.65
2015-12-02,43.0
2015-12-03,42.35
2015-12-04,42.1
2015-12-08,42.5
2015-12-09,42.7
2015-12-11,42.7
2015-12-14,41.3
2015-12-15,41.2
2015-12-16,41.35
2015-12-17,41.1
2015-12-18,41.0
2015-12-21,40.85
2015-12-22,40.6
2015-12-23,42.25
2015-12-24,42.25
2015-12-25,42.5
2015-12-28,42.9
2015-12-29,42.9
2015-12-30,43.35
2016-01-04,42.6
2016-01-05,41.6
2016-01-06,42.1
2016-01-07,42.1
2016-01-08,41.8
2016-01-11,42.0
2016-01-12,41.0
2016-01-13,41.4
2016-01-14,41.1
2016-01-15,40.5
2016-01-18,39.75
2016-01-19,40.4
2016-01-20,40.1
2016-01-21,39.5
2016-01-22,39.8
2016-01-25,39.4
2016-01-26,39.1
2016-01-27,39.25
2016-01-28,38.5
2016-01-29,38.35
2016-02-01,38.65
2016-02-02,38.75
2016-02-03,39.0
2016-02-04,38.65
2016-02-05,38.5
2016-02-08,39.25
2016-02-09,40.0
2016-02-10,39.65
2016-02-11,38.75
2016-02-12,38.5
2016-02-15,39.0
2016-02-16,38.85
2016-02-17,38.35
2016-02-18,38.5
2016-02-19,39.15
2016-02-23,39.35
2016-02-24,39.2
2016-02-25,40.0
2016-02-26,40.65
2016-02-29,41.4
2016-03-01,41.65
2016-03-02,42.25
2016-03-03,43.0
2016-03-04,42.25
2016-03-07,41.85
2016-03-08,40.9
2016-03-09,42.25
2016-03-10,42.75
2016-03-11,44.25
2016-03-14,45.6
2016-03-15,45.75
2016-03-16,48.15
2016-03-17,49.0
2016-03-18,49.1
2016-03-21,49.35
2016-03-22,49.25
2016-03-23,49.5
2016-03-24,49.0
2016-03-25,49.65
2016-03-28,49.5
2016-03-29,50.35
2016-03-30,50.4
2016-03-31,50.1
2016-04-01,50.65
2016-04-04,50.9
2016-04-05,51.35
2016-04-07,51.5
2016-04-08,51.8
2016-04-11,51.5
2016-04-12,51.35
2016-04-18,52.75
2016-04-19,54.5
2016-04-20,53.65
2016-04-21,54.25
2016-04-22,52.6
2016-04-25,51.7
2016-04-26,51.2
2016-04-27,50.9
2016-04-28,51.5
2016-04-29,51.75
2016-05-03,51.75
2016-05-04,52.4
2016-05-09,53.8
2016-05-10,54.25
2016-05-11,54.75
2016-05-12,55.6
2016-05-13,57.5
2016-05-16,58.25
2016-05-17,58.3
2016-05-18,58.0
2016-05-19,58.1
2016-05-23,58.0
2016-05-24,58.75
2016-05-25,59.0
2016-05-26,57.6
2016-05-27,57.25
2016-05-30,59.0
2016-05-31,58.15
2016-06-01,56.4
2016-06-02,56.6
2016-06-03,58.4
2016-06-06,58.85
2016-06-07,58.85
2016-06-08,59.1
2016-06-09,60.25
2016-06-10,61.5
2016-06-13,61.0
2016-06-14,61.9
2016-06-15,62.35
2016-06-16,62.75
2016-06-17,64.0
2016-06-20,66.5
2016-06-21,67.4
2016-06-22,66.8
2016-06-23,66.65
2016-06-24,66.4
2016-06-27,67.35
2016-06-28,67.25
2016-06-29,66.7
2016-06-30,67.65
2016-07-04,67.15
2016-07-05,66.25
2016-07-06,65.2
2016-07-07,64.7
2016-07-08,64.35
2016-07-11,63.6
2016-07-12,62.75
2016-07-13,63.65
2016-07-14,63.6
2016-07-15,63.35
2016-07-20,64.25
2016-07-21,65.25
2016-07-22,66.1
2016-07-25,66.75
2016-07-26,66.35
2016-07-27,66.75
2016-07-28,66.1
2016-07-29,66.0
2016-08-01,64.6
2016-08-02,63.25
2016-08-03,63.75
2016-08-04,64.0
2016-08-05,64.9
2016-08-08,65.9
2016-08-09,64.65
2016-08-10,65.0
2016-08-11,64.25
2016-08-15,64.6
2016-08-16,64.5
2016-08-17,63.5
2016-08-18,63.4
2016-08-19,65.75
2016-08-22,66.7
2016-08-23,66.0
2016-08-24,65.25
2016-08-25,65.0
2016-08-26,64.9
2016-08-29,64.15
2016-08-30,63.65
2016-08-31,63.9
2016-09-01,63.4
2016-09-02,62.5
2016-09-05,60.35
2016-09-06,58.0
2016-09-07,58.6
2016-09-08,58.25
2016-09-09,56.85
2016-09-12,54.0
2016-09-13,55.75
2016-09-14,56.5
2016-09-15,57.5
2016-09-16,59.35
2016-09-19,59.5
2016-09-20,59.25
2016-09-21,59.1
2016-09-22,60.15
2016-09-23,59.4
2016-09-26,58.4
2016-09-27,59.65
2016-09-28,59.85
2016-09-29,60.5
2016-09-30,60.4
2016-10-03,60.5
2016-10-04,60.75
2016-10-05,61.1
2016-10-06,60.4
2016-10-07,59.5
2016-10-10,53.35
2016-10-11,53.3
2016-10-12,51.3
2016-10-13,50.75
2016-10-14,55.25
2016-10-17,55.9
2016-10-18,55.75
2016-10-19,57.0
2016-10-20,58.15
2016-10-21,57.5
2016-10-25,58.5
2016-10-26,58.85
2016-10-27,58.65
2016-10-28,59.0
2016-10-31,58.6
2016-11-01,57.85
2016-11-02,57.5
2016-11-03,57.8
2016-11-04,57.5
2016-11-07,57.8
2016-11-08,58.5
2016-11-09,58.65
2016-11-10,58.7
2016-11-11,57.6
2016-11-14,57.15
2016-11-15,57.15
2016-11-16,55.5
2016-11-17,55.3
2016-11-18,56.6
2016-11-21,59.3
2016-11-22,63.25
2016-11-23,64.7
2016-11-24,63.85
2016-11-25,64.1
2016-11-28,65.3
2016-11-29,65.0
2016-11-30,65.25
2016-12-01,65.35
2016-12-02,63.5
2016-12-06,64.25
2016-12-07,65.75
2016-12-08,65.5
2016-12-09,65.1
2016-12-13,65.5
2016-12-14,65.0
2016-12-15,62.6
2016-12-16,62.25
2016-12-19,62.75
2016-12-20,62.9
2016-12-21,62.5
2016-12-22,61.2
2016-12-23,60.7
2016-12-26,62.5
2016-12-27,63.1
2016-12-28,63.15
2016-12-29,63.85
2016-12-30,64.35
2017-01-04,64.25
2017-01-05,64.0
2017-01-06,62.25
2017-01-09,61.15
2017-01-10,59.8
2017-01-11,59.1
2017-01-12,59.0
2017-01-16,59.5
2017-01-17,59.0
2017-01-18,58.8
2017-01-19,58.9
2017-01-20,58.9
2017-01-23,59.5
2017-01-24,59.75
2017-01-25,59.4
2017-01-26,59.0
2017-01-27,59.0
2017-01-30,58.15
2017-01-31,57.75
2017-02-01,58.4
2017-02-02,59.5
2017-02-03,59.15
2017-02-06,59.6
2017-02-07,60.0
2017-02-08,59.5
2017-02-09,59.9
2017-02-10,60.1
2017-02-14,59.6
2017-02-15,58.7
2017-02-16,58.75
2017-02-17,59.85
2017-02-20,60.4
2017-02-21,60.2
2017-02-22,60.75
2017-02-23,61.85
2017-02-24,61.65
2017-02-27,61.35
2017-02-28,61.35
2017-03-01,61.5
2017-03-02,61.35
2017-03-03,61.0
2017-03-06,60.2
2017-03-07,60.2
2017-03-08,59.6
2017-03-09,59.0
2017-03-10,59.75
2017-03-13,60.5
2017-03-14,61.1
2017-03-15,61.6
2017-03-16,62.4
2017-03-17,62.9
2017-03-20,63.0
2017-03-21,63.5
2017-03-22,63.75
2017-03-23,64.2
2017-03-24,64.0
2017-03-27,63.35
2017-03-28,63.85
2017-03-29,64.35
2017-03-30,64.25
2017-03-31,64.1
2017-04-03,64.0
2017-04-04,64.2
2017-04-05,64.35
2017-04-07,63.85
2017-04-10,62.5
2017-04-11,62.0
2017-04-12,62.25
2017-04-17,62.35
2017-04-18,62.1
2017-04-19,62.5
2017-04-20,63.3
2017-04-21,63.5
2017-04-24,63.0
2017-04-25,62.9
2017-04-26,63.0
2017-04-27,62.9
2017-04-28,62.65
2017-05-02,62.75
2017-05-03,62.8
2017-05-04,62.9
2017-05-08,63.0
2017-05-09,62.85
2017-05-11,62.0
2017-05-12,60.85
2017-05-15,58.6
2017-05-16,58.25
2017-05-17,58.5
2017-05-18,58.0
2017-05-19,57.5
2017-05-22,58.0
2017-05-23,58.75
2017-05-24,58.75
2017-05-25,59.0
2017-05-26,59.0
2017-05-29,58.75
2017-05-30,59.1
2017-05-31,59.35
2017-06-01,59.0
2017-06-02,59.0
2017-06-05,59.0
2017-06-06,58.65
2017-06-07,58.5
2017-06-08,58.25
2017-06-09,58.35
2017-06-12,58.25
2017-06-13,57.9
2017-06-14,57.4
2017-06-15,57.9
2017-06-16,58.4
2017-06-19,58.25
2017-06-20,58.15
2017-06-21,57.9
2017-06-22,57.5
2017-06-23,57.2
2017-06-26,57.35
2017-06-27,57.75
2017-06-28,58.2
2017-06-29,58.2
2017-06-30,58.35
2017-07-03,58.4
2017-07-04,58.5
2017-07-05,58.25
2017-07-06,57.75
2017-07-07,57.0
2017-07-11,56.5
2017-07-12,55.25
2017-07-13,55.25
2017-07-14,55.35
2017-07-17,55.2
2017-07-18,55.6
2017-07-19,56.0
2017-07-20,56.5
2017-07-21,57.0
2017-07-24,56.8
2017-07-25,56.35
2017-07-26,56.3
2017-07-27,57.3
2017-07-31,58.0
2017-08-01,57.15
2017-08-02,56.75
2017-08-03,56.25
2017-08-04,55.9
2017-08-07,56.0
2017-08-08,55.9
2017-08-09,55.8
2017-08-10,55.5
2017-08-11,55.1
2017-08-15,55.0
2017-08-16,54.4
2017-08-17,54.0
2017-08-18,53.9
2017-08-21,53.8
2017-08-22,54.0
2017-08-23,53.9
2017-08-24,53.8
2017-08-25,53.8
2017-08-28,54.5
2017-08-29,55.4
2017-08-30,56.4
2017-08-31,57.25
2017-09-01,57.15
2017-09-04,56.9
2017-09-05,57.25
2017-09-06,57.25
2017-09-07,57.75
2017-09-08,58.5
2017-09-11,59.75
2017-09-12,63.1
2017-09-13,63.35
2017-09-14,63.35
2017-09-15,63.4
2017-09-18,63.25
2017-09-19,63.25
2017-09-20,62.9
2017-09-21,62.8
2017-09-22,63.15
2017-09-25,63.2
2017-09-26,63.8
2017-09-27,63.9
2017-09-28,63.9
2017-09-29,64.15
2017-10-02,65.5
2017-10-03,65.1
2017-10-04,65.0
2017-10-05,64.6
2017-10-06,64.1
2017-10-09,64.0
2017-10-10,64.9
2017-10-11,68.0
2017-10-12,67.9
2017-10-16,70.0
2017-10-17,70.6
2017-10-18,70.25
2017-10-19,69.1
2017-10-20,69.75
2017-10-24,71.65
2017-10-25,73.0
2017-10-27,73.0
2017-10-30,74.0
2017-10-31,74.5
2017-11-01,74.0
2017-11-02,73.5
2017-11-03,71.25
2017-11-06,71.6
2017-11-07,73.4
2017-11-08,73.25
2017-11-09,73.0
2017-11-10,72.7
2017-11-13,73.0
2017-11-14,75.35
2017-11-15,75.9
2017-11-16,75.5
2017-11-17,76.65
2017-11-20,76.85
2017-11-21,77.0
2017-11-22,76.75
2017-11-23,75.85
2017-11-24,75.35
2017-11-27,74.6
2017-11-28,74.85
2017-11-29,75.9
2017-11-30,75.0
2017-12-01,74.0
2017-12-04,73.1
2017-12-06,72.6
2017-12-07,72.65
2017-12-08,73.5
2017-12-12,72.4
2017-12-13,72.85
2017-12-14,73.85
2017-12-15,74.1
2017-12-18,74.1
2017-12-19,73.9
2017-12-20,73.5
2017-12-21,73.65
2017-12-22,73.4
2017-12-25,72.75
2017-12-26,72.65
2017-12-27,73.15
2017-12-28,74.0
2017-12-29,73.6
