Date,TRUE
2008-01-02,3.3499999999999996
2008-01-03,3.3499999999999996
2008-01-04,3.3499999999999996
2008-01-07,3.3
2008-01-08,3.3
2008-01-09,3.4
2008-01-10,3.5
2008-01-11,3.6
2008-01-14,3.6500000000000004
2008-01-15,3.6
2008-01-16,3.3499999999999996
2008-01-17,3.4
2008-01-18,3.25
2008-01-21,3.2
2008-01-22,2.95
2008-01-23,3.0
2008-01-24,3.0
2008-01-25,3.1
2008-01-28,3.1
2008-01-29,3.1
2008-01-30,3.05
2008-01-31,3.1
2008-02-01,3.3499999999999996
2008-02-04,3.45
2008-02-05,3.4
2008-02-06,3.3
2008-02-07,3.3
2008-02-08,3.3499999999999996
2008-02-11,3.4
2008-02-12,3.5
2008-02-13,3.55
2008-02-14,3.55
2008-02-15,3.5
2008-02-18,3.5
2008-02-19,3.5
2008-02-20,3.5
2008-02-22,3.3
2008-02-25,3.3
2008-02-26,3.2
2008-02-27,3.1500000000000004
2008-02-28,3.1500000000000004
2008-02-29,3.2
2008-03-03,3.2
2008-03-04,3.2
2008-03-05,3.2
2008-03-06,3.1500000000000004
2008-03-07,3.1
2008-03-10,3.0
2008-03-11,3.0
2008-03-12,3.0
2008-03-13,2.95
2008-03-14,3.0
2008-03-17,2.9
2008-03-18,3.0
2008-03-19,2.95
2008-03-20,2.9
2008-03-21,3.0
2008-03-24,3.0
2008-03-25,3.0
2008-03-26,3.05
2008-03-27,3.05
2008-03-28,3.05
2008-03-31,3.0
2008-04-01,3.0
2008-04-02,3.0
2008-04-03,3.0
2008-04-04,3.0
2008-04-08,3.0
2008-04-09,3.1
2008-04-10,3.1
2008-04-11,3.1
2008-04-16,3.05
2008-04-17,3.1
2008-04-18,3.05
2008-04-21,3.05
2008-04-22,3.0
2008-04-23,3.0
2008-04-24,2.95
2008-04-25,2.95
2008-04-28,2.9
2008-04-29,2.9
2008-04-30,2.9
2008-05-02,2.9
2008-05-06,2.9
2008-05-07,2.9
2008-05-08,2.9
2008-05-09,2.9
2008-05-12,2.9
2008-05-13,2.8499999999999996
2008-05-14,2.8499999999999996
2008-05-15,2.9
2008-05-16,3.0
2008-05-20,3.0
2008-05-21,3.0
2008-05-22,2.95
2008-05-23,2.9
2008-05-26,2.8499999999999996
2008-05-27,2.8499999999999996
2008-05-28,2.7
2008-05-29,2.5
2008-05-30,2.4
2008-06-02,2.4
2008-06-03,2.4
2008-06-04,2.45
2008-06-05,2.45
2008-06-06,2.5
2008-06-09,2.45
2008-06-10,2.4
2008-06-11,2.3499999999999996
2008-06-12,2.3
2008-06-13,2.25
2008-06-16,2.25
2008-06-17,2.2
2008-06-18,2.2
2008-06-19,2.2
2008-06-20,2.25
2008-06-23,2.3499999999999996
2008-06-24,2.4
2008-06-25,2.4
2008-06-26,2.4
2008-06-27,2.3499999999999996
2008-06-30,2.4
2008-07-02,2.3499999999999996
2008-07-03,2.3
2008-07-04,2.3
2008-07-07,2.25
2008-07-08,2.25
2008-07-09,2.2
2008-07-10,2.2
2008-07-11,2.1500000000000004
2008-07-14,2.1
2008-07-15,2.0
2008-07-16,1.95
2008-07-18,1.85
2008-07-21,1.85
2008-07-22,1.85
2008-07-23,1.9
2008-07-24,1.9
2008-07-25,1.9
2008-07-28,1.9
2008-07-29,1.85
2008-07-30,1.85
2008-07-31,1.8
2008-08-01,1.8
2008-08-04,1.65
2008-08-05,1.6
2008-08-06,1.65
2008-08-07,1.65
2008-08-08,1.7
2008-08-11,1.75
2008-08-13,1.8
2008-08-14,1.8
2008-08-15,1.75
2008-08-18,1.7
2008-08-19,1.6
2008-08-20,1.55
2008-08-21,1.55
2008-08-22,1.5
2008-08-25,1.45
2008-08-26,1.4
2008-08-27,1.45
2008-08-28,1.5
2008-08-29,1.55
2008-09-01,1.55
2008-09-02,1.55
2008-09-03,1.6
2008-09-04,1.65
2008-09-05,1.6
2008-09-08,1.65
2008-09-09,1.6
2008-09-10,1.6
2008-09-11,1.6
2008-09-12,1.6
2008-09-15,1.6
2008-09-16,1.55
2008-09-17,1.6
2008-09-18,1.6
2008-09-19,1.6
2008-09-22,1.55
2008-09-23,1.55
2008-09-24,1.6
2008-09-25,1.6
2008-09-26,1.6
2008-09-29,1.65
2008-09-30,1.7000000000000002
2008-10-01,1.9500000000000002
2008-10-02,1.9500000000000002
2008-10-03,1.8
2008-10-06,1.75
2008-10-07,1.6
2008-10-08,1.45
2008-10-09,1.45
2008-10-10,1.35
2008-10-13,1.45
2008-10-14,1.6
2008-10-15,1.5
2008-10-16,1.45
2008-10-17,1.5
2008-10-20,1.55
2008-10-21,1.6
2008-10-22,1.6
2008-10-24,1.5
2008-10-27,1.2999999999999998
2008-10-28,1.15
2008-10-29,1.0
2008-10-30,0.95
2008-10-31,1.0
2008-11-03,1.15
2008-11-04,1.2
2008-11-05,1.1
2008-11-06,0.95
2008-11-07,1.0
2008-11-10,1.0
2008-11-11,0.95
2008-11-12,0.9
2008-11-13,0.9
2008-11-14,0.8500000000000001
2008-11-17,0.8
2008-11-18,0.75
2008-11-19,0.75
2008-11-20,0.7
2008-11-21,0.7
2008-11-24,0.7
2008-11-25,0.7
2008-11-26,0.7
2008-11-27,0.7
2008-11-28,0.7
2008-12-01,0.7
2008-12-02,0.7
2008-12-03,0.7
2008-12-04,0.7
2008-12-08,0.7
2008-12-09,0.75
2008-12-11,0.8
2008-12-12,0.8
2008-12-15,0.8
2008-12-16,0.8
2008-12-17,0.8500000000000001
2008-12-18,0.9
2008-12-19,0.9
2008-12-22,0.8500000000000001
2008-12-23,0.8
2008-12-24,0.95
2008-12-25,1.05
2008-12-26,1.1
2008-12-29,1.1
2008-12-30,1.1
2009-01-02,1.1
2009-01-05,1.1
2009-01-06,1.05
2009-01-07,1.05
2009-01-08,1.1
2009-01-09,1.1
2009-01-12,1.1
2009-01-13,1.1
2009-01-14,1.1
2009-01-15,1.05
2009-01-16,1.1
2009-01-19,1.1
2009-01-20,1.15
2009-01-21,1.15
2009-01-22,1.1
2009-01-23,1.1
2009-01-26,1.1
2009-01-27,1.1
2009-01-28,1.1
2009-01-29,1.1
2009-01-30,1.1
2009-02-02,1.1
2009-02-03,1.1
2009-02-04,1.1
2009-02-05,1.1
2009-02-06,1.1
2009-02-10,1.1
2009-02-11,1.1
2009-02-12,1.1
2009-02-13,1.1
2009-02-16,1.1
2009-02-17,1.1
2009-02-18,1.1
2009-02-19,1.1
2009-02-20,1.1
2009-02-23,1.05
2009-02-24,0.95
2009-02-25,0.9
2009-02-26,0.9
2009-02-27,0.9
2009-03-02,0.8500000000000001
2009-03-03,0.8
2009-03-04,0.8
2009-03-05,0.8
2009-03-06,0.8
2009-03-09,0.8
2009-03-10,0.8
2009-03-11,0.8
2009-03-12,0.8500000000000001
2009-03-13,0.9
2009-03-16,0.8500000000000001
2009-03-17,0.8
2009-03-18,0.8500000000000001
2009-03-19,0.8
2009-03-20,0.8
2009-03-23,0.8
2009-03-24,0.8
2009-03-25,0.8
2009-03-26,0.8
2009-03-27,0.8
2009-03-30,0.8
2009-03-31,0.8
2009-04-01,0.8
2009-04-02,0.8
2009-04-03,0.8
2009-04-07,0.8
2009-04-08,0.8
2009-04-09,0.8
2009-04-10,0.8
2009-04-16,0.8
2009-04-17,0.8
2009-04-20,0.8500000000000001
2009-04-21,0.9
2009-04-22,0.95
2009-04-23,0.9
2009-04-24,0.9
2009-04-27,0.9
2009-04-28,0.9
2009-04-29,1.0
2009-04-30,1.0
2009-05-04,1.0
2009-05-06,1.0
2009-05-07,1.0
2009-05-11,1.0
2009-05-12,1.0
2009-05-13,1.0
2009-05-14,0.95
2009-05-15,1.0
2009-05-18,0.9
2009-05-19,1.0
2009-05-20,1.05
2009-05-21,1.1
2009-05-22,1.05
2009-05-25,1.05
2009-05-26,1.1
2009-05-27,1.1
2009-05-28,1.1
2009-05-29,1.1
2009-06-01,1.1
2009-06-02,1.15
2009-06-03,1.15
2009-06-04,1.15
2009-06-05,1.25
2009-06-08,1.3
2009-06-09,1.4
2009-06-10,1.35
2009-06-11,1.3
2009-06-12,1.3
2009-06-15,1.3
2009-06-16,1.3
2009-06-17,1.3
2009-06-18,1.3
2009-06-19,1.35
2009-06-22,1.45
2009-06-23,1.45
2009-06-24,1.5
2009-06-25,1.5
2009-06-26,1.45
2009-06-29,1.4
2009-06-30,1.4
2009-07-02,1.35
2009-07-03,1.3
2009-07-06,1.3
2009-07-08,1.3
2009-07-09,1.25
2009-07-10,1.2
2009-07-13,1.2
2009-07-14,1.2
2009-07-15,1.25
2009-07-16,1.25
2009-07-17,1.3
2009-07-20,1.3
2009-07-21,1.3
2009-07-22,1.3
2009-07-23,1.3
2009-07-24,1.3
2009-07-27,1.3
2009-07-28,1.3
2009-07-29,1.3
2009-07-30,1.3
2009-07-31,1.3
2009-08-03,1.3
2009-08-04,1.3
2009-08-05,1.3
2009-08-06,1.3
2009-08-07,1.3
2009-08-10,1.3
2009-08-11,1.3
2009-08-13,1.35
2009-08-14,1.4
2009-08-17,1.35
2009-08-18,1.4
2009-08-19,1.4
2009-08-20,1.4
2009-08-21,1.4
2009-08-24,1.4
2009-08-25,1.4
2009-08-26,1.5
2009-08-27,1.45
2009-08-28,1.45
2009-08-31,1.4
2009-09-01,1.4
2009-09-02,1.4
2009-09-03,1.55
2009-09-04,1.75
2009-09-07,1.8
2009-09-08,1.75
2009-09-09,1.7
2009-09-10,1.7999999999999998
2009-09-11,1.9
2009-09-14,1.85
2009-09-15,1.9
2009-09-16,1.9
2009-09-17,1.9
2009-09-18,1.9
2009-09-21,1.95
2009-09-22,2.0
2009-09-23,2.1
2009-09-24,2.05
2009-09-25,2.0
2009-09-28,1.9
2009-09-29,1.9
2009-09-30,1.9
2009-10-01,1.95
2009-10-02,1.95
2009-10-05,1.9
2009-10-06,1.95
2009-10-07,2.0
2009-10-08,2.0
2009-10-09,2.1
2009-10-12,2.1500000000000004
2009-10-13,2.1500000000000004
2009-10-14,2.1
2009-10-15,1.95
2009-10-16,1.95
2009-10-19,2.05
2009-10-20,2.2
2009-10-21,2.1500000000000004
2009-10-22,2.1
2009-10-26,2.1500000000000004
2009-10-27,2.1500000000000004
2009-10-28,2.1500000000000004
2009-10-29,2.1
2009-10-30,2.05
2009-11-02,2.0
2009-11-03,2.0
2009-11-04,2.1
2009-11-05,2.1
2009-11-06,2.1
2009-11-09,2.1
2009-11-10,2.1
2009-11-11,2.1500000000000004
2009-11-12,2.2
2009-11-13,2.1500000000000004
2009-11-16,2.1
2009-11-17,2.1
2009-11-18,2.05
2009-11-19,2.0
2009-11-20,1.95
2009-11-23,1.9
2009-11-24,1.75
2009-11-25,1.8
2009-11-26,1.8
2009-11-27,1.7
2009-11-30,1.7
2009-12-01,1.75
2009-12-02,1.75
2009-12-03,1.8
2009-12-04,1.8
2009-12-08,1.8
2009-12-09,1.8
2009-12-11,1.8
2009-12-14,1.8
2009-12-15,1.8
2009-12-16,1.85
2009-12-17,1.85
2009-12-18,1.8
2009-12-21,1.8
2009-12-22,1.8
2009-12-23,1.8
2009-12-24,1.8
2009-12-25,1.8
2009-12-28,1.8
2009-12-29,1.8
2009-12-30,1.8
2010-01-04,1.8
2010-01-05,1.8
2010-01-06,1.8
2010-01-07,1.8
2010-01-08,1.8
2010-01-11,1.8
2010-01-12,1.85
2010-01-13,1.9
2010-01-14,2.0
2010-01-15,1.95
2010-01-18,1.95
2010-01-19,1.95
2010-01-20,1.9
2010-01-21,1.9
2010-01-22,1.8
2010-01-25,1.8
2010-01-26,1.75
2010-01-27,1.7
2010-01-28,1.7
2010-01-29,1.7
2010-02-01,1.7
2010-02-02,1.75
2010-02-03,1.8
2010-02-04,1.8
2010-02-05,1.7
2010-02-08,1.7
2010-02-09,1.65
2010-02-10,1.65
2010-02-11,1.7
2010-02-12,1.7
2010-02-15,1.65
2010-02-16,1.6
2010-02-17,1.7
2010-02-18,1.7
2010-02-19,1.7
2010-02-22,1.7
2010-02-23,1.75
2010-02-24,1.7
2010-02-25,1.7
2010-02-26,1.7
2010-03-02,1.7
2010-03-03,1.7
2010-03-04,1.7
2010-03-05,1.65
2010-03-08,1.6
2010-03-09,1.6
2010-03-10,1.6
2010-03-11,1.6
2010-03-12,1.6
2010-03-15,1.6
2010-03-16,1.65
2010-03-17,1.75
2010-03-18,1.8
2010-03-19,1.8
2010-03-22,1.75
2010-03-23,1.8
2010-03-24,1.8
2010-03-25,1.85
2010-03-26,1.85
2010-03-29,1.8
2010-03-30,1.8
2010-03-31,1.8
2010-04-01,1.8
2010-04-02,1.8
2010-04-05,1.8
2010-04-07,1.8
2010-04-08,1.75
2010-04-09,1.7
2010-04-12,1.65
2010-04-16,1.65
2010-04-19,1.6
2010-04-20,1.65
2010-04-21,1.6
2010-04-22,1.6
2010-04-23,1.6
2010-04-26,1.6
2010-04-27,1.6
2010-04-28,1.6
2010-04-29,1.6
2010-04-30,1.6
2010-05-04,1.65
2010-05-06,1.65
2010-05-07,1.6
2010-05-10,1.6
2010-05-11,1.65
2010-05-12,1.6
2010-05-13,1.6
2010-05-14,1.6
2010-05-17,1.6
2010-05-18,1.6
2010-05-19,1.6
2010-05-20,1.6
2010-05-21,1.6
2010-05-24,1.6
2010-05-25,1.5
2010-05-26,1.5
2010-05-27,1.5
2010-05-31,1.55
2010-06-01,1.6
2010-06-02,1.6
2010-06-03,1.6
2010-06-04,1.65
2010-06-07,1.65
2010-06-08,1.75
2010-06-09,1.7
2010-06-10,1.7
2010-06-11,1.75
2010-06-14,1.85
2010-06-15,1.9
2010-06-16,1.9
2010-06-17,1.9
2010-06-18,1.9
2010-06-21,1.9
2010-06-22,1.9
2010-06-23,1.9
2010-06-24,1.9
2010-06-25,1.85
2010-06-28,1.9
2010-06-29,1.85
2010-06-30,1.85
2010-07-02,1.9
2010-07-05,1.95
2010-07-06,1.95
2010-07-07,2.0
2010-07-08,2.0
2010-07-09,1.95
2010-07-12,1.9
2010-07-13,1.85
2010-07-14,1.9
2010-07-15,1.9
2010-07-16,1.9
2010-07-19,1.95
2010-07-20,2.0
2010-07-21,2.1
2010-07-22,2.35
2010-07-23,2.55
2010-07-27,2.45
2010-07-28,2.5
2010-07-29,2.5
2010-07-30,2.6
2010-08-02,2.6500000000000004
2010-08-03,2.85
2010-08-04,3.0
2010-08-05,3.3
2010-08-06,3.75
2010-08-09,3.6
2010-08-10,3.5
2010-08-11,3.7
2010-08-16,3.6
2010-08-17,3.7
2010-08-18,3.6500000000000004
2010-08-19,3.7
2010-08-20,3.8
2010-08-23,3.8499999999999996
2010-08-24,3.95
2010-08-25,4.15
2010-08-26,4.3
2010-08-27,4.35
2010-08-30,4.4
2010-08-31,3.95
2010-09-01,3.75
2010-09-02,3.75
2010-09-03,3.9
2010-09-06,4.3
2010-09-07,4.5
2010-09-08,4.45
2010-09-09,4.35
2010-09-10,4.199999999999999
2010-09-13,4.15
2010-09-14,4.1
2010-09-15,4.0
2010-09-16,4.05
2010-09-17,3.0
2010-09-20,2.95
2010-09-21,2.9
2010-09-22,2.95
2010-09-23,2.55
2010-09-24,2.55
2010-09-27,2.7
2010-09-28,2.85
2010-09-29,3.05
2010-09-30,3.0
2010-10-01,3.05
2010-10-04,3.0
2010-10-05,2.9
2010-10-06,2.8499999999999996
2010-10-07,2.8
2010-10-08,2.75
2010-10-11,2.8499999999999996
2010-10-12,2.8499999999999996
2010-10-13,2.9
2010-10-14,2.9
2010-10-15,2.95
2010-10-18,2.8499999999999996
2010-10-19,2.8
2010-10-20,2.8
2010-10-21,2.8
2010-10-22,2.8
2010-10-26,2.8
2010-10-27,2.8
2010-10-28,2.8
2010-10-29,2.75
2010-11-01,2.75
2010-11-02,2.8499999999999996
2010-11-03,2.95
2010-11-04,2.95
2010-11-05,2.8499999999999996
2010-11-08,2.8
2010-11-09,2.8499999999999996
2010-11-10,2.9
2010-11-11,2.95
2010-11-12,2.95
2010-11-15,3.35
2010-11-16,3.45
2010-11-17,3.5
2010-11-18,3.45
2010-11-19,3.4
2010-11-22,3.5
2010-11-23,3.65
2010-11-24,3.8
2010-11-25,3.7
2010-11-26,3.5
2010-11-29,3.55
2010-11-30,3.6
2010-12-01,3.7
2010-12-02,3.7
2010-12-03,3.8
2010-12-07,3.8499999999999996
2010-12-08,3.75
2010-12-09,3.6500000000000004
2010-12-13,3.6
2010-12-14,3.7
2010-12-15,3.8
2010-12-16,3.95
2010-12-17,3.95
2010-12-20,3.8
2010-12-21,3.7
2010-12-22,3.7
2010-12-23,3.8
2010-12-24,3.95
2010-12-27,3.9
2010-12-28,4.0
2010-12-29,4.15
2010-12-30,4.25
2011-01-04,4.15
2011-01-05,4.15
2011-01-06,4.15
2011-01-07,3.85
2011-01-10,3.9499999999999997
2011-01-11,4.05
2011-01-12,4.05
2011-01-13,4.1
2011-01-14,4.1
2011-01-17,4.2
2011-01-18,4.15
2011-01-19,4.15
2011-01-20,4.1
2011-01-21,4.0
2011-01-24,3.85
2011-01-25,3.8
2011-01-26,3.95
2011-01-27,4.0
2011-01-28,4.05
2011-01-31,3.9
2011-02-01,3.8
2011-02-02,3.75
2011-02-03,3.8
2011-02-04,3.8
2011-02-07,3.8499999999999996
2011-02-08,3.95
2011-02-09,3.9
2011-02-10,3.75
2011-02-11,3.75
2011-02-14,3.75
2011-02-15,3.75
2011-02-16,3.85
2011-02-17,3.9
2011-02-18,3.8499999999999996
2011-02-21,3.8
2011-02-22,3.7
2011-02-23,3.7
2011-02-24,3.7
2011-02-25,3.7
2011-02-28,3.7
2011-03-01,3.7
2011-03-02,3.7
2011-03-03,3.7
2011-03-04,3.7
2011-03-07,3.7
2011-03-08,3.7
2011-03-09,3.75
2011-03-10,3.7
2011-03-11,3.75
2011-03-14,3.8
2011-03-15,3.75
2011-03-16,3.7
2011-03-17,3.7
2011-03-21,3.85
2011-03-22,4.0
2011-03-23,3.95
2011-03-24,3.8499999999999996
2011-03-25,3.7
2011-03-28,3.3499999999999996
2011-03-29,3.3
2011-03-30,3.4
2011-03-31,3.55
2011-04-01,3.6
2011-04-04,3.7
2011-04-05,3.7
2011-04-07,4.05
2011-04-08,4.25
2011-04-11,4.25
2011-04-12,4.25
2011-04-18,4.3
2011-04-19,4.35
2011-04-20,4.4
2011-04-21,4.45
2011-04-22,4.5
2011-04-25,4.45
2011-04-26,4.3
2011-04-27,4.35
2011-04-28,4.4
2011-04-29,4.4
2011-05-03,4.25
2011-05-04,4.2
2011-05-06,4.2
2011-05-09,4.15
2011-05-10,4.2
2011-05-11,4.2
2011-05-12,4.2
2011-05-13,4.2
2011-05-18,4.3
2011-05-19,4.3
2011-05-20,4.45
2011-05-23,4.25
2011-05-24,4.15
2011-05-25,4.0
2011-05-26,3.95
2011-05-27,3.9
2011-05-30,3.9
2011-05-31,3.9
2011-06-01,3.9
2011-06-02,3.9
2011-06-03,3.9
2011-06-06,3.9
2011-06-07,3.8499999999999996
2011-06-08,3.6500000000000004
2011-06-09,3.55
2011-06-10,3.45
2011-06-13,3.45
2011-06-14,3.5
2011-06-15,3.4
2011-06-16,3.4
2011-06-17,3.45
2011-06-20,3.4
2011-06-21,3.4
2011-06-22,3.4
2011-06-23,3.3499999999999996
2011-06-24,3.25
2011-06-27,3.1500000000000004
2011-06-28,3.1500000000000004
2011-06-29,3.2
2011-06-30,3.4
2011-07-04,3.4
2011-07-05,3.4
2011-07-06,3.3499999999999996
2011-07-07,3.3
2011-07-08,3.3
2011-07-11,3.3
2011-07-12,3.1500000000000004
2011-07-13,3.3
2011-07-14,3.3
2011-07-18,3.3
2011-07-19,3.3
2011-07-20,3.4
2011-07-21,3.5
2011-07-22,3.6
2011-07-25,3.6500000000000004
2011-07-26,3.7
2011-07-27,3.7
2011-07-28,3.6500000000000004
2011-07-29,3.55
2011-08-01,3.6
2011-08-02,3.6500000000000004
2011-08-03,3.6500000000000004
2011-08-04,3.6500000000000004
2011-08-05,3.5
2011-08-08,3.4
2011-08-09,3.3
2011-08-10,3.4
2011-08-11,3.4
2011-08-15,3.4
2011-08-16,3.3499999999999996
2011-08-17,3.5
2011-08-18,3.5
2011-08-19,3.4
2011-08-22,3.45
2011-08-23,3.5
2011-08-24,3.45
2011-08-25,3.4
2011-08-26,3.3
2011-08-29,3.4
2011-08-30,3.3499999999999996
2011-08-31,3.4
2011-09-01,3.4
2011-09-02,3.5
2011-09-05,3.45
2011-09-06,3.5
2011-09-07,3.6
2011-09-08,3.6
2011-09-09,3.55
2011-09-12,3.45
2011-09-13,3.4
2011-09-14,3.4
2011-09-15,3.4
2011-09-16,3.4
2011-09-19,3.4
2011-09-20,3.4
2011-09-21,3.4
2011-09-22,3.3
2011-09-23,3.2
2011-09-26,3.0
2011-09-27,2.95
2011-09-28,2.9
2011-09-29,2.8
2011-09-30,2.8
2011-10-03,2.55
2011-10-04,2.45
2011-10-05,2.45
2011-10-06,2.5
2011-10-07,2.5
2011-10-10,2.45
2011-10-11,2.5
2011-10-12,2.6
2011-10-13,2.6
2011-10-14,2.55
2011-10-17,2.6
2011-10-18,2.5
2011-10-19,2.45
2011-10-20,2.4
2011-10-21,2.4
2011-10-25,2.4
2011-10-26,2.4
2011-10-27,2.45
2011-10-28,2.45
2011-10-31,2.45
2011-11-01,2.45
2011-11-02,2.45
2011-11-03,2.5
2011-11-04,2.5
2011-11-07,2.5
2011-11-08,2.5
2011-11-09,2.5
2011-11-10,2.5
2011-11-11,2.5
2011-11-14,2.5
2011-11-15,2.5
2011-11-16,2.6500000000000004
2011-11-17,2.75
2011-11-18,2.7
2011-11-21,2.6500000000000004
2011-11-22,2.6
2011-11-23,2.6500000000000004
2011-11-24,2.7
2011-11-25,2.6500000000000004
2011-11-28,2.7
2011-11-29,2.7
2011-11-30,2.75
2011-12-01,2.8
2011-12-02,2.8
2011-12-06,2.8
2011-12-07,2.8499999999999996
2011-12-08,2.9
2011-12-09,2.8499999999999996
2011-12-13,2.75
2011-12-14,2.7
2011-12-15,2.6500000000000004
2011-12-16,2.75
2011-12-19,2.8
2011-12-20,2.8
2011-12-21,2.8499999999999996
2011-12-22,2.9
2011-12-23,2.8499999999999996
2011-12-26,2.8
2011-12-27,2.75
2011-12-28,2.75
2011-12-29,2.7
2011-12-30,2.7
2012-01-04,2.7
2012-01-05,2.7
2012-01-06,2.7
2012-01-09,2.7
2012-01-10,2.8499999999999996
2012-01-11,2.9
2012-01-12,2.8499999999999996
2012-01-13,2.8
2012-01-16,2.75
2012-01-17,2.8
2012-01-18,2.8
2012-01-19,2.8
2012-01-20,2.8
2012-01-23,2.8
2012-01-24,2.8
2012-01-25,2.8
2012-01-26,2.8
2012-01-27,2.8
2012-01-30,2.8
2012-01-31,2.8
2012-02-01,2.8
2012-02-02,2.8499999999999996
2012-02-03,2.8499999999999996
2012-02-06,2.9
2012-02-07,2.9
2012-02-08,2.95
2012-02-09,2.95
2012-02-10,2.9
2012-02-13,2.9
2012-02-14,2.9
2012-02-15,2.9
2012-02-16,2.8499999999999996
2012-02-17,2.8
2012-02-20,2.8
2012-02-21,2.8
2012-02-22,2.8
2012-02-23,2.8
2012-02-24,2.8
2012-02-27,2.8
2012-02-28,2.8
2012-02-29,2.8499999999999996
2012-03-01,2.9
2012-03-02,2.9
2012-03-05,2.9
2012-03-06,2.8499999999999996
2012-03-08,3.0
2012-03-09,3.1500000000000004
2012-03-12,3.2
2012-03-13,3.3
2012-03-14,3.3
2012-03-15,3.3499999999999996
2012-03-16,3.3499999999999996
2012-03-19,3.25
2012-03-20,3.2
2012-03-21,3.2
2012-03-22,3.2
2012-03-23,3.1500000000000004
2012-03-26,3.1500000000000004
2012-03-27,3.1500000000000004
2012-03-28,3.1
2012-03-29,3.1
2012-03-30,3.1500000000000004
2012-04-02,3.2
2012-04-03,3.2
2012-04-04,3.1500000000000004
2012-04-05,3.1
2012-04-10,3.1
2012-04-11,3.0
2012-04-12,3.1
2012-04-17,3.1
2012-04-18,3.1
2012-04-19,3.1
2012-04-20,3.1500000000000004
2012-04-23,3.2
2012-04-24,3.2
2012-04-25,3.25
2012-04-26,3.25
2012-04-27,3.2
2012-04-30,3.2
2012-05-02,3.25
2012-05-03,3.2
2012-05-04,3.2
2012-05-08,3.25
2012-05-09,3.3
2012-05-10,3.35
2012-05-11,3.4
2012-05-14,3.3499999999999996
2012-05-15,3.3
2012-05-16,3.25
2012-05-17,3.3499999999999996
2012-05-18,3.3
2012-05-21,3.3499999999999996
2012-05-22,3.4
2012-05-23,3.3499999999999996
2012-05-24,3.2
2012-05-25,3.1500000000000004
2012-05-28,3.2
2012-05-29,3.2
2012-05-30,3.2
2012-05-31,3.2
2012-06-01,3.2
2012-06-05,3.1
2012-06-06,3.0
2012-06-07,2.95
2012-06-08,2.95
2012-06-11,3.05
2012-06-12,3.0
2012-06-13,3.05
2012-06-14,3.1
2012-06-15,3.1
2012-06-18,3.1
2012-06-19,3.1
2012-06-20,3.2
2012-06-21,3.2
2012-06-22,3.1500000000000004
2012-06-25,3.2
2012-06-26,3.2
2012-06-27,3.25
2012-06-28,3.3
2012-06-29,3.3
2012-07-02,3.4
2012-07-03,3.4
2012-07-04,3.3499999999999996
2012-07-05,3.4
2012-07-06,3.4
2012-07-09,3.4
2012-07-10,3.4
2012-07-11,3.45
2012-07-12,3.45
2012-07-13,3.45
2012-07-16,3.45
2012-07-17,3.55
2012-07-18,3.55
2012-07-19,3.6
2012-07-20,3.6
2012-07-23,3.55
2012-07-24,3.55
2012-07-25,3.6
2012-07-26,3.5
2012-07-27,3.5
2012-07-30,3.5
2012-07-31,3.5
2012-08-01,3.5
2012-08-03,3.5
2012-08-06,3.5
2012-08-07,3.5
2012-08-08,3.5
2012-08-09,3.5
2012-08-10,3.5
2012-08-14,3.5
2012-08-15,3.55
2012-08-16,3.55
2012-08-17,3.6
2012-08-20,3.6
2012-08-21,3.6
2012-08-22,3.6
2012-08-23,3.6
2012-08-24,3.6
2012-08-27,3.55
2012-08-28,3.5
2012-08-29,3.5
2012-08-30,3.6
2012-08-31,3.6500000000000004
2012-09-03,3.85
2012-09-04,4.1
2012-09-05,4.1
2012-09-06,4.300000000000001
2012-09-07,4.4
2012-09-10,4.449999999999999
2012-09-11,4.55
2012-09-12,4.55
2012-09-13,4.699999999999999
2012-09-14,4.8
2012-09-17,4.699999999999999
2012-09-18,4.8
2012-09-19,4.8
2012-09-20,4.75
2012-09-21,4.9
2012-09-24,5.05
2012-09-25,5.1
2012-09-26,5.1
2012-09-27,5.15
2012-09-28,5.25
2012-10-01,5.4
2012-10-02,5.35
2012-10-03,5.300000000000001
2012-10-04,5.1
2012-10-05,4.8
2012-10-08,4.8
2012-10-09,4.9
2012-10-10,4.85
2012-10-11,4.8
2012-10-12,4.8
2012-10-15,4.8
2012-10-16,4.85
2012-10-17,4.85
2012-10-18,4.95
2012-10-19,4.9
2012-10-22,4.95
2012-10-24,4.85
2012-10-25,4.8
2012-10-26,4.699999999999999
2012-10-29,4.5
2012-10-30,4.35
2012-10-31,4.4
2012-11-01,4.300000000000001
2012-11-02,4.25
2012-11-05,4.15
2012-11-06,4.2
2012-11-07,4.2
2012-11-08,4.15
2012-11-09,4.1
2012-11-12,4.1
2012-11-13,4.25
2012-11-14,4.300000000000001
2012-11-15,4.2
2012-11-16,4.15
2012-11-19,4.2
2012-11-20,4.15
2012-11-21,4.05
2012-11-22,4.05
2012-11-23,4.15
2012-11-26,4.3
2012-11-27,4.35
2012-11-28,4.4
2012-11-29,4.35
2012-11-30,4.3
2012-12-03,4.4
2012-12-04,4.4
2012-12-06,4.4
2012-12-07,4.35
2012-12-11,4.35
2012-12-12,4.4
2012-12-13,4.35
2012-12-14,4.35
2012-12-17,4.35
2012-12-18,4.35
2012-12-19,4.3
2012-12-20,4.3
2012-12-21,4.3
2012-12-24,4.3
2012-12-25,4.449999999999999
2012-12-26,4.7
2012-12-27,4.65
2012-12-28,4.65
2013-01-02,4.7
2013-01-03,4.6
2013-01-04,4.5
2013-01-07,4.55
2013-01-08,4.6
2013-01-09,4.6
2013-01-10,4.55
2013-01-11,4.4
2013-01-14,4.5
2013-01-15,4.55
2013-01-16,4.45
2013-01-17,4.45
2013-01-18,4.65
2013-01-21,5.15
2013-01-22,5.15
2013-01-23,5.05
2013-01-24,5.1
2013-01-25,5.1
2013-01-28,5.35
2013-01-29,5.6
2013-01-30,5.85
2013-01-31,5.85
2013-02-01,5.800000000000001
2013-02-04,5.7
2013-02-05,5.75
2013-02-06,5.8
2013-02-07,5.8
2013-02-08,5.9
2013-02-11,6.1
2013-02-12,5.949999999999999
2013-02-13,5.800000000000001
2013-02-14,5.75
2013-02-15,5.7
2013-02-18,5.6
2013-02-19,5.55
2013-02-20,5.55
2013-02-21,5.5
2013-02-22,5.6
2013-02-26,5.6
2013-02-27,5.55
2013-02-28,5.75
2013-03-01,5.8
2013-03-04,5.8
2013-03-05,5.9
2013-03-06,6.1
2013-03-07,6.25
2013-03-08,6.4
2013-03-11,6.45
2013-03-12,6.45
2013-03-13,6.4
2013-03-14,6.4
2013-03-15,6.4
2013-03-18,6.6
2013-03-19,6.800000000000001
2013-03-20,6.7
2013-03-21,6.7
2013-03-22,6.550000000000001
2013-03-25,6.699999999999999
2013-03-26,6.800000000000001
2013-03-27,7.0
2013-03-28,7.0
2013-03-29,7.1
2013-04-01,7.0
2013-04-02,6.95
2013-04-03,6.75
2013-04-04,6.5
2013-04-05,6.65
2013-04-09,6.5
2013-04-10,6.4
2013-04-11,6.5
2013-04-12,6.699999999999999
2013-04-17,6.8
2013-04-18,6.9
2013-04-19,7.05
2013-04-22,7.15
2013-04-23,7.15
2013-04-24,7.05
2013-04-25,7.05
2013-04-26,7.15
2013-04-29,7.4
2013-04-30,7.35
2013-05-02,7.35
2013-05-03,7.4
2013-05-07,7.4
2013-05-08,7.65
2013-05-09,8.0
2013-05-10,7.95
2013-05-13,8.149999999999999
2013-05-14,8.0
2013-05-15,8.05
2013-05-16,8.2
2013-05-17,8.350000000000001
2013-05-20,8.8
2013-05-21,8.9
2013-05-22,8.75
2013-05-23,8.899999999999999
2013-05-27,9.149999999999999
2013-05-28,9.5
2013-05-29,9.6
2013-05-30,9.45
2013-05-31,9.6
2013-06-03,9.2
2013-06-04,9.0
2013-06-05,8.75
2013-06-06,8.0
2013-06-07,7.8500000000000005
2013-06-10,8.350000000000001
2013-06-11,7.95
2013-06-12,7.2
2013-06-13,6.2
2013-06-14,6.949999999999999
2013-06-17,7.05
2013-06-18,6.8
2013-06-19,6.5
2013-06-20,5.9
2013-06-21,5.75
2013-06-24,5.35
2013-06-25,5.449999999999999
2013-06-26,5.7
2013-06-27,5.85
2013-06-28,5.8
2013-07-02,5.85
2013-07-03,6.0
2013-07-04,6.1
2013-07-05,6.15
2013-07-08,6.3
2013-07-09,6.5
2013-07-10,6.3
2013-07-11,6.3
2013-07-12,6.5
2013-07-15,6.65
2013-07-16,6.9
2013-07-17,7.1
2013-07-18,7.4
2013-07-19,7.6
2013-07-23,7.85
2013-07-24,8.1
2013-07-25,7.85
2013-07-26,7.7
2013-07-29,7.4
2013-07-30,7.15
2013-07-31,6.9
2013-08-01,7.0
2013-08-02,6.9
2013-08-05,6.7
2013-08-06,6.65
2013-08-07,6.85
2013-08-08,7.1
2013-08-09,7.05
2013-08-13,7.2
2013-08-14,7.4
2013-08-15,7.6
2013-08-16,7.7
2013-08-19,7.4
2013-08-20,6.9
2013-08-21,7.050000000000001
2013-08-22,7.05
2013-08-23,6.9
2013-08-26,6.550000000000001
2013-08-27,6.1
2013-08-28,5.5
2013-08-29,5.5
2013-08-30,5.55
2013-09-02,5.9
2013-09-03,5.9
2013-09-04,5.6
2013-09-05,5.5
2013-09-06,5.699999999999999
2013-09-09,6.1
2013-09-10,6.2
2013-09-11,6.3
2013-09-12,6.3
2013-09-13,6.3
2013-09-16,6.9
2013-09-17,7.0
2013-09-18,7.15
2013-09-19,7.45
2013-09-20,7.4
2013-09-23,7.1
2013-09-24,6.75
2013-09-25,7.0
2013-09-26,7.0
2013-09-27,6.9
2013-09-30,6.7
2013-10-01,6.85
2013-10-02,7.0
2013-10-03,7.15
2013-10-04,7.300000000000001
2013-10-07,7.35
2013-10-08,7.25
2013-10-09,7.5
2013-10-10,7.85
2013-10-11,8.1
2013-10-14,7.9
2013-10-15,8.1
2013-10-16,8.1
2013-10-17,8.1
2013-10-18,8.35
2013-10-21,8.25
2013-10-22,8.0
2013-10-24,8.0
2013-10-25,7.85
2013-10-28,7.85
2013-10-29,7.9
2013-10-30,7.8
2013-10-31,7.550000000000001
2013-11-01,7.45
2013-11-04,6.95
2013-11-05,7.15
2013-11-06,7.25
2013-11-07,7.3
2013-11-08,7.1
2013-11-11,6.9
2013-11-12,7.15
2013-11-13,7.199999999999999
2013-11-14,7.35
2013-11-15,7.699999999999999
2013-11-18,7.9
2013-11-19,7.8
2013-11-20,7.800000000000001
2013-11-21,7.550000000000001
2013-11-22,7.5
2013-11-25,7.45
2013-11-26,7.6
2013-11-27,7.800000000000001
2013-11-28,7.800000000000001
2013-11-29,7.65
2013-12-02,7.5
2013-12-03,7.8
2013-12-04,7.85
2013-12-06,7.8
2013-12-09,7.85
2013-12-11,7.75
2013-12-12,7.45
2013-12-13,7.199999999999999
2013-12-16,7.25
2013-12-17,7.300000000000001
2013-12-18,7.3
2013-12-19,7.4
2013-12-20,7.4
2013-12-23,7.4
2013-12-24,7.25
2013-12-25,7.25
2013-12-26,7.05
2013-12-27,6.7
2014-01-02,6.2
2014-01-03,5.8
2014-01-06,5.9
2014-01-07,6.05
2014-01-08,6.0
2014-01-09,5.95
2014-01-10,5.9
2014-01-13,6.0
2014-01-14,6.449999999999999
2014-01-15,6.65
2014-01-16,6.85
2014-01-17,6.9
2014-01-20,6.75
2014-01-21,6.8
2014-01-22,6.75
2014-01-23,6.65
2014-01-24,6.5
2014-01-27,6.4
2014-01-28,6.300000000000001
2014-01-29,6.199999999999999
2014-01-30,6.1
2014-01-31,6.15
2014-02-03,6.35
2014-02-04,6.25
2014-02-05,6.25
2014-02-06,6.300000000000001
2014-02-07,6.35
2014-02-10,6.25
2014-02-11,6.2
2014-02-12,6.35
2014-02-13,6.300000000000001
2014-02-17,6.4
2014-02-18,6.45
2014-02-19,6.4
2014-02-20,6.300000000000001
2014-02-21,6.3
2014-02-24,6.3
2014-02-25,6.3
2014-02-26,6.3
2014-02-27,6.3
2014-02-28,6.3
2014-03-03,6.3
2014-03-04,6.3
2014-03-05,6.45
2014-03-06,6.449999999999999
2014-03-07,6.35
2014-03-10,6.4
2014-03-11,6.5
2014-03-12,6.45
2014-03-13,6.55
2014-03-14,6.45
2014-03-17,6.4
2014-03-18,6.35
2014-03-19,6.25
2014-03-20,6.15
2014-03-21,6.05
2014-03-24,5.9
2014-03-25,5.95
2014-03-26,6.1
2014-03-27,6.05
2014-03-28,6.1
2014-03-31,6.05
2014-04-01,6.05
2014-04-02,6.1
2014-04-03,6.05
2014-04-04,5.95
2014-04-08,5.85
2014-04-09,5.8
2014-04-10,5.8
2014-04-11,5.85
2014-04-16,5.95
2014-04-17,6.0
2014-04-18,6.0
2014-04-21,5.95
2014-04-22,6.0
2014-04-23,6.05
2014-04-24,6.05
2014-04-25,5.9
2014-04-28,5.8
2014-04-29,5.7
2014-04-30,5.8
2014-05-02,5.949999999999999
2014-05-06,5.949999999999999
2014-05-07,5.8
2014-05-08,5.8
2014-05-09,5.85
2014-05-12,5.9
2014-05-14,6.0
2014-05-15,5.949999999999999
2014-05-16,5.95
2014-05-19,5.9
2014-05-20,5.8
2014-05-21,5.85
2014-05-22,5.95
2014-05-23,5.85
2014-05-26,5.85
2014-05-27,5.949999999999999
2014-05-28,6.1
2014-05-29,6.0
2014-05-30,6.05
2014-06-02,6.35
2014-06-03,6.5
2014-06-04,6.35
2014-06-05,6.4
2014-06-06,6.35
2014-06-09,6.35
2014-06-10,6.6
2014-06-11,7.35
2014-06-12,7.4
2014-06-13,7.45
2014-06-16,7.5
2014-06-17,7.9
2014-06-18,8.149999999999999
2014-06-19,8.399999999999999
2014-06-20,8.6
2014-06-23,8.45
2014-06-24,8.2
2014-06-25,8.25
2014-06-26,8.25
2014-06-27,8.3
2014-06-30,8.3
2014-07-02,8.350000000000001
2014-07-03,8.4
2014-07-04,8.45
2014-07-07,8.55
2014-07-08,8.55
2014-07-09,8.6
2014-07-10,8.75
2014-07-14,9.2
2014-07-15,9.75
2014-07-16,9.8
2014-07-17,10.5
2014-07-18,10.85
2014-07-21,10.45
2014-07-22,10.15
2014-07-23,9.9
2014-07-24,10.0
2014-07-25,9.95
2014-07-28,10.0
2014-07-29,9.7
2014-07-30,9.5
2014-07-31,9.45
2014-08-01,9.05
2014-08-04,9.35
2014-08-05,10.0
2014-08-06,10.3
2014-08-07,10.4
2014-08-08,10.149999999999999
2014-08-13,10.2
2014-08-14,10.100000000000001
2014-08-15,10.0
2014-08-18,10.1
2014-08-19,10.1
2014-08-20,10.5
2014-08-21,10.5
2014-08-22,10.5
2014-08-25,10.649999999999999
2014-08-26,10.6
2014-08-27,10.5
2014-08-28,10.5
2014-08-29,10.95
2014-09-01,11.2
2014-09-02,11.1
2014-09-03,11.1
2014-09-04,10.95
2014-09-05,10.9
2014-09-08,11.0
2014-09-09,11.0
2014-09-10,11.35
2014-09-11,12.0
2014-09-12,12.25
2014-09-15,11.95
2014-09-16,12.2
2014-09-17,12.2
2014-09-18,12.35
2014-09-19,12.45
2014-09-22,12.3
2014-09-23,12.3
2014-09-24,11.95
2014-09-25,11.850000000000001
2014-09-26,12.05
2014-09-29,11.95
2014-09-30,11.7
2014-10-01,11.5
2014-10-02,11.25
2014-10-03,11.25
2014-10-06,10.850000000000001
2014-10-07,10.55
2014-10-08,10.6
2014-10-09,11.2
2014-10-10,11.149999999999999
2014-10-13,11.149999999999999
2014-10-14,11.1
2014-10-15,11.25
2014-10-16,11.1
2014-10-17,10.95
2014-10-20,10.8
2014-10-21,10.55
2014-10-22,10.55
2014-10-24,10.5
2014-10-27,10.7
2014-10-28,11.0
2014-10-29,11.2
2014-10-30,11.05
2014-10-31,11.35
2014-11-03,11.4
2014-11-04,11.3
2014-11-05,11.149999999999999
2014-11-06,10.85
2014-11-07,10.6
2014-11-10,10.6
2014-11-11,10.7
2014-11-12,11.0
2014-11-13,11.2
2014-11-14,11.25
2014-11-17,11.149999999999999
2014-11-18,11.2
2014-11-19,11.2
2014-11-20,11.05
2014-11-21,11.1
2014-11-24,11.2
2014-11-25,11.5
2014-11-26,11.6
2014-11-27,11.7
2014-11-28,11.850000000000001
2014-12-01,12.0
2014-12-02,12.3
2014-12-03,12.350000000000001
2014-12-04,12.45
2014-12-08,12.35
2014-12-09,12.350000000000001
2014-12-11,12.2
2014-12-12,11.75
2014-12-15,11.25
2014-12-16,11.15
2014-12-17,11.3
2014-12-18,11.5
2014-12-19,11.5
2014-12-22,11.5
2014-12-23,11.55
2014-12-24,11.6
2014-12-25,11.3
2014-12-26,10.95
2014-12-29,10.9
2014-12-30,10.9
2015-01-05,11.100000000000001
2015-01-06,11.2
2015-01-07,11.3
2015-01-08,11.25
2015-01-09,11.5
2015-01-12,11.9
2015-01-13,11.95
2015-01-14,11.95
2015-01-15,11.9
2015-01-16,11.850000000000001
2015-01-19,12.0
2015-01-20,12.149999999999999
2015-01-21,12.3
2015-01-22,12.55
2015-01-23,12.55
2015-01-26,12.85
2015-01-27,13.05
2015-01-28,13.0
2015-01-29,13.1
2015-01-30,13.3
2015-02-02,13.3
2015-02-03,13.4
2015-02-04,13.25
2015-02-05,13.35
2015-02-06,13.75
2015-02-09,13.850000000000001
2015-02-10,13.75
2015-02-11,13.7
2015-02-12,13.75
2015-02-13,13.75
2015-02-16,13.65
2015-02-17,13.4
2015-02-18,13.45
2015-02-19,13.6
2015-02-20,13.6
2015-02-23,13.5
2015-02-24,13.75
2015-02-25,14.05
2015-02-26,14.25
2015-02-27,14.45
2015-03-02,14.25
2015-03-03,13.85
2015-03-05,13.55
2015-03-06,13.55
2015-03-09,13.45
2015-03-10,13.15
2015-03-11,13.0
2015-03-12,13.3
2015-03-13,13.2
2015-03-16,12.65
2015-03-17,12.5
2015-03-18,12.55
2015-03-19,12.85
2015-03-20,12.649999999999999
2015-03-23,12.399999999999999
2015-03-24,12.2
2015-03-25,12.1
2015-03-26,11.850000000000001
2015-03-27,11.9
2015-03-30,12.149999999999999
2015-03-31,12.2
2015-04-01,12.45
2015-04-02,12.6
2015-04-03,12.55
2015-04-07,12.7
2015-04-08,12.850000000000001
2015-04-09,12.75
2015-04-10,12.7
2015-04-16,12.85
2015-04-17,13.05
2015-04-20,13.1
2015-04-21,13.2
2015-04-22,12.85
2015-04-23,12.45
2015-04-24,12.3
2015-04-27,12.45
2015-04-28,12.15
2015-04-29,11.95
2015-04-30,11.95
2015-05-04,11.9
2015-05-06,11.600000000000001
2015-05-07,10.95
2015-05-08,10.95
2015-05-11,11.05
2015-05-12,11.05
2015-05-13,11.05
2015-05-14,11.15
2015-05-15,11.45
2015-05-18,11.5
2015-05-19,11.75
2015-05-20,11.8
2015-05-21,11.75
2015-05-22,11.7
2015-05-25,11.55
2015-05-26,11.3
2015-05-27,11.25
2015-05-28,11.2
2015-05-29,11.25
2015-06-02,11.100000000000001
2015-06-03,11.15
2015-06-04,11.3
2015-06-05,11.4
2015-06-08,11.55
2015-06-09,11.5
2015-06-10,11.4
2015-06-11,11.5
2015-06-12,11.45
2015-06-15,11.25
2015-06-16,11.149999999999999
2015-06-17,11.3
2015-06-18,11.350000000000001
2015-06-19,11.3
2015-06-22,11.45
2015-06-23,11.55
2015-06-24,11.45
2015-06-25,11.3
2015-06-26,11.3
2015-06-29,11.149999999999999
2015-06-30,11.2
2015-07-02,11.149999999999999
2015-07-03,11.1
2015-07-06,11.1
2015-07-07,11.25
2015-07-08,11.25
2015-07-09,11.25
2015-07-10,11.3
2015-07-13,11.350000000000001
2015-07-14,11.4
2015-07-15,11.350000000000001
2015-07-16,11.350000000000001
2015-07-17,11.25
2015-07-20,11.2
2015-07-21,11.1
2015-07-22,11.05
2015-07-23,11.05
2015-07-24,11.0
2015-07-27,10.7
2015-07-28,10.55
2015-07-29,10.55
2015-07-31,10.55
2015-08-03,10.8
2015-08-04,10.9
2015-08-05,10.85
2015-08-06,10.7
2015-08-07,10.649999999999999
2015-08-10,10.649999999999999
2015-08-11,10.5
2015-08-13,10.25
2015-08-14,10.05
2015-08-17,9.9
2015-08-18,9.45
2015-08-19,9.6
2015-08-20,9.75
2015-08-21,9.649999999999999
2015-08-24,9.3
2015-08-25,9.2
2015-08-26,9.149999999999999
2015-08-27,9.5
2015-08-28,9.55
2015-08-31,9.5
2015-09-01,9.35
2015-09-02,9.25
2015-09-03,9.350000000000001
2015-09-04,9.350000000000001
2015-09-07,9.25
2015-09-08,9.4
2015-09-09,9.6
2015-09-10,9.5
2015-09-11,9.8
2015-09-14,10.0
2015-09-15,9.85
2015-09-16,9.850000000000001
2015-09-17,9.95
2015-09-18,9.95
2015-09-21,10.0
2015-09-22,9.95
2015-09-23,9.8
2015-09-24,9.600000000000001
2015-09-25,9.45
2015-09-28,9.4
2015-09-29,9.25
2015-09-30,9.45
2015-10-01,9.45
2015-10-02,9.4
2015-10-05,9.5
2015-10-06,9.55
2015-10-07,9.5
2015-10-08,9.6
2015-10-09,10.1
2015-10-12,10.3
2015-10-13,10.350000000000001
2015-10-14,10.3
2015-10-15,10.4
2015-10-16,10.35
2015-10-19,10.2
2015-10-20,10.149999999999999
2015-10-21,10.1
2015-10-22,10.2
2015-10-26,10.25
2015-10-27,10.25
2015-10-28,10.2
2015-10-29,10.0
2015-10-30,9.9
2015-11-02,10.0
2015-11-03,10.1
2015-11-04,10.05
2015-11-05,9.95
2015-11-06,10.05
2015-11-09,10.05
2015-11-10,10.0
2015-11-11,9.9
2015-11-12,9.2
2015-11-13,9.05
2015-11-16,9.15
2015-11-17,9.350000000000001
2015-11-18,9.2
2015-11-19,9.1
2015-11-20,9.05
2015-11-23,9.0
2015-11-24,8.7
2015-11-25,8.4
2015-11-26,8.35
2015-11-27,8.2
2015-11-30,8.3
2015-12-01,8.3
2015-12-02,8.1
2015-12-03,7.95
2015-12-04,7.95
2015-12-08,7.95
2015-12-09,7.95
2015-12-11,7.75
2015-12-14,7.15
2015-12-15,7.4
2015-12-16,7.5
2015-12-17,7.2
2015-12-18,7.1
2015-12-21,6.55
2015-12-22,6.6
2015-12-23,6.75
2015-12-24,6.8
2015-12-25,6.75
2015-12-28,6.7
2015-12-29,6.7
2015-12-30,6.65
2016-01-04,6.45
2016-01-05,5.95
2016-01-06,5.949999999999999
2016-01-07,5.85
2016-01-08,5.9
2016-01-11,5.8
2016-01-12,5.949999999999999
2016-01-13,6.5
2016-01-14,6.55
2016-01-15,6.449999999999999
2016-01-18,6.35
2016-01-19,6.55
2016-01-20,6.45
2016-01-21,6.4
2016-01-22,6.5
2016-01-25,6.5
2016-01-26,6.5
2016-01-27,6.55
2016-01-28,6.5
2016-01-29,6.7
2016-02-01,6.4
2016-02-02,6.3
2016-02-03,6.3
2016-02-04,6.35
2016-02-05,6.35
2016-02-08,6.3
2016-02-09,6.25
2016-02-10,6.2
2016-02-11,6.0
2016-02-12,5.9
2016-02-15,6.0
2016-02-16,5.95
2016-02-17,5.800000000000001
2016-02-18,5.699999999999999
2016-02-19,5.75
2016-02-23,5.800000000000001
2016-02-24,5.95
2016-02-25,6.05
2016-02-26,6.449999999999999
2016-02-29,6.9
2016-03-01,7.1
2016-03-02,7.4
2016-03-03,7.5
2016-03-04,7.449999999999999
2016-03-07,7.4
2016-03-08,7.3
2016-03-09,7.7
2016-03-10,8.05
2016-03-11,7.9
2016-03-14,7.85
2016-03-15,7.75
2016-03-16,7.65
2016-03-17,7.65
2016-03-18,7.65
2016-03-21,7.75
2016-03-22,7.85
2016-03-23,8.0
2016-03-24,8.1
2016-03-25,8.05
2016-03-28,7.85
2016-03-29,7.699999999999999
2016-03-30,7.65
2016-03-31,7.550000000000001
2016-04-01,7.35
2016-04-04,7.15
2016-04-05,7.05
2016-04-07,6.95
2016-04-08,7.0
2016-04-11,7.1
2016-04-12,7.199999999999999
2016-04-18,7.25
2016-04-19,7.300000000000001
2016-04-20,7.300000000000001
2016-04-21,7.2
2016-04-22,7.2
2016-04-25,7.15
2016-04-26,7.15
2016-04-27,7.35
2016-04-28,7.4
2016-04-29,7.35
2016-05-03,7.4
2016-05-04,7.4
2016-05-09,7.4
2016-05-10,7.45
2016-05-11,7.45
2016-05-12,7.4
2016-05-13,7.4
2016-05-16,7.4
2016-05-17,7.45
2016-05-18,7.4
2016-05-19,7.4
2016-05-23,7.35
2016-05-24,7.300000000000001
2016-05-25,7.35
2016-05-26,7.300000000000001
2016-05-27,7.25
2016-05-30,7.25
2016-05-31,7.25
2016-06-01,7.25
2016-06-02,7.2
2016-06-03,7.2
2016-06-06,7.2
2016-06-07,7.2
2016-06-08,7.2
2016-06-09,7.2
2016-06-10,7.2
2016-06-13,7.2
2016-06-14,7.2
2016-06-15,7.2
2016-06-16,7.15
2016-06-17,7.2
2016-06-20,7.15
2016-06-21,7.2
2016-06-22,7.2
2016-06-23,7.2
2016-06-24,7.05
2016-06-27,7.0
2016-06-28,7.15
2016-06-29,7.35
2016-06-30,7.300000000000001
2016-07-04,7.2
2016-07-05,7.2
2016-07-06,7.4
2016-07-07,7.5
2016-07-08,7.550000000000001
2016-07-11,8.05
2016-07-12,8.45
2016-07-13,8.75
2016-07-14,8.8
2016-07-15,8.75
2016-07-20,8.85
2016-07-21,9.1
2016-07-22,9.05
2016-07-25,9.0
2016-07-26,9.05
2016-07-27,9.05
2016-07-28,9.0
2016-07-29,9.0
2016-08-01,8.9
2016-08-02,8.7
2016-08-03,8.6
2016-08-04,8.6
2016-08-05,8.6
2016-08-08,8.9
2016-08-09,9.1
2016-08-10,9.05
2016-08-11,9.0
2016-08-15,8.95
2016-08-16,8.8
2016-08-17,8.5
2016-08-18,8.4
2016-08-19,8.4
2016-08-22,8.4
2016-08-23,8.350000000000001
2016-08-24,8.4
2016-08-25,8.25
2016-08-26,8.2
2016-08-29,8.149999999999999
2016-08-30,8.2
2016-08-31,8.149999999999999
2016-09-01,7.95
2016-09-02,7.85
2016-09-05,7.75
2016-09-06,7.55
2016-09-07,7.4
2016-09-08,7.1
2016-09-09,7.0
2016-09-12,6.9
2016-09-13,7.0
2016-09-14,7.0
2016-09-15,7.05
2016-09-16,7.15
2016-09-19,7.35
2016-09-20,7.35
2016-09-21,7.25
2016-09-22,7.35
2016-09-23,7.25
2016-09-26,7.15
2016-09-27,7.2
2016-09-28,7.1
2016-09-29,7.05
2016-09-30,7.0
2016-10-03,6.95
2016-10-04,7.0
2016-10-05,7.0
2016-10-06,7.0
2016-10-07,7.0
2016-10-10,6.6
2016-10-11,6.5
2016-10-12,6.300000000000001
2016-10-13,6.05
2016-10-14,6.6
2016-10-17,6.6
2016-10-18,6.6
2016-10-19,6.75
2016-10-20,6.9
2016-10-21,6.9
2016-10-25,7.0
2016-10-26,6.95
2016-10-27,6.85
2016-10-28,6.8
2016-10-31,6.8
2016-11-01,6.85
2016-11-02,6.85
2016-11-03,6.75
2016-11-04,6.65
2016-11-07,6.8
2016-11-08,7.1
2016-11-09,7.5
2016-11-10,7.699999999999999
2016-11-11,7.4
2016-11-14,7.1
2016-11-15,7.15
2016-11-16,7.25
2016-11-17,7.300000000000001
2016-11-18,7.2
2016-11-21,7.25
2016-11-22,7.300000000000001
2016-11-23,7.2
2016-11-24,7.2
2016-11-25,7.2
2016-11-28,7.2
2016-11-29,7.25
2016-11-30,7.2
2016-12-01,7.2
2016-12-02,7.1
2016-12-06,7.0
2016-12-07,7.05
2016-12-08,7.15
2016-12-09,7.1
2016-12-13,7.1
2016-12-14,7.2
2016-12-15,7.15
2016-12-16,7.15
2016-12-19,7.15
2016-12-20,7.1
2016-12-21,7.0
2016-12-22,7.0
2016-12-23,7.0
2016-12-26,7.0
2016-12-27,7.0
2016-12-28,7.0
2016-12-29,7.05
2016-12-30,7.15
2017-01-04,7.300000000000001
2017-01-05,7.4
2017-01-06,7.300000000000001
2017-01-09,7.2
2017-01-10,7.15
2017-01-11,7.1
2017-01-12,7.15
2017-01-16,7.15
2017-01-17,6.949999999999999
2017-01-18,6.8
2017-01-19,6.85
2017-01-20,6.85
2017-01-23,6.85
2017-01-24,6.75
2017-01-25,6.699999999999999
2017-01-26,6.65
2017-01-27,6.6
2017-01-30,6.65
2017-01-31,6.6
2017-02-01,6.55
2017-02-02,6.45
2017-02-03,6.4
2017-02-06,6.300000000000001
2017-02-07,6.2
2017-02-08,6.300000000000001
2017-02-09,6.35
2017-02-10,6.25
2017-02-14,6.2
2017-02-15,6.2
2017-02-16,6.2
2017-02-17,6.2
2017-02-20,6.2
2017-02-21,6.2
2017-02-22,6.2
2017-02-23,6.2
2017-02-24,6.2
2017-02-27,6.2
2017-02-28,6.2
2017-03-01,6.300000000000001
2017-03-02,6.45
2017-03-03,6.5
2017-03-06,6.5
2017-03-07,6.4
2017-03-08,6.45
2017-03-09,6.4
2017-03-10,6.300000000000001
2017-03-13,6.25
2017-03-14,6.2
2017-03-15,6.2
2017-03-16,6.300000000000001
2017-03-17,6.4
2017-03-20,6.4
2017-03-21,6.45
2017-03-22,6.4
2017-03-23,6.4
2017-03-24,6.4
2017-03-27,6.4
2017-03-28,6.45
2017-03-29,6.55
2017-03-30,6.699999999999999
2017-03-31,6.8
2017-04-03,6.8
2017-04-04,6.75
2017-04-05,6.75
2017-04-07,6.699999999999999
2017-04-10,6.6
2017-04-11,6.6
2017-04-12,6.6
2017-04-17,6.6
2017-04-18,6.6
2017-04-19,6.5
2017-04-20,6.55
2017-04-21,6.55
2017-04-24,6.5
2017-04-25,6.4
2017-04-26,6.4
2017-04-27,6.4
2017-04-28,6.5
2017-05-02,6.6
2017-05-03,6.6
2017-05-04,6.6
2017-05-08,6.6
2017-05-09,6.6
2017-05-11,6.5
2017-05-12,6.35
2017-05-15,6.2
2017-05-16,6.2
2017-05-17,6.25
2017-05-18,6.2
2017-05-19,6.2
2017-05-22,6.2
2017-05-23,6.2
2017-05-24,6.25
2017-05-25,6.25
2017-05-26,6.25
2017-05-29,6.3
2017-05-30,6.35
2017-05-31,6.300000000000001
2017-06-01,6.15
2017-06-02,6.1
2017-06-05,6.05
2017-06-06,6.0
2017-06-07,5.95
2017-06-08,6.1
2017-06-09,6.05
2017-06-12,6.0
2017-06-13,6.15
2017-06-14,6.2
2017-06-15,6.2
2017-06-16,6.2
2017-06-19,6.2
2017-06-20,6.2
2017-06-21,6.2
2017-06-22,6.2
2017-06-23,6.15
2017-06-26,6.2
2017-06-27,6.2
2017-06-28,6.2
2017-06-29,6.2
2017-06-30,6.2
2017-07-03,6.2
2017-07-04,6.2
2017-07-05,6.2
2017-07-06,6.15
2017-07-07,6.05
2017-07-11,6.0
2017-07-12,6.0
2017-07-13,6.0
2017-07-14,6.0
2017-07-17,6.0
2017-07-18,5.95
2017-07-19,5.9
2017-07-20,5.95
2017-07-21,5.85
2017-07-24,5.699999999999999
2017-07-25,5.6
2017-07-26,5.7
2017-07-27,5.65
2017-07-31,5.6
2017-08-01,5.7
2017-08-02,5.75
2017-08-03,5.75
2017-08-04,5.7
2017-08-07,5.65
2017-08-08,5.75
2017-08-09,5.75
2017-08-10,5.65
2017-08-11,5.5
2017-08-15,5.45
2017-08-16,5.300000000000001
2017-08-17,5.1
2017-08-18,5.05
2017-08-21,5.1
2017-08-22,5.2
2017-08-23,5.25
2017-08-24,5.25
2017-08-25,5.2
2017-08-28,5.2
2017-08-29,5.4
2017-08-30,5.6
2017-08-31,5.6
2017-09-01,5.6
2017-09-04,5.65
2017-09-05,5.9
2017-09-06,6.0
2017-09-07,6.05
2017-09-08,6.1
2017-09-11,6.0
2017-09-12,6.05
2017-09-13,6.1
2017-09-14,6.05
2017-09-15,6.0
2017-09-18,6.300000000000001
2017-09-19,6.4
2017-09-20,6.4
2017-09-21,6.4
2017-09-22,6.25
2017-09-25,6.15
2017-09-26,6.2
2017-09-27,6.2
2017-09-28,6.2
2017-09-29,6.1
2017-10-02,6.2
2017-10-03,6.2
2017-10-04,6.2
2017-10-05,6.2
2017-10-06,6.2
2017-10-09,6.25
2017-10-10,6.2
2017-10-11,6.25
2017-10-12,6.2
2017-10-16,6.300000000000001
2017-10-17,6.4
2017-10-18,6.300000000000001
2017-10-19,6.15
2017-10-20,6.15
2017-10-24,6.2
2017-10-25,6.2
2017-10-27,6.2
2017-10-30,6.15
2017-10-31,6.2
2017-11-01,6.2
2017-11-02,6.0
2017-11-03,5.75
2017-11-06,5.7
2017-11-07,5.75
2017-11-08,5.699999999999999
2017-11-09,5.6
2017-11-10,5.6
2017-11-13,5.6
2017-11-14,5.65
2017-11-15,5.8
2017-11-16,5.8
2017-11-17,5.8
2017-11-20,5.8
2017-11-21,5.699999999999999
2017-11-22,5.65
2017-11-23,5.699999999999999
2017-11-24,5.75
2017-11-27,5.7
2017-11-28,5.7
2017-11-29,5.699999999999999
2017-11-30,5.65
2017-12-01,5.699999999999999
2017-12-04,5.7
2017-12-06,5.7
2017-12-07,5.75
2017-12-08,5.8
2017-12-12,5.8
2017-12-13,5.8
2017-12-14,5.8
2017-12-15,5.8
2017-12-18,5.95
2017-12-19,6.0
2017-12-20,6.1
2017-12-21,6.2
2017-12-22,6.2
2017-12-25,6.2
2017-12-26,6.15
2017-12-27,6.15
2017-12-28,6.25
2017-12-29,6.2
