Date,AOT
2007-01-03,5.699999999999999
2007-01-04,5.6
2007-01-05,5.45
2007-01-08,5.4
2007-01-09,5.4
2007-01-10,5.35
2007-01-11,5.55
2007-01-12,5.6
2007-01-15,5.65
2007-01-16,5.65
2007-01-17,5.6
2007-01-18,5.6
2007-01-19,5.5
2007-01-22,5.45
2007-01-23,5.25
2007-01-24,5.25
2007-01-25,5.2
2007-01-26,5.1
2007-01-29,4.9
2007-01-30,4.9
2007-01-31,5.0
2007-02-01,5.199999999999999
2007-02-02,5.300000000000001
2007-02-05,5.25
2007-02-06,5.35
2007-02-07,5.4
2007-02-08,5.55
2007-02-09,5.55
2007-02-12,5.55
2007-02-13,5.6
2007-02-14,5.6
2007-02-15,5.55
2007-02-16,5.699999999999999
2007-02-19,5.85
2007-02-20,6.05
2007-02-21,6.25
2007-02-22,6.15
2007-02-23,6.0
2007-02-26,6.0
2007-02-27,6.1
2007-02-28,6.0
2007-03-01,6.0
2007-03-02,5.95
2007-03-06,5.85
2007-03-07,5.85
2007-03-08,5.9
2007-03-09,6.0
2007-03-12,6.1
2007-03-13,6.2
2007-03-14,6.05
2007-03-15,6.1
2007-03-16,6.0
2007-03-19,6.0
2007-03-20,6.0
2007-03-21,6.0
2007-03-22,6.1
2007-03-23,6.2
2007-03-26,6.15
2007-03-27,6.05
2007-03-28,5.85
2007-03-29,5.75
2007-03-30,5.8
2007-04-02,5.8
2007-04-03,5.8
2007-04-04,5.9
2007-04-05,6.0
2007-04-09,6.0
2007-04-10,6.0
2007-04-11,6.0
2007-04-12,5.9
2007-04-17,5.8
2007-04-18,5.9
2007-04-19,5.85
2007-04-20,5.9
2007-04-23,5.9
2007-04-24,5.85
2007-04-25,5.85
2007-04-26,5.95
2007-04-27,5.95
2007-04-30,6.0
2007-05-02,6.0
2007-05-03,6.0
2007-05-04,6.1
2007-05-08,6.0
2007-05-09,6.0
2007-05-10,5.95
2007-05-11,5.85
2007-05-14,5.85
2007-05-15,5.699999999999999
2007-05-16,5.699999999999999
2007-05-17,5.8
2007-05-18,5.8
2007-05-21,5.8
2007-05-22,5.85
2007-05-23,5.85
2007-05-24,5.75
2007-05-25,5.6
2007-05-28,5.699999999999999
2007-05-29,5.699999999999999
2007-05-30,5.65
2007-06-01,5.75
2007-06-04,5.9
2007-06-05,5.8
2007-06-06,5.8
2007-06-07,5.8
2007-06-08,5.8
2007-06-11,5.75
2007-06-12,5.8
2007-06-13,5.75
2007-06-14,5.8
2007-06-15,5.8
2007-06-18,5.85
2007-06-19,5.9
2007-06-20,6.0
2007-06-21,6.0
2007-06-22,5.95
2007-06-25,5.9
2007-06-26,5.95
2007-06-27,5.95
2007-06-28,5.95
2007-06-29,5.95
2007-07-02,6.0
2007-07-03,6.1
2007-07-04,6.25
2007-07-05,6.4
2007-07-06,6.4
2007-07-09,6.5
2007-07-10,6.4
2007-07-11,6.4
2007-07-12,6.4
2007-07-13,6.55
2007-07-16,6.6
2007-07-17,6.449999999999999
2007-07-18,6.25
2007-07-19,6.2
2007-07-20,6.2
2007-07-23,6.2
2007-07-24,6.35
2007-07-25,6.35
2007-07-26,6.4
2007-07-27,6.25
2007-07-31,6.300000000000001
2007-08-01,6.300000000000001
2007-08-02,6.5
2007-08-03,6.5
2007-08-06,6.300000000000001
2007-08-07,6.25
2007-08-08,6.25
2007-08-09,6.300000000000001
2007-08-10,6.2
2007-08-14,6.1
2007-08-15,5.95
2007-08-16,5.75
2007-08-17,5.7
2007-08-20,5.8
2007-08-21,5.75
2007-08-22,5.699999999999999
2007-08-23,5.85
2007-08-24,5.75
2007-08-27,5.699999999999999
2007-08-28,5.6
2007-08-29,5.55
2007-08-30,5.65
2007-08-31,5.699999999999999
2007-09-03,5.85
2007-09-04,5.85
2007-09-05,5.85
2007-09-06,5.75
2007-09-07,5.75
2007-09-10,5.6
2007-09-11,5.6
2007-09-12,5.65
2007-09-13,5.6
2007-09-14,5.75
2007-09-17,5.8
2007-09-18,5.8
2007-09-19,5.85
2007-09-20,5.85
2007-09-21,5.85
2007-09-24,5.95
2007-09-25,5.95
2007-09-26,6.0
2007-09-27,6.1
2007-09-28,6.15
2007-10-01,6.300000000000001
2007-10-02,6.4
2007-10-03,6.4
2007-10-04,6.45
2007-10-05,6.4
2007-10-08,6.4
2007-10-09,6.45
2007-10-10,6.4
2007-10-11,6.25
2007-10-12,6.2
2007-10-15,6.2
2007-10-16,6.2
2007-10-17,6.2
2007-10-18,6.2
2007-10-19,6.2
2007-10-22,6.2
2007-10-24,6.2
2007-10-25,6.25
2007-10-26,6.199999999999999
2007-10-29,6.2
2007-10-30,6.2
2007-10-31,6.15
2007-11-01,6.2
2007-11-02,6.25
2007-11-05,6.25
2007-11-06,6.2
2007-11-07,6.25
2007-11-08,6.2
2007-11-09,6.2
2007-11-12,6.2
2007-11-13,6.15
2007-11-14,6.300000000000001
2007-11-15,6.4
2007-11-16,6.4
2007-11-19,6.3
2007-11-20,6.2
2007-11-21,6.1
2007-11-22,5.9
2007-11-23,6.0
2007-11-26,6.0
2007-11-27,5.9
2007-11-28,5.85
2007-11-29,5.9
2007-11-30,5.75
2007-12-03,5.75
2007-12-04,5.8
2007-12-06,5.8
2007-12-07,5.8
2007-12-11,5.699999999999999
2007-12-12,5.6
2007-12-13,5.55
2007-12-14,5.55
2007-12-17,5.55
2007-12-18,5.55
2007-12-19,5.6
2007-12-20,5.65
2007-12-21,5.699999999999999
2007-12-24,5.8
2007-12-25,5.8
2007-12-26,5.8
2007-12-27,5.75
2007-12-28,5.75
2008-01-02,5.699999999999999
2008-01-03,5.6
2008-01-04,5.6
2008-01-07,5.6
2008-01-08,5.6
2008-01-09,5.6
2008-01-10,5.6
2008-01-11,5.55
2008-01-14,5.45
2008-01-15,5.449999999999999
2008-01-16,5.25
2008-01-17,5.300000000000001
2008-01-18,5.2
2008-01-21,5.15
2008-01-22,5.0
2008-01-23,5.05
2008-01-24,5.0
2008-01-25,5.05
2008-01-28,5.05
2008-01-29,5.1
2008-01-30,5.2
2008-01-31,5.300000000000001
2008-02-01,5.699999999999999
2008-02-04,5.699999999999999
2008-02-05,5.65
2008-02-06,5.65
2008-02-07,5.65
2008-02-08,5.699999999999999
2008-02-11,5.699999999999999
2008-02-12,5.6
2008-02-13,5.6
2008-02-14,5.6
2008-02-15,5.6
2008-02-18,5.800000000000001
2008-02-19,5.9
2008-02-20,5.699999999999999
2008-02-22,5.699999999999999
2008-02-25,5.699999999999999
2008-02-26,5.65
2008-02-27,5.65
2008-02-28,5.75
2008-02-29,5.75
2008-03-03,5.75
2008-03-04,5.8
2008-03-05,5.75
2008-03-06,5.75
2008-03-07,5.6
2008-03-10,5.65
2008-03-11,5.65
2008-03-12,5.8
2008-03-13,5.65
2008-03-14,5.65
2008-03-17,5.6
2008-03-18,5.55
2008-03-19,5.7
2008-03-20,5.6
2008-03-21,5.65
2008-03-24,5.7
2008-03-25,5.7
2008-03-26,5.65
2008-03-27,5.65
2008-03-28,5.75
2008-03-31,5.7
2008-04-01,5.65
2008-04-02,5.6
2008-04-03,5.6
2008-04-04,5.6
2008-04-08,5.6
2008-04-09,5.6
2008-04-10,5.6
2008-04-11,5.6
2008-04-16,5.6
2008-04-17,5.5
2008-04-18,5.4
2008-04-21,5.45
2008-04-22,5.45
2008-04-23,5.45
2008-04-24,5.4
2008-04-25,5.35
2008-04-28,5.4
2008-04-29,5.45
2008-04-30,5.5
2008-05-02,5.5
2008-05-06,5.55
2008-05-07,5.6
2008-05-08,5.5
2008-05-09,5.55
2008-05-12,5.5
2008-05-13,5.55
2008-05-14,5.55
2008-05-15,5.6
2008-05-16,5.6
2008-05-20,5.6
2008-05-21,5.6
2008-05-22,5.6
2008-05-23,5.6
2008-05-26,5.6
2008-05-27,5.6
2008-05-28,5.6
2008-05-29,5.6
2008-05-30,5.5
2008-06-02,5.4
2008-06-03,5.4
2008-06-04,5.5
2008-06-05,5.5
2008-06-06,5.35
2008-06-09,5.2
2008-06-10,5.2
2008-06-11,5.2
2008-06-12,5.15
2008-06-13,5.15
2008-06-16,5.2
2008-06-17,5.1
2008-06-18,5.0
2008-06-19,4.95
2008-06-20,4.85
2008-06-23,4.8
2008-06-24,4.8
2008-06-25,4.85
2008-06-26,4.9
2008-06-27,4.85
2008-06-30,4.9
2008-07-02,4.800000000000001
2008-07-03,4.4
2008-07-04,4.300000000000001
2008-07-07,4.4
2008-07-08,4.35
2008-07-09,4.4
2008-07-10,4.4
2008-07-11,4.55
2008-07-14,4.6
2008-07-15,4.5
2008-07-16,4.45
2008-07-18,4.300000000000001
2008-07-21,4.15
2008-07-22,4.1
2008-07-23,4.2
2008-07-24,4.2
2008-07-25,4.1
2008-07-28,4.05
2008-07-29,4.05
2008-07-30,3.95
2008-07-31,3.8499999999999996
2008-08-01,3.8
2008-08-04,3.8
2008-08-05,3.8
2008-08-06,3.8
2008-08-07,3.9
2008-08-08,3.9
2008-08-11,4.0
2008-08-13,4.0
2008-08-14,4.0
2008-08-15,4.0
2008-08-18,3.95
2008-08-19,3.9
2008-08-20,3.9
2008-08-21,3.8499999999999996
2008-08-22,3.8
2008-08-25,3.8
2008-08-26,3.8499999999999996
2008-08-27,3.9
2008-08-28,3.9
2008-08-29,3.8499999999999996
2008-09-01,3.8
2008-09-02,3.7
2008-09-03,3.7
2008-09-04,3.6
2008-09-05,3.6500000000000004
2008-09-08,3.75
2008-09-09,3.7
2008-09-10,3.75
2008-09-11,3.7
2008-09-12,3.7
2008-09-15,3.75
2008-09-16,3.6500000000000004
2008-09-17,3.7
2008-09-18,3.6500000000000004
2008-09-19,3.6500000000000004
2008-09-22,3.55
2008-09-23,3.45
2008-09-24,3.4
2008-09-25,3.3499999999999996
2008-09-26,3.3
2008-09-29,3.25
2008-09-30,3.0
2008-10-01,3.1500000000000004
2008-10-02,3.1
2008-10-03,3.05
2008-10-06,2.8
2008-10-07,2.5
2008-10-08,2.3
2008-10-09,2.1
2008-10-10,1.85
2008-10-13,1.95
2008-10-14,2.1500000000000004
2008-10-15,2.2
2008-10-16,2.1
2008-10-17,2.1
2008-10-20,2.1
2008-10-21,2.1
2008-10-22,2.05
2008-10-24,1.95
2008-10-27,1.7000000000000002
2008-10-28,1.6
2008-10-29,1.6
2008-10-30,1.75
2008-10-31,1.85
2008-11-03,1.9
2008-11-04,1.95
2008-11-05,1.95
2008-11-06,1.95
2008-11-07,2.0
2008-11-10,1.95
2008-11-11,1.9
2008-11-12,1.9
2008-11-13,1.9
2008-11-14,1.9
2008-11-17,1.9
2008-11-18,1.9
2008-11-19,1.85
2008-11-20,1.8
2008-11-21,1.8
2008-11-24,1.75
2008-11-25,1.75
2008-11-26,1.7000000000000002
2008-11-27,1.7
2008-11-28,1.75
2008-12-01,1.75
2008-12-02,1.7
2008-12-03,1.75
2008-12-04,1.75
2008-12-08,1.8
2008-12-09,1.9
2008-12-11,1.9
2008-12-12,2.0
2008-12-15,2.0
2008-12-16,2.0
2008-12-17,2.05
2008-12-18,2.0
2008-12-19,2.0
2008-12-22,2.0
2008-12-23,2.0
2008-12-24,2.0
2008-12-25,2.0
2008-12-26,2.1
2008-12-29,1.8
2008-12-30,1.8
2009-01-02,1.8
2009-01-05,1.9
2009-01-06,1.95
2009-01-07,1.85
2009-01-08,1.85
2009-01-09,1.9
2009-01-12,1.9
2009-01-13,1.85
2009-01-14,1.9
2009-01-15,1.8
2009-01-16,1.8
2009-01-19,1.8
2009-01-20,1.8
2009-01-21,1.8
2009-01-22,1.8
2009-01-23,1.8
2009-01-26,1.8
2009-01-27,1.8
2009-01-28,1.8
2009-01-29,1.8
2009-01-30,1.8
2009-02-02,1.8
2009-02-03,1.8
2009-02-04,1.8
2009-02-05,1.8
2009-02-06,1.8
2009-02-10,1.8
2009-02-11,1.8
2009-02-12,1.8
2009-02-13,1.8
2009-02-16,1.8
2009-02-17,1.8
2009-02-18,1.8
2009-02-19,1.8
2009-02-20,1.7
2009-02-23,1.65
2009-02-24,1.6
2009-02-25,1.6
2009-02-26,1.6
2009-02-27,1.6
2009-03-02,1.55
2009-03-03,1.5
2009-03-04,1.5
2009-03-05,1.55
2009-03-06,1.6
2009-03-09,1.55
2009-03-10,1.5
2009-03-11,1.5
2009-03-12,1.6
2009-03-13,1.6
2009-03-16,1.6
2009-03-17,1.6
2009-03-18,1.6
2009-03-19,1.6
2009-03-20,1.6
2009-03-23,1.6
2009-03-24,1.6
2009-03-25,1.6
2009-03-26,1.6
2009-03-27,1.6
2009-03-30,1.6
2009-03-31,1.6
2009-04-01,1.65
2009-04-02,1.75
2009-04-03,1.8
2009-04-07,1.75
2009-04-08,1.7
2009-04-09,1.7
2009-04-10,1.7
2009-04-16,1.7
2009-04-17,1.8
2009-04-20,1.85
2009-04-21,1.85
2009-04-22,1.85
2009-04-23,1.85
2009-04-24,1.9
2009-04-27,1.9
2009-04-28,1.8
2009-04-29,1.8
2009-04-30,1.9
2009-05-04,1.9
2009-05-06,2.05
2009-05-07,2.35
2009-05-11,2.45
2009-05-12,2.45
2009-05-13,2.55
2009-05-14,2.45
2009-05-15,2.4
2009-05-18,2.3499999999999996
2009-05-19,2.5
2009-05-20,2.5
2009-05-21,2.45
2009-05-22,2.4
2009-05-25,2.3499999999999996
2009-05-26,2.3
2009-05-27,2.3499999999999996
2009-05-28,2.3
2009-05-29,2.25
2009-06-01,2.2
2009-06-02,2.2
2009-06-03,2.25
2009-06-04,2.3
2009-06-05,2.5
2009-06-08,2.6500000000000004
2009-06-09,2.7
2009-06-10,2.8
2009-06-11,2.8
2009-06-12,2.8
2009-06-15,2.6500000000000004
2009-06-16,2.6
2009-06-17,2.5
2009-06-18,2.45
2009-06-19,2.5
2009-06-22,2.6
2009-06-23,2.6
2009-06-24,2.6
2009-06-25,2.6
2009-06-26,2.75
2009-06-29,2.8
2009-06-30,2.75
2009-07-02,2.6500000000000004
2009-07-03,2.6500000000000004
2009-07-06,2.7
2009-07-08,2.7
2009-07-09,2.75
2009-07-10,2.7
2009-07-13,2.6
2009-07-14,2.6500000000000004
2009-07-15,2.7
2009-07-16,2.7
2009-07-17,2.7
2009-07-20,2.8
2009-07-21,2.8499999999999996
2009-07-22,2.8
2009-07-23,2.8
2009-07-24,2.9
2009-07-27,3.0
2009-07-28,3.1
2009-07-29,3.25
2009-07-30,3.3
2009-07-31,3.3
2009-08-03,3.2
2009-08-04,3.25
2009-08-05,3.3
2009-08-06,3.4
2009-08-07,3.6
2009-08-10,3.8
2009-08-11,3.8
2009-08-13,3.8
2009-08-14,3.8
2009-08-17,3.75
2009-08-18,3.6500000000000004
2009-08-19,3.5
2009-08-20,3.45
2009-08-21,3.5
2009-08-24,3.7
2009-08-25,3.75
2009-08-26,3.9
2009-08-27,3.8499999999999996
2009-08-28,3.8
2009-08-31,3.7
2009-09-01,3.6500000000000004
2009-09-02,3.6
2009-09-03,3.75
2009-09-04,3.75
2009-09-07,3.8
2009-09-08,3.8499999999999996
2009-09-09,4.0
2009-09-10,4.0
2009-09-11,4.2
2009-09-14,4.3
2009-09-15,4.25
2009-09-16,4.3
2009-09-17,4.3
2009-09-18,4.3
2009-09-21,4.3
2009-09-22,4.35
2009-09-23,4.4
2009-09-24,4.4
2009-09-25,4.35
2009-09-28,4.25
2009-09-29,4.2
2009-09-30,4.2
2009-10-01,4.2
2009-10-02,4.25
2009-10-05,4.25
2009-10-06,4.3
2009-10-07,4.4
2009-10-08,4.45
2009-10-09,4.55
2009-10-12,4.45
2009-10-13,4.4
2009-10-14,4.300000000000001
2009-10-15,4.0
2009-10-16,3.9
2009-10-19,4.15
2009-10-20,4.15
2009-10-21,4.1
2009-10-22,4.05
2009-10-26,4.0
2009-10-27,3.95
2009-10-28,3.95
2009-10-29,3.8
2009-10-30,3.8499999999999996
2009-11-02,3.8499999999999996
2009-11-03,3.8
2009-11-04,3.8499999999999996
2009-11-05,3.8
2009-11-06,3.9
2009-11-09,3.95
2009-11-10,4.0
2009-11-11,3.95
2009-11-12,3.9
2009-11-13,3.8499999999999996
2009-11-16,3.8
2009-11-17,3.8
2009-11-18,3.8499999999999996
2009-11-19,3.8
2009-11-20,3.8
2009-11-23,3.8
2009-11-24,3.7
2009-11-25,3.75
2009-11-26,3.75
2009-11-27,3.6500000000000004
2009-11-30,3.7
2009-12-01,3.75
2009-12-02,3.8
2009-12-03,3.8499999999999996
2009-12-04,3.8499999999999996
2009-12-08,3.8499999999999996
2009-12-09,3.8
2009-12-11,3.8499999999999996
2009-12-14,3.95
2009-12-15,4.0
2009-12-16,4.0
2009-12-17,4.0
2009-12-18,3.9
2009-12-21,3.9
2009-12-22,3.8499999999999996
2009-12-23,3.8499999999999996
2009-12-24,3.95
2009-12-25,4.0
2009-12-28,4.0
2009-12-29,4.0
2009-12-30,3.95
2010-01-04,3.9
2010-01-05,3.9
2010-01-06,3.95
2010-01-07,4.0
2010-01-08,4.0
2010-01-11,4.0
2010-01-12,4.0
2010-01-13,4.0
2010-01-14,4.1
2010-01-15,4.2
2010-01-18,4.300000000000001
2010-01-19,4.25
2010-01-20,4.2
2010-01-21,4.15
2010-01-22,4.05
2010-01-25,4.05
2010-01-26,4.05
2010-01-27,4.0
2010-01-28,3.9
2010-01-29,3.8499999999999996
2010-02-01,3.8499999999999996
2010-02-02,3.9
2010-02-03,3.9
2010-02-04,3.9
2010-02-05,3.8
2010-02-08,3.8
2010-02-09,3.8
2010-02-10,3.8499999999999996
2010-02-11,3.95
2010-02-12,4.0
2010-02-15,3.95
2010-02-16,3.9
2010-02-17,3.9
2010-02-18,3.9
2010-02-19,3.8499999999999996
2010-02-22,4.0
2010-02-23,4.0
2010-02-24,4.0
2010-02-25,4.0
2010-02-26,3.95
2010-03-02,3.9
2010-03-03,3.8499999999999996
2010-03-04,3.8
2010-03-05,3.8
2010-03-08,3.75
2010-03-09,3.7
2010-03-10,3.6500000000000004
2010-03-11,3.75
2010-03-12,3.8
2010-03-15,3.75
2010-03-16,3.8
2010-03-17,3.9
2010-03-18,3.8499999999999996
2010-03-19,3.9
2010-03-22,3.9
2010-03-23,3.9
2010-03-24,3.95
2010-03-25,3.9
2010-03-26,3.8499999999999996
2010-03-29,3.8
2010-03-30,3.8499999999999996
2010-03-31,3.8499999999999996
2010-04-01,3.8499999999999996
2010-04-02,3.8499999999999996
2010-04-05,3.8
2010-04-07,3.8
2010-04-08,3.7
2010-04-09,3.6500000000000004
2010-04-12,3.5
2010-04-16,3.5
2010-04-19,3.2
2010-04-20,3.35
2010-04-21,3.4
2010-04-22,3.4
2010-04-23,3.3499999999999996
2010-04-26,3.45
2010-04-27,3.45
2010-04-28,3.4
2010-04-29,3.4
2010-04-30,3.4
2010-05-04,3.55
2010-05-06,3.7
2010-05-07,3.6
2010-05-10,3.6
2010-05-11,3.6
2010-05-12,3.6
2010-05-13,3.55
2010-05-14,3.45
2010-05-17,3.3499999999999996
2010-05-18,3.45
2010-05-19,3.4
2010-05-20,3.4
2010-05-21,3.4
2010-05-24,3.3499999999999996
2010-05-25,3.25
2010-05-26,3.2
2010-05-27,3.25
2010-05-31,3.3499999999999996
2010-06-01,3.3499999999999996
2010-06-02,3.3499999999999996
2010-06-03,3.4
2010-06-04,3.45
2010-06-07,3.4
2010-06-08,3.4
2010-06-09,3.4
2010-06-10,3.4
2010-06-11,3.4
2010-06-14,3.4
2010-06-15,3.4
2010-06-16,3.55
2010-06-17,3.6
2010-06-18,3.5
2010-06-21,3.5
2010-06-22,3.55
2010-06-23,3.5
2010-06-24,3.5
2010-06-25,3.4
2010-06-28,3.45
2010-06-29,3.4
2010-06-30,3.4
2010-07-02,3.4
2010-07-05,3.4
2010-07-06,3.45
2010-07-07,3.55
2010-07-08,3.6
2010-07-09,3.6
2010-07-12,3.7
2010-07-13,3.8
2010-07-14,3.8
2010-07-15,3.8
2010-07-16,3.8
2010-07-19,3.8
2010-07-20,3.8
2010-07-21,3.8
2010-07-22,3.8499999999999996
2010-07-23,3.95
2010-07-27,3.9
2010-07-28,3.9
2010-07-29,3.9
2010-07-30,3.9
2010-08-02,3.9
2010-08-03,3.9
2010-08-04,3.8499999999999996
2010-08-05,3.8
2010-08-06,3.8
2010-08-09,3.9
2010-08-10,4.0
2010-08-11,3.95
2010-08-16,3.8499999999999996
2010-08-17,3.8499999999999996
2010-08-18,4.0
2010-08-19,4.0
2010-08-20,4.0
2010-08-23,4.0
2010-08-24,3.95
2010-08-25,3.9
2010-08-26,3.9
2010-08-27,3.9
2010-08-30,3.95
2010-08-31,4.0
2010-09-01,4.0
2010-09-02,3.95
2010-09-03,3.95
2010-09-06,4.0
2010-09-07,3.95
2010-09-08,3.9
2010-09-09,3.9
2010-09-10,3.9
2010-09-13,3.9
2010-09-14,3.9
2010-09-15,3.9
2010-09-16,3.8499999999999996
2010-09-17,3.8499999999999996
2010-09-20,3.9
2010-09-21,3.9
2010-09-22,4.0
2010-09-23,4.0
2010-09-24,4.1
2010-09-27,4.2
2010-09-28,4.15
2010-09-29,4.15
2010-09-30,4.2
2010-10-01,4.2
2010-10-04,4.1
2010-10-05,4.0
2010-10-06,4.0
2010-10-07,4.0
2010-10-08,3.95
2010-10-11,3.9
2010-10-12,3.95
2010-10-13,3.9
2010-10-14,4.0
2010-10-15,4.0
2010-10-18,4.0
2010-10-19,4.0
2010-10-20,4.0
2010-10-21,4.0
2010-10-22,4.0
2010-10-26,4.0
2010-10-27,3.95
2010-10-28,3.95
2010-10-29,3.9
2010-11-01,3.9
2010-11-02,3.8499999999999996
2010-11-03,3.8
2010-11-04,3.8
2010-11-05,3.8499999999999996
2010-11-08,3.8
2010-11-09,3.9
2010-11-10,3.8
2010-11-11,3.8
2010-11-12,3.75
2010-11-15,3.7
2010-11-16,3.7
2010-11-17,3.6500000000000004
2010-11-18,3.6500000000000004
2010-11-19,3.75
2010-11-22,3.7
2010-11-23,3.7
2010-11-24,3.75
2010-11-25,3.8
2010-11-26,3.8
2010-11-29,3.8
2010-11-30,3.8499999999999996
2010-12-01,3.9
2010-12-02,3.9
2010-12-03,3.9
2010-12-07,3.8
2010-12-08,3.8
2010-12-09,3.8499999999999996
2010-12-13,3.9
2010-12-14,3.9
2010-12-15,3.9
2010-12-16,3.95
2010-12-17,3.95
2010-12-20,3.8499999999999996
2010-12-21,3.8499999999999996
2010-12-22,3.9
2010-12-23,3.8
2010-12-24,3.8499999999999996
2010-12-27,3.95
2010-12-28,3.95
2010-12-29,4.0
2010-12-30,3.9
2011-01-04,3.95
2011-01-05,3.9
2011-01-06,3.8499999999999996
2011-01-07,3.8
2011-01-10,3.8
2011-01-11,3.8
2011-01-12,3.75
2011-01-13,3.75
2011-01-14,3.75
2011-01-17,3.7
2011-01-18,3.7
2011-01-19,3.8
2011-01-20,3.75
2011-01-21,3.7
2011-01-24,3.6500000000000004
2011-01-25,3.5
2011-01-26,3.4
2011-01-27,3.4
2011-01-28,3.4
2011-01-31,3.3
2011-02-01,3.3
2011-02-02,3.3499999999999996
2011-02-03,3.3
2011-02-04,3.4
2011-02-07,3.3499999999999996
2011-02-08,3.45
2011-02-09,3.45
2011-02-10,3.4
2011-02-11,3.4
2011-02-14,3.4
2011-02-15,3.4
2011-02-16,3.4
2011-02-17,3.4
2011-02-18,3.4
2011-02-21,3.4
2011-02-22,3.4
2011-02-23,3.3499999999999996
2011-02-24,3.3499999999999996
2011-02-25,3.3
2011-02-28,3.3
2011-03-01,3.3499999999999996
2011-03-02,3.4
2011-03-03,3.4
2011-03-04,3.4
2011-03-07,3.4
2011-03-08,3.4
2011-03-09,3.45
2011-03-10,3.45
2011-03-11,3.45
2011-03-14,3.5
2011-03-15,3.45
2011-03-16,3.4
2011-03-17,3.3499999999999996
2011-03-21,3.4
2011-03-22,3.4
2011-03-23,3.5
2011-03-24,3.5
2011-03-25,3.55
2011-03-28,3.6
2011-03-29,3.6
2011-03-30,3.6
2011-03-31,3.6500000000000004
2011-04-01,3.6500000000000004
2011-04-04,3.75
2011-04-05,3.7
2011-04-07,3.7
2011-04-08,3.6500000000000004
2011-04-11,3.6
2011-04-12,3.6500000000000004
2011-04-18,3.7
2011-04-19,3.7
2011-04-20,3.8
2011-04-21,3.9
2011-04-22,3.8
2011-04-25,3.8
2011-04-26,3.8
2011-04-27,3.8
2011-04-28,3.8
2011-04-29,3.75
2011-05-03,3.6500000000000004
2011-05-04,3.6
2011-05-06,3.6
2011-05-09,3.6
2011-05-10,3.6
2011-05-11,3.6500000000000004
2011-05-12,3.6500000000000004
2011-05-13,3.6500000000000004
2011-05-18,3.75
2011-05-19,3.8
2011-05-20,3.8
2011-05-23,3.75
2011-05-24,3.75
2011-05-25,3.75
2011-05-26,3.7
2011-05-27,3.7
2011-05-30,3.8
2011-05-31,3.8499999999999996
2011-06-01,3.8499999999999996
2011-06-02,3.75
2011-06-03,3.7
2011-06-06,3.7
2011-06-07,3.7
2011-06-08,3.6500000000000004
2011-06-09,3.6
2011-06-10,3.5
2011-06-13,3.5
2011-06-14,3.5
2011-06-15,3.5
2011-06-16,3.45
2011-06-17,3.45
2011-06-20,3.45
2011-06-21,3.5
2011-06-22,3.5
2011-06-23,3.5
2011-06-24,3.5
2011-06-27,3.5
2011-06-28,3.5
2011-06-29,3.5
2011-06-30,3.55
2011-07-04,3.75
2011-07-05,3.8
2011-07-06,3.8
2011-07-07,3.9
2011-07-08,3.9
2011-07-11,3.95
2011-07-12,3.95
2011-07-13,4.05
2011-07-14,4.25
2011-07-18,4.45
2011-07-19,4.45
2011-07-20,4.65
2011-07-21,4.8
2011-07-22,4.8
2011-07-25,4.85
2011-07-26,4.85
2011-07-27,4.8
2011-07-28,4.8
2011-07-29,4.800000000000001
2011-08-01,4.65
2011-08-02,4.6
2011-08-03,4.65
2011-08-04,4.75
2011-08-05,4.55
2011-08-08,4.5
2011-08-09,4.25
2011-08-10,4.4
2011-08-11,4.35
2011-08-15,4.6
2011-08-16,4.699999999999999
2011-08-17,4.7
2011-08-18,4.699999999999999
2011-08-19,4.5
2011-08-22,4.45
2011-08-23,4.5
2011-08-24,4.45
2011-08-25,4.45
2011-08-26,4.5
2011-08-29,4.6
2011-08-30,4.65
2011-08-31,4.65
2011-09-01,4.8
2011-09-02,4.85
2011-09-05,4.85
2011-09-06,4.75
2011-09-07,4.7
2011-09-08,4.75
2011-09-09,4.8
2011-09-12,4.7
2011-09-13,4.65
2011-09-14,4.65
2011-09-15,4.7
2011-09-16,4.65
2011-09-19,4.6
2011-09-20,4.65
2011-09-21,4.65
2011-09-22,4.55
2011-09-23,4.35
2011-09-26,3.95
2011-09-27,3.8499999999999996
2011-09-28,3.8499999999999996
2011-09-29,3.95
2011-09-30,4.0
2011-10-03,3.8499999999999996
2011-10-04,3.75
2011-10-05,3.6500000000000004
2011-10-06,3.8
2011-10-07,3.8499999999999996
2011-10-10,3.8
2011-10-11,3.9
2011-10-12,3.8499999999999996
2011-10-13,3.95
2011-10-14,3.9
2011-10-17,3.95
2011-10-18,3.8
2011-10-19,3.8
2011-10-20,3.75
2011-10-21,3.7
2011-10-25,3.75
2011-10-26,3.75
2011-10-27,3.8
2011-10-28,3.8
2011-10-31,3.8
2011-11-01,3.8
2011-11-02,3.8
2011-11-03,3.8
2011-11-04,3.8
2011-11-07,3.7
2011-11-08,3.7
2011-11-09,3.75
2011-11-10,3.6500000000000004
2011-11-11,3.8
2011-11-14,3.95
2011-11-15,4.15
2011-11-16,4.15
2011-11-17,4.2
2011-11-18,4.25
2011-11-21,4.15
2011-11-22,4.15
2011-11-23,4.2
2011-11-24,4.25
2011-11-25,4.2
2011-11-28,4.2
2011-11-29,4.25
2011-11-30,4.3
2011-12-01,4.35
2011-12-02,4.3
2011-12-06,4.3
2011-12-07,4.3
2011-12-08,4.3
2011-12-09,4.25
2011-12-13,4.3
2011-12-14,4.25
2011-12-15,4.25
2011-12-16,4.35
2011-12-19,4.5
2011-12-20,4.6
2011-12-21,4.65
2011-12-22,4.6
2011-12-23,4.6
2011-12-26,4.6
2011-12-27,4.45
2011-12-28,4.4
2011-12-29,4.45
2011-12-30,4.5
2012-01-04,4.6
2012-01-05,4.75
2012-01-06,4.85
2012-01-09,5.0
2012-01-10,5.0
2012-01-11,4.95
2012-01-12,4.95
2012-01-13,4.95
2012-01-16,4.95
2012-01-17,4.95
2012-01-18,4.9
2012-01-19,4.9
2012-01-20,4.9
2012-01-23,5.0
2012-01-24,4.9
2012-01-25,4.85
2012-01-26,5.050000000000001
2012-01-27,5.2
2012-01-30,5.1
2012-01-31,5.199999999999999
2012-02-01,5.3
2012-02-02,5.35
2012-02-03,5.35
2012-02-06,5.25
2012-02-07,5.2
2012-02-08,5.25
2012-02-09,5.25
2012-02-10,5.2
2012-02-13,5.25
2012-02-14,5.2
2012-02-15,5.300000000000001
2012-02-16,5.300000000000001
2012-02-17,5.25
2012-02-20,5.2
2012-02-21,5.2
2012-02-22,5.2
2012-02-23,5.2
2012-02-24,5.15
2012-02-27,5.05
2012-02-28,5.15
2012-02-29,5.25
2012-03-01,5.3
2012-03-02,5.25
2012-03-05,5.2
2012-03-06,5.2
2012-03-08,5.25
2012-03-09,5.35
2012-03-12,5.4
2012-03-13,5.4
2012-03-14,5.45
2012-03-15,5.45
2012-03-16,5.6
2012-03-19,5.75
2012-03-20,5.8
2012-03-21,5.85
2012-03-22,5.800000000000001
2012-03-23,5.8
2012-03-26,5.75
2012-03-27,5.8
2012-03-28,5.8
2012-03-29,5.7
2012-03-30,5.75
2012-04-02,5.8
2012-04-03,5.75
2012-04-04,5.7
2012-04-05,5.7
2012-04-10,5.7
2012-04-11,5.7
2012-04-12,5.75
2012-04-17,5.8
2012-04-18,5.8
2012-04-19,5.75
2012-04-20,5.8
2012-04-23,5.85
2012-04-24,6.0
2012-04-25,6.0
2012-04-26,5.95
2012-04-27,6.0
2012-04-30,6.15
2012-05-02,6.2
2012-05-03,6.2
2012-05-04,6.1
2012-05-08,6.15
2012-05-09,6.1
2012-05-10,6.0
2012-05-11,6.0
2012-05-14,5.95
2012-05-15,5.9
2012-05-16,5.95
2012-05-17,6.0
2012-05-18,5.8
2012-05-21,5.85
2012-05-22,5.75
2012-05-23,5.6
2012-05-24,5.55
2012-05-25,5.55
2012-05-28,5.6
2012-05-29,5.65
2012-05-30,5.65
2012-05-31,5.6
2012-06-01,5.6
2012-06-05,5.6
2012-06-06,5.65
2012-06-07,5.65
2012-06-08,5.55
2012-06-11,5.65
2012-06-12,5.7
2012-06-13,5.7
2012-06-14,5.65
2012-06-15,5.75
2012-06-18,5.75
2012-06-19,5.7
2012-06-20,5.75
2012-06-21,5.8
2012-06-22,5.8
2012-06-25,5.9
2012-06-26,6.0
2012-06-27,6.0
2012-06-28,6.0
2012-06-29,6.0
2012-07-02,6.0
2012-07-03,6.0
2012-07-04,6.1
2012-07-05,6.35
2012-07-06,6.35
2012-07-09,6.35
2012-07-10,6.35
2012-07-11,6.4
2012-07-12,6.4
2012-07-13,6.55
2012-07-16,6.65
2012-07-17,6.6
2012-07-18,6.55
2012-07-19,6.55
2012-07-20,6.45
2012-07-23,6.3
2012-07-24,6.35
2012-07-25,6.45
2012-07-26,6.6
2012-07-27,6.55
2012-07-30,6.55
2012-07-31,6.699999999999999
2012-08-01,6.8
2012-08-03,6.8
2012-08-06,6.85
2012-08-07,6.85
2012-08-08,6.699999999999999
2012-08-09,6.6
2012-08-10,6.5
2012-08-14,6.55
2012-08-15,6.6
2012-08-16,6.6
2012-08-17,6.6
2012-08-20,6.6
2012-08-21,6.6
2012-08-22,6.65
2012-08-23,6.699999999999999
2012-08-24,6.6
2012-08-27,6.6
2012-08-28,6.6
2012-08-29,6.699999999999999
2012-08-30,6.75
2012-08-31,6.7
2012-09-03,6.85
2012-09-04,6.85
2012-09-05,6.8
2012-09-06,6.85
2012-09-07,6.9
2012-09-10,6.95
2012-09-11,7.0
2012-09-12,7.300000000000001
2012-09-13,7.45
2012-09-14,7.5
2012-09-17,7.300000000000001
2012-09-18,7.25
2012-09-19,7.35
2012-09-20,7.5
2012-09-21,7.5
2012-09-24,7.5
2012-09-25,7.699999999999999
2012-09-26,7.7
2012-09-27,7.800000000000001
2012-09-28,7.95
2012-10-01,8.0
2012-10-02,8.2
2012-10-03,8.3
2012-10-04,8.45
2012-10-05,8.6
2012-10-08,8.7
2012-10-09,8.600000000000001
2012-10-10,8.45
2012-10-11,8.4
2012-10-12,8.45
2012-10-15,8.3
2012-10-16,8.25
2012-10-17,8.3
2012-10-18,8.5
2012-10-19,8.6
2012-10-22,8.55
2012-10-24,8.6
2012-10-25,8.5
2012-10-26,8.350000000000001
2012-10-29,8.05
2012-10-30,8.149999999999999
2012-10-31,8.2
2012-11-01,8.2
2012-11-02,8.3
2012-11-05,8.2
2012-11-06,8.2
2012-11-07,8.2
2012-11-08,8.3
2012-11-09,8.45
2012-11-12,8.5
2012-11-13,8.45
2012-11-14,8.4
2012-11-15,8.5
2012-11-16,8.5
2012-11-19,8.649999999999999
2012-11-20,8.7
2012-11-21,8.6
2012-11-22,8.649999999999999
2012-11-23,8.9
2012-11-26,9.05
2012-11-27,9.05
2012-11-28,9.0
2012-11-29,9.25
2012-11-30,9.350000000000001
2012-12-03,9.5
2012-12-04,9.2
2012-12-06,9.0
2012-12-07,9.0
2012-12-11,9.05
2012-12-12,9.35
2012-12-13,9.45
2012-12-14,9.350000000000001
2012-12-17,9.350000000000001
2012-12-18,9.350000000000001
2012-12-19,9.2
2012-12-20,9.25
2012-12-21,9.3
2012-12-24,9.5
2012-12-25,9.649999999999999
2012-12-26,9.75
2012-12-27,9.75
2012-12-28,9.75
2013-01-02,9.649999999999999
2013-01-03,9.6
2013-01-04,9.4
2013-01-07,9.45
2013-01-08,9.6
2013-01-09,9.6
2013-01-10,9.6
2013-01-11,9.6
2013-01-14,9.6
2013-01-15,9.75
2013-01-16,9.75
2013-01-17,9.649999999999999
2013-01-18,9.7
2013-01-21,9.9
2013-01-22,9.95
2013-01-23,10.3
2013-01-24,11.1
2013-01-25,10.95
2013-01-28,10.7
2013-01-29,10.85
2013-01-30,11.0
2013-01-31,10.7
2013-02-01,10.6
2013-02-04,10.5
2013-02-05,10.45
2013-02-06,10.6
2013-02-07,10.95
2013-02-08,11.3
2013-02-11,11.5
2013-02-12,11.2
2013-02-13,11.350000000000001
2013-02-14,11.6
2013-02-15,11.75
2013-02-18,11.8
2013-02-19,11.55
2013-02-20,11.55
2013-02-21,11.6
2013-02-22,11.5
2013-02-26,11.5
2013-02-27,11.649999999999999
2013-02-28,11.7
2013-03-01,11.8
2013-03-04,11.649999999999999
2013-03-05,11.75
2013-03-06,11.8
2013-03-07,11.95
2013-03-08,12.2
2013-03-11,12.350000000000001
2013-03-12,12.45
2013-03-13,12.35
2013-03-14,12.4
2013-03-15,12.35
2013-03-18,12.149999999999999
2013-03-19,12.1
2013-03-20,12.05
2013-03-21,12.100000000000001
2013-03-22,11.6
2013-03-25,11.600000000000001
2013-03-26,11.8
2013-03-27,12.2
2013-03-28,12.25
2013-03-29,12.3
2013-04-01,12.1
2013-04-02,12.25
2013-04-03,12.3
2013-04-04,12.0
2013-04-05,11.8
2013-04-09,11.399999999999999
2013-04-10,11.2
2013-04-11,11.65
2013-04-12,12.3
2013-04-17,12.7
2013-04-18,13.55
2013-04-19,13.3
2013-04-22,13.45
2013-04-23,13.55
2013-04-24,13.4
2013-04-25,13.4
2013-04-26,13.65
2013-04-29,14.2
2013-04-30,14.5
2013-05-02,14.600000000000001
2013-05-03,15.1
2013-05-07,15.2
2013-05-08,15.25
2013-05-09,15.05
2013-05-10,14.8
2013-05-13,15.149999999999999
2013-05-14,15.2
2013-05-15,15.4
2013-05-16,15.8
2013-05-17,15.95
2013-05-20,16.5
2013-05-21,17.2
2013-05-22,17.25
2013-05-23,16.8
2013-05-27,16.8
2013-05-28,17.4
2013-05-29,18.15
2013-05-30,18.3
2013-05-31,18.45
2013-06-03,17.4
2013-06-04,16.299999999999997
2013-06-05,15.95
2013-06-06,15.55
2013-06-07,16.0
2013-06-10,16.700000000000003
2013-06-11,16.3
2013-06-12,15.7
2013-06-13,15.0
2013-06-14,15.350000000000001
2013-06-17,15.3
2013-06-18,15.3
2013-06-19,15.6
2013-06-20,15.35
2013-06-21,15.05
2013-06-24,14.25
2013-06-25,14.05
2013-06-26,15.0
2013-06-27,15.85
2013-06-28,16.5
2013-07-02,16.65
2013-07-03,16.700000000000003
2013-07-04,16.75
2013-07-05,16.8
2013-07-08,16.3
2013-07-09,16.0
2013-07-10,15.7
2013-07-11,16.65
2013-07-12,17.1
2013-07-15,17.25
2013-07-16,17.299999999999997
2013-07-17,17.6
2013-07-18,18.55
2013-07-19,19.35
2013-07-23,19.35
2013-07-24,19.4
2013-07-25,18.799999999999997
2013-07-26,18.75
2013-07-29,18.9
2013-07-30,18.5
2013-07-31,18.0
2013-08-01,18.1
2013-08-02,18.05
2013-08-05,18.0
2013-08-06,18.1
2013-08-07,18.25
2013-08-08,18.5
2013-08-09,18.45
2013-08-13,18.299999999999997
2013-08-14,18.2
2013-08-15,18.25
2013-08-16,18.0
2013-08-19,17.5
2013-08-20,17.05
2013-08-21,17.05
2013-08-22,16.8
2013-08-23,16.8
2013-08-26,16.55
2013-08-27,15.85
2013-08-28,15.0
2013-08-29,15.35
2013-08-30,16.1
2013-09-02,16.75
2013-09-03,16.55
2013-09-04,16.35
2013-09-05,16.35
2013-09-06,16.5
2013-09-09,17.4
2013-09-10,18.2
2013-09-11,18.45
2013-09-12,18.2
2013-09-13,17.95
2013-09-16,18.75
2013-09-17,19.299999999999997
2013-09-18,19.299999999999997
2013-09-19,20.05
2013-09-20,19.9
2013-09-23,19.55
2013-09-24,18.55
2013-09-25,18.4
2013-09-26,18.75
2013-09-27,19.0
2013-09-30,18.6
2013-10-01,18.9
2013-10-02,19.15
2013-10-03,19.5
2013-10-04,19.65
2013-10-07,19.450000000000003
2013-10-08,19.6
2013-10-09,19.55
2013-10-10,19.8
2013-10-11,20.0
2013-10-14,20.200000000000003
2013-10-15,20.799999999999997
2013-10-16,21.4
2013-10-17,22.4
2013-10-18,22.049999999999997
2013-10-21,21.1
2013-10-22,20.950000000000003
2013-10-24,21.450000000000003
2013-10-25,21.6
2013-10-28,21.45
2013-10-29,21.35
2013-10-30,21.4
2013-10-31,21.15
2013-11-01,20.8
2013-11-04,19.4
2013-11-05,19.6
2013-11-06,20.2
2013-11-07,20.4
2013-11-08,20.25
2013-11-11,19.95
2013-11-12,20.75
2013-11-13,20.75
2013-11-14,21.1
2013-11-15,21.049999999999997
2013-11-18,21.0
2013-11-19,20.95
2013-11-20,20.9
2013-11-21,20.15
2013-11-22,19.5
2013-11-25,19.049999999999997
2013-11-26,18.95
2013-11-27,18.9
2013-11-28,19.0
2013-11-29,18.8
2013-12-02,18.450000000000003
2013-12-03,18.4
2013-12-04,18.5
2013-12-06,18.1
2013-12-09,18.2
2013-12-11,18.25
2013-12-12,18.049999999999997
2013-12-13,17.75
2013-12-16,17.2
2013-12-17,17.5
2013-12-18,18.1
2013-12-19,17.9
2013-12-20,17.5
2013-12-23,16.75
2013-12-24,16.5
2013-12-25,16.55
2013-12-26,16.200000000000003
2013-12-27,15.8
2014-01-02,15.2
2014-01-03,14.4
2014-01-06,14.3
2014-01-07,14.8
2014-01-08,14.75
2014-01-09,14.649999999999999
2014-01-10,14.5
2014-01-13,14.8
2014-01-14,15.6
2014-01-15,16.450000000000003
2014-01-16,16.700000000000003
2014-01-17,16.3
2014-01-20,16.0
2014-01-21,16.200000000000003
2014-01-22,16.0
2014-01-23,16.4
2014-01-24,17.15
2014-01-27,17.35
2014-01-28,17.25
2014-01-29,17.15
2014-01-30,17.299999999999997
2014-01-31,17.35
2014-02-03,17.5
2014-02-04,17.5
2014-02-05,17.5
2014-02-06,17.55
2014-02-07,17.6
2014-02-10,17.35
2014-02-11,17.2
2014-02-12,17.5
2014-02-13,17.6
2014-02-17,17.950000000000003
2014-02-18,18.450000000000003
2014-02-19,18.700000000000003
2014-02-20,18.450000000000003
2014-02-21,18.35
2014-02-24,18.2
2014-02-25,18.45
2014-02-26,18.45
2014-02-27,18.55
2014-02-28,18.75
2014-03-03,19.15
2014-03-04,19.65
2014-03-05,19.85
2014-03-06,19.5
2014-03-07,19.4
2014-03-10,19.05
2014-03-11,19.15
2014-03-12,19.200000000000003
2014-03-13,19.55
2014-03-14,19.5
2014-03-17,19.7
2014-03-18,19.5
2014-03-19,19.45
2014-03-20,19.3
2014-03-21,19.25
2014-03-24,19.0
2014-03-25,18.95
2014-03-26,19.299999999999997
2014-03-27,19.1
2014-03-28,19.15
2014-03-31,19.299999999999997
2014-04-01,19.4
2014-04-02,19.6
2014-04-03,19.8
2014-04-04,19.65
2014-04-08,19.25
2014-04-09,19.1
2014-04-10,19.25
2014-04-11,19.35
2014-04-16,19.5
2014-04-17,19.4
2014-04-18,19.35
2014-04-21,19.2
2014-04-22,19.3
2014-04-23,19.55
2014-04-24,19.6
2014-04-25,19.55
2014-04-28,19.45
2014-04-29,19.45
2014-04-30,19.45
2014-05-02,19.6
2014-05-06,19.549999999999997
2014-05-07,19.2
2014-05-08,19.1
2014-05-09,19.1
2014-05-12,19.05
2014-05-14,19.1
2014-05-15,19.200000000000003
2014-05-16,19.35
2014-05-19,19.5
2014-05-20,19.0
2014-05-21,18.85
2014-05-22,19.1
2014-05-23,18.45
2014-05-26,18.3
2014-05-27,18.05
2014-05-28,18.299999999999997
2014-05-29,18.45
2014-05-30,18.6
2014-06-02,18.9
2014-06-03,19.35
2014-06-04,19.5
2014-06-05,19.5
2014-06-06,19.55
2014-06-09,19.6
2014-06-10,19.700000000000003
2014-06-11,19.65
2014-06-12,19.700000000000003
2014-06-13,19.95
2014-06-16,19.95
2014-06-17,20.0
2014-06-18,19.7
2014-06-19,19.7
2014-06-20,20.15
2014-06-23,20.25
2014-06-24,19.9
2014-06-25,19.9
2014-06-26,19.85
2014-06-27,19.75
2014-06-30,19.85
2014-07-02,19.75
2014-07-03,19.7
2014-07-04,19.6
2014-07-07,19.55
2014-07-08,19.8
2014-07-09,19.700000000000003
2014-07-10,19.85
2014-07-14,19.9
2014-07-15,20.05
2014-07-16,20.5
2014-07-17,20.95
2014-07-18,21.450000000000003
2014-07-21,22.5
2014-07-22,22.5
2014-07-23,22.65
2014-07-24,22.45
2014-07-25,21.85
2014-07-28,21.65
2014-07-29,21.549999999999997
2014-07-30,21.7
2014-07-31,21.549999999999997
2014-08-01,21.25
2014-08-04,21.55
2014-08-05,21.65
2014-08-06,21.4
2014-08-07,21.75
2014-08-08,21.8
2014-08-13,21.799999999999997
2014-08-14,21.7
2014-08-15,21.55
2014-08-18,21.700000000000003
2014-08-19,21.85
2014-08-20,22.2
2014-08-21,22.25
2014-08-22,22.65
2014-08-25,23.5
2014-08-26,23.6
2014-08-27,23.5
2014-08-28,23.55
2014-08-29,23.549999999999997
2014-09-01,23.85
2014-09-02,23.799999999999997
2014-09-03,24.2
2014-09-04,24.25
2014-09-05,24.15
2014-09-08,24.0
2014-09-09,23.8
2014-09-10,23.4
2014-09-11,23.7
2014-09-12,24.1
2014-09-15,23.950000000000003
2014-09-16,23.75
2014-09-17,23.5
2014-09-18,23.700000000000003
2014-09-19,23.9
2014-09-22,24.049999999999997
2014-09-23,24.4
2014-09-24,24.5
2014-09-25,24.45
2014-09-26,24.4
2014-09-29,24.25
2014-09-30,23.95
2014-10-01,23.8
2014-10-02,23.65
2014-10-03,23.65
2014-10-06,23.4
2014-10-07,22.85
2014-10-08,22.45
2014-10-09,22.4
2014-10-10,22.049999999999997
2014-10-13,21.8
2014-10-14,22.25
2014-10-15,22.65
2014-10-16,22.25
2014-10-17,22.2
2014-10-20,22.35
2014-10-21,22.65
2014-10-22,22.95
2014-10-24,23.25
2014-10-27,23.450000000000003
2014-10-28,23.799999999999997
2014-10-29,24.15
2014-10-30,24.0
2014-10-31,24.15
2014-11-03,24.25
2014-11-04,24.450000000000003
2014-11-05,24.55
2014-11-06,24.55
2014-11-07,24.5
2014-11-10,24.3
2014-11-11,24.45
2014-11-12,24.35
2014-11-13,24.65
2014-11-14,24.799999999999997
2014-11-17,24.5
2014-11-18,24.75
2014-11-19,25.15
2014-11-20,25.45
2014-11-21,25.85
2014-11-24,26.549999999999997
2014-11-25,26.25
2014-11-26,26.1
2014-11-27,26.8
2014-11-28,27.450000000000003
2014-12-01,27.9
2014-12-02,28.55
2014-12-03,28.8
2014-12-04,29.35
2014-12-08,29.0
2014-12-09,28.55
2014-12-11,28.35
2014-12-12,28.0
2014-12-15,27.75
2014-12-16,26.95
2014-12-17,27.0
2014-12-18,27.5
2014-12-19,27.95
2014-12-22,28.2
2014-12-23,28.35
2014-12-24,28.15
2014-12-25,27.700000000000003
2014-12-26,27.700000000000003
2014-12-29,27.85
2014-12-30,27.85
2015-01-05,27.75
2015-01-06,27.049999999999997
2015-01-07,27.9
2015-01-08,28.9
2015-01-09,29.1
2015-01-12,29.05
2015-01-13,28.95
2015-01-14,28.85
2015-01-15,28.75
2015-01-16,28.75
2015-01-19,29.05
2015-01-20,29.1
2015-01-21,29.1
2015-01-22,29.35
2015-01-23,30.35
2015-01-26,31.1
2015-01-27,31.35
2015-01-28,31.25
2015-01-29,30.95
2015-01-30,31.7
2015-02-02,32.1
2015-02-03,32.5
2015-02-04,31.849999999999998
2015-02-05,31.5
2015-02-06,31.8
2015-02-09,31.7
2015-02-10,31.65
2015-02-11,31.85
2015-02-12,31.75
2015-02-13,31.4
2015-02-16,31.2
2015-02-17,30.85
2015-02-18,31.0
2015-02-19,31.049999999999997
2015-02-20,31.0
2015-02-23,30.95
2015-02-24,30.700000000000003
2015-02-25,30.549999999999997
2015-02-26,30.799999999999997
2015-02-27,31.0
2015-03-02,30.450000000000003
2015-03-03,29.85
2015-03-05,29.5
2015-03-06,29.700000000000003
2015-03-09,29.65
2015-03-10,29.65
2015-03-11,29.6
2015-03-12,29.700000000000003
2015-03-13,29.7
2015-03-16,29.45
2015-03-17,29.3
2015-03-18,29.450000000000003
2015-03-19,30.0
2015-03-20,29.75
2015-03-23,30.1
2015-03-24,30.1
2015-03-25,29.950000000000003
2015-03-26,29.7
2015-03-27,29.35
2015-03-30,28.8
2015-03-31,28.1
2015-04-01,28.8
2015-04-02,29.35
2015-04-03,29.299999999999997
2015-04-07,29.15
2015-04-08,29.25
2015-04-09,29.25
2015-04-10,29.3
2015-04-16,29.65
2015-04-17,29.6
2015-04-20,29.35
2015-04-21,29.35
2015-04-22,29.200000000000003
2015-04-23,29.15
2015-04-24,29.4
2015-04-27,29.35
2015-04-28,29.15
2015-04-29,28.85
2015-04-30,28.9
2015-05-04,29.0
2015-05-06,29.1
2015-05-07,28.8
2015-05-08,28.85
2015-05-11,28.95
2015-05-12,28.85
2015-05-13,28.799999999999997
2015-05-14,28.799999999999997
2015-05-15,28.950000000000003
2015-05-18,28.8
2015-05-19,29.35
2015-05-20,30.05
2015-05-21,30.4
2015-05-22,30.5
2015-05-25,29.85
2015-05-26,29.35
2015-05-27,29.5
2015-05-28,29.75
2015-05-29,29.700000000000003
2015-06-02,30.0
2015-06-03,30.2
2015-06-04,30.25
2015-06-05,30.55
2015-06-08,30.8
2015-06-09,30.95
2015-06-10,31.3
2015-06-11,31.549999999999997
2015-06-12,31.25
2015-06-15,30.95
2015-06-16,31.15
2015-06-17,31.6
2015-06-18,31.2
2015-06-19,29.2
2015-06-22,29.450000000000003
2015-06-23,29.700000000000003
2015-06-24,30.1
2015-06-25,30.1
2015-06-26,30.450000000000003
2015-06-29,30.299999999999997
2015-06-30,30.5
2015-07-02,30.5
2015-07-03,30.95
2015-07-06,30.700000000000003
2015-07-07,30.75
2015-07-08,30.5
2015-07-09,30.5
2015-07-10,30.85
2015-07-13,31.05
2015-07-14,31.25
2015-07-15,30.7
2015-07-16,29.85
2015-07-17,29.85
2015-07-20,29.549999999999997
2015-07-21,29.4
2015-07-22,29.25
2015-07-23,29.5
2015-07-24,29.45
2015-07-27,29.25
2015-07-28,28.95
2015-07-29,29.1
2015-07-31,29.35
2015-08-03,29.450000000000003
2015-08-04,29.1
2015-08-05,29.15
2015-08-06,28.950000000000003
2015-08-07,28.950000000000003
2015-08-10,28.6
2015-08-11,27.950000000000003
2015-08-13,27.55
2015-08-14,28.05
2015-08-17,28.549999999999997
2015-08-18,26.5
2015-08-19,26.5
2015-08-20,26.5
2015-08-21,26.55
2015-08-24,25.7
2015-08-25,26.1
2015-08-26,26.35
2015-08-27,27.1
2015-08-28,27.3
2015-08-31,27.4
2015-09-01,27.5
2015-09-02,27.549999999999997
2015-09-03,27.9
2015-09-04,27.65
2015-09-07,27.55
2015-09-08,27.8
2015-09-09,28.5
2015-09-10,28.5
2015-09-11,28.4
2015-09-14,27.6
2015-09-15,27.1
2015-09-16,27.549999999999997
2015-09-17,27.9
2015-09-18,28.0
2015-09-21,27.799999999999997
2015-09-22,27.85
2015-09-23,27.5
2015-09-24,27.799999999999997
2015-09-25,28.1
2015-09-28,27.85
2015-09-29,27.75
2015-09-30,28.0
2015-10-01,28.15
2015-10-02,28.2
2015-10-05,28.9
2015-10-06,29.35
2015-10-07,29.5
2015-10-08,29.5
2015-10-09,29.6
2015-10-12,29.5
2015-10-13,29.35
2015-10-14,29.5
2015-10-15,29.85
2015-10-16,30.200000000000003
2015-10-19,30.05
2015-10-20,29.85
2015-10-21,30.05
2015-10-22,29.950000000000003
2015-10-26,30.0
2015-10-27,30.15
2015-10-28,29.9
2015-10-29,29.7
2015-10-30,29.700000000000003
2015-11-02,30.15
2015-11-03,30.5
2015-11-04,30.6
2015-11-05,30.75
2015-11-06,30.8
2015-11-09,30.85
2015-11-10,30.9
2015-11-11,30.8
2015-11-12,30.6
2015-11-13,30.9
2015-11-16,30.95
2015-11-17,31.35
2015-11-18,31.4
2015-11-19,31.700000000000003
2015-11-20,32.05
2015-11-23,32.2
2015-11-24,32.0
2015-11-25,31.65
2015-11-26,31.200000000000003
2015-11-27,30.85
2015-11-30,30.9
2015-12-01,31.95
2015-12-02,32.1
2015-12-03,32.1
2015-12-04,32.05
2015-12-08,31.85
2015-12-09,31.7
2015-12-11,32.05
2015-12-14,32.2
2015-12-15,32.3
2015-12-16,32.8
2015-12-17,33.5
2015-12-18,33.6
2015-12-21,34.2
2015-12-22,35.0
2015-12-23,34.650000000000006
2015-12-24,34.65
2015-12-25,34.8
2015-12-28,34.5
2015-12-29,34.75
2015-12-30,34.900000000000006
2016-01-04,34.55
2016-01-05,34.2
2016-01-06,34.0
2016-01-07,33.75
2016-01-08,33.849999999999994
2016-01-11,33.45
2016-01-12,33.9
2016-01-13,34.65
2016-01-14,34.55
2016-01-15,34.55
2016-01-18,34.8
2016-01-19,34.849999999999994
2016-01-20,34.25
2016-01-21,34.75
2016-01-22,35.1
2016-01-25,34.900000000000006
2016-01-26,34.900000000000006
2016-01-27,35.35
2016-01-28,36.45
2016-01-29,37.45
2016-02-01,37.55
2016-02-02,37.3
2016-02-03,36.849999999999994
2016-02-04,37.15
2016-02-05,37.5
2016-02-08,37.5
2016-02-09,37.2
2016-02-10,36.95
2016-02-11,36.849999999999994
2016-02-12,36.85
2016-02-15,36.95
2016-02-16,37.8
2016-02-17,38.85
2016-02-18,40.0
2016-02-19,40.0
2016-02-23,40.2
2016-02-24,40.7
2016-02-25,40.05
2016-02-26,39.95
2016-02-29,39.95
2016-03-01,40.2
2016-03-02,41.0
2016-03-03,42.0
2016-03-04,42.400000000000006
2016-03-07,42.1
2016-03-08,41.099999999999994
2016-03-09,41.1
2016-03-10,40.8
2016-03-11,41.0
2016-03-14,41.6
2016-03-15,40.900000000000006
2016-03-16,40.7
2016-03-17,40.3
2016-03-18,40.400000000000006
2016-03-21,40.4
2016-03-22,39.9
2016-03-23,39.45
2016-03-24,39.8
2016-03-25,39.900000000000006
2016-03-28,39.7
2016-03-29,39.45
2016-03-30,39.75
2016-03-31,39.95
2016-04-01,39.8
2016-04-04,39.3
2016-04-05,38.9
2016-04-07,38.2
2016-04-08,38.45
2016-04-11,38.85
2016-04-12,39.15
2016-04-18,39.5
2016-04-19,40.099999999999994
2016-04-20,40.3
2016-04-21,40.400000000000006
2016-04-22,40.900000000000006
2016-04-25,40.5
2016-04-26,40.7
2016-04-27,40.5
2016-04-28,39.75
2016-04-29,39.2
2016-05-03,39.35
2016-05-04,39.349999999999994
2016-05-09,39.5
2016-05-10,39.25
2016-05-11,38.9
2016-05-12,39.2
2016-05-13,39.6
2016-05-16,39.35
2016-05-17,39.4
2016-05-18,39.4
2016-05-19,39.25
2016-05-23,39.45
2016-05-24,39.55
2016-05-25,39.6
2016-05-26,39.4
2016-05-27,39.3
2016-05-30,39.45
2016-05-31,39.45
2016-06-01,39.25
2016-06-02,38.8
2016-06-03,38.8
2016-06-06,38.900000000000006
2016-06-07,38.75
2016-06-08,38.8
2016-06-09,38.7
2016-06-10,38.6
2016-06-13,38.55
2016-06-14,38.650000000000006
2016-06-15,38.9
2016-06-16,38.599999999999994
2016-06-17,38.5
2016-06-20,38.5
2016-06-21,38.55
2016-06-22,38.75
2016-06-23,39.0
2016-06-24,38.599999999999994
2016-06-27,38.55
2016-06-28,38.8
2016-06-29,38.85
2016-06-30,38.9
2016-07-04,39.05
2016-07-05,39.2
2016-07-06,38.8
2016-07-07,38.7
2016-07-08,38.45
2016-07-11,38.55
2016-07-12,38.45
2016-07-13,38.349999999999994
2016-07-14,38.4
2016-07-15,38.4
2016-07-20,38.8
2016-07-21,39.349999999999994
2016-07-22,39.349999999999994
2016-07-25,39.55
2016-07-26,39.65
2016-07-27,39.650000000000006
2016-07-28,39.650000000000006
2016-07-29,39.6
2016-08-01,39.7
2016-08-02,39.35
2016-08-03,39.2
2016-08-04,39.1
2016-08-05,39.4
2016-08-08,40.7
2016-08-09,41.400000000000006
2016-08-10,41.7
2016-08-11,41.9
2016-08-15,41.5
2016-08-16,40.9
2016-08-17,40.400000000000006
2016-08-18,40.4
2016-08-19,39.95
2016-08-22,39.95
2016-08-23,40.3
2016-08-24,40.5
2016-08-25,40.8
2016-08-26,40.7
2016-08-29,40.7
2016-08-30,40.3
2016-08-31,40.2
2016-09-01,39.85
2016-09-02,40.0
2016-09-05,39.85
2016-09-06,39.650000000000006
2016-09-07,39.95
2016-09-08,39.7
2016-09-09,39.55
2016-09-12,39.15
2016-09-13,39.35
2016-09-14,39.65
2016-09-15,39.85
2016-09-16,39.900000000000006
2016-09-19,40.2
2016-09-20,39.75
2016-09-21,39.8
2016-09-22,40.2
2016-09-23,39.85
2016-09-26,39.650000000000006
2016-09-27,39.849999999999994
2016-09-28,39.849999999999994
2016-09-29,39.8
2016-09-30,39.75
2016-10-03,39.849999999999994
2016-10-04,39.75
2016-10-05,39.7
2016-10-06,39.6
2016-10-07,39.349999999999994
2016-10-10,38.75
2016-10-11,38.45
2016-10-12,36.650000000000006
2016-10-13,35.95
2016-10-14,38.7
2016-10-17,38.85
2016-10-18,38.75
2016-10-19,38.25
2016-10-20,38.35
2016-10-21,38.4
2016-10-25,38.5
2016-10-26,38.35
2016-10-27,38.25
2016-10-28,38.3
2016-10-31,38.2
2016-11-01,38.1
2016-11-02,37.95
2016-11-03,37.55
2016-11-04,36.8
2016-11-07,37.4
2016-11-08,37.75
2016-11-09,37.349999999999994
2016-11-10,37.4
2016-11-11,37.05
2016-11-14,36.35
2016-11-15,36.25
2016-11-16,36.25
2016-11-17,36.05
2016-11-18,35.75
2016-11-21,36.05
2016-11-22,36.6
2016-11-23,37.05
2016-11-24,37.5
2016-11-25,37.95
2016-11-28,38.5
2016-11-29,38.8
2016-11-30,40.05
2016-12-01,40.3
2016-12-02,39.95
2016-12-06,39.8
2016-12-07,39.9
2016-12-08,39.6
2016-12-09,39.55
2016-12-13,39.5
2016-12-14,39.650000000000006
2016-12-15,39.7
2016-12-16,39.7
2016-12-19,39.5
2016-12-20,39.3
2016-12-21,38.95
2016-12-22,38.849999999999994
2016-12-23,38.849999999999994
2016-12-26,39.25
2016-12-27,39.4
2016-12-28,39.4
2016-12-29,39.55
2016-12-30,39.75
2017-01-04,39.8
2017-01-05,39.75
2017-01-06,39.5
2017-01-09,39.4
2017-01-10,39.25
2017-01-11,39.2
2017-01-12,39.2
2017-01-16,39.349999999999994
2017-01-17,39.4
2017-01-18,39.35
2017-01-19,39.349999999999994
2017-01-20,39.349999999999994
2017-01-23,39.349999999999994
2017-01-24,39.599999999999994
2017-01-25,39.849999999999994
2017-01-26,40.5
2017-01-27,40.7
2017-01-30,40.8
2017-01-31,41.099999999999994
2017-02-01,41.3
2017-02-02,41.400000000000006
2017-02-03,41.6
2017-02-06,41.5
2017-02-07,41.3
2017-02-08,41.6
2017-02-09,41.35
2017-02-10,40.65
2017-02-14,40.0
2017-02-15,38.4
2017-02-16,39.65
2017-02-17,40.0
2017-02-20,40.1
2017-02-21,39.6
2017-02-22,39.65
2017-02-23,39.15
2017-02-24,38.9
2017-02-27,38.8
2017-02-28,38.9
2017-03-01,39.0
2017-03-02,38.9
2017-03-03,38.35
2017-03-06,38.25
2017-03-07,38.2
2017-03-08,38.75
2017-03-09,38.9
2017-03-10,38.75
2017-03-13,38.75
2017-03-14,38.65
2017-03-15,38.35
2017-03-16,38.85
2017-03-17,39.0
2017-03-20,39.0
2017-03-21,39.1
2017-03-22,39.25
2017-03-23,39.75
2017-03-24,39.8
2017-03-27,39.9
2017-03-28,40.1
2017-03-29,40.1
2017-03-30,39.9
2017-03-31,39.6
2017-04-03,39.2
2017-04-04,39.65
2017-04-05,39.65
2017-04-07,39.65
2017-04-10,39.35
2017-04-11,39.2
2017-04-12,39.65
2017-04-17,39.8
2017-04-18,40.0
2017-04-19,40.1
2017-04-20,40.7
2017-04-21,41.35
2017-04-24,41.0
2017-04-25,41.1
2017-04-26,41.5
2017-04-27,41.15
2017-04-28,40.5
2017-05-02,40.35
2017-05-03,40.8
2017-05-04,41.1
2017-05-08,41.35
2017-05-09,41.65
2017-05-11,41.65
2017-05-12,41.65
2017-05-15,41.2
2017-05-16,41.2
2017-05-17,41.75
2017-05-18,41.9
2017-05-19,41.9
2017-05-22,42.0
2017-05-23,42.0
2017-05-24,42.0
2017-05-25,42.1
2017-05-26,42.1
2017-05-29,42.5
2017-05-30,42.9
2017-05-31,42.85
2017-06-01,43.25
2017-06-02,44.35
2017-06-05,44.9
2017-06-06,45.0
2017-06-07,44.5
2017-06-08,44.4
2017-06-09,44.65
2017-06-12,44.1
2017-06-13,44.1
2017-06-14,44.1
2017-06-15,44.35
2017-06-16,45.1
2017-06-19,46.0
2017-06-20,46.25
2017-06-21,46.0
2017-06-22,46.25
2017-06-23,46.5
2017-06-26,46.25
2017-06-27,46.6
2017-06-28,46.9
2017-06-29,47.2
2017-06-30,47.2
2017-07-03,47.35
2017-07-04,46.75
2017-07-05,47.0
2017-07-06,48.65
2017-07-07,49.0
2017-07-11,48.75
2017-07-12,49.35
2017-07-13,49.4
2017-07-14,48.9
2017-07-17,48.25
2017-07-18,47.85
2017-07-19,48.75
2017-07-20,50.15
2017-07-21,51.0
2017-07-24,51.5
2017-07-25,52.0
2017-07-26,51.9
2017-07-27,52.0
2017-07-31,51.75
2017-08-01,51.75
2017-08-02,52.2
2017-08-03,52.35
2017-08-04,53.0
2017-08-07,53.75
2017-08-08,54.2
2017-08-09,53.5
2017-08-10,53.35
2017-08-11,52.75
2017-08-15,52.15
2017-08-16,52.4
2017-08-17,52.9
2017-08-18,52.65
2017-08-21,52.0
2017-08-22,51.35
2017-08-23,51.9
2017-08-24,52.5
2017-08-25,52.35
2017-08-28,52.2
2017-08-29,53.2
2017-08-30,54.65
2017-08-31,54.65
2017-09-01,54.75
2017-09-04,54.5
2017-09-05,54.35
2017-09-06,54.25
2017-09-07,54.5
2017-09-08,55.1
2017-09-11,56.15
2017-09-12,56.9
2017-09-13,56.75
2017-09-14,57.25
2017-09-15,57.65
2017-09-18,58.6
2017-09-19,59.75
2017-09-20,59.6
2017-09-21,59.5
2017-09-22,58.6
2017-09-25,58.4
2017-09-26,58.5
2017-09-27,58.1
2017-09-28,58.5
2017-09-29,59.0
2017-10-02,59.35
2017-10-03,59.25
2017-10-04,58.7
2017-10-05,58.35
2017-10-06,58.5
2017-10-09,59.15
2017-10-10,59.35
2017-10-11,59.35
2017-10-12,58.85
2017-10-16,59.2
2017-10-17,59.2
2017-10-18,59.0
2017-10-19,58.15
2017-10-20,57.85
2017-10-24,58.2
2017-10-25,58.5
2017-10-27,58.35
2017-10-30,58.5
2017-10-31,59.15
2017-11-01,58.85
2017-11-02,58.2
2017-11-03,58.5
2017-11-06,58.25
2017-11-07,58.25
2017-11-08,58.65
2017-11-09,58.4
2017-11-10,57.9
2017-11-13,57.25
2017-11-14,57.25
2017-11-15,57.25
2017-11-16,57.2
2017-11-17,57.85
2017-11-20,58.25
2017-11-21,59.0
2017-11-22,59.0
2017-11-23,58.9
2017-11-24,58.4
2017-11-27,58.15
2017-11-28,60.25
2017-11-29,61.9
2017-11-30,61.85
2017-12-01,62.15
2017-12-04,61.6
2017-12-06,61.35
2017-12-07,62.4
2017-12-08,62.75
2017-12-12,62.35
2017-12-13,62.65
2017-12-14,63.25
2017-12-15,63.75
2017-12-18,63.9
2017-12-19,64.0
2017-12-20,64.65
2017-12-21,64.65
2017-12-22,64.65
2017-12-25,65.75
2017-12-26,67.5
2017-12-27,68.15
2017-12-28,67.15
2017-12-29,67.6
