Date,BANPU
2007-01-03,13.55
2007-01-04,13.1
2007-01-05,12.6
2007-01-08,12.7
2007-01-09,12.8
2007-01-10,12.6
2007-01-11,12.5
2007-01-12,12.7
2007-01-15,12.95
2007-01-16,12.850000000000001
2007-01-17,12.8
2007-01-18,13.100000000000001
2007-01-19,13.55
2007-01-22,13.75
2007-01-23,13.8
2007-01-24,13.85
2007-01-25,13.75
2007-01-26,13.7
2007-01-29,13.7
2007-01-30,13.9
2007-01-31,13.850000000000001
2007-02-01,13.75
2007-02-02,13.8
2007-02-05,13.8
2007-02-06,13.75
2007-02-07,13.7
2007-02-08,13.850000000000001
2007-02-09,13.85
2007-02-12,13.7
2007-02-13,13.5
2007-02-14,13.45
2007-02-15,13.4
2007-02-16,13.350000000000001
2007-02-19,13.3
2007-02-20,13.4
2007-02-21,13.4
2007-02-22,13.649999999999999
2007-02-23,13.75
2007-02-26,13.95
2007-02-27,14.1
2007-02-28,14.0
2007-03-01,14.2
2007-03-02,13.95
2007-03-06,13.9
2007-03-07,13.85
2007-03-08,13.7
2007-03-09,13.850000000000001
2007-03-12,13.9
2007-03-13,13.95
2007-03-14,13.850000000000001
2007-03-15,13.95
2007-03-16,14.15
2007-03-19,14.399999999999999
2007-03-20,14.85
2007-03-21,15.05
2007-03-22,15.05
2007-03-23,14.9
2007-03-26,14.9
2007-03-27,14.9
2007-03-28,14.95
2007-03-29,14.9
2007-03-30,14.95
2007-04-02,15.55
2007-04-03,16.0
2007-04-04,16.0
2007-04-05,15.9
2007-04-09,15.9
2007-04-10,15.95
2007-04-11,16.4
2007-04-12,16.55
2007-04-17,16.15
2007-04-18,15.8
2007-04-19,15.7
2007-04-20,15.7
2007-04-23,15.8
2007-04-24,16.35
2007-04-25,16.9
2007-04-26,16.9
2007-04-27,16.65
2007-04-30,16.2
2007-05-02,16.4
2007-05-03,16.55
2007-05-04,16.700000000000003
2007-05-08,17.1
2007-05-09,17.7
2007-05-10,17.75
2007-05-11,17.45
2007-05-14,17.7
2007-05-15,17.6
2007-05-16,17.7
2007-05-17,17.75
2007-05-18,17.6
2007-05-21,17.299999999999997
2007-05-22,17.0
2007-05-23,17.15
2007-05-24,16.8
2007-05-25,16.3
2007-05-28,16.450000000000003
2007-05-29,16.55
2007-05-30,16.4
2007-06-01,16.85
2007-06-04,18.35
2007-06-05,19.25
2007-06-06,19.15
2007-06-07,18.85
2007-06-08,19.0
2007-06-11,19.55
2007-06-12,19.2
2007-06-13,18.549999999999997
2007-06-14,18.549999999999997
2007-06-15,19.05
2007-06-18,20.25
2007-06-19,19.9
2007-06-20,20.0
2007-06-21,20.0
2007-06-22,19.85
2007-06-25,19.6
2007-06-26,19.25
2007-06-27,19.2
2007-06-28,19.3
2007-06-29,20.0
2007-07-02,20.4
2007-07-03,20.9
2007-07-04,21.200000000000003
2007-07-05,22.05
2007-07-06,22.299999999999997
2007-07-09,22.7
2007-07-10,22.9
2007-07-11,22.6
2007-07-12,22.45
2007-07-13,22.6
2007-07-16,22.25
2007-07-17,21.85
2007-07-18,21.55
2007-07-19,21.4
2007-07-20,21.450000000000003
2007-07-23,21.35
2007-07-24,21.85
2007-07-25,21.85
2007-07-26,22.4
2007-07-27,21.85
2007-07-31,21.55
2007-08-01,20.9
2007-08-02,20.5
2007-08-03,20.4
2007-08-06,19.85
2007-08-07,20.0
2007-08-08,20.85
2007-08-09,21.700000000000003
2007-08-10,21.05
2007-08-14,20.9
2007-08-15,19.9
2007-08-16,18.95
2007-08-17,19.0
2007-08-20,20.0
2007-08-21,20.0
2007-08-22,20.15
2007-08-23,20.75
2007-08-24,20.75
2007-08-27,21.05
2007-08-28,20.75
2007-08-29,20.6
2007-08-30,21.15
2007-08-31,21.4
2007-09-03,21.65
2007-09-04,21.700000000000003
2007-09-05,22.0
2007-09-06,22.1
2007-09-07,22.0
2007-09-10,22.0
2007-09-11,22.8
2007-09-12,23.0
2007-09-13,22.65
2007-09-14,22.549999999999997
2007-09-17,22.45
2007-09-18,22.45
2007-09-19,22.75
2007-09-20,22.950000000000003
2007-09-21,23.5
2007-09-24,23.85
2007-09-25,23.8
2007-09-26,24.4
2007-09-27,25.0
2007-09-28,25.75
2007-10-01,26.5
2007-10-02,26.85
2007-10-03,26.2
2007-10-04,26.1
2007-10-05,26.2
2007-10-08,26.6
2007-10-09,27.1
2007-10-10,28.85
2007-10-11,30.8
2007-10-12,30.5
2007-10-15,30.15
2007-10-16,29.9
2007-10-17,29.45
2007-10-18,30.0
2007-10-19,29.55
2007-10-22,28.75
2007-10-24,29.1
2007-10-25,30.6
2007-10-26,31.7
2007-10-29,33.95
2007-10-30,34.849999999999994
2007-10-31,34.1
2007-11-01,34.75
2007-11-02,32.599999999999994
2007-11-05,31.55
2007-11-06,31.7
2007-11-07,32.15
2007-11-08,30.950000000000003
2007-11-09,30.8
2007-11-12,29.950000000000003
2007-11-13,29.4
2007-11-14,29.2
2007-11-15,29.0
2007-11-16,28.299999999999997
2007-11-19,27.5
2007-11-20,26.8
2007-11-21,27.049999999999997
2007-11-22,28.0
2007-11-23,29.1
2007-11-26,29.950000000000003
2007-11-27,29.55
2007-11-28,30.5
2007-11-29,32.599999999999994
2007-11-30,33.05
2007-12-03,32.75
2007-12-04,32.0
2007-12-06,32.75
2007-12-07,33.2
2007-12-11,32.0
2007-12-12,31.25
2007-12-13,31.549999999999997
2007-12-14,31.7
2007-12-17,30.299999999999997
2007-12-18,29.450000000000003
2007-12-19,29.049999999999997
2007-12-20,27.6
2007-12-21,28.1
2007-12-24,28.9
2007-12-25,29.9
2007-12-26,30.3
2007-12-27,30.15
2007-12-28,30.0
2008-01-02,30.15
2008-01-03,28.7
2008-01-04,28.25
2008-01-07,27.2
2008-01-08,27.6
2008-01-09,28.9
2008-01-10,29.35
2008-01-11,29.55
2008-01-14,29.55
2008-01-15,29.35
2008-01-16,28.549999999999997
2008-01-17,29.55
2008-01-18,29.4
2008-01-21,29.5
2008-01-22,28.0
2008-01-23,28.299999999999997
2008-01-24,28.049999999999997
2008-01-25,29.25
2008-01-28,30.2
2008-01-29,32.900000000000006
2008-01-30,33.35
2008-01-31,33.05
2008-02-01,32.9
2008-02-04,33.8
2008-02-05,33.95
2008-02-06,33.2
2008-02-07,33.2
2008-02-08,33.95
2008-02-11,34.4
2008-02-12,34.55
2008-02-13,35.2
2008-02-14,36.0
2008-02-15,36.0
2008-02-18,35.65
2008-02-19,35.3
2008-02-20,35.85
2008-02-22,36.150000000000006
2008-02-25,37.349999999999994
2008-02-26,38.099999999999994
2008-02-27,37.5
2008-02-28,36.45
2008-02-29,36.3
2008-03-03,36.3
2008-03-04,36.45
2008-03-05,34.900000000000006
2008-03-06,34.55
2008-03-07,33.95
2008-03-10,33.2
2008-03-11,33.2
2008-03-12,33.650000000000006
2008-03-13,32.900000000000006
2008-03-14,32.75
2008-03-17,31.7
2008-03-18,31.4
2008-03-19,31.549999999999997
2008-03-20,29.85
2008-03-21,29.55
2008-03-24,29.55
2008-03-25,30.35
2008-03-26,30.8
2008-03-27,31.25
2008-03-28,31.55
2008-03-31,31.4
2008-04-01,31.549999999999997
2008-04-02,31.1
2008-04-03,30.049999999999997
2008-04-04,30.450000000000003
2008-04-08,31.85
2008-04-09,32.900000000000006
2008-04-10,32.15
2008-04-11,32.15
2008-04-16,32.75
2008-04-17,33.35
2008-04-18,33.05
2008-04-21,32.900000000000006
2008-04-22,33.05
2008-04-23,32.900000000000006
2008-04-24,33.2
2008-04-25,33.2
2008-04-28,33.05
2008-04-29,32.900000000000006
2008-04-30,32.75
2008-05-02,33.05
2008-05-06,33.35
2008-05-07,33.8
2008-05-08,33.8
2008-05-09,34.400000000000006
2008-05-12,34.25
2008-05-13,33.650000000000006
2008-05-14,33.65
2008-05-15,33.95
2008-05-16,34.7
2008-05-20,35.35
2008-05-21,35.65
2008-05-22,36.45
2008-05-23,37.2
2008-05-26,36.3
2008-05-27,36.3
2008-05-28,35.35
2008-05-29,35.95
2008-05-30,36.45
2008-06-02,36.15
2008-06-03,36.45
2008-06-04,35.65
2008-06-05,35.0
2008-06-06,36.3
2008-06-09,36.9
2008-06-10,36.9
2008-06-11,37.2
2008-06-12,37.35
2008-06-13,38.1
2008-06-16,39.0
2008-06-17,39.900000000000006
2008-06-18,40.2
2008-06-19,39.45
2008-06-20,38.25
2008-06-23,39.3
2008-06-24,40.8
2008-06-25,40.95
2008-06-26,41.25
2008-06-27,40.8
2008-06-30,40.65
2008-07-02,40.05
2008-07-03,37.2
2008-07-04,36.599999999999994
2008-07-07,36.150000000000006
2008-07-08,35.85
2008-07-09,36.3
2008-07-10,35.2
2008-07-11,34.55
2008-07-14,34.400000000000006
2008-07-15,34.4
2008-07-16,34.25
2008-07-18,32.0
2008-07-21,30.1
2008-07-22,30.3
2008-07-23,30.5
2008-07-24,30.35
2008-07-25,30.049999999999997
2008-07-28,30.2
2008-07-29,29.950000000000003
2008-07-30,30.15
2008-07-31,30.95
2008-08-01,31.4
2008-08-04,31.25
2008-08-05,29.700000000000003
2008-08-06,28.4
2008-08-07,28.549999999999997
2008-08-08,28.95
2008-08-11,30.05
2008-08-13,28.9
2008-08-14,28.95
2008-08-15,29.25
2008-08-18,29.2
2008-08-19,29.2
2008-08-20,29.7
2008-08-21,30.0
2008-08-22,30.2
2008-08-25,29.700000000000003
2008-08-26,28.9
2008-08-27,29.0
2008-08-28,29.25
2008-08-29,29.5
2008-09-01,29.049999999999997
2008-09-02,28.4
2008-09-03,27.1
2008-09-04,26.200000000000003
2008-09-05,25.9
2008-09-08,27.05
2008-09-09,27.2
2008-09-10,26.65
2008-09-11,26.35
2008-09-12,26.5
2008-09-15,25.95
2008-09-16,24.1
2008-09-17,23.1
2008-09-18,21.95
2008-09-19,23.95
2008-09-22,25.3
2008-09-23,25.1
2008-09-24,24.950000000000003
2008-09-25,25.15
2008-09-26,25.0
2008-09-29,23.95
2008-09-30,21.45
2008-10-01,22.35
2008-10-02,22.35
2008-10-03,21.75
2008-10-06,20.15
2008-10-07,17.3
2008-10-08,15.65
2008-10-09,15.8
2008-10-10,13.45
2008-10-13,13.8
2008-10-14,15.4
2008-10-15,14.75
2008-10-16,13.8
2008-10-17,13.85
2008-10-20,13.8
2008-10-21,13.8
2008-10-22,13.6
2008-10-24,13.05
2008-10-27,11.399999999999999
2008-10-28,11.15
2008-10-29,11.149999999999999
2008-10-30,11.35
2008-10-31,11.75
2008-11-03,13.65
2008-11-04,14.5
2008-11-05,16.05
2008-11-06,15.4
2008-11-07,16.25
2008-11-10,17.0
2008-11-11,16.05
2008-11-12,15.100000000000001
2008-11-13,14.399999999999999
2008-11-14,14.6
2008-11-17,14.35
2008-11-18,14.15
2008-11-19,13.649999999999999
2008-11-20,12.7
2008-11-21,12.600000000000001
2008-11-24,12.6
2008-11-25,12.85
2008-11-26,12.9
2008-11-27,13.0
2008-11-28,13.75
2008-12-01,14.05
2008-12-02,13.5
2008-12-03,14.05
2008-12-04,13.75
2008-12-08,14.2
2008-12-09,15.0
2008-12-11,15.600000000000001
2008-12-12,15.85
2008-12-15,16.6
2008-12-16,16.85
2008-12-17,17.1
2008-12-18,16.85
2008-12-19,16.8
2008-12-22,16.45
2008-12-23,16.1
2008-12-24,16.3
2008-12-25,16.450000000000003
2008-12-26,16.950000000000003
2008-12-29,17.049999999999997
2008-12-30,17.299999999999997
2009-01-02,17.2
2009-01-05,18.75
2009-01-06,19.700000000000003
2009-01-07,19.25
2009-01-08,18.549999999999997
2009-01-09,18.6
2009-01-12,18.25
2009-01-13,17.200000000000003
2009-01-14,17.15
2009-01-15,16.55
2009-01-16,16.85
2009-01-19,17.15
2009-01-20,16.65
2009-01-21,16.4
2009-01-22,16.700000000000003
2009-01-23,16.55
2009-01-26,16.6
2009-01-27,17.15
2009-01-28,17.35
2009-01-29,17.200000000000003
2009-01-30,16.75
2009-02-02,16.65
2009-02-03,16.6
2009-02-04,16.85
2009-02-05,16.85
2009-02-06,17.35
2009-02-10,17.35
2009-02-11,17.0
2009-02-12,17.0
2009-02-13,17.1
2009-02-16,17.2
2009-02-17,16.9
2009-02-18,16.8
2009-02-19,16.8
2009-02-20,16.65
2009-02-23,16.5
2009-02-24,16.2
2009-02-25,16.4
2009-02-26,16.25
2009-02-27,16.0
2009-03-02,15.5
2009-03-03,14.45
2009-03-04,14.75
2009-03-05,15.3
2009-03-06,15.35
2009-03-09,15.35
2009-03-10,15.600000000000001
2009-03-11,15.75
2009-03-12,15.350000000000001
2009-03-13,15.7
2009-03-16,15.649999999999999
2009-03-17,15.55
2009-03-18,15.7
2009-03-19,15.8
2009-03-20,16.0
2009-03-23,16.6
2009-03-24,17.049999999999997
2009-03-25,16.700000000000003
2009-03-26,16.8
2009-03-27,16.9
2009-03-30,16.4
2009-03-31,16.15
2009-04-01,16.200000000000003
2009-04-02,16.45
2009-04-03,16.75
2009-04-07,16.8
2009-04-08,16.4
2009-04-09,16.45
2009-04-10,16.6
2009-04-16,17.4
2009-04-17,18.75
2009-04-20,19.05
2009-04-21,18.8
2009-04-22,19.9
2009-04-23,20.35
2009-04-24,20.65
2009-04-27,20.45
2009-04-28,20.35
2009-04-29,20.9
2009-04-30,21.6
2009-05-04,21.7
2009-05-06,22.4
2009-05-07,23.049999999999997
2009-05-11,23.1
2009-05-12,23.65
2009-05-13,23.65
2009-05-14,22.799999999999997
2009-05-15,22.6
2009-05-18,22.1
2009-05-19,23.1
2009-05-20,23.65
2009-05-21,23.4
2009-05-22,23.4
2009-05-25,23.3
2009-05-26,23.25
2009-05-27,23.4
2009-05-28,23.4
2009-05-29,23.9
2009-06-01,24.95
2009-06-02,25.6
2009-06-03,25.85
2009-06-04,25.8
2009-06-05,26.25
2009-06-08,25.950000000000003
2009-06-09,25.8
2009-06-10,26.6
2009-06-11,27.3
2009-06-12,28.0
2009-06-15,27.65
2009-06-16,26.75
2009-06-17,25.7
2009-06-18,24.95
2009-06-19,24.85
2009-06-22,25.0
2009-06-23,23.6
2009-06-24,24.2
2009-06-25,25.15
2009-06-26,25.8
2009-06-29,25.6
2009-06-30,25.700000000000003
2009-07-02,24.85
2009-07-03,24.35
2009-07-06,24.5
2009-07-08,24.2
2009-07-09,23.8
2009-07-10,23.35
2009-07-13,22.9
2009-07-14,23.549999999999997
2009-07-15,23.9
2009-07-16,23.950000000000003
2009-07-17,24.25
2009-07-20,25.05
2009-07-21,25.15
2009-07-22,25.0
2009-07-23,25.35
2009-07-24,25.55
2009-07-27,25.65
2009-07-28,25.55
2009-07-29,25.9
2009-07-30,26.950000000000003
2009-07-31,28.35
2009-08-03,29.200000000000003
2009-08-04,30.5
2009-08-05,30.75
2009-08-06,30.799999999999997
2009-08-07,31.65
2009-08-10,31.8
2009-08-11,30.9
2009-08-13,31.5
2009-08-14,31.8
2009-08-17,30.25
2009-08-18,30.5
2009-08-19,30.35
2009-08-20,30.4
2009-08-21,30.6
2009-08-24,31.15
2009-08-25,30.75
2009-08-26,30.75
2009-08-27,30.7
2009-08-28,30.549999999999997
2009-08-31,30.25
2009-09-01,30.299999999999997
2009-09-02,30.25
2009-09-03,30.6
2009-09-04,31.3
2009-09-07,31.799999999999997
2009-09-08,31.4
2009-09-09,31.7
2009-09-10,32.05
2009-09-11,32.0
2009-09-14,31.35
2009-09-15,31.35
2009-09-16,31.95
2009-09-17,33.0
2009-09-18,33.05
2009-09-21,32.95
2009-09-22,33.349999999999994
2009-09-23,33.85
2009-09-24,33.75
2009-09-25,33.5
2009-09-28,33.15
2009-09-29,32.85
2009-09-30,32.35
2009-10-01,32.6
2009-10-02,32.45
2009-10-05,32.45
2009-10-06,32.85
2009-10-07,33.6
2009-10-08,33.75
2009-10-09,33.9
2009-10-12,34.099999999999994
2009-10-13,34.55
2009-10-14,34.150000000000006
2009-10-15,32.85
2009-10-16,32.55
2009-10-19,33.45
2009-10-20,34.25
2009-10-21,34.0
2009-10-22,34.3
2009-10-26,34.35
2009-10-27,33.75
2009-10-28,33.45
2009-10-29,32.55
2009-10-30,33.1
2009-11-02,32.25
2009-11-03,31.85
2009-11-04,32.7
2009-11-05,32.8
2009-11-06,33.150000000000006
2009-11-09,33.6
2009-11-10,33.95
2009-11-11,34.5
2009-11-12,35.2
2009-11-13,35.4
2009-11-16,36.5
2009-11-17,37.400000000000006
2009-11-18,37.5
2009-11-19,36.900000000000006
2009-11-20,36.75
2009-11-23,37.8
2009-11-24,37.849999999999994
2009-11-25,38.900000000000006
2009-11-26,39.7
2009-11-27,38.900000000000006
2009-11-30,39.85
2009-12-01,40.1
2009-12-02,40.55
2009-12-03,41.55
2009-12-04,41.9
2009-12-08,41.3
2009-12-09,39.95
2009-12-11,40.15
2009-12-14,41.2
2009-12-15,42.4
2009-12-16,43.150000000000006
2009-12-17,44.2
2009-12-18,44.349999999999994
2009-12-21,44.2
2009-12-22,43.95
2009-12-23,43.85
2009-12-24,43.5
2009-12-25,43.5
2009-12-28,43.6
2009-12-29,43.8
2009-12-30,43.65
2010-01-04,43.3
2010-01-05,43.45
2010-01-06,44.35
2010-01-07,46.650000000000006
2010-01-08,47.849999999999994
2010-01-11,47.55
2010-01-12,46.5
2010-01-13,46.3
2010-01-14,47.65
2010-01-15,47.849999999999994
2010-01-18,47.05
2010-01-19,46.7
2010-01-20,46.75
2010-01-21,45.400000000000006
2010-01-22,43.599999999999994
2010-01-25,42.25
2010-01-26,41.55
2010-01-27,41.0
2010-01-28,40.4
2010-01-29,39.65
2010-02-01,39.05
2010-02-02,39.099999999999994
2010-02-03,40.349999999999994
2010-02-04,41.75
2010-02-05,40.8
2010-02-08,40.5
2010-02-09,40.55
2010-02-10,40.599999999999994
2010-02-11,40.7
2010-02-12,40.6
2010-02-15,39.65
2010-02-16,39.5
2010-02-17,40.4
2010-02-18,40.35
2010-02-19,39.8
2010-02-22,40.25
2010-02-23,40.15
2010-02-24,40.1
2010-02-25,40.65
2010-02-26,41.15
2010-03-02,42.15
2010-03-03,43.849999999999994
2010-03-04,44.5
2010-03-05,43.75
2010-03-08,43.45
2010-03-09,43.25
2010-03-10,43.7
2010-03-11,44.05
2010-03-12,44.2
2010-03-15,44.25
2010-03-16,45.3
2010-03-17,46.3
2010-03-18,46.55
2010-03-19,46.599999999999994
2010-03-22,46.3
2010-03-23,46.45
2010-03-24,46.05
2010-03-25,45.25
2010-03-26,45.2
2010-03-29,45.55
2010-03-30,45.85
2010-03-31,46.150000000000006
2010-04-01,47.05
2010-04-02,47.7
2010-04-05,47.5
2010-04-07,48.5
2010-04-08,48.0
2010-04-09,46.599999999999994
2010-04-12,45.05
2010-04-16,45.05
2010-04-19,44.6
2010-04-20,46.150000000000006
2010-04-21,47.15
2010-04-22,47.2
2010-04-23,46.75
2010-04-26,47.45
2010-04-27,47.5
2010-04-28,46.849999999999994
2010-04-29,46.85
2010-04-30,47.95
2010-05-04,50.0
2010-05-06,50.6
2010-05-07,48.55
2010-05-10,48.5
2010-05-11,47.95
2010-05-12,47.2
2010-05-13,46.849999999999994
2010-05-14,46.15
2010-05-17,45.75
2010-05-18,46.0
2010-05-19,45.7
2010-05-20,46.1
2010-05-21,46.1
2010-05-24,45.099999999999994
2010-05-25,42.75
2010-05-26,43.05
2010-05-27,43.45
2010-05-31,44.0
2010-06-01,44.05
2010-06-02,43.9
2010-06-03,44.8
2010-06-04,45.45
2010-06-07,44.650000000000006
2010-06-08,44.75
2010-06-09,44.95
2010-06-10,45.4
2010-06-11,45.85
2010-06-14,46.05
2010-06-15,46.55
2010-06-16,47.65
2010-06-17,48.15
2010-06-18,47.849999999999994
2010-06-21,48.55
2010-06-22,48.099999999999994
2010-06-23,47.8
2010-06-24,47.5
2010-06-25,46.65
2010-06-28,46.7
2010-06-29,45.900000000000006
2010-06-30,45.55
2010-07-02,45.65
2010-07-05,46.4
2010-07-06,47.2
2010-07-07,47.8
2010-07-08,47.6
2010-07-09,47.05
2010-07-12,46.65
2010-07-13,46.55
2010-07-14,46.9
2010-07-15,46.7
2010-07-16,46.25
2010-07-19,46.3
2010-07-20,46.15
2010-07-21,46.15
2010-07-22,46.4
2010-07-23,46.400000000000006
2010-07-27,46.85
2010-07-28,47.6
2010-07-29,47.2
2010-07-30,47.2
2010-08-02,47.5
2010-08-03,47.599999999999994
2010-08-04,47.55
2010-08-05,47.8
2010-08-06,47.9
2010-08-09,47.75
2010-08-10,47.099999999999994
2010-08-11,46.5
2010-08-16,46.3
2010-08-17,46.05
2010-08-18,46.150000000000006
2010-08-19,46.6
2010-08-20,46.45
2010-08-23,46.150000000000006
2010-08-24,46.05
2010-08-25,45.849999999999994
2010-08-26,45.7
2010-08-27,45.75
2010-08-30,46.25
2010-08-31,46.150000000000006
2010-09-01,46.6
2010-09-02,47.45
2010-09-03,47.8
2010-09-06,48.05
2010-09-07,47.599999999999994
2010-09-08,46.95
2010-09-09,48.35
2010-09-10,49.05
2010-09-13,49.3
2010-09-14,48.7
2010-09-15,48.25
2010-09-16,48.55
2010-09-17,48.55
2010-09-20,49.0
2010-09-21,50.05
2010-09-22,51.4
2010-09-23,52.05
2010-09-24,52.7
2010-09-27,53.4
2010-09-28,53.5
2010-09-29,53.7
2010-09-30,53.85
2010-10-01,54.1
2010-10-04,54.0
2010-10-05,54.15
2010-10-06,55.4
2010-10-07,55.8
2010-10-08,55.5
2010-10-11,55.65
2010-10-12,55.55
2010-10-13,55.5
2010-10-14,54.9
2010-10-15,54.6
2010-10-18,54.8
2010-10-19,55.8
2010-10-20,55.95
2010-10-21,57.099999999999994
2010-10-22,58.2
2010-10-26,59.7
2010-10-27,59.55
2010-10-28,58.900000000000006
2010-10-29,58.85
2010-11-01,59.15
2010-11-02,59.099999999999994
2010-11-03,59.05
2010-11-04,59.55
2010-11-05,60.65
2010-11-08,60.8
2010-11-09,60.849999999999994
2010-11-10,61.0
2010-11-11,60.7
2010-11-12,59.75
2010-11-15,59.849999999999994
2010-11-16,59.650000000000006
2010-11-17,57.9
2010-11-18,56.95
2010-11-19,58.7
2010-11-22,59.75
2010-11-23,59.65
2010-11-24,59.8
2010-11-25,59.349999999999994
2010-11-26,58.0
2010-11-29,57.8
2010-11-30,57.8
2010-12-01,57.7
2010-12-02,58.55
2010-12-03,59.1
2010-12-07,59.85
2010-12-08,60.35
2010-12-09,60.55
2010-12-13,60.35
2010-12-14,60.1
2010-12-15,59.900000000000006
2010-12-16,60.150000000000006
2010-12-17,60.5
2010-12-20,59.6
2010-12-21,58.8
2010-12-22,58.65
2010-12-23,58.599999999999994
2010-12-24,58.45
2010-12-27,58.15
2010-12-28,58.55
2010-12-29,59.3
2010-12-30,59.8
2011-01-04,62.3
2011-01-05,63.900000000000006
2011-01-06,64.4
2011-01-07,63.05
2011-01-10,61.85
2011-01-11,61.45
2011-01-12,63.3
2011-01-13,64.6
2011-01-14,64.7
2011-01-17,63.7
2011-01-18,63.0
2011-01-19,62.8
2011-01-20,61.599999999999994
2011-01-21,59.8
2011-01-24,57.4
2011-01-25,56.45
2011-01-26,56.3
2011-01-27,57.35
2011-01-28,57.0
2011-01-31,55.5
2011-02-01,55.35
2011-02-02,55.95
2011-02-03,56.55
2011-02-04,57.05
2011-02-07,56.55
2011-02-08,55.95
2011-02-09,55.2
2011-02-10,52.95
2011-02-11,52.25
2011-02-14,53.55
2011-02-15,54.75
2011-02-16,55.349999999999994
2011-02-17,56.7
2011-02-18,57.325
2011-02-21,57.95
2011-02-22,57.15
2011-02-23,57.35
2011-02-24,56.6
2011-02-25,55.9
2011-02-28,55.25
2011-03-01,54.95
2011-03-02,54.15
2011-03-03,54.25
2011-03-04,53.9
2011-03-07,54.55
2011-03-08,55.45
2011-03-09,55.75
2011-03-10,54.9
2011-03-11,54.4
2011-03-14,56.0
2011-03-15,56.05
2011-03-16,56.3
2011-03-17,55.650000000000006
2011-03-21,56.15
2011-03-22,56.4
2011-03-23,56.4
2011-03-24,57.349999999999994
2011-03-25,58.05
2011-03-28,57.400000000000006
2011-03-29,57.0
2011-03-30,57.5
2011-03-31,57.75
2011-04-01,58.099999999999994
2011-04-04,59.15
2011-04-05,59.25
2011-04-07,59.2
2011-04-08,59.3
2011-04-11,59.150000000000006
2011-04-12,58.55
2011-04-18,58.849999999999994
2011-04-19,58.45
2011-04-20,58.5
2011-04-21,58.55
2011-04-22,58.0
2011-04-25,57.7
2011-04-26,57.05
2011-04-27,56.9
2011-04-28,56.8
2011-04-29,56.4
2011-05-03,55.7
2011-05-04,54.9
2011-05-06,54.2
2011-05-09,55.05
2011-05-10,55.95
2011-05-11,56.849999999999994
2011-05-12,56.900000000000006
2011-05-13,56.05
2011-05-18,54.650000000000006
2011-05-19,54.85
2011-05-20,54.75
2011-05-23,54.2
2011-05-24,54.45
2011-05-25,55.35
2011-05-26,56.55
2011-05-27,56.7
2011-05-30,56.65
2011-05-31,56.45
2011-06-01,56.05
2011-06-02,55.349999999999994
2011-06-03,55.2
2011-06-06,54.95
2011-06-07,54.9
2011-06-08,54.7
2011-06-09,54.45
2011-06-10,54.599999999999994
2011-06-13,54.099999999999994
2011-06-14,54.599999999999994
2011-06-15,54.599999999999994
2011-06-16,54.0
2011-06-17,54.0
2011-06-20,53.900000000000006
2011-06-21,54.099999999999994
2011-06-22,54.3
2011-06-23,53.55
2011-06-24,53.099999999999994
2011-06-27,52.650000000000006
2011-06-28,52.55
2011-06-29,53.3
2011-06-30,54.1
2011-07-04,55.5
2011-07-05,55.650000000000006
2011-07-06,54.75
2011-07-07,54.3
2011-07-08,54.85
2011-07-11,54.25
2011-07-12,53.3
2011-07-13,54.25
2011-07-14,54.85
2011-07-18,55.5
2011-07-19,55.7
2011-07-20,55.95
2011-07-21,55.5
2011-07-22,55.7
2011-07-25,56.0
2011-07-26,56.400000000000006
2011-07-27,56.5
2011-07-28,56.1
2011-07-29,55.65
2011-08-01,55.65
2011-08-02,55.3
2011-08-03,54.85
2011-08-04,55.0
2011-08-05,53.5
2011-08-08,52.45
2011-08-09,50.7
2011-08-10,51.8
2011-08-11,51.05
2011-08-15,51.55
2011-08-16,51.650000000000006
2011-08-17,51.4
2011-08-18,51.45
2011-08-19,50.150000000000006
2011-08-22,48.6
2011-08-23,46.95
2011-08-24,45.2
2011-08-25,45.25
2011-08-26,45.400000000000006
2011-08-29,47.05
2011-08-30,47.5
2011-08-31,47.400000000000006
2011-09-01,48.150000000000006
2011-09-02,48.15
2011-09-05,47.400000000000006
2011-09-06,46.8
2011-09-07,47.65
2011-09-08,48.25
2011-09-09,48.4
2011-09-12,47.349999999999994
2011-09-13,46.9
2011-09-14,46.7
2011-09-15,46.95
2011-09-16,47.45
2011-09-19,46.7
2011-09-20,47.0
2011-09-21,47.15
2011-09-22,46.150000000000006
2011-09-23,44.45
2011-09-26,41.75
2011-09-27,41.9
2011-09-28,42.45
2011-09-29,41.45
2011-09-30,40.35
2011-10-03,37.65
2011-10-04,38.45
2011-10-05,39.2
2011-10-06,41.05
2011-10-07,41.75
2011-10-10,41.25
2011-10-11,42.9
2011-10-12,43.05
2011-10-13,42.9
2011-10-14,42.849999999999994
2011-10-17,44.9
2011-10-18,44.95
2011-10-19,45.7
2011-10-20,44.150000000000006
2011-10-21,43.6
2011-10-25,44.7
2011-10-26,44.900000000000006
2011-10-27,46.15
2011-10-28,47.2
2011-10-31,47.55
2011-11-01,46.3
2011-11-02,45.25
2011-11-03,44.6
2011-11-04,44.35
2011-11-07,43.45
2011-11-08,44.3
2011-11-09,44.45
2011-11-10,43.6
2011-11-11,43.8
2011-11-14,44.3
2011-11-15,43.95
2011-11-16,43.8
2011-11-17,43.75
2011-11-18,43.6
2011-11-21,42.849999999999994
2011-11-22,42.2
2011-11-23,41.45
2011-11-24,41.9
2011-11-25,41.650000000000006
2011-11-28,41.599999999999994
2011-11-29,41.45
2011-11-30,41.25
2011-12-01,42.45
2011-12-02,43.150000000000006
2011-12-06,43.7
2011-12-07,44.05
2011-12-08,43.9
2011-12-09,43.65
2011-12-13,43.349999999999994
2011-12-14,42.849999999999994
2011-12-15,42.05
2011-12-16,41.75
2011-12-19,41.65
2011-12-20,41.45
2011-12-21,41.95
2011-12-22,41.75
2011-12-23,41.45
2011-12-26,41.45
2011-12-27,41.25
2011-12-28,40.95
2011-12-29,40.7
2011-12-30,41.05
2012-01-04,41.45
2012-01-05,41.599999999999994
2012-01-06,41.3
2012-01-09,41.8
2012-01-10,42.95
2012-01-11,44.0
2012-01-12,44.349999999999994
2012-01-13,43.75
2012-01-16,42.65
2012-01-17,43.349999999999994
2012-01-18,43.55
2012-01-19,43.349999999999994
2012-01-20,43.150000000000006
2012-01-23,43.45
2012-01-24,43.65
2012-01-25,43.7
2012-01-26,43.95
2012-01-27,44.55
2012-01-30,45.0
2012-01-31,44.75
2012-02-01,44.55
2012-02-02,45.25
2012-02-03,45.85
2012-02-06,46.55
2012-02-07,46.75
2012-02-08,47.15
2012-02-09,47.75
2012-02-10,47.5
2012-02-13,47.8
2012-02-14,47.65
2012-02-15,47.4
2012-02-16,47.95
2012-02-17,49.849999999999994
2012-02-20,51.75
2012-02-21,51.55
2012-02-22,50.4
2012-02-23,49.55
2012-02-24,48.900000000000006
2012-02-27,48.1
2012-02-28,48.25
2012-02-29,48.9
2012-03-01,49.0
2012-03-02,49.35
2012-03-05,49.0
2012-03-06,48.25
2012-03-08,48.7
2012-03-09,47.5
2012-03-12,46.75
2012-03-13,46.0
2012-03-14,46.2
2012-03-15,46.3
2012-03-16,46.3
2012-03-19,46.0
2012-03-20,45.85
2012-03-21,45.849999999999994
2012-03-22,45.9
2012-03-23,45.9
2012-03-26,46.150000000000006
2012-03-27,46.7
2012-03-28,46.75
2012-03-29,46.45
2012-03-30,46.15
2012-04-02,46.1
2012-04-03,46.150000000000006
2012-04-04,45.75
2012-04-05,45.099999999999994
2012-04-10,44.45
2012-04-11,43.6
2012-04-12,43.3
2012-04-17,42.35
2012-04-18,41.9
2012-04-19,42.05
2012-04-20,42.2
2012-04-23,42.35
2012-04-24,42.5
2012-04-25,42.2
2012-04-26,42.0
2012-04-27,42.05
2012-04-30,42.15
2012-05-02,42.5
2012-05-03,42.95
2012-05-04,42.599999999999994
2012-05-08,42.0
2012-05-09,41.3
2012-05-10,40.85
2012-05-11,40.1
2012-05-14,39.3
2012-05-15,39.099999999999994
2012-05-16,38.5
2012-05-17,38.55
2012-05-18,37.85
2012-05-21,37.05
2012-05-22,35.9
2012-05-23,34.8
2012-05-24,35.4
2012-05-25,35.3
2012-05-28,35.05
2012-05-29,35.55
2012-05-30,35.25
2012-05-31,34.35
2012-06-01,34.0
2012-06-05,33.3
2012-06-06,33.3
2012-06-07,33.85
2012-06-08,34.05
2012-06-11,35.400000000000006
2012-06-12,35.5
2012-06-13,35.5
2012-06-14,34.900000000000006
2012-06-15,35.099999999999994
2012-06-18,35.4
2012-06-19,35.099999999999994
2012-06-20,35.15
2012-06-21,34.400000000000006
2012-06-22,33.75
2012-06-25,33.45
2012-06-26,33.1
2012-06-27,33.2
2012-06-28,33.25
2012-06-29,33.5
2012-07-02,34.900000000000006
2012-07-03,35.4
2012-07-04,35.55
2012-07-05,35.25
2012-07-06,35.0
2012-07-09,34.2
2012-07-10,34.400000000000006
2012-07-11,34.650000000000006
2012-07-12,34.45
2012-07-13,34.349999999999994
2012-07-16,34.650000000000006
2012-07-17,34.95
2012-07-18,35.1
2012-07-19,35.0
2012-07-20,34.45
2012-07-23,33.5
2012-07-24,33.2
2012-07-25,32.8
2012-07-26,31.6
2012-07-27,30.700000000000003
2012-07-30,30.4
2012-07-31,30.5
2012-08-01,30.4
2012-08-03,30.299999999999997
2012-08-06,30.95
2012-08-07,32.45
2012-08-08,34.05
2012-08-09,34.5
2012-08-10,34.6
2012-08-14,35.05
2012-08-15,35.25
2012-08-16,34.650000000000006
2012-08-17,34.45
2012-08-20,34.65
2012-08-21,34.7
2012-08-22,34.6
2012-08-23,34.400000000000006
2012-08-24,33.65
2012-08-27,33.6
2012-08-28,33.6
2012-08-29,33.6
2012-08-30,33.45
2012-08-31,33.75
2012-09-03,34.05
2012-09-04,33.75
2012-09-05,33.5
2012-09-06,33.6
2012-09-07,34.0
2012-09-10,33.900000000000006
2012-09-11,32.849999999999994
2012-09-12,32.849999999999994
2012-09-13,32.599999999999994
2012-09-14,33.400000000000006
2012-09-17,34.35
2012-09-18,34.0
2012-09-19,33.75
2012-09-20,33.45
2012-09-21,30.0
2012-09-24,29.85
2012-09-25,29.55
2012-09-26,29.55
2012-09-27,29.65
2012-09-28,29.6
2012-10-01,29.950000000000003
2012-10-02,30.45
2012-10-03,30.299999999999997
2012-10-04,30.1
2012-10-05,30.549999999999997
2012-10-08,30.299999999999997
2012-10-09,30.3
2012-10-10,30.1
2012-10-11,29.9
2012-10-12,30.0
2012-10-15,29.75
2012-10-16,29.55
2012-10-17,29.6
2012-10-18,29.700000000000003
2012-10-19,30.0
2012-10-22,29.85
2012-10-24,29.55
2012-10-25,29.5
2012-10-26,29.549999999999997
2012-10-29,29.4
2012-10-30,29.55
2012-10-31,29.6
2012-11-01,29.6
2012-11-02,29.5
2012-11-05,29.4
2012-11-06,29.35
2012-11-07,29.45
2012-11-08,29.15
2012-11-09,29.1
2012-11-12,28.85
2012-11-13,28.5
2012-11-14,27.75
2012-11-15,26.9
2012-11-16,27.200000000000003
2012-11-19,27.5
2012-11-20,27.55
2012-11-21,27.65
2012-11-22,27.6
2012-11-23,27.95
2012-11-26,29.3
2012-11-27,30.0
2012-11-28,29.9
2012-11-29,30.1
2012-11-30,29.950000000000003
2012-12-03,29.700000000000003
2012-12-04,29.4
2012-12-06,29.5
2012-12-07,29.7
2012-12-11,29.7
2012-12-12,29.75
2012-12-13,30.25
2012-12-14,30.7
2012-12-17,31.299999999999997
2012-12-18,31.95
2012-12-19,32.1
2012-12-20,31.75
2012-12-21,31.6
2012-12-24,31.75
2012-12-25,31.549999999999997
2012-12-26,31.5
2012-12-27,31.7
2012-12-28,31.5
2013-01-02,31.5
2013-01-03,31.950000000000003
2013-01-04,31.7
2013-01-07,31.799999999999997
2013-01-08,31.7
2013-01-09,31.75
2013-01-10,31.049999999999997
2013-01-11,30.549999999999997
2013-01-14,30.8
2013-01-15,30.7
2013-01-16,30.0
2013-01-17,30.0
2013-01-18,30.15
2013-01-21,30.3
2013-01-22,30.0
2013-01-23,29.85
2013-01-24,29.700000000000003
2013-01-25,29.700000000000003
2013-01-28,29.55
2013-01-29,29.45
2013-01-30,29.5
2013-01-31,29.450000000000003
2013-02-01,29.45
2013-02-04,29.85
2013-02-05,29.6
2013-02-06,29.4
2013-02-07,29.0
2013-02-08,28.3
2013-02-11,27.9
2013-02-12,28.0
2013-02-13,28.65
2013-02-14,28.95
2013-02-15,28.85
2013-02-18,28.4
2013-02-19,28.549999999999997
2013-02-20,28.75
2013-02-21,29.6
2013-02-22,29.950000000000003
2013-02-26,29.65
2013-02-27,29.35
2013-02-28,29.55
2013-03-01,29.4
2013-03-04,29.3
2013-03-05,29.35
2013-03-06,29.4
2013-03-07,29.6
2013-03-08,29.65
2013-03-11,29.55
2013-03-12,29.2
2013-03-13,28.85
2013-03-14,28.75
2013-03-15,28.95
2013-03-18,28.9
2013-03-19,28.8
2013-03-20,28.450000000000003
2013-03-21,28.5
2013-03-22,28.25
2013-03-25,28.15
2013-03-26,28.35
2013-03-27,28.6
2013-03-28,28.65
2013-03-29,28.55
2013-04-01,28.55
2013-04-02,28.6
2013-04-03,28.6
2013-04-04,28.4
2013-04-05,27.8
2013-04-09,27.35
2013-04-10,27.15
2013-04-11,27.35
2013-04-12,27.3
2013-04-17,27.15
2013-04-18,26.700000000000003
2013-04-19,26.7
2013-04-22,26.6
2013-04-23,26.35
2013-04-24,26.2
2013-04-25,26.05
2013-04-26,25.85
2013-04-29,25.8
2013-04-30,25.8
2013-05-02,25.450000000000003
2013-05-03,25.2
2013-05-07,24.85
2013-05-08,24.65
2013-05-09,24.65
2013-05-10,24.65
2013-05-13,24.45
2013-05-14,24.5
2013-05-15,24.700000000000003
2013-05-16,24.85
2013-05-17,24.75
2013-05-20,24.8
2013-05-21,24.8
2013-05-22,24.55
2013-05-23,24.15
2013-05-27,23.55
2013-05-28,23.35
2013-05-29,23.3
2013-05-30,23.1
2013-05-31,22.8
2013-06-03,22.2
2013-06-04,21.7
2013-06-05,21.15
2013-06-06,20.8
2013-06-07,20.55
2013-06-10,20.6
2013-06-11,20.0
2013-06-12,19.15
2013-06-13,18.85
2013-06-14,19.4
2013-06-17,20.1
2013-06-18,19.9
2013-06-19,19.55
2013-06-20,19.25
2013-06-21,19.0
2013-06-24,18.8
2013-06-25,18.4
2013-06-26,18.25
2013-06-27,18.299999999999997
2013-06-28,18.299999999999997
2013-07-02,18.2
2013-07-03,18.1
2013-07-04,17.75
2013-07-05,17.7
2013-07-08,17.1
2013-07-09,16.950000000000003
2013-07-10,17.25
2013-07-11,18.0
2013-07-12,18.3
2013-07-15,18.200000000000003
2013-07-16,18.15
2013-07-17,17.8
2013-07-18,17.5
2013-07-19,17.200000000000003
2013-07-23,17.35
2013-07-24,17.9
2013-07-25,17.6
2013-07-26,17.549999999999997
2013-07-29,17.700000000000003
2013-07-30,17.8
2013-07-31,17.6
2013-08-01,18.1
2013-08-02,17.85
2013-08-05,17.65
2013-08-06,17.5
2013-08-07,17.45
2013-08-08,17.35
2013-08-09,17.5
2013-08-13,18.65
2013-08-14,19.4
2013-08-15,19.700000000000003
2013-08-16,20.5
2013-08-19,20.950000000000003
2013-08-20,19.85
2013-08-21,19.4
2013-08-22,20.4
2013-08-23,21.25
2013-08-26,20.8
2013-08-27,20.65
2013-08-28,20.85
2013-08-29,20.85
2013-08-30,20.85
2013-09-02,21.5
2013-09-03,21.9
2013-09-04,22.0
2013-09-05,22.35
2013-09-06,22.7
2013-09-09,23.4
2013-09-10,23.0
2013-09-11,22.1
2013-09-12,22.049999999999997
2013-09-13,21.9
2013-09-16,22.549999999999997
2013-09-17,22.5
2013-09-18,22.25
2013-09-19,22.450000000000003
2013-09-20,22.25
2013-09-23,21.95
2013-09-24,22.1
2013-09-25,22.45
2013-09-26,22.5
2013-09-27,22.25
2013-09-30,21.05
2013-10-01,20.9
2013-10-02,20.9
2013-10-03,20.950000000000003
2013-10-04,21.05
2013-10-07,20.9
2013-10-08,21.35
2013-10-09,21.5
2013-10-10,21.5
2013-10-11,21.9
2013-10-14,21.6
2013-10-15,22.2
2013-10-16,22.75
2013-10-17,22.65
2013-10-18,22.85
2013-10-21,22.65
2013-10-22,22.5
2013-10-24,22.6
2013-10-25,22.4
2013-10-28,22.200000000000003
2013-10-29,22.1
2013-10-30,21.700000000000003
2013-10-31,21.5
2013-11-01,21.3
2013-11-04,20.5
2013-11-05,20.7
2013-11-06,20.950000000000003
2013-11-07,20.950000000000003
2013-11-08,20.700000000000003
2013-11-11,20.5
2013-11-12,20.700000000000003
2013-11-13,20.700000000000003
2013-11-14,21.05
2013-11-15,20.950000000000003
2013-11-18,21.0
2013-11-19,20.950000000000003
2013-11-20,21.0
2013-11-21,21.200000000000003
2013-11-22,21.1
2013-11-25,21.05
2013-11-26,21.5
2013-11-27,22.2
2013-11-28,22.7
2013-11-29,22.95
2013-12-02,23.7
2013-12-03,24.6
2013-12-04,24.5
2013-12-06,24.05
2013-12-09,23.700000000000003
2013-12-11,24.0
2013-12-12,24.1
2013-12-13,24.0
2013-12-16,23.9
2013-12-17,24.45
2013-12-18,24.65
2013-12-19,24.5
2013-12-20,24.6
2013-12-23,24.1
2013-12-24,23.5
2013-12-25,23.7
2013-12-26,23.4
2013-12-27,22.75
2014-01-02,21.950000000000003
2014-01-03,20.4
2014-01-06,19.35
2014-01-07,19.25
2014-01-08,19.8
2014-01-09,20.0
2014-01-10,19.9
2014-01-13,20.1
2014-01-14,20.75
2014-01-15,20.6
2014-01-16,20.6
2014-01-17,20.6
2014-01-20,20.2
2014-01-21,20.299999999999997
2014-01-22,20.299999999999997
2014-01-23,20.950000000000003
2014-01-24,21.4
2014-01-27,20.5
2014-01-28,20.2
2014-01-29,20.0
2014-01-30,19.6
2014-01-31,19.8
2014-02-03,20.299999999999997
2014-02-04,20.2
2014-02-05,20.2
2014-02-06,20.299999999999997
2014-02-07,20.5
2014-02-10,20.4
2014-02-11,20.299999999999997
2014-02-12,20.299999999999997
2014-02-13,20.299999999999997
2014-02-17,20.2
2014-02-18,19.7
2014-02-19,19.6
2014-02-20,19.450000000000003
2014-02-21,19.200000000000003
2014-02-24,19.1
2014-02-25,19.1
2014-02-26,19.1
2014-02-27,19.35
2014-02-28,19.6
2014-03-03,19.700000000000003
2014-03-04,20.0
2014-03-05,20.1
2014-03-06,20.0
2014-03-07,20.0
2014-03-10,19.8
2014-03-11,19.35
2014-03-12,19.200000000000003
2014-03-13,19.450000000000003
2014-03-14,19.5
2014-03-17,19.6
2014-03-18,19.6
2014-03-19,19.6
2014-03-20,19.5
2014-03-21,19.700000000000003
2014-03-24,19.700000000000003
2014-03-25,19.700000000000003
2014-03-26,19.8
2014-03-27,19.700000000000003
2014-03-28,20.2
2014-03-31,20.950000000000003
2014-04-01,21.15
2014-04-02,20.9
2014-04-03,20.8
2014-04-04,20.6
2014-04-08,20.700000000000003
2014-04-09,21.0
2014-04-10,20.5
2014-04-11,20.5
2014-04-16,20.6
2014-04-17,21.05
2014-04-18,21.4
2014-04-21,21.5
2014-04-22,21.4
2014-04-23,21.3
2014-04-24,21.8
2014-04-25,21.8
2014-04-28,21.3
2014-04-29,21.5
2014-04-30,22.299999999999997
2014-05-02,22.85
2014-05-06,22.55
2014-05-07,22.299999999999997
2014-05-08,22.299999999999997
2014-05-09,21.799999999999997
2014-05-12,22.0
2014-05-14,22.200000000000003
2014-05-15,22.65
2014-05-16,22.9
2014-05-19,22.8
2014-05-20,22.3
2014-05-21,22.6
2014-05-22,22.55
2014-05-23,22.0
2014-05-26,22.1
2014-05-27,22.0
2014-05-28,22.0
2014-05-29,21.9
2014-05-30,22.0
2014-06-02,22.200000000000003
2014-06-03,22.200000000000003
2014-06-04,22.6
2014-06-05,22.55
2014-06-06,22.6
2014-06-09,22.5
2014-06-10,22.4
2014-06-11,22.6
2014-06-12,22.6
2014-06-13,22.6
2014-06-16,22.5
2014-06-17,22.5
2014-06-18,22.0
2014-06-19,21.799999999999997
2014-06-20,21.9
2014-06-23,21.8
2014-06-24,21.5
2014-06-25,21.7
2014-06-26,21.799999999999997
2014-06-27,22.1
2014-06-30,22.3
2014-07-02,22.3
2014-07-03,22.1
2014-07-04,22.0
2014-07-07,21.9
2014-07-08,21.799999999999997
2014-07-09,21.7
2014-07-10,21.6
2014-07-14,22.1
2014-07-15,22.75
2014-07-16,22.6
2014-07-17,22.75
2014-07-18,22.7
2014-07-21,23.3
2014-07-22,23.6
2014-07-23,23.5
2014-07-24,24.45
2014-07-25,24.9
2014-07-28,24.799999999999997
2014-07-29,24.9
2014-07-30,24.65
2014-07-31,23.9
2014-08-01,23.2
2014-08-04,23.8
2014-08-05,23.9
2014-08-06,23.9
2014-08-07,23.7
2014-08-08,23.2
2014-08-13,23.799999999999997
2014-08-14,24.7
2014-08-15,24.6
2014-08-18,24.5
2014-08-19,24.6
2014-08-20,24.6
2014-08-21,24.799999999999997
2014-08-22,24.799999999999997
2014-08-25,24.549999999999997
2014-08-26,24.2
2014-08-27,24.45
2014-08-28,24.45
2014-08-29,24.4
2014-09-01,24.65
2014-09-02,24.9
2014-09-03,25.6
2014-09-04,26.15
2014-09-05,26.1
2014-09-08,25.9
2014-09-09,24.95
2014-09-10,24.1
2014-09-11,23.8
2014-09-12,23.7
2014-09-15,23.4
2014-09-16,23.3
2014-09-17,23.1
2014-09-18,23.2
2014-09-19,23.2
2014-09-22,22.95
2014-09-23,22.7
2014-09-24,22.7
2014-09-25,22.8
2014-09-26,22.9
2014-09-29,22.65
2014-09-30,22.4
2014-10-01,22.6
2014-10-02,22.6
2014-10-03,22.4
2014-10-06,22.3
2014-10-07,22.1
2014-10-08,21.9
2014-10-09,22.0
2014-10-10,21.7
2014-10-13,21.6
2014-10-14,21.5
2014-10-15,21.5
2014-10-16,21.200000000000003
2014-10-17,20.950000000000003
2014-10-20,21.0
2014-10-21,20.6
2014-10-22,20.5
2014-10-24,20.8
2014-10-27,20.9
2014-10-28,21.200000000000003
2014-10-29,21.5
2014-10-30,21.4
2014-10-31,21.4
2014-11-03,21.05
2014-11-04,20.6
2014-11-05,20.4
2014-11-06,20.6
2014-11-07,20.8
2014-11-10,20.6
2014-11-11,20.8
2014-11-12,20.9
2014-11-13,20.9
2014-11-14,20.9
2014-11-17,20.8
2014-11-18,20.8
2014-11-19,20.6
2014-11-20,20.5
2014-11-21,20.5
2014-11-24,20.700000000000003
2014-11-25,20.8
2014-11-26,20.8
2014-11-27,20.9
2014-11-28,20.8
2014-12-01,20.5
2014-12-02,20.6
2014-12-03,20.5
2014-12-04,20.4
2014-12-08,20.0
2014-12-09,19.450000000000003
2014-12-11,18.9
2014-12-12,18.5
2014-12-15,18.299999999999997
2014-12-16,18.0
2014-12-17,18.299999999999997
2014-12-18,19.35
2014-12-19,19.700000000000003
2014-12-22,20.1
2014-12-23,20.0
2014-12-24,19.6
2014-12-25,19.35
2014-12-26,19.200000000000003
2014-12-29,19.1
2014-12-30,18.85
2015-01-05,18.700000000000003
2015-01-06,18.6
2015-01-07,18.799999999999997
2015-01-08,19.0
2015-01-09,19.200000000000003
2015-01-12,19.0
2015-01-13,18.700000000000003
2015-01-14,18.5
2015-01-15,18.25
2015-01-16,18.1
2015-01-19,18.1
2015-01-20,18.1
2015-01-21,18.15
2015-01-22,18.4
2015-01-23,18.45
2015-01-26,18.299999999999997
2015-01-27,18.200000000000003
2015-01-28,18.1
2015-01-29,18.1
2015-01-30,18.299999999999997
2015-02-02,18.35
2015-02-03,18.85
2015-02-04,19.700000000000003
2015-02-05,19.4
2015-02-06,19.450000000000003
2015-02-09,19.3
2015-02-10,19.35
2015-02-11,19.4
2015-02-12,20.200000000000003
2015-02-13,21.15
2015-02-16,20.85
2015-02-17,20.8
2015-02-18,20.8
2015-02-19,21.35
2015-02-20,21.9
2015-02-23,21.6
2015-02-24,21.5
2015-02-25,22.2
2015-02-26,22.5
2015-02-27,22.65
2015-03-02,22.9
2015-03-03,22.9
2015-03-05,22.65
2015-03-06,22.6
2015-03-09,22.3
2015-03-10,21.65
2015-03-11,20.950000000000003
2015-03-12,21.15
2015-03-13,21.05
2015-03-16,21.05
2015-03-17,21.200000000000003
2015-03-18,21.4
2015-03-19,22.1
2015-03-20,22.1
2015-03-23,22.0
2015-03-24,21.6
2015-03-25,21.7
2015-03-26,21.799999999999997
2015-03-27,21.799999999999997
2015-03-30,22.200000000000003
2015-03-31,22.200000000000003
2015-04-01,22.5
2015-04-02,22.9
2015-04-03,23.2
2015-04-07,23.6
2015-04-08,23.5
2015-04-09,22.9
2015-04-10,22.5
2015-04-16,22.75
2015-04-17,23.0
2015-04-20,22.85
2015-04-21,22.6
2015-04-22,22.65
2015-04-23,22.65
2015-04-24,22.4
2015-04-27,22.2
2015-04-28,21.7
2015-04-29,21.7
2015-04-30,22.0
2015-05-04,21.9
2015-05-06,22.0
2015-05-07,21.9
2015-05-08,21.9
2015-05-11,21.799999999999997
2015-05-12,21.5
2015-05-13,20.85
2015-05-14,20.5
2015-05-15,20.75
2015-05-18,20.9
2015-05-19,20.6
2015-05-20,20.5
2015-05-21,20.5
2015-05-22,20.700000000000003
2015-05-25,20.700000000000003
2015-05-26,20.6
2015-05-27,20.4
2015-05-28,20.1
2015-05-29,19.9
2015-06-02,19.7
2015-06-03,20.200000000000003
2015-06-04,20.5
2015-06-05,20.299999999999997
2015-06-08,20.0
2015-06-09,19.450000000000003
2015-06-10,19.35
2015-06-11,19.6
2015-06-12,19.6
2015-06-15,19.5
2015-06-16,19.5
2015-06-17,19.5
2015-06-18,19.700000000000003
2015-06-19,19.6
2015-06-22,19.5
2015-06-23,19.450000000000003
2015-06-24,19.450000000000003
2015-06-25,19.6
2015-06-26,19.450000000000003
2015-06-29,19.200000000000003
2015-06-30,19.3
2015-07-02,19.3
2015-07-03,19.3
2015-07-06,19.0
2015-07-07,18.9
2015-07-08,18.799999999999997
2015-07-09,18.549999999999997
2015-07-10,18.5
2015-07-13,18.7
2015-07-14,19.3
2015-07-15,19.35
2015-07-16,19.1
2015-07-17,19.200000000000003
2015-07-20,19.25
2015-07-21,18.9
2015-07-22,18.75
2015-07-23,18.799999999999997
2015-07-24,18.75
2015-07-27,18.549999999999997
2015-07-28,18.4
2015-07-29,18.45
2015-07-31,18.7
2015-08-03,18.9
2015-08-04,18.6
2015-08-05,18.299999999999997
2015-08-06,18.25
2015-08-07,18.1
2015-08-10,18.05
2015-08-11,17.950000000000003
2015-08-13,17.75
2015-08-14,17.6
2015-08-17,17.549999999999997
2015-08-18,16.7
2015-08-19,16.6
2015-08-20,16.6
2015-08-21,16.5
2015-08-24,15.450000000000001
2015-08-25,15.05
2015-08-26,14.95
2015-08-27,15.45
2015-08-28,15.85
2015-08-31,15.75
2015-09-01,15.6
2015-09-02,15.649999999999999
2015-09-03,15.7
2015-09-04,15.6
2015-09-07,15.45
2015-09-08,15.0
2015-09-09,15.2
2015-09-10,15.05
2015-09-11,15.45
2015-09-14,15.7
2015-09-15,16.0
2015-09-16,16.5
2015-09-17,16.5
2015-09-18,16.65
2015-09-21,16.799999999999997
2015-09-22,16.75
2015-09-23,16.5
2015-09-24,16.3
2015-09-25,16.15
2015-09-28,15.85
2015-09-29,15.5
2015-09-30,15.35
2015-10-01,15.15
2015-10-02,15.3
2015-10-05,15.850000000000001
2015-10-06,16.05
2015-10-07,16.55
2015-10-08,16.75
2015-10-09,17.15
2015-10-12,17.8
2015-10-13,17.75
2015-10-14,17.6
2015-10-15,18.1
2015-10-16,18.299999999999997
2015-10-19,18.299999999999997
2015-10-20,18.1
2015-10-21,18.1
2015-10-22,17.9
2015-10-26,18.0
2015-10-27,18.1
2015-10-28,17.85
2015-10-29,17.0
2015-10-30,16.4
2015-11-02,16.45
2015-11-03,16.55
2015-11-04,16.65
2015-11-05,16.25
2015-11-06,15.850000000000001
2015-11-09,15.7
2015-11-10,15.6
2015-11-11,15.399999999999999
2015-11-12,15.25
2015-11-13,15.3
2015-11-16,15.3
2015-11-17,15.35
2015-11-18,15.15
2015-11-19,15.149999999999999
2015-11-20,15.45
2015-11-23,15.399999999999999
2015-11-24,15.15
2015-11-25,15.05
2015-11-26,15.05
2015-11-27,14.95
2015-11-30,14.649999999999999
2015-12-01,14.649999999999999
2015-12-02,14.55
2015-12-03,14.6
2015-12-04,14.6
2015-12-08,14.5
2015-12-09,14.100000000000001
2015-12-11,13.5
2015-12-14,12.55
2015-12-15,12.5
2015-12-16,12.4
2015-12-17,12.600000000000001
2015-12-18,12.55
2015-12-21,12.3
2015-12-22,11.95
2015-12-23,11.75
2015-12-24,11.9
2015-12-25,11.95
2015-12-28,12.1
2015-12-29,11.95
2015-12-30,12.05
2016-01-04,11.95
2016-01-05,11.9
2016-01-06,11.850000000000001
2016-01-07,11.45
2016-01-08,11.3
2016-01-11,11.25
2016-01-12,11.2
2016-01-13,11.4
2016-01-14,11.3
2016-01-15,11.4
2016-01-18,11.05
2016-01-19,11.15
2016-01-20,11.149999999999999
2016-01-21,11.149999999999999
2016-01-22,11.4
2016-01-25,11.649999999999999
2016-01-26,11.4
2016-01-27,11.55
2016-01-28,11.899999999999999
2016-01-29,12.45
2016-02-01,12.45
2016-02-02,12.15
2016-02-03,12.0
2016-02-04,12.3
2016-02-05,12.25
2016-02-08,12.4
2016-02-09,12.25
2016-02-10,12.2
2016-02-11,12.0
2016-02-12,11.8
2016-02-15,11.7
2016-02-16,11.65
2016-02-17,11.45
2016-02-18,11.55
2016-02-19,12.3
2016-02-23,13.25
2016-02-24,13.25
2016-02-25,13.15
2016-02-26,13.35
2016-02-29,13.75
2016-03-01,13.850000000000001
2016-03-02,13.85
2016-03-03,13.9
2016-03-04,13.85
2016-03-07,13.9
2016-03-08,14.3
2016-03-09,14.6
2016-03-10,14.55
2016-03-11,13.05
2016-03-14,12.4
2016-03-15,12.65
2016-03-16,12.600000000000001
2016-03-17,12.45
2016-03-18,12.45
2016-03-21,12.350000000000001
2016-03-22,12.25
2016-03-23,12.25
2016-03-24,12.3
2016-03-25,12.4
2016-03-28,12.350000000000001
2016-03-29,12.4
2016-03-30,12.45
2016-03-31,12.55
2016-04-01,12.649999999999999
2016-04-04,13.0
2016-04-05,13.0
2016-04-07,12.75
2016-04-08,12.8
2016-04-11,13.1
2016-04-12,13.149999999999999
2016-04-18,13.25
2016-04-19,13.4
2016-04-20,13.8
2016-04-21,14.4
2016-04-22,14.3
2016-04-25,11.9
2016-04-26,11.75
2016-04-27,12.15
2016-04-28,12.55
2016-04-29,12.65
2016-05-03,12.65
2016-05-04,12.4
2016-05-09,12.55
2016-05-10,12.75
2016-05-11,13.15
2016-05-12,13.2
2016-05-13,13.05
2016-05-16,13.0
2016-05-17,12.65
2016-05-18,12.350000000000001
2016-05-19,12.2
2016-05-23,12.0
2016-05-24,11.9
2016-05-25,12.1
2016-05-26,12.149999999999999
2016-05-27,12.350000000000001
2016-05-30,12.5
2016-05-31,12.3
2016-06-01,12.149999999999999
2016-06-02,12.1
2016-06-03,12.149999999999999
2016-06-06,12.25
2016-06-07,12.5
2016-06-08,12.5
2016-06-09,12.2
2016-06-10,11.95
2016-06-13,12.2
2016-06-14,12.75
2016-06-15,13.0
2016-06-16,12.55
2016-06-17,12.75
2016-06-20,13.2
2016-06-21,13.55
2016-06-22,13.85
2016-06-23,14.15
2016-06-24,13.95
2016-06-27,14.35
2016-06-28,14.55
2016-06-29,14.75
2016-06-30,14.75
2016-07-04,15.149999999999999
2016-07-05,15.7
2016-07-06,15.8
2016-07-07,15.85
2016-07-08,15.75
2016-07-11,15.85
2016-07-12,16.1
2016-07-13,16.5
2016-07-14,16.45
2016-07-15,16.55
2016-07-20,16.6
2016-07-21,16.65
2016-07-22,16.2
2016-07-25,15.600000000000001
2016-07-26,15.5
2016-07-27,15.950000000000001
2016-07-28,15.850000000000001
2016-07-29,15.649999999999999
2016-08-01,15.8
2016-08-02,15.9
2016-08-03,16.5
2016-08-04,16.45
2016-08-05,16.4
2016-08-08,16.3
2016-08-09,16.05
2016-08-10,16.2
2016-08-11,15.95
2016-08-15,15.85
2016-08-16,15.85
2016-08-17,15.7
2016-08-18,15.649999999999999
2016-08-19,15.399999999999999
2016-08-22,15.05
2016-08-23,15.3
2016-08-24,15.4
2016-08-25,15.3
2016-08-26,15.75
2016-08-29,16.0
2016-08-30,16.05
2016-08-31,15.85
2016-09-01,15.649999999999999
2016-09-02,15.8
2016-09-05,15.75
2016-09-06,15.95
2016-09-07,16.3
2016-09-08,15.15
2016-09-09,14.7
2016-09-12,14.1
2016-09-13,14.5
2016-09-14,14.5
2016-09-15,14.6
2016-09-16,14.8
2016-09-19,15.0
2016-09-20,14.850000000000001
2016-09-21,14.9
2016-09-22,15.2
2016-09-23,15.350000000000001
2016-09-26,15.399999999999999
2016-09-27,15.8
2016-09-28,15.75
2016-09-29,15.75
2016-09-30,15.6
2016-10-03,15.8
2016-10-04,16.1
2016-10-05,16.6
2016-10-06,17.2
2016-10-07,17.45
2016-10-10,16.5
2016-10-11,16.45
2016-10-12,16.15
2016-10-13,16.15
2016-10-14,17.3
2016-10-17,17.9
2016-10-18,18.85
2016-10-19,18.75
2016-10-20,19.05
2016-10-21,19.45
2016-10-25,19.0
2016-10-26,18.799999999999997
2016-10-27,19.0
2016-10-28,18.75
2016-10-31,18.4
2016-11-01,19.1
2016-11-02,19.9
2016-11-03,19.9
2016-11-04,19.35
2016-11-07,19.700000000000003
2016-11-08,19.65
2016-11-09,19.75
2016-11-10,20.549999999999997
2016-11-11,20.3
2016-11-14,19.9
2016-11-15,19.3
2016-11-16,19.05
2016-11-17,18.4
2016-11-18,18.2
2016-11-21,18.1
2016-11-22,18.4
2016-11-23,18.95
2016-11-24,18.7
2016-11-25,19.0
2016-11-28,19.0
2016-11-29,18.9
2016-11-30,18.65
2016-12-01,18.85
2016-12-02,18.75
2016-12-06,18.6
2016-12-07,18.65
2016-12-08,18.55
2016-12-09,18.55
2016-12-13,18.85
2016-12-14,19.05
2016-12-15,18.799999999999997
2016-12-16,18.799999999999997
2016-12-19,18.799999999999997
2016-12-20,18.65
2016-12-21,18.55
2016-12-22,18.4
2016-12-23,18.549999999999997
2016-12-26,18.6
2016-12-27,18.700000000000003
2016-12-28,18.799999999999997
2016-12-29,18.85
2016-12-30,19.2
2017-01-04,19.549999999999997
2017-01-05,19.75
2017-01-06,19.9
2017-01-09,19.9
2017-01-10,19.950000000000003
2017-01-11,20.0
2017-01-12,19.85
2017-01-16,19.65
2017-01-17,19.6
2017-01-18,19.45
2017-01-19,19.35
2017-01-20,19.25
2017-01-23,19.5
2017-01-24,19.65
2017-01-25,19.9
2017-01-26,19.85
2017-01-27,19.6
2017-01-30,19.4
2017-01-31,19.299999999999997
2017-02-01,19.4
2017-02-02,19.25
2017-02-03,19.2
2017-02-06,19.2
2017-02-07,19.15
2017-02-08,19.1
2017-02-09,18.9
2017-02-10,18.9
2017-02-14,19.049999999999997
2017-02-15,19.5
2017-02-16,19.75
2017-02-17,19.65
2017-02-20,19.65
2017-02-21,19.6
2017-02-22,19.45
2017-02-23,19.35
2017-02-24,19.5
2017-02-27,19.55
2017-02-28,19.65
2017-03-01,19.75
2017-03-02,20.05
2017-03-03,20.1
2017-03-06,19.9
2017-03-07,19.65
2017-03-08,19.5
2017-03-09,19.45
2017-03-10,19.25
2017-03-13,18.9
2017-03-14,19.0
2017-03-15,19.15
2017-03-16,19.4
2017-03-17,19.45
2017-03-20,19.4
2017-03-21,19.45
2017-03-22,19.25
2017-03-23,19.25
2017-03-24,19.299999999999997
2017-03-27,19.45
2017-03-28,19.6
2017-03-29,19.9
2017-03-30,19.9
2017-03-31,19.8
2017-04-03,19.95
2017-04-04,20.65
2017-04-05,20.6
2017-04-07,20.55
2017-04-10,20.45
2017-04-11,20.75
2017-04-12,21.1
2017-04-17,20.9
2017-04-18,20.65
2017-04-19,20.5
2017-04-20,20.55
2017-04-21,20.65
2017-04-24,20.700000000000003
2017-04-25,20.05
2017-04-26,19.4
2017-04-27,19.4
2017-04-28,19.4
2017-05-02,19.299999999999997
2017-05-03,19.45
2017-05-04,19.4
2017-05-08,19.15
2017-05-09,18.85
2017-05-11,18.2
2017-05-12,17.95
2017-05-15,17.75
2017-05-16,17.950000000000003
2017-05-17,17.950000000000003
2017-05-18,17.700000000000003
2017-05-19,17.7
2017-05-22,17.75
2017-05-23,18.1
2017-05-24,18.35
2017-05-25,18.4
2017-05-26,18.15
2017-05-29,18.0
2017-05-30,17.95
2017-05-31,17.950000000000003
2017-06-01,17.450000000000003
2017-06-02,17.4
2017-06-05,17.45
2017-06-06,17.5
2017-06-07,17.55
2017-06-08,17.55
2017-06-09,17.5
2017-06-12,17.6
2017-06-13,17.75
2017-06-14,18.05
2017-06-15,17.9
2017-06-16,17.9
2017-06-19,17.950000000000003
2017-06-20,17.8
2017-06-21,17.6
2017-06-22,17.45
2017-06-23,17.45
2017-06-26,17.4
2017-06-27,17.45
2017-06-28,17.35
2017-06-29,16.9
2017-06-30,16.6
2017-07-03,16.65
2017-07-04,16.45
2017-07-05,16.15
2017-07-06,15.75
2017-07-07,15.7
2017-07-11,15.75
2017-07-12,15.85
2017-07-13,15.950000000000001
2017-07-14,15.9
2017-07-17,15.9
2017-07-18,16.0
2017-07-19,16.35
2017-07-20,16.6
2017-07-21,16.6
2017-07-24,16.4
2017-07-25,16.35
2017-07-26,16.3
2017-07-27,16.3
2017-07-31,16.3
2017-08-01,16.65
2017-08-02,16.95
2017-08-03,16.85
2017-08-04,16.9
2017-08-07,17.200000000000003
2017-08-08,17.4
2017-08-09,17.2
2017-08-10,17.1
2017-08-11,17.1
2017-08-15,17.1
2017-08-16,17.15
2017-08-17,16.9
2017-08-18,16.65
2017-08-21,16.65
2017-08-22,16.6
2017-08-23,16.8
2017-08-24,16.950000000000003
2017-08-25,17.049999999999997
2017-08-28,17.35
2017-08-29,17.45
2017-08-30,17.5
2017-08-31,17.5
2017-09-01,17.549999999999997
2017-09-04,17.4
2017-09-05,17.45
2017-09-06,17.45
2017-09-07,17.45
2017-09-08,17.35
2017-09-11,17.45
2017-09-12,17.4
2017-09-13,17.1
2017-09-14,17.05
2017-09-15,17.1
2017-09-18,17.0
2017-09-19,16.9
2017-09-20,17.049999999999997
2017-09-21,16.95
2017-09-22,17.2
2017-09-25,17.65
2017-09-26,17.9
2017-09-27,17.75
2017-09-28,17.5
2017-09-29,17.5
2017-10-02,17.65
2017-10-03,17.55
2017-10-04,17.55
2017-10-05,17.55
2017-10-06,17.55
2017-10-09,17.45
2017-10-10,17.45
2017-10-11,17.7
2017-10-12,17.9
2017-10-16,17.85
2017-10-17,17.8
2017-10-18,17.700000000000003
2017-10-19,17.450000000000003
2017-10-20,17.049999999999997
2017-10-24,17.0
2017-10-25,17.1
2017-10-27,17.05
2017-10-30,17.3
2017-10-31,17.55
2017-11-01,17.5
2017-11-02,17.35
2017-11-03,17.25
2017-11-06,17.35
2017-11-07,17.5
2017-11-08,17.55
2017-11-09,17.5
2017-11-10,17.4
2017-11-13,17.35
2017-11-14,17.4
2017-11-15,17.25
2017-11-16,17.200000000000003
2017-11-17,17.1
2017-11-20,17.15
2017-11-21,17.1
2017-11-22,17.2
2017-11-23,17.200000000000003
2017-11-24,17.05
2017-11-27,16.95
2017-11-28,17.0
2017-11-29,17.1
2017-11-30,17.05
2017-12-01,17.15
2017-12-04,17.15
2017-12-06,17.1
2017-12-07,17.05
2017-12-08,17.05
2017-12-12,17.05
2017-12-13,17.15
2017-12-14,17.25
2017-12-15,17.4
2017-12-18,17.65
2017-12-19,18.25
2017-12-20,18.75
2017-12-21,18.85
2017-12-22,19.0
2017-12-25,18.9
2017-12-26,18.8
2017-12-27,18.75
2017-12-28,19.200000000000003
2017-12-29,19.6
