Date,BBL
2007-01-03,108.0
2007-01-04,103.0
2007-01-05,99.75
2007-01-08,99.25
2007-01-09,97.5
2007-01-10,95.0
2007-01-11,99.0
2007-01-12,104.0
2007-01-15,105.0
2007-01-16,105.0
2007-01-17,105.0
2007-01-18,106.5
2007-01-19,108.5
2007-01-22,109.5
2007-01-23,106.5
2007-01-24,107.5
2007-01-25,108.5
2007-01-26,108.0
2007-01-29,107.5
2007-01-30,108.0
2007-01-31,107.0
2007-02-01,107.0
2007-02-02,108.5
2007-02-05,110.0
2007-02-06,110.0
2007-02-07,109.0
2007-02-08,110.0
2007-02-09,111.5
2007-02-12,112.5
2007-02-13,112.0
2007-02-14,112.5
2007-02-15,112.5
2007-02-16,111.5
2007-02-19,110.5
2007-02-20,110.5
2007-02-21,110.5
2007-02-22,111.5
2007-02-23,111.0
2007-02-26,111.0
2007-02-27,111.0
2007-02-28,108.5
2007-03-01,109.5
2007-03-02,108.0
2007-03-06,108.5
2007-03-07,108.5
2007-03-08,107.5
2007-03-09,108.5
2007-03-12,109.0
2007-03-13,108.0
2007-03-14,107.5
2007-03-15,108.5
2007-03-16,107.5
2007-03-19,107.0
2007-03-20,107.0
2007-03-21,106.5
2007-03-22,107.5
2007-03-23,108.0
2007-03-26,108.5
2007-03-27,108.5
2007-03-28,108.0
2007-03-29,107.5
2007-03-30,108.0
2007-04-02,108.5
2007-04-03,109.5
2007-04-04,112.0
2007-04-05,113.0
2007-04-09,112.5
2007-04-10,112.5
2007-04-11,112.5
2007-04-12,112.5
2007-04-17,113.0
2007-04-18,114.0
2007-04-19,112.5
2007-04-20,112.5
2007-04-23,112.5
2007-04-24,110.0
2007-04-25,110.5
2007-04-26,110.0
2007-04-27,110.5
2007-04-30,110.0
2007-05-02,111.0
2007-05-03,112.5
2007-05-04,112.0
2007-05-08,111.5
2007-05-09,110.0
2007-05-10,109.0
2007-05-11,109.5
2007-05-14,110.5
2007-05-15,110.5
2007-05-16,110.5
2007-05-17,111.5
2007-05-18,113.0
2007-05-21,113.0
2007-05-22,115.0
2007-05-23,115.5
2007-05-24,114.0
2007-05-25,112.5
2007-05-28,112.5
2007-05-29,112.5
2007-05-30,113.5
2007-06-01,117.0
2007-06-04,119.5
2007-06-05,117.5
2007-06-06,116.5
2007-06-07,116.0
2007-06-08,115.0
2007-06-11,114.5
2007-06-12,114.0
2007-06-13,112.5
2007-06-14,113.0
2007-06-15,113.5
2007-06-18,116.5
2007-06-19,117.0
2007-06-20,118.5
2007-06-21,119.0
2007-06-22,119.0
2007-06-25,117.0
2007-06-26,116.0
2007-06-27,116.5
2007-06-28,118.0
2007-06-29,117.5
2007-07-02,119.0
2007-07-03,124.0
2007-07-04,127.5
2007-07-05,128.5
2007-07-06,127.0
2007-07-09,130.0
2007-07-10,131.5
2007-07-11,131.0
2007-07-12,130.0
2007-07-13,132.0
2007-07-16,132.0
2007-07-17,131.0
2007-07-18,129.5
2007-07-19,127.0
2007-07-20,130.0
2007-07-23,131.0
2007-07-24,134.5
2007-07-25,133.5
2007-07-26,132.5
2007-07-27,127.5
2007-07-31,128.0
2007-08-01,125.0
2007-08-02,123.5
2007-08-03,123.5
2007-08-06,119.5
2007-08-07,120.5
2007-08-08,123.0
2007-08-09,121.5
2007-08-10,116.0
2007-08-14,117.5
2007-08-15,115.0
2007-08-16,111.5
2007-08-17,114.0
2007-08-20,118.5
2007-08-21,116.0
2007-08-22,115.0
2007-08-23,118.0
2007-08-24,116.0
2007-08-27,118.0
2007-08-28,116.5
2007-08-29,114.5
2007-08-30,116.0
2007-08-31,117.5
2007-09-03,119.0
2007-09-04,118.0
2007-09-05,117.5
2007-09-06,116.5
2007-09-07,116.0
2007-09-10,114.0
2007-09-11,114.5
2007-09-12,114.5
2007-09-13,114.0
2007-09-14,114.5
2007-09-17,114.5
2007-09-18,113.0
2007-09-19,115.0
2007-09-20,115.0
2007-09-21,116.0
2007-09-24,118.5
2007-09-25,118.5
2007-09-26,118.5
2007-09-27,118.0
2007-09-28,116.5
2007-10-01,115.5
2007-10-02,116.5
2007-10-03,116.5
2007-10-04,116.5
2007-10-05,117.5
2007-10-08,118.5
2007-10-09,120.0
2007-10-10,122.5
2007-10-11,125.5
2007-10-12,126.0
2007-10-15,125.5
2007-10-16,123.5
2007-10-17,120.5
2007-10-18,120.5
2007-10-19,119.5
2007-10-22,116.5
2007-10-24,117.5
2007-10-25,119.5
2007-10-26,121.5
2007-10-29,123.0
2007-10-30,122.5
2007-10-31,123.5
2007-11-01,125.0
2007-11-02,122.0
2007-11-05,120.5
2007-11-06,121.0
2007-11-07,122.0
2007-11-08,119.5
2007-11-09,120.0
2007-11-12,118.5
2007-11-13,119.0
2007-11-14,121.0
2007-11-15,120.5
2007-11-16,120.0
2007-11-19,119.5
2007-11-20,117.5
2007-11-21,114.5
2007-11-22,114.0
2007-11-23,114.0
2007-11-26,115.5
2007-11-27,115.0
2007-11-28,114.0
2007-11-29,116.0
2007-11-30,116.0
2007-12-03,116.0
2007-12-04,115.5
2007-12-06,116.5
2007-12-07,119.0
2007-12-11,119.0
2007-12-12,117.0
2007-12-13,115.5
2007-12-14,115.0
2007-12-17,114.0
2007-12-18,113.0
2007-12-19,114.0
2007-12-20,113.0
2007-12-21,114.0
2007-12-24,115.0
2007-12-25,116.5
2007-12-26,117.5
2007-12-27,118.0
2007-12-28,117.5
2008-01-02,117.0
2008-01-03,115.0
2008-01-04,114.5
2008-01-07,112.5
2008-01-08,112.5
2008-01-09,112.5
2008-01-10,112.5
2008-01-11,113.0
2008-01-14,113.0
2008-01-15,112.5
2008-01-16,110.0
2008-01-17,111.0
2008-01-18,111.5
2008-01-21,112.0
2008-01-22,107.0
2008-01-23,107.5
2008-01-24,106.5
2008-01-25,110.0
2008-01-28,109.0
2008-01-29,111.0
2008-01-30,113.5
2008-01-31,116.5
2008-02-01,119.5
2008-02-04,122.0
2008-02-05,120.5
2008-02-06,119.5
2008-02-07,120.0
2008-02-08,120.5
2008-02-11,121.5
2008-02-12,124.0
2008-02-13,124.5
2008-02-14,126.0
2008-02-15,125.0
2008-02-18,125.5
2008-02-19,126.5
2008-02-20,125.5
2008-02-22,125.0
2008-02-25,126.5
2008-02-26,127.0
2008-02-27,125.5
2008-02-28,127.0
2008-02-29,129.0
2008-03-03,129.5
2008-03-04,129.0
2008-03-05,127.5
2008-03-06,128.5
2008-03-07,127.5
2008-03-10,125.5
2008-03-11,126.5
2008-03-12,128.5
2008-03-13,126.5
2008-03-14,127.0
2008-03-17,125.0
2008-03-18,126.0
2008-03-19,130.0
2008-03-20,127.5
2008-03-21,129.5
2008-03-24,132.0
2008-03-25,134.5
2008-03-26,135.5
2008-03-27,136.0
2008-03-28,137.5
2008-03-31,136.0
2008-04-01,136.0
2008-04-02,138.0
2008-04-03,139.0
2008-04-04,141.0
2008-04-08,141.0
2008-04-09,141.5
2008-04-10,140.5
2008-04-11,141.0
2008-04-16,142.0
2008-04-17,143.0
2008-04-18,141.5
2008-04-21,140.5
2008-04-22,138.0
2008-04-23,137.0
2008-04-24,136.5
2008-04-25,134.5
2008-04-28,135.5
2008-04-29,137.0
2008-04-30,138.0
2008-05-02,137.0
2008-05-06,135.5
2008-05-07,135.5
2008-05-08,134.0
2008-05-09,131.0
2008-05-12,129.5
2008-05-13,132.5
2008-05-14,134.5
2008-05-15,135.5
2008-05-16,136.5
2008-05-20,135.5
2008-05-21,136.0
2008-05-22,136.5
2008-05-23,137.5
2008-05-26,136.0
2008-05-27,136.5
2008-05-28,133.5
2008-05-29,131.0
2008-05-30,132.0
2008-06-02,130.0
2008-06-03,125.5
2008-06-04,124.5
2008-06-05,123.5
2008-06-06,125.5
2008-06-09,121.5
2008-06-10,119.5
2008-06-11,118.5
2008-06-12,116.5
2008-06-13,117.0
2008-06-16,118.5
2008-06-17,119.0
2008-06-18,116.5
2008-06-19,113.0
2008-06-20,113.5
2008-06-23,114.5
2008-06-24,114.5
2008-06-25,115.0
2008-06-26,118.5
2008-06-27,118.0
2008-06-30,119.5
2008-07-02,117.0
2008-07-03,113.5
2008-07-04,114.5
2008-07-07,115.5
2008-07-08,113.5
2008-07-09,113.5
2008-07-10,112.0
2008-07-11,112.0
2008-07-14,109.5
2008-07-15,104.0
2008-07-16,100.75
2008-07-18,100.25
2008-07-21,105.0
2008-07-22,106.5
2008-07-23,112.0
2008-07-24,113.0
2008-07-25,109.5
2008-07-28,112.0
2008-07-29,110.0
2008-07-30,109.5
2008-07-31,108.5
2008-08-01,110.0
2008-08-04,111.5
2008-08-05,111.5
2008-08-06,115.5
2008-08-07,120.5
2008-08-08,119.5
2008-08-11,123.5
2008-08-13,123.5
2008-08-14,122.0
2008-08-15,121.0
2008-08-18,120.0
2008-08-19,116.5
2008-08-20,114.5
2008-08-21,112.0
2008-08-22,112.5
2008-08-25,115.0
2008-08-26,113.5
2008-08-27,114.5
2008-08-28,116.0
2008-08-29,117.5
2008-09-01,116.0
2008-09-02,113.0
2008-09-03,111.5
2008-09-04,111.0
2008-09-05,109.5
2008-09-08,114.5
2008-09-09,115.0
2008-09-10,114.0
2008-09-11,112.0
2008-09-12,112.5
2008-09-15,110.5
2008-09-16,104.5
2008-09-17,100.75
2008-09-18,98.25
2008-09-19,105.0
2008-09-22,105.0
2008-09-23,100.5
2008-09-24,102.0
2008-09-25,104.5
2008-09-26,105.0
2008-09-29,103.5
2008-09-30,100.0
2008-10-01,101.5
2008-10-02,102.0
2008-10-03,101.5
2008-10-06,99.25
2008-10-07,95.5
2008-10-08,89.75
2008-10-09,88.25
2008-10-10,77.25
2008-10-13,79.0
2008-10-14,87.25
2008-10-15,81.75
2008-10-16,75.0
2008-10-17,72.25
2008-10-20,71.0
2008-10-21,73.75
2008-10-22,73.75
2008-10-24,71.75
2008-10-27,63.75
2008-10-28,62.5
2008-10-29,64.0
2008-10-30,65.25
2008-10-31,67.5
2008-11-03,74.5
2008-11-04,75.5
2008-11-05,79.25
2008-11-06,76.0
2008-11-07,76.75
2008-11-10,78.0
2008-11-11,75.25
2008-11-12,73.75
2008-11-13,71.25
2008-11-14,73.25
2008-11-17,73.75
2008-11-18,72.5
2008-11-19,69.25
2008-11-20,64.75
2008-11-21,64.0
2008-11-24,64.0
2008-11-25,65.5
2008-11-26,65.5
2008-11-27,65.5
2008-11-28,66.0
2008-12-01,64.5
2008-12-02,60.75
2008-12-03,63.5
2008-12-04,62.5
2008-12-08,63.25
2008-12-09,64.75
2008-12-11,67.5
2008-12-12,68.5
2008-12-15,70.0
2008-12-16,71.0
2008-12-17,73.0
2008-12-18,73.25
2008-12-19,73.25
2008-12-22,72.0
2008-12-23,69.5
2008-12-24,68.25
2008-12-25,68.75
2008-12-26,68.75
2008-12-29,68.75
2008-12-30,69.25
2009-01-02,69.0
2009-01-05,71.75
2009-01-06,73.25
2009-01-07,72.25
2009-01-08,70.5
2009-01-09,71.0
2009-01-12,71.0
2009-01-13,69.5
2009-01-14,70.0
2009-01-15,67.5
2009-01-16,67.75
2009-01-19,68.0
2009-01-20,67.25
2009-01-21,67.25
2009-01-22,69.5
2009-01-23,71.0
2009-01-26,72.0
2009-01-27,73.5
2009-01-28,74.25
2009-01-29,74.25
2009-01-30,72.75
2009-02-02,71.25
2009-02-03,70.5
2009-02-04,71.5
2009-02-05,71.75
2009-02-06,74.0
2009-02-10,74.5
2009-02-11,73.5
2009-02-12,74.25
2009-02-13,77.0
2009-02-16,77.75
2009-02-17,75.25
2009-02-18,74.25
2009-02-19,75.5
2009-02-20,75.0
2009-02-23,74.25
2009-02-24,72.75
2009-02-25,73.0
2009-02-26,74.0
2009-02-27,74.75
2009-03-02,72.5
2009-03-03,69.75
2009-03-04,70.25
2009-03-05,73.0
2009-03-06,74.0
2009-03-09,73.0
2009-03-10,73.0
2009-03-11,73.0
2009-03-12,73.25
2009-03-13,75.75
2009-03-16,76.5
2009-03-17,76.0
2009-03-18,76.5
2009-03-19,76.75
2009-03-20,76.0
2009-03-23,76.5
2009-03-24,77.5
2009-03-25,76.25
2009-03-26,76.25
2009-03-27,76.25
2009-03-30,74.75
2009-03-31,74.5
2009-04-01,75.4
2009-04-02,77.4
2009-04-03,79.25
2009-04-07,79.25
2009-04-08,77.9
2009-04-09,77.7
2009-04-10,78.3
2009-04-16,78.65
2009-04-17,79.0
2009-04-20,79.3
2009-04-21,76.6
2009-04-22,76.85
2009-04-23,76.9
2009-04-24,77.6
2009-04-27,78.2
2009-04-28,78.9
2009-04-29,80.35
2009-04-30,84.5
2009-05-04,88.0
2009-05-06,92.0
2009-05-07,92.4
2009-05-11,90.4
2009-05-12,89.65
2009-05-13,88.75
2009-05-14,86.65
2009-05-15,89.5
2009-05-18,91.6
2009-05-19,92.9
2009-05-20,93.1
2009-05-21,92.0
2009-05-22,90.65
2009-05-25,90.15
2009-05-26,88.2
2009-05-27,89.1
2009-05-28,88.8
2009-05-29,88.9
2009-06-01,91.25
2009-06-02,92.25
2009-06-03,95.0
2009-06-04,97.35
2009-06-05,100.1
2009-06-08,100.75
2009-06-09,102.25
2009-06-10,107.0
2009-06-11,110.5
2009-06-12,111.25
2009-06-15,108.5
2009-06-16,103.75
2009-06-17,101.25
2009-06-18,101.25
2009-06-19,104.0
2009-06-22,106.5
2009-06-23,101.0
2009-06-24,101.75
2009-06-25,103.5
2009-06-26,105.25
2009-06-29,106.0
2009-06-30,108.25
2009-07-02,107.75
2009-07-03,105.25
2009-07-06,106.0
2009-07-08,104.25
2009-07-09,102.5
2009-07-10,101.0
2009-07-13,97.75
2009-07-14,99.25
2009-07-15,102.25
2009-07-16,105.0
2009-07-17,105.5
2009-07-20,108.75
2009-07-21,108.5
2009-07-22,107.5
2009-07-23,110.25
2009-07-24,111.75
2009-07-27,112.5
2009-07-28,113.75
2009-07-29,112.75
2009-07-30,111.0
2009-07-31,111.25
2009-08-03,112.0
2009-08-04,113.25
2009-08-05,113.5
2009-08-06,114.0
2009-08-07,113.75
2009-08-10,113.5
2009-08-11,111.25
2009-08-13,112.75
2009-08-14,114.75
2009-08-17,110.5
2009-08-18,110.25
2009-08-19,112.0
2009-08-20,113.25
2009-08-21,113.0
2009-08-24,115.25
2009-08-25,114.5
2009-08-26,113.75
2009-08-27,111.75
2009-08-28,111.5
2009-08-31,110.25
2009-09-01,110.25
2009-09-02,110.0
2009-09-03,111.25
2009-09-04,111.0
2009-09-07,112.75
2009-09-08,115.25
2009-09-09,116.0
2009-09-10,115.75
2009-09-11,116.0
2009-09-14,115.75
2009-09-15,116.75
2009-09-16,118.5
2009-09-17,118.5
2009-09-18,117.5
2009-09-21,117.25
2009-09-22,117.0
2009-09-23,118.0
2009-09-24,119.5
2009-09-25,120.0
2009-09-28,117.5
2009-09-29,119.5
2009-09-30,120.75
2009-10-01,124.25
2009-10-02,126.25
2009-10-05,126.75
2009-10-06,127.75
2009-10-07,130.75
2009-10-08,130.75
2009-10-09,131.5
2009-10-12,131.0
2009-10-13,131.5
2009-10-14,129.75
2009-10-15,123.5
2009-10-16,120.75
2009-10-19,121.5
2009-10-20,122.0
2009-10-21,117.75
2009-10-22,115.25
2009-10-26,115.75
2009-10-27,115.0
2009-10-28,113.75
2009-10-29,111.25
2009-10-30,112.5
2009-11-02,111.25
2009-11-03,111.25
2009-11-04,113.5
2009-11-05,113.5
2009-11-06,115.75
2009-11-09,116.25
2009-11-10,116.75
2009-11-11,116.25
2009-11-12,115.0
2009-11-13,113.5
2009-11-16,113.25
2009-11-17,114.5
2009-11-18,114.0
2009-11-19,113.25
2009-11-20,113.25
2009-11-23,112.75
2009-11-24,112.0
2009-11-25,113.5
2009-11-26,113.5
2009-11-27,111.5
2009-11-30,113.0
2009-12-01,113.75
2009-12-02,113.75
2009-12-03,113.25
2009-12-04,113.0
2009-12-08,112.25
2009-12-09,111.75
2009-12-11,111.75
2009-12-14,112.0
2009-12-15,113.0
2009-12-16,113.25
2009-12-17,113.75
2009-12-18,113.25
2009-12-21,113.0
2009-12-22,114.0
2009-12-23,115.25
2009-12-24,115.75
2009-12-25,116.25
2009-12-28,116.25
2009-12-29,116.5
2009-12-30,116.0
2010-01-04,115.75
2010-01-05,115.0
2010-01-06,115.0
2010-01-07,116.0
2010-01-08,115.5
2010-01-11,116.0
2010-01-12,115.75
2010-01-13,116.5
2010-01-14,118.5
2010-01-15,118.25
2010-01-18,116.5
2010-01-19,115.75
2010-01-20,115.5
2010-01-21,115.0
2010-01-22,114.25
2010-01-25,113.25
2010-01-26,113.25
2010-01-27,112.75
2010-01-28,112.25
2010-01-29,112.5
2010-02-01,112.5
2010-02-02,112.5
2010-02-03,112.5
2010-02-04,112.5
2010-02-05,110.75
2010-02-08,108.5
2010-02-09,107.25
2010-02-10,107.75
2010-02-11,107.5
2010-02-12,107.75
2010-02-15,106.25
2010-02-16,105.75
2010-02-17,106.75
2010-02-18,107.5
2010-02-19,108.25
2010-02-22,109.5
2010-02-23,110.0
2010-02-24,112.5
2010-02-25,115.0
2010-02-26,116.0
2010-03-02,117.75
2010-03-03,120.25
2010-03-04,119.5
2010-03-05,119.5
2010-03-08,119.75
2010-03-09,118.25
2010-03-10,118.0
2010-03-11,119.25
2010-03-12,121.5
2010-03-15,124.5
2010-03-16,126.5
2010-03-17,128.25
2010-03-18,127.75
2010-03-19,129.0
2010-03-22,129.0
2010-03-23,129.75
2010-03-24,133.75
2010-03-25,135.5
2010-03-26,134.5
2010-03-29,133.75
2010-03-30,133.25
2010-03-31,132.75
2010-04-01,131.25
2010-04-02,129.75
2010-04-05,127.75
2010-04-07,129.25
2010-04-08,126.75
2010-04-09,122.75
2010-04-12,117.5
2010-04-16,117.0
2010-04-19,116.5
2010-04-20,121.25
2010-04-21,123.0
2010-04-22,119.75
2010-04-23,116.5
2010-04-26,118.0
2010-04-27,117.75
2010-04-28,114.75
2010-04-29,114.25
2010-04-30,116.5
2010-05-04,120.0
2010-05-06,121.75
2010-05-07,117.5
2010-05-10,119.5
2010-05-11,120.75
2010-05-12,119.25
2010-05-13,119.5
2010-05-14,116.5
2010-05-17,116.0
2010-05-18,117.0
2010-05-19,117.5
2010-05-20,118.0
2010-05-21,118.0
2010-05-24,115.25
2010-05-25,113.5
2010-05-26,112.5
2010-05-27,112.25
2010-05-31,115.25
2010-06-01,115.0
2010-06-02,114.0
2010-06-03,117.75
2010-06-04,119.5
2010-06-07,117.25
2010-06-08,117.25
2010-06-09,117.5
2010-06-10,118.5
2010-06-11,119.25
2010-06-14,120.25
2010-06-15,119.75
2010-06-16,120.25
2010-06-17,120.75
2010-06-18,121.0
2010-06-21,124.5
2010-06-22,126.0
2010-06-23,125.75
2010-06-24,125.0
2010-06-25,123.75
2010-06-28,125.25
2010-06-29,125.75
2010-06-30,125.25
2010-07-02,125.25
2010-07-05,125.25
2010-07-06,127.0
2010-07-07,128.0
2010-07-08,128.25
2010-07-09,128.5
2010-07-12,128.0
2010-07-13,128.0
2010-07-14,127.75
2010-07-15,126.25
2010-07-16,128.25
2010-07-19,129.25
2010-07-20,131.0
2010-07-21,134.75
2010-07-22,137.75
2010-07-23,140.5
2010-07-27,141.0
2010-07-28,141.0
2010-07-29,140.0
2010-07-30,137.25
2010-08-02,137.5
2010-08-03,137.75
2010-08-04,137.5
2010-08-05,138.75
2010-08-06,140.5
2010-08-09,140.75
2010-08-10,138.75
2010-08-11,137.0
2010-08-16,135.5
2010-08-17,135.0
2010-08-18,137.25
2010-08-19,139.5
2010-08-20,139.75
2010-08-23,140.5
2010-08-24,141.75
2010-08-25,141.75
2010-08-26,140.75
2010-08-27,140.25
2010-08-30,145.75
2010-08-31,147.25
2010-09-01,148.75
2010-09-02,150.75
2010-09-03,150.25
2010-09-06,149.25
2010-09-07,148.75
2010-09-08,148.0
2010-09-09,145.5
2010-09-10,144.75
2010-09-13,147.75
2010-09-14,147.75
2010-09-15,143.75
2010-09-16,143.75
2010-09-17,144.5
2010-09-20,145.25
2010-09-21,146.0
2010-09-22,149.5
2010-09-23,152.5
2010-09-24,151.25
2010-09-27,152.75
2010-09-28,154.0
2010-09-29,154.25
2010-09-30,155.25
2010-10-01,156.0
2010-10-04,154.5
2010-10-05,153.25
2010-10-06,154.0
2010-10-07,155.25
2010-10-08,153.25
2010-10-11,155.0
2010-10-12,157.25
2010-10-13,159.5
2010-10-14,160.5
2010-10-15,158.25
2010-10-18,156.75
2010-10-19,156.5
2010-10-20,155.0
2010-10-21,154.75
2010-10-22,154.75
2010-10-26,154.75
2010-10-27,153.0
2010-10-28,151.25
2010-10-29,149.5
2010-11-01,151.0
2010-11-02,150.5
2010-11-03,151.5
2010-11-04,154.5
2010-11-05,157.5
2010-11-08,158.25
2010-11-09,156.25
2010-11-10,155.5
2010-11-11,152.75
2010-11-12,149.5
2010-11-15,150.0
2010-11-16,151.0
2010-11-17,147.75
2010-11-18,148.25
2010-11-19,149.5
2010-11-22,149.75
2010-11-23,148.25
2010-11-24,149.0
2010-11-25,149.0
2010-11-26,147.25
2010-11-29,146.5
2010-11-30,145.5
2010-12-01,146.5
2010-12-02,151.25
2010-12-03,153.5
2010-12-07,153.5
2010-12-08,151.0
2010-12-09,149.75
2010-12-13,148.5
2010-12-14,148.5
2010-12-15,148.5
2010-12-16,148.75
2010-12-17,148.75
2010-12-20,146.0
2010-12-21,144.5
2010-12-22,146.25
2010-12-23,146.75
2010-12-24,146.5
2010-12-27,145.75
2010-12-28,144.75
2010-12-29,147.25
2010-12-30,147.75
2011-01-04,150.75
2011-01-05,154.25
2011-01-06,158.75
2011-01-07,161.25
2011-01-10,161.0
2011-01-11,159.75
2011-01-12,160.75
2011-01-13,166.0
2011-01-14,168.0
2011-01-17,166.5
2011-01-18,164.5
2011-01-19,164.25
2011-01-20,163.75
2011-01-21,160.25
2011-01-24,154.25
2011-01-25,153.25
2011-01-26,154.5
2011-01-27,154.75
2011-01-28,153.75
2011-01-31,149.5
2011-02-01,149.25
2011-02-02,153.5
2011-02-03,155.5
2011-02-04,154.25
2011-02-07,153.75
2011-02-08,153.5
2011-02-09,152.25
2011-02-10,149.0
2011-02-11,146.0
2011-02-14,148.25
2011-02-15,154.25
2011-02-16,157.25
2011-02-17,159.0
2011-02-18,158.875
2011-02-21,158.75
2011-02-22,156.0
2011-02-23,155.5
2011-02-24,153.25
2011-02-25,153.5
2011-02-28,156.0
2011-03-01,160.75
2011-03-02,159.75
2011-03-03,162.5
2011-03-04,164.0
2011-03-07,161.75
2011-03-08,163.75
2011-03-09,166.5
2011-03-10,163.75
2011-03-11,160.0
2011-03-14,159.5
2011-03-15,157.25
2011-03-16,157.5
2011-03-17,156.25
2011-03-21,158.75
2011-03-22,162.75
2011-03-23,163.0
2011-03-24,163.5
2011-03-25,165.0
2011-03-28,165.25
2011-03-29,166.0
2011-03-30,173.0
2011-03-31,174.5
2011-04-01,174.25
2011-04-04,177.5
2011-04-05,176.5
2011-04-07,180.5
2011-04-08,182.25
2011-04-11,181.5
2011-04-12,179.5
2011-04-18,180.5
2011-04-19,180.25
2011-04-20,181.75
2011-04-21,178.75
2011-04-22,176.75
2011-04-25,176.25
2011-04-26,171.5
2011-04-27,172.75
2011-04-28,172.75
2011-04-29,170.25
2011-05-03,165.25
2011-05-04,163.0
2011-05-06,161.75
2011-05-09,163.75
2011-05-10,166.25
2011-05-11,168.75
2011-05-12,165.75
2011-05-13,163.75
2011-05-18,162.25
2011-05-19,163.25
2011-05-20,163.0
2011-05-23,160.75
2011-05-24,161.0
2011-05-25,161.25
2011-05-26,162.0
2011-05-27,161.5
2011-05-30,161.75
2011-05-31,162.5
2011-06-01,162.0
2011-06-02,160.0
2011-06-03,159.25
2011-06-06,156.75
2011-06-07,153.75
2011-06-08,149.5
2011-06-09,149.5
2011-06-10,151.75
2011-06-13,151.0
2011-06-14,153.75
2011-06-15,152.5
2011-06-16,150.0
2011-06-17,150.25
2011-06-20,150.0
2011-06-21,150.25
2011-06-22,151.5
2011-06-23,149.25
2011-06-24,150.0
2011-06-27,150.5
2011-06-28,151.5
2011-06-29,154.75
2011-06-30,157.75
2011-07-04,166.0
2011-07-05,167.75
2011-07-06,166.25
2011-07-07,166.25
2011-07-08,167.5
2011-07-11,164.75
2011-07-12,159.5
2011-07-13,161.25
2011-07-14,162.0
2011-07-18,162.5
2011-07-19,165.0
2011-07-20,169.0
2011-07-21,169.75
2011-07-22,171.5
2011-07-25,172.0
2011-07-26,173.75
2011-07-27,174.25
2011-07-28,173.25
2011-07-29,174.0
2011-08-01,174.75
2011-08-02,172.75
2011-08-03,168.0
2011-08-04,166.5
2011-08-05,161.0
2011-08-08,160.75
2011-08-09,155.5
2011-08-10,157.0
2011-08-11,157.25
2011-08-15,159.75
2011-08-16,159.25
2011-08-17,158.5
2011-08-18,161.5
2011-08-19,159.25
2011-08-22,157.75
2011-08-23,155.5
2011-08-24,151.75
2011-08-25,150.5
2011-08-26,149.5
2011-08-29,152.75
2011-08-30,153.0
2011-08-31,156.75
2011-09-01,161.25
2011-09-02,160.0
2011-09-05,156.75
2011-09-06,156.5
2011-09-07,156.5
2011-09-08,156.75
2011-09-09,156.5
2011-09-12,152.25
2011-09-13,149.75
2011-09-14,149.0
2011-09-15,149.75
2011-09-16,153.5
2011-09-19,151.25
2011-09-20,151.25
2011-09-21,153.0
2011-09-22,149.25
2011-09-23,146.25
2011-09-26,141.5
2011-09-27,144.5
2011-09-28,144.5
2011-09-29,143.5
2011-09-30,143.0
2011-10-03,132.75
2011-10-04,129.0
2011-10-05,128.0
2011-10-06,137.0
2011-10-07,141.5
2011-10-10,141.5
2011-10-11,146.25
2011-10-12,147.0
2011-10-13,146.0
2011-10-14,145.0
2011-10-17,148.0
2011-10-18,143.25
2011-10-19,141.0
2011-10-20,134.5
2011-10-21,136.0
2011-10-25,143.75
2011-10-26,143.25
2011-10-27,145.5
2011-10-28,148.25
2011-10-31,149.0
2011-11-01,146.0
2011-11-02,144.0
2011-11-03,144.5
2011-11-04,147.5
2011-11-07,147.0
2011-11-08,146.75
2011-11-09,144.25
2011-11-10,140.25
2011-11-11,140.5
2011-11-14,141.75
2011-11-15,141.75
2011-11-16,142.0
2011-11-17,141.75
2011-11-18,140.0
2011-11-21,137.0
2011-11-22,139.5
2011-11-23,140.0
2011-11-24,141.75
2011-11-25,140.75
2011-11-28,140.75
2011-11-29,142.0
2011-11-30,144.0
2011-12-01,150.5
2011-12-02,151.25
2011-12-06,151.75
2011-12-07,156.25
2011-12-08,156.75
2011-12-09,154.25
2011-12-13,152.75
2011-12-14,152.0
2011-12-15,150.0
2011-12-16,152.25
2011-12-19,154.0
2011-12-20,154.0
2011-12-21,155.0
2011-12-22,154.75
2011-12-23,155.25
2011-12-26,154.75
2011-12-27,153.5
2011-12-28,152.0
2011-12-29,152.25
2011-12-30,153.25
2012-01-04,152.5
2012-01-05,148.0
2012-01-06,146.5
2012-01-09,147.5
2012-01-10,148.5
2012-01-11,147.25
2012-01-12,147.5
2012-01-13,148.25
2012-01-16,147.75
2012-01-17,150.75
2012-01-18,151.5
2012-01-19,152.5
2012-01-20,153.0
2012-01-23,153.0
2012-01-24,154.0
2012-01-25,153.0
2012-01-26,152.0
2012-01-27,152.0
2012-01-30,152.0
2012-01-31,153.0
2012-02-01,153.25
2012-02-02,155.25
2012-02-03,156.0
2012-02-06,156.75
2012-02-07,158.75
2012-02-08,161.25
2012-02-09,163.25
2012-02-10,163.75
2012-02-13,163.0
2012-02-14,164.0
2012-02-15,168.25
2012-02-16,169.0
2012-02-17,171.0
2012-02-20,172.75
2012-02-21,173.5
2012-02-22,175.5
2012-02-23,178.5
2012-02-24,180.25
2012-02-27,179.0
2012-02-28,177.0
2012-02-29,179.75
2012-03-01,180.0
2012-03-02,179.75
2012-03-05,178.0
2012-03-06,174.5
2012-03-08,177.25
2012-03-09,175.5
2012-03-12,173.75
2012-03-13,175.25
2012-03-14,179.5
2012-03-15,182.5
2012-03-16,185.25
2012-03-19,188.25
2012-03-20,190.0
2012-03-21,189.75
2012-03-22,188.0
2012-03-23,188.25
2012-03-26,189.5
2012-03-27,190.0
2012-03-28,187.0
2012-03-29,185.0
2012-03-30,185.25
2012-04-02,185.75
2012-04-03,188.25
2012-04-04,188.75
2012-04-05,187.0
2012-04-10,184.75
2012-04-11,182.5
2012-04-12,184.75
2012-04-17,187.5
2012-04-18,189.5
2012-04-19,189.5
2012-04-20,191.75
2012-04-23,190.0
2012-04-24,186.75
2012-04-25,184.5
2012-04-26,184.5
2012-04-27,185.5
2012-04-30,188.75
2012-05-02,191.25
2012-05-03,192.0
2012-05-04,190.25
2012-05-08,191.0
2012-05-09,187.0
2012-05-10,182.5
2012-05-11,179.5
2012-05-14,178.0
2012-05-15,179.5
2012-05-16,179.0
2012-05-17,180.75
2012-05-18,179.75
2012-05-21,176.25
2012-05-22,176.25
2012-05-23,175.0
2012-05-24,178.25
2012-05-25,178.25
2012-05-28,179.5
2012-05-29,180.5
2012-05-30,180.0
2012-05-31,178.5
2012-06-01,174.25
2012-06-05,171.0
2012-06-06,171.5
2012-06-07,175.25
2012-06-08,176.75
2012-06-11,183.25
2012-06-12,182.5
2012-06-13,182.75
2012-06-14,182.5
2012-06-15,185.75
2012-06-18,186.75
2012-06-19,186.0
2012-06-20,186.25
2012-06-21,184.0
2012-06-22,180.75
2012-06-25,181.5
2012-06-26,181.75
2012-06-27,184.75
2012-06-28,187.0
2012-06-29,190.0
2012-07-02,191.0
2012-07-03,190.5
2012-07-04,191.0
2012-07-05,191.5
2012-07-06,192.25
2012-07-09,188.0
2012-07-10,188.75
2012-07-11,191.0
2012-07-12,192.25
2012-07-13,194.25
2012-07-16,196.5
2012-07-17,198.5
2012-07-18,198.5
2012-07-19,196.25
2012-07-20,191.75
2012-07-23,188.25
2012-07-24,190.5
2012-07-25,192.5
2012-07-26,191.25
2012-07-27,191.25
2012-07-30,192.5
2012-07-31,195.5
2012-08-01,196.75
2012-08-03,196.25
2012-08-06,196.5
2012-08-07,195.75
2012-08-08,195.75
2012-08-09,196.0
2012-08-10,196.0
2012-08-14,200.0
2012-08-15,200.0
2012-08-16,200.0
2012-08-17,197.75
2012-08-20,196.75
2012-08-21,197.75
2012-08-22,197.25
2012-08-23,196.0
2012-08-24,195.0
2012-08-27,194.5
2012-08-28,194.5
2012-08-29,192.5
2012-08-30,188.0
2012-08-31,187.25
2012-09-03,191.5
2012-09-04,193.25
2012-09-05,191.0
2012-09-06,192.0
2012-09-07,194.0
2012-09-10,193.75
2012-09-11,193.0
2012-09-12,193.75
2012-09-13,193.25
2012-09-14,195.25
2012-09-17,195.5
2012-09-18,194.0
2012-09-19,192.5
2012-09-20,192.25
2012-09-21,193.5
2012-09-24,194.0
2012-09-25,194.0
2012-09-26,190.0
2012-09-27,190.75
2012-09-28,193.25
2012-10-01,195.0
2012-10-02,195.5
2012-10-03,194.5
2012-10-04,193.75
2012-10-05,194.75
2012-10-08,193.75
2012-10-09,192.5
2012-10-10,191.5
2012-10-11,193.0
2012-10-12,194.75
2012-10-15,194.5
2012-10-16,192.0
2012-10-17,190.0
2012-10-18,189.75
2012-10-19,189.0
2012-10-22,185.0
2012-10-24,181.0
2012-10-25,176.0
2012-10-26,175.25
2012-10-29,176.5
2012-10-30,177.25
2012-10-31,177.25
2012-11-01,176.5
2012-11-02,178.75
2012-11-05,178.5
2012-11-06,177.25
2012-11-07,176.25
2012-11-08,174.25
2012-11-09,175.0
2012-11-12,177.25
2012-11-13,177.25
2012-11-14,175.75
2012-11-15,174.0
2012-11-16,175.5
2012-11-19,176.5
2012-11-20,176.25
2012-11-21,175.5
2012-11-22,177.25
2012-11-23,178.25
2012-11-26,179.25
2012-11-27,180.0
2012-11-28,179.75
2012-11-29,181.5
2012-11-30,183.0
2012-12-03,183.5
2012-12-04,182.0
2012-12-06,183.25
2012-12-07,185.5
2012-12-11,187.5
2012-12-12,191.5
2012-12-13,191.25
2012-12-14,192.0
2012-12-17,194.25
2012-12-18,196.25
2012-12-19,197.25
2012-12-20,196.75
2012-12-21,197.0
2012-12-24,196.75
2012-12-25,196.5
2012-12-26,196.75
2012-12-27,197.0
2012-12-28,196.75
2013-01-02,195.75
2013-01-03,194.75
2013-01-04,195.0
2013-01-07,197.75
2013-01-08,197.25
2013-01-09,197.5
2013-01-10,196.25
2013-01-11,196.5
2013-01-14,196.75
2013-01-15,196.75
2013-01-16,196.25
2013-01-17,195.75
2013-01-18,196.25
2013-01-21,196.0
2013-01-22,195.75
2013-01-23,196.25
2013-01-24,194.75
2013-01-25,199.5
2013-01-28,208.5
2013-01-29,210.5
2013-01-30,210.0
2013-01-31,209.5
2013-02-01,212.5
2013-02-04,218.0
2013-02-05,214.0
2013-02-06,211.0
2013-02-07,209.5
2013-02-08,208.0
2013-02-11,205.5
2013-02-12,203.0
2013-02-13,209.0
2013-02-14,214.0
2013-02-15,212.0
2013-02-18,212.5
2013-02-19,216.0
2013-02-20,220.0
2013-02-21,220.5
2013-02-22,223.0
2013-02-26,222.5
2013-02-27,219.0
2013-02-28,219.0
2013-03-01,221.5
2013-03-04,224.5
2013-03-05,225.0
2013-03-06,227.0
2013-03-07,222.5
2013-03-08,220.5
2013-03-11,223.5
2013-03-12,225.5
2013-03-13,226.5
2013-03-14,229.5
2013-03-15,232.5
2013-03-18,231.0
2013-03-19,231.0
2013-03-20,223.5
2013-03-21,218.0
2013-03-22,213.0
2013-03-25,214.0
2013-03-26,217.0
2013-03-27,222.5
2013-03-28,223.5
2013-03-29,226.0
2013-04-01,227.5
2013-04-02,228.5
2013-04-03,230.0
2013-04-04,227.0
2013-04-05,227.0
2013-04-09,224.0
2013-04-10,219.5
2013-04-11,224.0
2013-04-12,228.0
2013-04-17,231.0
2013-04-18,229.5
2013-04-19,226.5
2013-04-22,228.0
2013-04-23,224.0
2013-04-24,225.5
2013-04-25,224.0
2013-04-26,224.5
2013-04-29,222.5
2013-04-30,224.5
2013-05-02,224.0
2013-05-03,223.0
2013-05-07,225.0
2013-05-08,229.0
2013-05-09,226.0
2013-05-10,226.0
2013-05-13,225.5
2013-05-14,224.0
2013-05-15,224.0
2013-05-16,222.5
2013-05-17,221.5
2013-05-20,222.5
2013-05-21,219.5
2013-05-22,219.5
2013-05-23,217.5
2013-05-27,213.0
2013-05-28,211.0
2013-05-29,209.0
2013-05-30,204.5
2013-05-31,205.0
2013-06-03,203.5
2013-06-04,204.5
2013-06-05,204.0
2013-06-06,202.5
2013-06-07,203.0
2013-06-10,204.5
2013-06-11,198.25
2013-06-12,190.5
2013-06-13,187.25
2013-06-14,196.5
2013-06-17,196.75
2013-06-18,193.0
2013-06-19,193.0
2013-06-20,186.5
2013-06-21,185.25
2013-06-24,184.75
2013-06-25,186.5
2013-06-26,192.75
2013-06-27,202.0
2013-06-28,205.0
2013-07-02,206.0
2013-07-03,200.5
2013-07-04,197.5
2013-07-05,197.5
2013-07-08,192.0
2013-07-09,188.5
2013-07-10,190.0
2013-07-11,199.75
2013-07-12,204.5
2013-07-15,204.0
2013-07-16,202.5
2013-07-17,205.5
2013-07-18,209.5
2013-07-19,210.0
2013-07-23,210.0
2013-07-24,208.5
2013-07-25,203.0
2013-07-26,203.0
2013-07-29,203.0
2013-07-30,203.5
2013-07-31,204.5
2013-08-01,207.0
2013-08-02,205.0
2013-08-05,200.5
2013-08-06,199.75
2013-08-07,200.5
2013-08-08,202.0
2013-08-09,202.5
2013-08-13,205.5
2013-08-14,207.0
2013-08-15,207.5
2013-08-16,205.0
2013-08-19,202.0
2013-08-20,193.25
2013-08-21,189.5
2013-08-22,184.25
2013-08-23,186.0
2013-08-26,185.0
2013-08-27,183.5
2013-08-28,180.5
2013-08-29,180.25
2013-08-30,179.75
2013-09-02,183.75
2013-09-03,185.5
2013-09-04,181.75
2013-09-05,180.75
2013-09-06,183.75
2013-09-09,193.0
2013-09-10,197.5
2013-09-11,198.5
2013-09-12,200.0
2013-09-13,200.0
2013-09-16,206.0
2013-09-17,209.0
2013-09-18,208.0
2013-09-19,214.5
2013-09-20,211.0
2013-09-23,207.0
2013-09-24,203.5
2013-09-25,203.0
2013-09-26,201.5
2013-09-27,202.0
2013-09-30,197.25
2013-10-01,200.0
2013-10-02,199.25
2013-10-03,202.5
2013-10-04,201.0
2013-10-07,198.25
2013-10-08,198.5
2013-10-09,201.5
2013-10-10,201.25
2013-10-11,205.0
2013-10-14,203.5
2013-10-15,206.5
2013-10-16,206.0
2013-10-17,203.0
2013-10-18,204.5
2013-10-21,206.0
2013-10-22,203.5
2013-10-24,204.5
2013-10-25,203.5
2013-10-28,205.0
2013-10-29,204.0
2013-10-30,203.5
2013-10-31,204.5
2013-11-01,206.0
2013-11-04,204.5
2013-11-05,203.0
2013-11-06,205.5
2013-11-07,206.5
2013-11-08,202.0
2013-11-11,200.5
2013-11-12,201.5
2013-11-13,198.25
2013-11-14,199.25
2013-11-15,201.0
2013-11-18,201.5
2013-11-19,199.75
2013-11-20,199.75
2013-11-21,195.5
2013-11-22,190.25
2013-11-25,189.5
2013-11-26,189.25
2013-11-27,189.0
2013-11-28,189.75
2013-11-29,188.25
2013-12-02,187.75
2013-12-03,188.75
2013-12-04,188.75
2013-12-06,185.0
2013-12-09,184.0
2013-12-11,185.0
2013-12-12,184.0
2013-12-13,183.25
2013-12-16,183.0
2013-12-17,184.75
2013-12-18,184.25
2013-12-19,184.5
2013-12-20,183.0
2013-12-23,181.25
2013-12-24,180.0
2013-12-25,180.5
2013-12-26,180.5
2013-12-27,177.75
2014-01-02,172.0
2014-01-03,167.25
2014-01-06,170.75
2014-01-07,176.0
2014-01-08,178.25
2014-01-09,177.5
2014-01-10,177.25
2014-01-13,178.0
2014-01-14,180.5
2014-01-15,178.5
2014-01-16,177.25
2014-01-17,180.0
2014-01-20,175.5
2014-01-21,176.25
2014-01-22,173.25
2014-01-23,177.5
2014-01-24,178.75
2014-01-27,174.75
2014-01-28,172.25
2014-01-29,171.25
2014-01-30,169.25
2014-01-31,170.75
2014-02-03,174.5
2014-02-04,173.0
2014-02-05,172.25
2014-02-06,174.25
2014-02-07,174.5
2014-02-10,173.5
2014-02-11,175.5
2014-02-12,178.0
2014-02-13,178.25
2014-02-17,176.75
2014-02-18,176.0
2014-02-19,173.75
2014-02-20,171.75
2014-02-21,171.75
2014-02-24,171.75
2014-02-25,172.5
2014-02-26,172.0
2014-02-27,172.5
2014-02-28,172.5
2014-03-03,173.5
2014-03-04,175.0
2014-03-05,178.0
2014-03-06,178.75
2014-03-07,178.25
2014-03-10,175.25
2014-03-11,175.75
2014-03-12,176.5
2014-03-13,177.25
2014-03-14,177.25
2014-03-17,178.25
2014-03-18,180.75
2014-03-19,182.0
2014-03-20,179.0
2014-03-21,176.75
2014-03-24,175.75
2014-03-25,175.5
2014-03-26,175.75
2014-03-27,174.75
2014-03-28,175.25
2014-03-31,177.75
2014-04-01,180.25
2014-04-02,182.75
2014-04-03,183.75
2014-04-04,185.0
2014-04-08,186.5
2014-04-09,186.5
2014-04-10,185.5
2014-04-11,186.75
2014-04-16,188.75
2014-04-17,192.25
2014-04-18,190.25
2014-04-21,190.5
2014-04-22,192.75
2014-04-23,195.0
2014-04-24,192.0
2014-04-25,188.0
2014-04-28,188.5
2014-04-29,189.5
2014-04-30,189.5
2014-05-02,190.25
2014-05-06,191.75
2014-05-07,188.5
2014-05-08,187.25
2014-05-09,186.25
2014-05-12,185.5
2014-05-14,185.5
2014-05-15,185.75
2014-05-16,186.75
2014-05-19,188.5
2014-05-20,185.75
2014-05-21,185.25
2014-05-22,186.25
2014-05-23,182.75
2014-05-26,182.0
2014-05-27,182.5
2014-05-28,185.25
2014-05-29,185.75
2014-05-30,185.5
2014-06-02,188.5
2014-06-03,193.25
2014-06-04,192.25
2014-06-05,191.25
2014-06-06,192.0
2014-06-09,192.5
2014-06-10,193.75
2014-06-11,196.0
2014-06-12,194.5
2014-06-13,193.25
2014-06-16,193.5
2014-06-17,192.75
2014-06-18,191.0
2014-06-19,190.25
2014-06-20,192.0
2014-06-23,194.0
2014-06-24,191.5
2014-06-25,192.25
2014-06-26,193.5
2014-06-27,193.0
2014-06-30,193.0
2014-07-02,196.25
2014-07-03,200.5
2014-07-04,200.0
2014-07-07,197.75
2014-07-08,198.25
2014-07-09,199.25
2014-07-10,202.5
2014-07-14,202.5
2014-07-15,200.5
2014-07-16,198.5
2014-07-17,197.75
2014-07-18,196.25
2014-07-21,196.75
2014-07-22,199.0
2014-07-23,201.0
2014-07-24,203.0
2014-07-25,200.5
2014-07-28,199.25
2014-07-29,197.0
2014-07-30,196.25
2014-07-31,195.25
2014-08-01,195.5
2014-08-04,198.75
2014-08-05,200.25
2014-08-06,198.5
2014-08-07,197.75
2014-08-08,195.75
2014-08-13,197.75
2014-08-14,200.5
2014-08-15,201.5
2014-08-18,202.0
2014-08-19,202.0
2014-08-20,202.5
2014-08-21,201.5
2014-08-22,201.0
2014-08-25,202.0
2014-08-26,203.0
2014-08-27,205.0
2014-08-28,206.5
2014-08-29,205.0
2014-09-01,208.5
2014-09-02,211.0
2014-09-03,214.0
2014-09-04,213.5
2014-09-05,212.5
2014-09-08,214.5
2014-09-09,214.0
2014-09-10,211.0
2014-09-11,209.5
2014-09-12,208.0
2014-09-15,208.5
2014-09-16,207.5
2014-09-17,209.5
2014-09-18,211.0
2014-09-19,211.5
2014-09-22,211.5
2014-09-23,212.0
2014-09-24,213.5
2014-09-25,209.5
2014-09-26,207.5
2014-09-29,205.0
2014-09-30,203.5
2014-10-01,204.5
2014-10-02,202.5
2014-10-03,202.0
2014-10-06,200.25
2014-10-07,197.25
2014-10-08,196.25
2014-10-09,197.25
2014-10-10,196.75
2014-10-13,196.25
2014-10-14,196.75
2014-10-15,195.75
2014-10-16,193.25
2014-10-17,192.25
2014-10-20,194.25
2014-10-21,194.5
2014-10-22,193.25
2014-10-24,194.25
2014-10-27,196.25
2014-10-28,195.5
2014-10-29,196.0
2014-10-30,196.0
2014-10-31,197.5
2014-11-03,198.0
2014-11-04,198.5
2014-11-05,199.25
2014-11-06,198.9
2014-11-07,198.55
2014-11-10,198.2
2014-11-11,197.85
2014-11-12,197.5
2014-11-13,198.0
2014-11-14,198.25
2014-11-17,198.5
2014-11-18,198.75
2014-11-19,199.0
2014-11-20,199.25
2014-11-21,199.8
2014-11-24,200.35
2014-11-25,200.9
2014-11-26,201.45
2014-11-27,202.0
2014-11-28,201.5
2014-12-01,201.5
2014-12-02,201.0
2014-12-03,200.5
2014-12-04,199.75
2014-12-08,198.75
2014-12-09,199.0
2014-12-11,197.25
2014-12-12,193.25
2014-12-15,190.0
2014-12-16,187.25
2014-12-17,189.25
2014-12-18,193.75
2014-12-19,194.5
2014-12-22,194.0
2014-12-23,195.75
2014-12-24,196.5
2014-12-25,193.5
2014-12-26,193.75
2014-12-29,194.0
2014-12-30,193.75
2015-01-05,192.0
2015-01-06,188.75
2015-01-07,190.25
2015-01-08,192.25
2015-01-09,191.0
2015-01-12,189.0
2015-01-13,186.75
2015-01-14,186.75
2015-01-15,186.5
2015-01-16,184.25
2015-01-19,184.25
2015-01-20,184.75
2015-01-21,185.75
2015-01-22,187.25
2015-01-23,191.25
2015-01-26,193.75
2015-01-27,195.5
2015-01-28,194.5
2015-01-29,193.25
2015-01-30,191.25
2015-02-02,188.75
2015-02-03,190.75
2015-02-04,191.0
2015-02-05,189.75
2015-02-06,190.0
2015-02-09,188.0
2015-02-10,187.25
2015-02-11,189.0
2015-02-12,191.5
2015-02-13,192.0
2015-02-16,192.0
2015-02-17,190.75
2015-02-18,189.5
2015-02-19,190.0
2015-02-20,190.0
2015-02-23,190.25
2015-02-24,188.75
2015-02-25,188.0
2015-02-26,185.25
2015-02-27,183.75
2015-03-02,181.75
2015-03-03,181.75
2015-03-05,184.5
2015-03-06,187.75
2015-03-09,187.25
2015-03-10,184.75
2015-03-11,182.75
2015-03-12,183.5
2015-03-13,184.0
2015-03-16,180.75
2015-03-17,183.5
2015-03-18,183.75
2015-03-19,185.25
2015-03-20,184.0
2015-03-23,182.25
2015-03-24,181.75
2015-03-25,180.0
2015-03-26,178.5
2015-03-27,179.5
2015-03-30,181.25
2015-03-31,183.0
2015-04-01,183.25
2015-04-02,183.0
2015-04-03,184.5
2015-04-07,185.5
2015-04-08,187.25
2015-04-09,188.5
2015-04-10,190.5
2015-04-16,191.25
2015-04-17,187.5
2015-04-20,188.0
2015-04-21,189.0
2015-04-22,188.25
2015-04-23,188.5
2015-04-24,188.5
2015-04-27,187.75
2015-04-28,184.5
2015-04-29,183.0
2015-04-30,183.75
2015-05-04,185.0
2015-05-06,182.75
2015-05-07,179.75
2015-05-08,182.5
2015-05-11,186.0
2015-05-12,185.5
2015-05-13,184.25
2015-05-14,185.25
2015-05-15,186.25
2015-05-18,186.25
2015-05-19,186.25
2015-05-20,183.5
2015-05-21,182.0
2015-05-22,182.0
2015-05-25,181.0
2015-05-26,180.0
2015-05-27,179.0
2015-05-28,180.75
2015-05-29,182.0
2015-06-02,182.0
2015-06-03,182.0
2015-06-04,181.25
2015-06-05,181.0
2015-06-08,180.5
2015-06-09,179.75
2015-06-10,180.25
2015-06-11,181.0
2015-06-12,180.0
2015-06-15,180.0
2015-06-16,179.5
2015-06-17,180.0
2015-06-18,179.5
2015-06-19,178.75
2015-06-22,178.5
2015-06-23,178.75
2015-06-24,178.75
2015-06-25,179.5
2015-06-26,179.25
2015-06-29,178.25
2015-06-30,179.0
2015-07-02,176.0
2015-07-03,175.5
2015-07-06,173.25
2015-07-07,174.0
2015-07-08,172.25
2015-07-09,172.0
2015-07-10,175.5
2015-07-13,178.5
2015-07-14,176.75
2015-07-15,174.25
2015-07-16,173.5
2015-07-17,173.5
2015-07-20,173.5
2015-07-21,173.25
2015-07-22,170.75
2015-07-23,170.25
2015-07-24,169.25
2015-07-27,168.0
2015-07-28,166.5
2015-07-29,163.75
2015-07-31,164.25
2015-08-03,166.25
2015-08-04,167.0
2015-08-05,167.5
2015-08-06,165.5
2015-08-07,166.0
2015-08-10,165.5
2015-08-11,165.5
2015-08-13,164.5
2015-08-14,165.0
2015-08-17,166.0
2015-08-18,163.5
2015-08-19,164.0
2015-08-20,163.0
2015-08-21,162.0
2015-08-24,159.0
2015-08-25,161.5
2015-08-26,162.25
2015-08-27,166.25
2015-08-28,168.75
2015-08-31,165.25
2015-09-01,164.5
2015-09-02,163.5
2015-09-03,163.75
2015-09-04,161.75
2015-09-07,161.0
2015-09-08,160.75
2015-09-09,164.25
2015-09-10,165.0
2015-09-11,165.75
2015-09-14,165.25
2015-09-15,163.75
2015-09-16,165.0
2015-09-17,164.75
2015-09-18,165.5
2015-09-21,164.75
2015-09-22,164.25
2015-09-23,162.75
2015-09-24,163.5
2015-09-25,163.25
2015-09-28,161.5
2015-09-29,160.0
2015-09-30,160.25
2015-10-01,160.0
2015-10-02,159.25
2015-10-05,161.25
2015-10-06,162.5
2015-10-07,163.5
2015-10-08,164.25
2015-10-09,165.75
2015-10-12,167.5
2015-10-13,167.0
2015-10-14,166.75
2015-10-15,168.25
2015-10-16,168.25
2015-10-19,167.25
2015-10-20,166.5
2015-10-21,167.75
2015-10-22,170.0
2015-10-26,170.0
2015-10-27,169.0
2015-10-28,166.0
2015-10-29,164.5
2015-10-30,166.5
2015-11-02,167.75
2015-11-03,167.25
2015-11-04,167.75
2015-11-05,167.25
2015-11-06,166.75
2015-11-09,166.25
2015-11-10,165.5
2015-11-11,165.0
2015-11-12,165.0
2015-11-13,164.5
2015-11-16,163.5
2015-11-17,164.0
2015-11-18,163.0
2015-11-19,162.75
2015-11-20,163.75
2015-11-23,166.75
2015-11-24,166.5
2015-11-25,168.0
2015-11-26,169.75
2015-11-27,169.25
2015-11-30,167.75
2015-12-01,167.25
2015-12-02,164.75
2015-12-03,163.0
2015-12-04,161.25
2015-12-08,160.5
2015-12-09,160.0
2015-12-11,155.0
2015-12-14,146.75
2015-12-15,149.0
2015-12-16,151.75
2015-12-17,155.5
2015-12-18,156.5
2015-12-21,156.25
2015-12-22,157.25
2015-12-23,157.0
2015-12-24,154.25
2015-12-25,153.0
2015-12-28,154.0
2015-12-29,154.0
2015-12-30,153.25
2016-01-04,151.75
2016-01-05,152.0
2016-01-06,150.25
2016-01-07,144.0
2016-01-08,146.0
2016-01-11,145.25
2016-01-12,146.5
2016-01-13,150.75
2016-01-14,149.25
2016-01-15,147.75
2016-01-18,144.75
2016-01-19,146.75
2016-01-20,145.75
2016-01-21,145.75
2016-01-22,146.25
2016-01-25,146.25
2016-01-26,145.0
2016-01-27,147.75
2016-01-28,150.5
2016-01-29,152.0
2016-02-01,151.25
2016-02-02,149.5
2016-02-03,147.25
2016-02-04,149.75
2016-02-05,151.5
2016-02-08,151.0
2016-02-09,149.0
2016-02-10,149.0
2016-02-11,148.75
2016-02-12,148.5
2016-02-15,149.75
2016-02-16,152.0
2016-02-17,151.75
2016-02-18,154.5
2016-02-19,156.25
2016-02-23,159.25
2016-02-24,162.25
2016-02-25,165.5
2016-02-26,166.0
2016-02-29,163.5
2016-03-01,161.75
2016-03-02,165.75
2016-03-03,168.75
2016-03-04,170.0
2016-03-07,171.5
2016-03-08,169.75
2016-03-09,171.0
2016-03-10,172.5
2016-03-11,173.75
2016-03-14,175.25
2016-03-15,174.5
2016-03-16,172.5
2016-03-17,171.0
2016-03-18,170.75
2016-03-21,171.5
2016-03-22,175.75
2016-03-23,178.25
2016-03-24,179.25
2016-03-25,177.0
2016-03-28,175.25
2016-03-29,174.5
2016-03-30,178.5
2016-03-31,180.0
2016-04-01,177.75
2016-04-04,177.5
2016-04-05,172.0
2016-04-07,164.75
2016-04-08,162.25
2016-04-11,162.75
2016-04-12,164.0
2016-04-18,166.25
2016-04-19,169.5
2016-04-20,169.0
2016-04-21,166.25
2016-04-22,163.75
2016-04-25,163.25
2016-04-26,163.75
2016-04-27,163.75
2016-04-28,162.25
2016-04-29,162.5
2016-05-03,165.0
2016-05-04,166.0
2016-05-09,166.0
2016-05-10,162.0
2016-05-11,158.5
2016-05-12,156.5
2016-05-13,155.5
2016-05-16,154.0
2016-05-17,153.5
2016-05-18,153.75
2016-05-19,154.75
2016-05-23,154.0
2016-05-24,154.25
2016-05-25,155.5
2016-05-26,157.75
2016-05-27,159.75
2016-05-30,162.75
2016-05-31,163.75
2016-06-01,163.0
2016-06-02,162.25
2016-06-03,162.75
2016-06-06,164.75
2016-06-07,165.75
2016-06-08,164.75
2016-06-09,164.0
2016-06-10,163.5
2016-06-13,162.25
2016-06-14,163.0
2016-06-15,164.5
2016-06-16,160.75
2016-06-17,158.5
2016-06-20,157.5
2016-06-21,157.25
2016-06-22,158.5
2016-06-23,159.0
2016-06-24,157.25
2016-06-27,157.25
2016-06-28,158.25
2016-06-29,160.0
2016-06-30,159.75
2016-07-04,161.0
2016-07-05,164.25
2016-07-06,164.0
2016-07-07,164.5
2016-07-08,162.25
2016-07-11,164.0
2016-07-12,166.25
2016-07-13,167.0
2016-07-14,168.75
2016-07-15,170.75
2016-07-20,172.25
2016-07-21,172.0
2016-07-22,167.0
2016-07-25,165.5
2016-07-26,165.25
2016-07-27,165.5
2016-07-28,168.0
2016-07-29,170.75
2016-08-01,169.0
2016-08-02,166.0
2016-08-03,167.25
2016-08-04,168.0
2016-08-05,168.5
2016-08-08,173.25
2016-08-09,175.5
2016-08-10,176.5
2016-08-11,175.25
2016-08-15,176.0
2016-08-16,176.25
2016-08-17,173.5
2016-08-18,175.75
2016-08-19,176.25
2016-08-22,175.75
2016-08-23,175.0
2016-08-24,174.5
2016-08-25,173.0
2016-08-26,172.25
2016-08-29,172.25
2016-08-30,171.75
2016-08-31,170.0
2016-09-01,168.5
2016-09-02,168.25
2016-09-05,168.5
2016-09-06,165.25
2016-09-07,165.25
2016-09-08,164.0
2016-09-09,163.5
2016-09-12,162.75
2016-09-13,166.75
2016-09-14,167.5
2016-09-15,167.25
2016-09-16,167.5
2016-09-19,168.0
2016-09-20,166.75
2016-09-21,166.5
2016-09-22,168.25
2016-09-23,167.0
2016-09-26,164.25
2016-09-27,163.75
2016-09-28,162.5
2016-09-29,163.5
2016-09-30,162.5
2016-10-03,163.25
2016-10-04,165.5
2016-10-05,167.0
2016-10-06,167.0
2016-10-07,165.0
2016-10-10,160.75
2016-10-11,159.25
2016-10-12,155.25
2016-10-13,154.0
2016-10-14,162.0
2016-10-17,158.75
2016-10-18,156.5
2016-10-19,156.0
2016-10-20,160.0
2016-10-21,161.75
2016-10-25,162.75
2016-10-26,160.75
2016-10-27,160.25
2016-10-28,160.75
2016-10-31,160.0
2016-11-01,159.75
2016-11-02,158.25
2016-11-03,156.75
2016-11-04,154.5
2016-11-07,155.25
2016-11-08,158.0
2016-11-09,159.5
2016-11-10,162.25
2016-11-11,160.5
2016-11-14,157.25
2016-11-15,156.5
2016-11-16,156.0
2016-11-17,155.5
2016-11-18,156.25
2016-11-21,156.25
2016-11-22,156.25
2016-11-23,156.75
2016-11-24,156.25
2016-11-25,155.25
2016-11-28,155.0
2016-11-29,155.0
2016-11-30,155.0
2016-12-01,156.25
2016-12-02,155.5
2016-12-06,155.25
2016-12-07,155.0
2016-12-08,156.75
2016-12-09,158.0
2016-12-13,159.0
2016-12-14,158.5
2016-12-15,156.75
2016-12-16,157.25
2016-12-19,157.0
2016-12-20,156.0
2016-12-21,156.25
2016-12-22,156.0
2016-12-23,157.25
2016-12-26,157.75
2016-12-27,157.75
2016-12-28,158.0
2016-12-29,158.5
2016-12-30,159.0
2017-01-04,161.25
2017-01-05,163.5
2017-01-06,164.25
2017-01-09,163.5
2017-01-10,166.25
2017-01-11,167.75
2017-01-12,166.5
2017-01-16,167.75
2017-01-17,166.75
2017-01-18,166.0
2017-01-19,166.0
2017-01-20,166.75
2017-01-23,168.25
2017-01-24,169.5
2017-01-25,173.5
2017-01-26,176.0
2017-01-27,174.5
2017-01-30,173.75
2017-01-31,174.25
2017-02-01,175.0
2017-02-02,175.25
2017-02-03,176.75
2017-02-06,179.5
2017-02-07,180.25
2017-02-08,179.5
2017-02-09,180.25
2017-02-10,182.25
2017-02-14,180.75
2017-02-15,179.0
2017-02-16,179.0
2017-02-17,180.25
2017-02-20,180.0
2017-02-21,178.5
2017-02-22,177.5
2017-02-23,176.5
2017-02-24,176.25
2017-02-27,176.25
2017-02-28,176.75
2017-03-01,179.75
2017-03-02,182.25
2017-03-03,182.5
2017-03-06,181.0
2017-03-07,181.25
2017-03-08,182.0
2017-03-09,182.25
2017-03-10,181.75
2017-03-13,182.0
2017-03-14,182.25
2017-03-15,182.0
2017-03-16,183.5
2017-03-17,184.5
2017-03-20,185.5
2017-03-21,184.75
2017-03-22,182.75
2017-03-23,183.0
2017-03-24,183.0
2017-03-27,181.75
2017-03-28,181.5
2017-03-29,181.25
2017-03-30,181.25
2017-03-31,181.5
2017-04-03,181.0
2017-04-04,181.5
2017-04-05,181.5
2017-04-07,182.25
2017-04-10,182.75
2017-04-11,185.5
2017-04-12,187.25
2017-04-17,186.5
2017-04-18,187.5
2017-04-19,185.25
2017-04-20,179.5
2017-04-21,177.75
2017-04-24,179.5
2017-04-25,180.25
2017-04-26,180.0
2017-04-27,179.75
2017-04-28,179.75
2017-05-02,179.75
2017-05-03,180.5
2017-05-04,181.5
2017-05-08,181.75
2017-05-09,181.25
2017-05-11,181.0
2017-05-12,180.0
2017-05-15,179.5
2017-05-16,178.75
2017-05-17,178.75
2017-05-18,179.25
2017-05-19,180.0
2017-05-22,180.5
2017-05-23,181.5
2017-05-24,181.75
2017-05-25,182.0
2017-05-26,181.0
2017-05-29,180.25
2017-05-30,180.0
2017-05-31,180.0
2017-06-01,180.5
2017-06-02,180.75
2017-06-05,181.25
2017-06-06,180.75
2017-06-07,180.5
2017-06-08,180.5
2017-06-09,179.5
2017-06-12,179.75
2017-06-13,180.25
2017-06-14,180.0
2017-06-15,179.5
2017-06-16,179.75
2017-06-19,180.5
2017-06-20,180.75
2017-06-21,180.5
2017-06-22,180.75
2017-06-23,181.0
2017-06-26,181.5
2017-06-27,181.75
2017-06-28,183.0
2017-06-29,184.25
2017-06-30,184.5
2017-07-03,185.25
2017-07-04,185.0
2017-07-05,185.25
2017-07-06,185.25
2017-07-07,185.25
2017-07-11,186.0
2017-07-12,187.25
2017-07-13,189.0
2017-07-14,189.25
2017-07-17,189.0
2017-07-18,187.5
2017-07-19,185.0
2017-07-20,183.25
2017-07-21,181.25
2017-07-24,180.25
2017-07-25,180.25
2017-07-26,180.5
2017-07-27,181.25
2017-07-31,180.5
2017-08-01,179.25
2017-08-02,180.0
2017-08-03,181.0
2017-08-04,180.25
2017-08-07,179.75
2017-08-08,180.75
2017-08-09,181.25
2017-08-10,181.0
2017-08-11,180.75
2017-08-15,180.75
2017-08-16,179.25
2017-08-17,178.75
2017-08-18,179.25
2017-08-21,180.5
2017-08-22,182.5
2017-08-23,183.75
2017-08-24,182.75
2017-08-25,181.5
2017-08-28,183.0
2017-08-29,184.5
2017-08-30,186.5
2017-08-31,185.25
2017-09-01,185.5
2017-09-04,186.0
2017-09-05,183.75
2017-09-06,183.75
2017-09-07,185.25
2017-09-08,186.75
2017-09-11,188.0
2017-09-12,189.0
2017-09-13,188.0
2017-09-14,189.25
2017-09-15,190.25
2017-09-18,191.25
2017-09-19,190.5
2017-09-20,188.25
2017-09-21,186.75
2017-09-22,185.75
2017-09-25,185.75
2017-09-26,186.75
2017-09-27,185.75
2017-09-28,185.5
2017-09-29,185.5
2017-10-02,187.75
2017-10-03,188.75
2017-10-04,188.5
2017-10-05,188.75
2017-10-06,188.5
2017-10-09,188.0
2017-10-10,188.75
2017-10-11,190.0
2017-10-12,190.0
2017-10-16,194.5
2017-10-17,195.25
2017-10-18,194.25
2017-10-19,191.0
2017-10-20,191.0
2017-10-24,191.25
2017-10-25,189.25
2017-10-27,188.25
2017-10-30,189.25
2017-10-31,191.25
2017-11-01,193.75
2017-11-02,192.5
2017-11-03,191.75
2017-11-06,191.5
2017-11-07,191.0
2017-11-08,190.5
2017-11-09,191.5
2017-11-10,191.5
2017-11-13,190.25
2017-11-14,191.75
2017-11-15,192.25
2017-11-16,195.0
2017-11-17,196.75
2017-11-20,196.25
2017-11-21,196.0
2017-11-22,197.75
2017-11-23,199.25
2017-11-24,199.0
2017-11-27,198.75
2017-11-28,197.5
2017-11-29,200.25
2017-11-30,200.75
2017-12-01,202.0
2017-12-04,203.5
2017-12-06,203.0
2017-12-07,204.0
2017-12-08,204.5
2017-12-12,205.5
2017-12-13,204.0
2017-12-14,204.0
2017-12-15,204.0
2017-12-18,203.5
2017-12-19,205.0
2017-12-20,206.0
2017-12-21,205.5
2017-12-22,205.5
2017-12-25,205.5
2017-12-26,204.5
2017-12-27,203.5
2017-12-28,202.0
2017-12-29,201.5
