Date,BCP
2007-01-03,7.9
2007-01-04,7.8
2007-01-05,7.699999999999999
2007-01-08,7.4
2007-01-09,7.449999999999999
2007-01-10,7.5
2007-01-11,7.45
2007-01-12,7.55
2007-01-15,7.55
2007-01-16,7.6
2007-01-17,7.5
2007-01-18,7.4
2007-01-19,7.45
2007-01-22,7.45
2007-01-23,7.4
2007-01-24,7.5
2007-01-25,7.6
2007-01-26,7.6
2007-01-29,7.699999999999999
2007-01-30,7.75
2007-01-31,7.8
2007-02-01,7.8
2007-02-02,7.85
2007-02-05,8.05
2007-02-06,8.2
2007-02-07,8.55
2007-02-08,8.8
2007-02-09,8.8
2007-02-12,8.75
2007-02-13,8.75
2007-02-14,8.75
2007-02-15,8.7
2007-02-16,8.7
2007-02-19,8.75
2007-02-20,8.8
2007-02-21,8.9
2007-02-22,9.0
2007-02-23,9.0
2007-02-26,8.85
2007-02-27,8.75
2007-02-28,8.65
2007-03-01,8.7
2007-03-02,8.7
2007-03-06,8.6
2007-03-07,8.649999999999999
2007-03-08,8.649999999999999
2007-03-09,8.649999999999999
2007-03-12,8.6
2007-03-13,8.75
2007-03-14,8.7
2007-03-15,8.7
2007-03-16,8.649999999999999
2007-03-19,8.649999999999999
2007-03-20,8.7
2007-03-21,8.6
2007-03-22,8.6
2007-03-23,8.6
2007-03-26,8.6
2007-03-27,8.4
2007-03-28,8.45
2007-03-29,8.45
2007-03-30,8.5
2007-04-02,8.5
2007-04-03,8.4
2007-04-04,8.45
2007-04-05,8.45
2007-04-09,8.45
2007-04-10,8.45
2007-04-11,8.4
2007-04-12,8.4
2007-04-17,8.45
2007-04-18,8.5
2007-04-19,8.45
2007-04-20,8.4
2007-04-23,8.4
2007-04-24,8.4
2007-04-25,8.4
2007-04-26,8.4
2007-04-27,8.4
2007-04-30,8.4
2007-05-02,8.4
2007-05-03,8.4
2007-05-04,8.45
2007-05-08,8.45
2007-05-09,8.45
2007-05-10,8.4
2007-05-11,8.4
2007-05-14,8.4
2007-05-15,8.4
2007-05-16,8.350000000000001
2007-05-17,8.4
2007-05-18,8.4
2007-05-21,8.45
2007-05-22,8.4
2007-05-23,8.4
2007-05-24,8.5
2007-05-25,8.45
2007-05-28,8.65
2007-05-29,8.7
2007-05-30,8.649999999999999
2007-06-01,8.649999999999999
2007-06-04,8.95
2007-06-05,9.25
2007-06-06,9.2
2007-06-07,9.149999999999999
2007-06-08,9.2
2007-06-11,9.25
2007-06-12,9.2
2007-06-13,9.149999999999999
2007-06-14,9.1
2007-06-15,9.149999999999999
2007-06-18,9.25
2007-06-19,9.55
2007-06-20,10.2
2007-06-21,10.8
2007-06-22,11.5
2007-06-25,12.0
2007-06-26,11.8
2007-06-27,11.55
2007-06-28,11.65
2007-06-29,11.7
2007-07-02,11.850000000000001
2007-07-03,11.95
2007-07-04,11.9
2007-07-05,11.7
2007-07-06,11.55
2007-07-09,11.8
2007-07-10,11.8
2007-07-11,11.7
2007-07-12,11.85
2007-07-13,12.100000000000001
2007-07-16,11.9
2007-07-17,11.75
2007-07-18,11.75
2007-07-19,11.8
2007-07-20,11.8
2007-07-23,12.100000000000001
2007-07-24,13.05
2007-07-25,13.5
2007-07-26,13.6
2007-07-27,13.05
2007-07-31,13.45
2007-08-01,13.2
2007-08-02,12.85
2007-08-03,12.75
2007-08-06,12.6
2007-08-07,12.45
2007-08-08,12.65
2007-08-09,12.8
2007-08-10,12.35
2007-08-14,12.5
2007-08-15,12.35
2007-08-16,11.899999999999999
2007-08-17,11.649999999999999
2007-08-20,12.05
2007-08-21,12.1
2007-08-22,11.95
2007-08-23,12.1
2007-08-24,12.05
2007-08-27,12.0
2007-08-28,12.0
2007-08-29,12.15
2007-08-30,12.899999999999999
2007-08-31,13.3
2007-09-03,13.399999999999999
2007-09-04,13.55
2007-09-05,13.5
2007-09-06,13.4
2007-09-07,13.5
2007-09-10,13.15
2007-09-11,13.15
2007-09-12,13.1
2007-09-13,13.2
2007-09-14,13.4
2007-09-17,13.5
2007-09-18,13.6
2007-09-19,13.75
2007-09-20,13.95
2007-09-21,14.1
2007-09-24,14.05
2007-09-25,13.850000000000001
2007-09-26,13.8
2007-09-27,14.05
2007-09-28,14.05
2007-10-01,13.9
2007-10-02,13.850000000000001
2007-10-03,13.95
2007-10-04,13.95
2007-10-05,14.55
2007-10-08,15.2
2007-10-09,15.100000000000001
2007-10-10,15.05
2007-10-11,15.2
2007-10-12,15.05
2007-10-15,14.9
2007-10-16,15.05
2007-10-17,15.05
2007-10-18,14.95
2007-10-19,14.75
2007-10-22,14.350000000000001
2007-10-24,14.5
2007-10-25,14.4
2007-10-26,14.55
2007-10-29,14.7
2007-10-30,14.6
2007-10-31,14.6
2007-11-01,14.65
2007-11-02,14.350000000000001
2007-11-05,14.15
2007-11-06,14.25
2007-11-07,14.4
2007-11-08,14.3
2007-11-09,14.45
2007-11-12,14.55
2007-11-13,14.4
2007-11-14,14.5
2007-11-15,14.5
2007-11-16,14.5
2007-11-19,14.45
2007-11-20,14.149999999999999
2007-11-21,14.1
2007-11-22,13.85
2007-11-23,13.9
2007-11-26,14.100000000000001
2007-11-27,13.8
2007-11-28,13.7
2007-11-29,13.5
2007-11-30,13.55
2007-12-03,13.6
2007-12-04,13.5
2007-12-06,13.45
2007-12-07,13.55
2007-12-11,13.45
2007-12-12,13.3
2007-12-13,13.05
2007-12-14,13.05
2007-12-17,12.9
2007-12-18,12.9
2007-12-19,12.95
2007-12-20,12.850000000000001
2007-12-21,12.95
2007-12-24,13.05
2007-12-25,13.15
2007-12-26,13.3
2007-12-27,13.5
2007-12-28,13.7
2008-01-02,13.45
2008-01-03,13.850000000000001
2008-01-04,13.9
2008-01-07,13.8
2008-01-08,13.8
2008-01-09,13.649999999999999
2008-01-10,13.45
2008-01-11,13.2
2008-01-14,13.05
2008-01-15,13.1
2008-01-16,12.8
2008-01-17,12.95
2008-01-18,12.95
2008-01-21,12.9
2008-01-22,12.5
2008-01-23,12.4
2008-01-24,12.45
2008-01-25,12.649999999999999
2008-01-28,12.6
2008-01-29,12.75
2008-01-30,12.9
2008-01-31,13.0
2008-02-01,13.25
2008-02-04,13.45
2008-02-05,13.15
2008-02-06,13.149999999999999
2008-02-07,13.05
2008-02-08,13.1
2008-02-11,13.0
2008-02-12,13.0
2008-02-13,13.2
2008-02-14,13.2
2008-02-15,13.1
2008-02-18,12.9
2008-02-19,13.1
2008-02-20,13.65
2008-02-22,13.75
2008-02-25,14.05
2008-02-26,14.0
2008-02-27,13.95
2008-02-28,14.35
2008-02-29,14.8
2008-03-03,14.9
2008-03-04,14.95
2008-03-05,14.4
2008-03-06,14.3
2008-03-07,14.25
2008-03-10,13.95
2008-03-11,14.0
2008-03-12,14.2
2008-03-13,13.9
2008-03-14,14.0
2008-03-17,13.850000000000001
2008-03-18,13.850000000000001
2008-03-19,13.850000000000001
2008-03-20,13.8
2008-03-21,13.7
2008-03-24,13.75
2008-03-25,13.649999999999999
2008-03-26,13.75
2008-03-27,13.7
2008-03-28,13.649999999999999
2008-03-31,13.5
2008-04-01,13.25
2008-04-02,13.25
2008-04-03,13.1
2008-04-04,13.149999999999999
2008-04-08,13.2
2008-04-09,13.2
2008-04-10,13.149999999999999
2008-04-11,13.1
2008-04-16,13.35
2008-04-17,13.850000000000001
2008-04-18,14.05
2008-04-21,14.0
2008-04-22,13.95
2008-04-23,13.850000000000001
2008-04-24,13.75
2008-04-25,13.5
2008-04-28,13.4
2008-04-29,13.350000000000001
2008-04-30,13.3
2008-05-02,13.2
2008-05-06,13.2
2008-05-07,13.149999999999999
2008-05-08,13.149999999999999
2008-05-09,13.05
2008-05-12,13.05
2008-05-13,13.05
2008-05-14,12.850000000000001
2008-05-15,12.8
2008-05-16,12.75
2008-05-20,12.850000000000001
2008-05-21,12.850000000000001
2008-05-22,12.8
2008-05-23,12.850000000000001
2008-05-26,12.7
2008-05-27,12.5
2008-05-28,12.45
2008-05-29,12.45
2008-05-30,12.55
2008-06-02,12.5
2008-06-03,12.3
2008-06-04,12.35
2008-06-05,12.5
2008-06-06,12.55
2008-06-09,12.3
2008-06-10,12.2
2008-06-11,12.2
2008-06-12,12.149999999999999
2008-06-13,12.25
2008-06-16,12.2
2008-06-17,12.1
2008-06-18,11.95
2008-06-19,11.45
2008-06-20,11.45
2008-06-23,11.4
2008-06-24,11.45
2008-06-25,11.55
2008-06-26,11.6
2008-06-27,11.55
2008-06-30,11.649999999999999
2008-07-02,11.6
2008-07-03,11.4
2008-07-04,11.350000000000001
2008-07-07,11.350000000000001
2008-07-08,11.3
2008-07-09,11.2
2008-07-10,11.05
2008-07-11,11.05
2008-07-14,11.149999999999999
2008-07-15,10.9
2008-07-16,10.7
2008-07-18,10.55
2008-07-21,10.350000000000001
2008-07-22,10.350000000000001
2008-07-23,10.3
2008-07-24,10.1
2008-07-25,9.9
2008-07-28,10.1
2008-07-29,10.1
2008-07-30,10.1
2008-07-31,10.0
2008-08-01,10.0
2008-08-04,10.1
2008-08-05,10.1
2008-08-06,10.149999999999999
2008-08-07,10.45
2008-08-08,10.35
2008-08-11,10.65
2008-08-13,11.0
2008-08-14,10.95
2008-08-15,10.850000000000001
2008-08-18,10.5
2008-08-19,10.2
2008-08-20,10.1
2008-08-21,10.1
2008-08-22,10.1
2008-08-25,10.2
2008-08-26,10.149999999999999
2008-08-27,10.1
2008-08-28,10.25
2008-08-29,10.2
2008-09-01,10.149999999999999
2008-09-02,10.05
2008-09-03,10.05
2008-09-04,10.05
2008-09-05,10.05
2008-09-08,10.05
2008-09-09,10.05
2008-09-10,10.05
2008-09-11,10.0
2008-09-12,10.05
2008-09-15,10.0
2008-09-16,9.850000000000001
2008-09-17,9.65
2008-09-18,9.350000000000001
2008-09-19,9.55
2008-09-22,9.55
2008-09-23,9.6
2008-09-24,9.6
2008-09-25,9.6
2008-09-26,9.649999999999999
2008-09-29,9.7
2008-09-30,9.3
2008-10-01,9.649999999999999
2008-10-02,9.6
2008-10-03,9.55
2008-10-06,9.2
2008-10-07,8.8
2008-10-08,8.600000000000001
2008-10-09,8.1
2008-10-10,7.4
2008-10-13,7.199999999999999
2008-10-14,7.35
2008-10-15,7.4
2008-10-16,7.1
2008-10-17,7.0
2008-10-20,6.95
2008-10-21,6.95
2008-10-22,6.95
2008-10-24,6.75
2008-10-27,6.05
2008-10-28,5.6
2008-10-29,5.8
2008-10-30,5.65
2008-10-31,5.8
2008-11-03,5.949999999999999
2008-11-04,6.25
2008-11-05,6.5
2008-11-06,6.4
2008-11-07,6.5
2008-11-10,6.300000000000001
2008-11-11,6.5
2008-11-12,6.45
2008-11-13,6.4
2008-11-14,6.4
2008-11-17,6.4
2008-11-18,6.45
2008-11-19,6.300000000000001
2008-11-20,6.2
2008-11-21,6.15
2008-11-24,6.1
2008-11-25,6.199999999999999
2008-11-26,6.2
2008-11-27,6.2
2008-11-28,6.300000000000001
2008-12-01,6.25
2008-12-02,6.2
2008-12-03,6.35
2008-12-04,6.35
2008-12-08,6.5
2008-12-09,6.949999999999999
2008-12-11,7.35
2008-12-12,7.300000000000001
2008-12-15,7.55
2008-12-16,7.75
2008-12-17,8.1
2008-12-18,8.0
2008-12-19,8.05
2008-12-22,7.949999999999999
2008-12-23,7.800000000000001
2008-12-24,7.9
2008-12-25,7.9
2008-12-26,7.8
2008-12-29,7.75
2008-12-30,7.699999999999999
2009-01-02,7.8
2009-01-05,8.1
2009-01-06,8.25
2009-01-07,8.05
2009-01-08,8.0
2009-01-09,7.85
2009-01-12,7.8
2009-01-13,7.65
2009-01-14,7.2
2009-01-15,7.15
2009-01-16,7.25
2009-01-19,7.3
2009-01-20,7.3
2009-01-21,7.2
2009-01-22,7.25
2009-01-23,7.25
2009-01-26,7.3
2009-01-27,7.25
2009-01-28,7.25
2009-01-29,7.300000000000001
2009-01-30,7.2
2009-02-02,7.2
2009-02-03,7.35
2009-02-04,7.4
2009-02-05,7.4
2009-02-06,7.5
2009-02-10,7.55
2009-02-11,7.4
2009-02-12,7.4
2009-02-13,7.300000000000001
2009-02-16,7.35
2009-02-17,7.35
2009-02-18,7.3
2009-02-19,7.3
2009-02-20,7.4
2009-02-23,7.35
2009-02-24,7.2
2009-02-25,7.4
2009-02-26,7.300000000000001
2009-02-27,7.25
2009-03-02,7.25
2009-03-03,7.05
2009-03-04,7.1
2009-03-05,7.2
2009-03-06,7.2
2009-03-09,7.25
2009-03-10,7.25
2009-03-11,7.300000000000001
2009-03-12,7.3
2009-03-13,7.45
2009-03-16,7.65
2009-03-17,8.0
2009-03-18,8.4
2009-03-19,8.7
2009-03-20,8.7
2009-03-23,8.6
2009-03-24,8.55
2009-03-25,8.75
2009-03-26,9.1
2009-03-27,9.2
2009-03-30,9.05
2009-03-31,8.9
2009-04-01,9.2
2009-04-02,9.6
2009-04-03,9.55
2009-04-07,9.35
2009-04-08,9.2
2009-04-09,9.4
2009-04-10,9.65
2009-04-16,10.2
2009-04-17,10.55
2009-04-20,10.0
2009-04-21,10.0
2009-04-22,10.45
2009-04-23,10.8
2009-04-24,10.8
2009-04-27,11.25
2009-04-28,11.55
2009-04-29,11.75
2009-04-30,11.95
2009-05-04,11.75
2009-05-06,11.899999999999999
2009-05-07,12.25
2009-05-11,12.649999999999999
2009-05-12,13.5
2009-05-13,14.350000000000001
2009-05-14,13.65
2009-05-15,13.7
2009-05-18,13.25
2009-05-19,13.75
2009-05-20,13.9
2009-05-21,13.850000000000001
2009-05-22,14.2
2009-05-25,14.25
2009-05-26,13.9
2009-05-27,13.9
2009-05-28,13.95
2009-05-29,14.2
2009-06-01,14.4
2009-06-02,14.2
2009-06-03,14.1
2009-06-04,13.95
2009-06-05,14.05
2009-06-08,14.2
2009-06-09,14.95
2009-06-10,15.45
2009-06-11,15.05
2009-06-12,15.149999999999999
2009-06-15,15.0
2009-06-16,14.25
2009-06-17,13.9
2009-06-18,13.95
2009-06-19,14.2
2009-06-22,13.95
2009-06-23,13.149999999999999
2009-06-24,13.35
2009-06-25,13.95
2009-06-26,14.2
2009-06-29,14.1
2009-06-30,14.3
2009-07-02,14.0
2009-07-03,13.9
2009-07-06,14.0
2009-07-08,13.85
2009-07-09,13.9
2009-07-10,13.850000000000001
2009-07-13,13.55
2009-07-14,13.7
2009-07-15,13.8
2009-07-16,13.899999999999999
2009-07-17,14.0
2009-07-20,14.55
2009-07-21,14.5
2009-07-22,14.35
2009-07-23,14.25
2009-07-24,14.45
2009-07-27,14.35
2009-07-28,14.149999999999999
2009-07-29,14.1
2009-07-30,14.15
2009-07-31,14.25
2009-08-03,14.3
2009-08-04,14.55
2009-08-05,14.55
2009-08-06,14.6
2009-08-07,14.55
2009-08-10,14.7
2009-08-11,14.649999999999999
2009-08-13,14.95
2009-08-14,15.3
2009-08-17,15.2
2009-08-18,15.3
2009-08-19,15.25
2009-08-20,15.4
2009-08-21,15.55
2009-08-24,15.95
2009-08-25,15.850000000000001
2009-08-26,14.9
2009-08-27,14.55
2009-08-28,14.45
2009-08-31,14.350000000000001
2009-09-01,14.3
2009-09-02,14.149999999999999
2009-09-03,14.4
2009-09-04,14.45
2009-09-07,14.55
2009-09-08,14.649999999999999
2009-09-09,14.6
2009-09-10,14.5
2009-09-11,14.5
2009-09-14,14.3
2009-09-15,14.25
2009-09-16,14.4
2009-09-17,14.4
2009-09-18,14.3
2009-09-21,14.25
2009-09-22,14.4
2009-09-23,14.5
2009-09-24,14.4
2009-09-25,14.3
2009-09-28,14.2
2009-09-29,14.149999999999999
2009-09-30,14.1
2009-10-01,14.149999999999999
2009-10-02,14.05
2009-10-05,14.05
2009-10-06,14.0
2009-10-07,14.05
2009-10-08,13.95
2009-10-09,14.0
2009-10-12,14.45
2009-10-13,14.899999999999999
2009-10-14,14.600000000000001
2009-10-15,14.0
2009-10-16,13.899999999999999
2009-10-19,14.25
2009-10-20,14.35
2009-10-21,14.1
2009-10-22,13.95
2009-10-26,14.0
2009-10-27,14.0
2009-10-28,14.05
2009-10-29,13.8
2009-10-30,13.9
2009-11-02,13.55
2009-11-03,13.55
2009-11-04,13.55
2009-11-05,13.649999999999999
2009-11-06,14.0
2009-11-09,14.1
2009-11-10,14.4
2009-11-11,14.4
2009-11-12,14.2
2009-11-13,14.0
2009-11-16,14.05
2009-11-17,14.1
2009-11-18,14.05
2009-11-19,14.05
2009-11-20,13.95
2009-11-23,13.9
2009-11-24,13.75
2009-11-25,13.8
2009-11-26,13.850000000000001
2009-11-27,13.649999999999999
2009-11-30,13.75
2009-12-01,13.8
2009-12-02,13.85
2009-12-03,13.75
2009-12-04,13.75
2009-12-08,13.75
2009-12-09,13.8
2009-12-11,13.899999999999999
2009-12-14,14.05
2009-12-15,14.149999999999999
2009-12-16,14.35
2009-12-17,14.899999999999999
2009-12-18,15.05
2009-12-21,14.95
2009-12-22,14.9
2009-12-23,14.8
2009-12-24,14.850000000000001
2009-12-25,14.8
2009-12-28,14.95
2009-12-29,15.1
2009-12-30,15.0
2010-01-04,14.9
2010-01-05,15.05
2010-01-06,14.95
2010-01-07,14.95
2010-01-08,14.850000000000001
2010-01-11,14.95
2010-01-12,15.0
2010-01-13,15.0
2010-01-14,15.05
2010-01-15,14.95
2010-01-18,14.9
2010-01-19,14.8
2010-01-20,14.6
2010-01-21,14.5
2010-01-22,14.4
2010-01-25,14.5
2010-01-26,14.45
2010-01-27,14.25
2010-01-28,14.2
2010-01-29,14.1
2010-02-01,14.2
2010-02-02,14.3
2010-02-03,14.350000000000001
2010-02-04,14.350000000000001
2010-02-05,14.1
2010-02-08,14.1
2010-02-09,14.05
2010-02-10,14.05
2010-02-11,14.2
2010-02-12,14.25
2010-02-15,14.149999999999999
2010-02-16,14.05
2010-02-17,14.149999999999999
2010-02-18,14.55
2010-02-19,14.7
2010-02-22,14.7
2010-02-23,14.6
2010-02-24,14.649999999999999
2010-02-25,14.7
2010-02-26,14.649999999999999
2010-03-02,14.850000000000001
2010-03-03,14.9
2010-03-04,13.95
2010-03-05,13.95
2010-03-08,13.85
2010-03-09,13.75
2010-03-10,13.75
2010-03-11,13.8
2010-03-12,13.95
2010-03-15,13.9
2010-03-16,14.1
2010-03-17,14.25
2010-03-18,14.4
2010-03-19,14.55
2010-03-22,14.45
2010-03-23,14.55
2010-03-24,14.649999999999999
2010-03-25,14.55
2010-03-26,14.5
2010-03-29,14.5
2010-03-30,14.55
2010-03-31,14.55
2010-04-01,14.6
2010-04-02,14.649999999999999
2010-04-05,14.6
2010-04-07,14.55
2010-04-08,14.35
2010-04-09,14.2
2010-04-12,13.850000000000001
2010-04-16,13.7
2010-04-19,13.45
2010-04-20,13.7
2010-04-21,13.8
2010-04-22,13.8
2010-04-23,13.649999999999999
2010-04-26,13.75
2010-04-27,13.8
2010-04-28,13.649999999999999
2010-04-29,13.75
2010-04-30,13.850000000000001
2010-05-04,14.1
2010-05-06,14.1
2010-05-07,13.850000000000001
2010-05-10,13.850000000000001
2010-05-11,14.0
2010-05-12,14.0
2010-05-13,14.05
2010-05-14,13.850000000000001
2010-05-17,13.649999999999999
2010-05-18,13.7
2010-05-19,13.7
2010-05-20,13.683333333333332
2010-05-21,13.666666666666666
2010-05-24,13.649999999999999
2010-05-25,13.4
2010-05-26,13.45
2010-05-27,13.45
2010-05-31,13.55
2010-06-01,13.55
2010-06-02,13.5
2010-06-03,13.649999999999999
2010-06-04,13.7
2010-06-07,13.55
2010-06-08,13.5
2010-06-09,13.6
2010-06-10,13.55
2010-06-11,13.55
2010-06-14,13.6
2010-06-15,13.55
2010-06-16,13.6
2010-06-17,13.649999999999999
2010-06-18,13.649999999999999
2010-06-21,13.9
2010-06-22,13.9
2010-06-23,13.850000000000001
2010-06-24,13.85
2010-06-25,13.7
2010-06-28,13.8
2010-06-29,13.75
2010-06-30,13.649999999999999
2010-07-02,13.7
2010-07-05,13.7
2010-07-06,13.8
2010-07-07,13.9
2010-07-08,13.95
2010-07-09,13.95
2010-07-12,14.0
2010-07-13,13.95
2010-07-14,13.9
2010-07-15,13.95
2010-07-16,13.95
2010-07-19,14.0
2010-07-20,14.05
2010-07-21,13.95
2010-07-22,14.649999999999999
2010-07-23,14.8
2010-07-27,14.7
2010-07-28,14.649999999999999
2010-07-29,14.55
2010-07-30,14.5
2010-08-02,14.45
2010-08-03,14.45
2010-08-04,14.45
2010-08-05,14.55
2010-08-06,14.6
2010-08-09,14.7
2010-08-10,14.65
2010-08-11,14.5
2010-08-16,14.45
2010-08-17,14.4
2010-08-18,14.45
2010-08-19,14.5
2010-08-20,14.55
2010-08-23,14.649999999999999
2010-08-24,14.649999999999999
2010-08-25,14.55
2010-08-26,14.7
2010-08-27,14.95
2010-08-30,15.149999999999999
2010-08-31,15.0
2010-09-01,15.05
2010-09-02,15.0
2010-09-03,15.05
2010-09-06,15.25
2010-09-07,14.7
2010-09-08,14.45
2010-09-09,14.45
2010-09-10,14.55
2010-09-13,14.6
2010-09-14,14.5
2010-09-15,14.4
2010-09-16,14.4
2010-09-17,14.4
2010-09-20,14.45
2010-09-21,14.5
2010-09-22,14.55
2010-09-23,14.55
2010-09-24,14.55
2010-09-27,14.649999999999999
2010-09-28,14.649999999999999
2010-09-29,14.6
2010-09-30,14.6
2010-10-01,14.75
2010-10-04,15.05
2010-10-05,15.2
2010-10-06,15.5
2010-10-07,15.6
2010-10-08,15.5
2010-10-11,15.4
2010-10-12,15.35
2010-10-13,15.5
2010-10-14,15.55
2010-10-15,15.6
2010-10-18,15.9
2010-10-19,16.2
2010-10-20,16.05
2010-10-21,16.200000000000003
2010-10-22,16.05
2010-10-26,16.0
2010-10-27,15.85
2010-10-28,15.6
2010-10-29,15.350000000000001
2010-11-01,15.65
2010-11-02,15.850000000000001
2010-11-03,16.0
2010-11-04,16.05
2010-11-05,16.2
2010-11-08,16.35
2010-11-09,16.35
2010-11-10,16.200000000000003
2010-11-11,16.1
2010-11-12,15.95
2010-11-15,15.850000000000001
2010-11-16,15.600000000000001
2010-11-17,15.3
2010-11-18,15.350000000000001
2010-11-19,15.55
2010-11-22,15.6
2010-11-23,15.5
2010-11-24,15.55
2010-11-25,15.6
2010-11-26,15.55
2010-11-29,15.5
2010-11-30,15.5
2010-12-01,15.5
2010-12-02,15.7
2010-12-03,15.9
2010-12-07,16.05
2010-12-08,15.950000000000001
2010-12-09,16.05
2010-12-13,16.1
2010-12-14,16.950000000000003
2010-12-15,18.05
2010-12-16,18.15
2010-12-17,17.75
2010-12-20,17.3
2010-12-21,17.4
2010-12-22,17.549999999999997
2010-12-23,17.6
2010-12-24,17.75
2010-12-27,17.95
2010-12-28,18.15
2010-12-29,18.5
2010-12-30,18.6
2011-01-04,18.65
2011-01-05,18.4
2011-01-06,18.25
2011-01-07,17.9
2011-01-10,17.6
2011-01-11,17.5
2011-01-12,17.55
2011-01-13,17.9
2011-01-14,17.9
2011-01-17,17.700000000000003
2011-01-18,17.6
2011-01-19,17.700000000000003
2011-01-20,17.700000000000003
2011-01-21,17.5
2011-01-24,17.200000000000003
2011-01-25,16.85
2011-01-26,16.9
2011-01-27,17.200000000000003
2011-01-28,17.35
2011-01-31,17.25
2011-02-01,17.25
2011-02-02,17.4
2011-02-03,17.65
2011-02-04,17.700000000000003
2011-02-07,17.5
2011-02-08,17.700000000000003
2011-02-09,17.85
2011-02-10,17.65
2011-02-11,17.55
2011-02-14,17.5
2011-02-15,17.45
2011-02-16,17.75
2011-02-17,17.9
2011-02-18,18.049999999999997
2011-02-21,18.2
2011-02-22,18.4
2011-02-23,18.65
2011-02-24,18.549999999999997
2011-02-25,18.6
2011-02-28,18.15
2011-03-01,18.0
2011-03-02,18.049999999999997
2011-03-03,18.4
2011-03-04,18.5
2011-03-07,18.700000000000003
2011-03-08,18.65
2011-03-09,18.4
2011-03-10,18.35
2011-03-11,18.35
2011-03-14,18.65
2011-03-15,18.35
2011-03-16,18.3
2011-03-17,18.4
2011-03-21,18.799999999999997
2011-03-22,18.9
2011-03-23,18.8
2011-03-24,18.799999999999997
2011-03-25,18.95
2011-03-28,19.1
2011-03-29,19.25
2011-03-30,19.15
2011-03-31,19.2
2011-04-01,19.35
2011-04-04,19.6
2011-04-05,19.700000000000003
2011-04-07,19.55
2011-04-08,19.4
2011-04-11,19.0
2011-04-12,18.75
2011-04-18,18.799999999999997
2011-04-19,18.85
2011-04-20,19.1
2011-04-21,19.3
2011-04-22,19.200000000000003
2011-04-25,19.25
2011-04-26,19.55
2011-04-27,20.15
2011-04-28,20.7
2011-04-29,21.2
2011-05-03,20.9
2011-05-04,21.200000000000003
2011-05-06,20.95
2011-05-09,20.85
2011-05-10,20.9
2011-05-11,21.15
2011-05-12,20.95
2011-05-13,20.95
2011-05-18,20.9
2011-05-19,21.3
2011-05-20,21.549999999999997
2011-05-23,21.55
2011-05-24,21.4
2011-05-25,21.25
2011-05-26,21.299999999999997
2011-05-27,21.2
2011-05-30,21.35
2011-05-31,21.25
2011-06-01,21.4
2011-06-02,21.3
2011-06-03,21.5
2011-06-06,21.35
2011-06-07,21.15
2011-06-08,20.8
2011-06-09,20.2
2011-06-10,20.0
2011-06-13,19.65
2011-06-14,19.7
2011-06-15,20.3
2011-06-16,19.9
2011-06-17,20.4
2011-06-20,20.4
2011-06-21,20.3
2011-06-22,20.299999999999997
2011-06-23,19.9
2011-06-24,19.55
2011-06-27,19.200000000000003
2011-06-28,19.2
2011-06-29,19.8
2011-06-30,20.25
2011-07-04,20.95
2011-07-05,21.1
2011-07-06,20.85
2011-07-07,20.6
2011-07-08,20.700000000000003
2011-07-11,20.299999999999997
2011-07-12,19.95
2011-07-13,20.3
2011-07-14,20.6
2011-07-18,20.9
2011-07-19,21.0
2011-07-20,21.2
2011-07-21,21.15
2011-07-22,21.4
2011-07-25,21.4
2011-07-26,21.5
2011-07-27,22.049999999999997
2011-07-28,22.5
2011-07-29,22.6
2011-08-01,23.5
2011-08-02,24.25
2011-08-03,24.1
2011-08-04,23.799999999999997
2011-08-05,22.35
2011-08-08,22.85
2011-08-09,22.4
2011-08-10,22.65
2011-08-11,22.6
2011-08-15,23.15
2011-08-16,23.25
2011-08-17,23.05
2011-08-18,23.15
2011-08-19,22.5
2011-08-22,22.55
2011-08-23,22.45
2011-08-24,21.9
2011-08-25,21.4
2011-08-26,20.9
2011-08-29,21.049999999999997
2011-08-30,21.45
2011-08-31,21.7
2011-09-01,22.0
2011-09-02,21.95
2011-09-05,21.8
2011-09-06,21.75
2011-09-07,22.1
2011-09-08,22.45
2011-09-09,21.8
2011-09-12,21.35
2011-09-13,21.049999999999997
2011-09-14,20.5
2011-09-15,20.8
2011-09-16,20.950000000000003
2011-09-19,20.5
2011-09-20,20.4
2011-09-21,20.5
2011-09-22,19.6
2011-09-23,17.950000000000003
2011-09-26,16.85
2011-09-27,17.15
2011-09-28,17.55
2011-09-29,17.15
2011-09-30,16.85
2011-10-03,15.65
2011-10-04,15.45
2011-10-05,15.850000000000001
2011-10-06,16.6
2011-10-07,17.0
2011-10-10,16.6
2011-10-11,17.25
2011-10-12,17.25
2011-10-13,17.2
2011-10-14,17.15
2011-10-17,17.6
2011-10-18,17.200000000000003
2011-10-19,17.15
2011-10-20,16.7
2011-10-21,16.5
2011-10-25,16.85
2011-10-26,16.9
2011-10-27,17.25
2011-10-28,17.4
2011-10-31,17.4
2011-11-01,17.049999999999997
2011-11-02,17.1
2011-11-03,17.35
2011-11-04,17.45
2011-11-07,17.1
2011-11-08,17.55
2011-11-09,17.6
2011-11-10,17.3
2011-11-11,17.5
2011-11-14,17.9
2011-11-15,18.049999999999997
2011-11-16,18.5
2011-11-17,18.75
2011-11-18,18.4
2011-11-21,17.95
2011-11-22,18.0
2011-11-23,17.95
2011-11-24,17.95
2011-11-25,17.75
2011-11-28,17.9
2011-11-29,17.9
2011-11-30,17.85
2011-12-01,18.35
2011-12-02,18.450000000000003
2011-12-06,18.25
2011-12-07,18.35
2011-12-08,18.4
2011-12-09,18.35
2011-12-13,18.35
2011-12-14,18.35
2011-12-15,18.15
2011-12-16,18.45
2011-12-19,18.549999999999997
2011-12-20,18.9
2011-12-21,19.200000000000003
2011-12-22,19.15
2011-12-23,19.200000000000003
2011-12-26,19.1
2011-12-27,19.0
2011-12-28,18.95
2011-12-29,18.799999999999997
2011-12-30,18.95
2012-01-04,18.9
2012-01-05,18.95
2012-01-06,18.75
2012-01-09,18.85
2012-01-10,19.15
2012-01-11,19.2
2012-01-12,19.25
2012-01-13,19.1
2012-01-16,18.95
2012-01-17,19.1
2012-01-18,19.0
2012-01-19,18.9
2012-01-20,19.1
2012-01-23,19.15
2012-01-24,19.3
2012-01-25,19.25
2012-01-26,19.9
2012-01-27,20.25
2012-01-30,20.25
2012-01-31,20.4
2012-02-01,20.549999999999997
2012-02-02,20.75
2012-02-03,20.7
2012-02-06,20.85
2012-02-07,20.75
2012-02-08,20.950000000000003
2012-02-09,21.299999999999997
2012-02-10,21.2
2012-02-13,20.95
2012-02-14,20.9
2012-02-15,21.6
2012-02-16,22.2
2012-02-17,23.05
2012-02-20,23.95
2012-02-21,24.3
2012-02-22,23.950000000000003
2012-02-23,23.8
2012-02-24,24.15
2012-02-27,23.65
2012-02-28,23.799999999999997
2012-02-29,23.6
2012-03-01,23.5
2012-03-02,23.75
2012-03-05,23.5
2012-03-06,23.4
2012-03-08,23.7
2012-03-09,23.549999999999997
2012-03-12,23.25
2012-03-13,22.9
2012-03-14,22.799999999999997
2012-03-15,22.55
2012-03-16,22.4
2012-03-19,22.7
2012-03-20,22.85
2012-03-21,23.200000000000003
2012-03-22,23.35
2012-03-23,23.35
2012-03-26,23.299999999999997
2012-03-27,23.55
2012-03-28,23.700000000000003
2012-03-29,23.65
2012-03-30,23.7
2012-04-02,23.6
2012-04-03,24.25
2012-04-04,24.450000000000003
2012-04-05,24.15
2012-04-10,23.950000000000003
2012-04-11,23.299999999999997
2012-04-12,23.35
2012-04-17,23.6
2012-04-18,24.0
2012-04-19,24.35
2012-04-20,24.5
2012-04-23,24.450000000000003
2012-04-24,24.799999999999997
2012-04-25,25.1
2012-04-26,25.25
2012-04-27,25.2
2012-04-30,25.35
2012-05-02,25.35
2012-05-03,25.1
2012-05-04,24.7
2012-05-08,24.5
2012-05-09,24.15
2012-05-10,23.65
2012-05-11,23.65
2012-05-14,23.3
2012-05-15,23.15
2012-05-16,23.05
2012-05-17,23.25
2012-05-18,22.799999999999997
2012-05-21,22.4
2012-05-22,22.25
2012-05-23,22.0
2012-05-24,22.200000000000003
2012-05-25,22.4
2012-05-28,22.5
2012-05-29,22.7
2012-05-30,22.55
2012-05-31,22.4
2012-06-01,22.5
2012-06-05,22.200000000000003
2012-06-06,22.3
2012-06-07,22.35
2012-06-08,22.3
2012-06-11,23.15
2012-06-12,23.1
2012-06-13,23.25
2012-06-14,23.25
2012-06-15,23.5
2012-06-18,24.05
2012-06-19,24.1
2012-06-20,24.049999999999997
2012-06-21,23.549999999999997
2012-06-22,23.0
2012-06-25,22.95
2012-06-26,22.9
2012-06-27,22.95
2012-06-28,22.85
2012-06-29,22.7
2012-07-02,23.05
2012-07-03,23.299999999999997
2012-07-04,22.950000000000003
2012-07-05,22.6
2012-07-06,22.35
2012-07-09,21.65
2012-07-10,21.6
2012-07-11,21.8
2012-07-12,21.75
2012-07-13,22.0
2012-07-16,22.35
2012-07-17,22.4
2012-07-18,22.4
2012-07-19,22.4
2012-07-20,22.35
2012-07-23,22.0
2012-07-24,21.8
2012-07-25,21.799999999999997
2012-07-26,21.65
2012-07-27,21.6
2012-07-30,21.799999999999997
2012-07-31,22.0
2012-08-01,22.200000000000003
2012-08-03,22.1
2012-08-06,22.25
2012-08-07,22.4
2012-08-08,22.75
2012-08-09,22.85
2012-08-10,22.75
2012-08-14,22.9
2012-08-15,22.799999999999997
2012-08-16,22.85
2012-08-17,22.85
2012-08-20,22.75
2012-08-21,22.85
2012-08-22,22.95
2012-08-23,23.0
2012-08-24,22.85
2012-08-27,22.95
2012-08-28,23.1
2012-08-29,23.15
2012-08-30,22.9
2012-08-31,23.0
2012-09-03,22.95
2012-09-04,23.15
2012-09-05,23.25
2012-09-06,23.25
2012-09-07,23.05
2012-09-10,23.25
2012-09-11,23.35
2012-09-12,23.6
2012-09-13,23.65
2012-09-14,24.0
2012-09-17,24.15
2012-09-18,24.05
2012-09-19,24.1
2012-09-20,24.1
2012-09-21,24.5
2012-09-24,24.35
2012-09-25,24.1
2012-09-26,23.8
2012-09-27,23.75
2012-09-28,24.25
2012-10-01,24.3
2012-10-02,24.35
2012-10-03,24.25
2012-10-04,24.35
2012-10-05,24.95
2012-10-08,25.1
2012-10-09,25.15
2012-10-10,25.0
2012-10-11,25.7
2012-10-12,26.65
2012-10-15,26.15
2012-10-16,26.0
2012-10-17,26.65
2012-10-18,27.0
2012-10-19,27.25
2012-10-22,27.1
2012-10-24,26.9
2012-10-25,26.65
2012-10-26,26.35
2012-10-29,26.1
2012-10-30,26.65
2012-10-31,26.5
2012-11-01,26.35
2012-11-02,26.5
2012-11-05,26.65
2012-11-06,26.65
2012-11-07,26.5
2012-11-08,26.65
2012-11-09,27.0
2012-11-12,27.35
2012-11-13,27.15
2012-11-14,26.9
2012-11-15,26.65
2012-11-16,26.5
2012-11-19,27.0
2012-11-20,27.5
2012-11-21,28.15
2012-11-22,28.1
2012-11-23,27.65
2012-11-26,28.25
2012-11-27,28.1
2012-11-28,28.5
2012-11-29,28.9
2012-11-30,28.65
2012-12-03,28.85
2012-12-04,29.0
2012-12-06,28.9
2012-12-07,29.0
2012-12-11,28.8
2012-12-12,28.9
2012-12-13,28.9
2012-12-14,29.0
2012-12-17,29.25
2012-12-18,29.35
2012-12-19,29.5
2012-12-20,30.25
2012-12-21,30.35
2012-12-24,30.65
2012-12-25,30.85
2012-12-26,31.6
2012-12-27,31.9
2012-12-28,31.8
2013-01-02,31.65
2013-01-03,31.15
2013-01-04,30.5
2013-01-07,30.35
2013-01-08,30.75
2013-01-09,31.4
2013-01-10,31.6
2013-01-11,31.75
2013-01-14,32.75
2013-01-15,33.65
2013-01-16,33.25
2013-01-17,32.9
2013-01-18,33.65
2013-01-21,33.9
2013-01-22,33.75
2013-01-23,33.9
2013-01-24,35.2
2013-01-25,36.75
2013-01-28,37.2
2013-01-29,36.65
2013-01-30,37.0
2013-01-31,36.5
2013-02-01,37.0
2013-02-04,38.1
2013-02-05,37.9
2013-02-06,38.0
2013-02-07,37.75
2013-02-08,38.1
2013-02-11,37.9
2013-02-12,37.65
2013-02-13,38.5
2013-02-14,39.0
2013-02-15,39.15
2013-02-18,39.65
2013-02-19,39.7
2013-02-20,39.25
2013-02-21,38.75
2013-02-22,39.3
2013-02-26,39.3
2013-02-27,38.4
2013-02-28,38.5
2013-03-01,39.35
2013-03-04,38.35
2013-03-05,38.0
2013-03-06,38.1
2013-03-07,37.9
2013-03-08,37.5
2013-03-11,36.75
2013-03-12,35.85
2013-03-13,35.9
2013-03-14,36.9
2013-03-15,37.0
2013-03-18,36.65
2013-03-19,36.3
2013-03-20,34.35
2013-03-21,34.4
2013-03-22,33.6
2013-03-25,34.15
2013-03-26,35.0
2013-03-27,35.9
2013-03-28,35.75
2013-03-29,36.1
2013-04-01,36.1
2013-04-02,35.75
2013-04-03,35.5
2013-04-04,34.65
2013-04-05,35.15
2013-04-09,34.5
2013-04-10,35.5
2013-04-11,36.9
2013-04-12,36.65
2013-04-17,36.25
2013-04-18,36.0
2013-04-19,36.0
2013-04-22,35.5
2013-04-23,34.5
2013-04-24,34.25
2013-04-25,34.75
2013-04-26,34.75
2013-04-29,35.15
2013-04-30,36.1
2013-05-02,35.85
2013-05-03,35.5
2013-05-07,35.6
2013-05-08,36.65
2013-05-09,36.9
2013-05-10,36.75
2013-05-13,36.65
2013-05-14,36.8
2013-05-15,36.5
2013-05-16,35.6
2013-05-17,35.6
2013-05-20,36.4
2013-05-21,36.4
2013-05-22,36.25
2013-05-23,35.8
2013-05-27,35.0
2013-05-28,34.25
2013-05-29,34.4
2013-05-30,34.1
2013-05-31,34.1
2013-06-03,33.75
2013-06-04,32.75
2013-06-05,32.35
2013-06-06,33.0
2013-06-07,34.0
2013-06-10,35.15
2013-06-11,34.0
2013-06-12,33.25
2013-06-13,32.35
2013-06-14,34.0
2013-06-17,34.75
2013-06-18,34.25
2013-06-19,33.75
2013-06-20,32.15
2013-06-21,32.35
2013-06-24,33.4
2013-06-25,33.1
2013-06-26,33.6
2013-06-27,34.25
2013-06-28,34.35
2013-07-02,34.25
2013-07-03,34.7
2013-07-04,36.3
2013-07-05,37.0
2013-07-08,36.2
2013-07-09,36.35
2013-07-10,35.75
2013-07-11,35.65
2013-07-12,35.15
2013-07-15,34.5
2013-07-16,34.0
2013-07-17,34.1
2013-07-18,35.15
2013-07-19,35.5
2013-07-23,35.65
2013-07-24,35.35
2013-07-25,34.9
2013-07-26,34.9
2013-07-29,34.5
2013-07-30,34.9
2013-07-31,34.65
2013-08-01,34.65
2013-08-02,34.65
2013-08-05,34.1
2013-08-06,33.9
2013-08-07,34.25
2013-08-08,34.6
2013-08-09,34.25
2013-08-13,34.5
2013-08-14,35.15
2013-08-15,35.5
2013-08-16,35.2
2013-08-19,34.75
2013-08-20,33.65
2013-08-21,32.6
2013-08-22,31.6
2013-08-23,32.3
2013-08-26,31.9
2013-08-27,31.0
2013-08-28,30.9
2013-08-29,31.9
2013-08-30,31.8
2013-09-02,32.0
2013-09-03,31.6
2013-09-04,31.65
2013-09-05,32.6
2013-09-06,33.6
2013-09-09,34.0
2013-09-10,33.75
2013-09-11,33.35
2013-09-12,33.0
2013-09-13,32.5
2013-09-16,33.0
2013-09-17,32.35
2013-09-18,32.65
2013-09-19,33.65
2013-09-20,33.65
2013-09-23,33.25
2013-09-24,33.0
2013-09-25,33.5
2013-09-26,33.5
2013-09-27,33.2
2013-09-30,32.4
2013-10-01,31.75
2013-10-02,32.0
2013-10-03,32.0
2013-10-04,32.25
2013-10-07,32.65
2013-10-08,33.3
2013-10-09,33.9
2013-10-10,33.75
2013-10-11,34.0
2013-10-14,33.9
2013-10-15,34.5
2013-10-16,34.65
2013-10-17,34.75
2013-10-18,35.0
2013-10-21,34.5
2013-10-22,34.0
2013-10-24,34.35
2013-10-25,34.15
2013-10-28,33.75
2013-10-29,33.65
2013-10-30,33.15
2013-10-31,33.0
2013-11-01,32.9
2013-11-04,33.0
2013-11-05,32.9
2013-11-06,33.0
2013-11-07,33.35
2013-11-08,33.2
2013-11-11,33.15
2013-11-12,33.25
2013-11-13,33.0
2013-11-14,33.1
2013-11-15,33.0
2013-11-18,32.75
2013-11-19,32.5
2013-11-20,32.1
2013-11-21,31.8
2013-11-22,31.35
2013-11-25,31.2
2013-11-26,31.0
2013-11-27,31.4
2013-11-28,31.65
2013-11-29,32.35
2013-12-02,32.35
2013-12-03,32.35
2013-12-04,32.35
2013-12-06,32.2
2013-12-09,32.6
2013-12-11,33.0
2013-12-12,32.65
2013-12-13,32.0
2013-12-16,31.25
2013-12-17,30.9
2013-12-18,30.75
2013-12-19,30.4
2013-12-20,30.1
2013-12-23,29.5
2013-12-24,28.9
2013-12-25,29.0
2013-12-26,28.6
2013-12-27,28.1
2014-01-02,27.0
2014-01-03,25.65
2014-01-06,25.5
2014-01-07,26.0
2014-01-08,26.1
2014-01-09,26.1
2014-01-10,25.9
2014-01-13,26.0
2014-01-14,27.0
2014-01-15,27.4
2014-01-16,27.35
2014-01-17,27.35
2014-01-20,27.1
2014-01-21,27.1
2014-01-22,26.8
2014-01-23,27.0
2014-01-24,27.5
2014-01-27,26.9
2014-01-28,26.25
2014-01-29,26.1
2014-01-30,26.1
2014-01-31,26.5
2014-02-03,27.4
2014-02-04,27.5
2014-02-05,27.2
2014-02-06,27.1
2014-02-07,27.2
2014-02-10,27.65
2014-02-11,28.25
2014-02-12,28.5
2014-02-13,28.35
2014-02-17,28.35
2014-02-18,28.5
2014-02-19,28.75
2014-02-20,28.5
2014-02-21,28.75
2014-02-24,28.8
2014-02-25,28.65
2014-02-26,28.65
2014-02-27,28.65
2014-02-28,28.65
2014-03-03,28.2
2014-03-04,28.6
2014-03-05,29.85
2014-03-06,30.5
2014-03-07,31.15
2014-03-10,30.75
2014-03-11,30.8
2014-03-12,30.8
2014-03-13,30.85
2014-03-14,31.0
2014-03-17,31.0
2014-03-18,31.1
2014-03-19,30.85
2014-03-20,30.65
2014-03-21,30.75
2014-03-24,30.5
2014-03-25,30.1
2014-03-26,30.2
2014-03-27,30.75
2014-03-28,31.1
2014-03-31,31.35
2014-04-01,31.2
2014-04-02,31.5
2014-04-03,31.5
2014-04-04,31.35
2014-04-08,31.0
2014-04-09,30.9
2014-04-10,30.9
2014-04-11,30.8
2014-04-16,31.0
2014-04-17,31.2
2014-04-18,31.25
2014-04-21,31.5
2014-04-22,31.5
2014-04-23,31.5
2014-04-24,32.0
2014-04-25,32.15
2014-04-28,31.5
2014-04-29,31.5
2014-04-30,31.6
2014-05-02,31.75
2014-05-06,31.35
2014-05-07,31.0
2014-05-08,30.15
2014-05-09,29.65
2014-05-12,30.15
2014-05-14,30.35
2014-05-15,29.9
2014-05-16,29.9
2014-05-19,30.1
2014-05-20,30.0
2014-05-21,30.2
2014-05-22,30.35
2014-05-23,29.85
2014-05-26,30.0
2014-05-27,29.9
2014-05-28,30.25
2014-05-29,30.15
2014-05-30,29.9
2014-06-02,30.0
2014-06-03,30.0
2014-06-04,30.0
2014-06-05,29.75
2014-06-06,29.65
2014-06-09,29.5
2014-06-10,29.35
2014-06-11,29.5
2014-06-12,29.5
2014-06-13,29.35
2014-06-16,29.35
2014-06-17,29.5
2014-06-18,29.25
2014-06-19,29.0
2014-06-20,29.0
2014-06-23,29.2
2014-06-24,28.7
2014-06-25,28.65
2014-06-26,28.65
2014-06-27,28.9
2014-06-30,29.25
2014-07-02,29.25
2014-07-03,29.0
2014-07-04,29.0
2014-07-07,28.9
2014-07-08,28.65
2014-07-09,28.8
2014-07-10,28.8
2014-07-14,29.15
2014-07-15,29.65
2014-07-16,29.75
2014-07-17,30.7
2014-07-18,31.0
2014-07-21,30.6
2014-07-22,30.15
2014-07-23,29.65
2014-07-24,29.9
2014-07-25,29.85
2014-07-28,29.5
2014-07-29,29.15
2014-07-30,29.0
2014-07-31,28.9
2014-08-01,28.5
2014-08-04,28.9
2014-08-05,29.1
2014-08-06,28.9
2014-08-07,28.5
2014-08-08,28.75
2014-08-13,29.15
2014-08-14,30.15
2014-08-15,30.85
2014-08-18,31.35
2014-08-19,31.25
2014-08-20,31.35
2014-08-21,32.3
2014-08-22,33.4
2014-08-25,34.15
2014-08-26,33.75
2014-08-27,33.35
2014-08-28,33.5
2014-08-29,33.85
2014-09-01,34.6
2014-09-02,35.2
2014-09-03,35.0
2014-09-04,34.75
2014-09-05,34.65
2014-09-08,34.35
2014-09-09,34.35
2014-09-10,33.75
2014-09-11,33.35
2014-09-12,33.5
2014-09-15,33.5
2014-09-16,33.25
2014-09-17,33.1
2014-09-18,33.6
2014-09-19,34.0
2014-09-22,33.9
2014-09-23,33.9
2014-09-24,34.9
2014-09-25,35.9
2014-09-26,36.5
2014-09-29,36.3
2014-09-30,35.65
2014-10-01,35.9
2014-10-02,35.0
2014-10-03,34.8
2014-10-06,34.5
2014-10-07,34.0
2014-10-08,33.25
2014-10-09,34.15
2014-10-10,34.25
2014-10-13,33.75
2014-10-14,33.25
2014-10-15,32.85
2014-10-16,31.9
2014-10-17,32.5
2014-10-20,33.1
2014-10-21,33.15
2014-10-22,33.35
2014-10-24,33.2
2014-10-27,33.6
2014-10-28,33.75
2014-10-29,33.65
2014-10-30,33.5
2014-10-31,33.35
2014-11-03,33.75
2014-11-04,34.6
2014-11-05,35.4
2014-11-06,35.5
2014-11-07,35.35
2014-11-10,35.1
2014-11-11,34.9
2014-11-12,34.7
2014-11-13,35.1
2014-11-14,36.0
2014-11-17,35.35
2014-11-18,36.5
2014-11-19,37.0
2014-11-20,36.983333333333334
2014-11-21,36.96666666666667
2014-11-24,36.95
2014-11-25,36.93333333333333
2014-11-26,36.916666666666664
2014-11-27,36.9
2014-11-28,35.85
2014-12-01,34.65
2014-12-02,33.85
2014-12-03,34.0
2014-12-04,34.5
2014-12-08,34.25
2014-12-09,33.4
2014-12-11,32.5
2014-12-12,32.0
2014-12-15,30.9
2014-12-16,29.35
2014-12-17,30.65
2014-12-18,32.25
2014-12-19,31.75
2014-12-22,32.3
2014-12-23,32.75
2014-12-24,32.9
2014-12-25,32.1
2014-12-26,32.35
2014-12-29,32.25
2014-12-30,31.8
2015-01-05,31.5
2015-01-06,31.0
2015-01-07,31.6
2015-01-08,32.5
2015-01-09,32.8
2015-01-12,32.65
2015-01-13,32.35
2015-01-14,32.15
2015-01-15,32.0
2015-01-16,31.65
2015-01-19,31.9
2015-01-20,32.25
2015-01-21,32.5
2015-01-22,33.3
2015-01-23,33.9
2015-01-26,33.4
2015-01-27,33.35
2015-01-28,33.2
2015-01-29,33.9
2015-01-30,34.1
2015-02-02,34.0
2015-02-03,34.1
2015-02-04,34.5
2015-02-05,33.9
2015-02-06,33.6
2015-02-09,33.35
2015-02-10,33.25
2015-02-11,33.2
2015-02-12,33.0
2015-02-13,32.75
2015-02-16,32.75
2015-02-17,32.5
2015-02-18,32.9
2015-02-19,33.0
2015-02-20,32.75
2015-02-23,32.0
2015-02-24,31.85
2015-02-25,33.0
2015-02-26,34.1
2015-02-27,34.15
2015-03-02,34.35
2015-03-03,33.5
2015-03-05,32.75
2015-03-06,32.6
2015-03-09,33.0
2015-03-10,33.35
2015-03-11,33.5
2015-03-12,33.9
2015-03-13,34.1
2015-03-16,33.8
2015-03-17,33.4
2015-03-18,33.15
2015-03-19,33.5
2015-03-20,33.65
2015-03-23,33.4
2015-03-24,32.9
2015-03-25,32.65
2015-03-26,32.5
2015-03-27,32.65
2015-03-30,32.6
2015-03-31,32.35
2015-04-01,32.35
2015-04-02,32.9
2015-04-03,33.1
2015-04-07,33.6
2015-04-08,33.75
2015-04-09,33.5
2015-04-10,33.65
2015-04-16,34.5
2015-04-17,35.35
2015-04-20,35.0
2015-04-21,34.6
2015-04-22,34.35
2015-04-23,34.5
2015-04-24,35.25
2015-04-27,35.5
2015-04-28,35.35
2015-04-29,35.0
2015-04-30,35.35
2015-05-04,35.5
2015-05-06,35.35
2015-05-07,34.75
2015-05-08,34.5
2015-05-11,34.15
2015-05-12,33.65
2015-05-13,33.65
2015-05-14,33.65
2015-05-15,33.75
2015-05-18,33.35
2015-05-19,33.65
2015-05-20,33.5
2015-05-21,33.9
2015-05-22,33.6
2015-05-25,33.1
2015-05-26,32.75
2015-05-27,32.65
2015-05-28,32.8
2015-05-29,33.0
2015-06-02,32.85
2015-06-03,32.8
2015-06-04,33.0
2015-06-05,33.1
2015-06-08,33.5
2015-06-09,33.5
2015-06-10,33.35
2015-06-11,33.65
2015-06-12,33.25
2015-06-15,33.0
2015-06-16,32.9
2015-06-17,33.0
2015-06-18,33.0
2015-06-19,33.0
2015-06-22,32.8
2015-06-23,33.0
2015-06-24,33.5
2015-06-25,34.25
2015-06-26,34.65
2015-06-29,34.35
2015-06-30,34.75
2015-07-02,35.4
2015-07-03,35.35
2015-07-06,35.25
2015-07-07,35.15
2015-07-08,34.8
2015-07-09,34.75
2015-07-10,35.25
2015-07-13,35.65
2015-07-14,35.65
2015-07-15,35.5
2015-07-16,35.5
2015-07-17,34.9
2015-07-20,35.25
2015-07-21,35.35
2015-07-22,35.35
2015-07-23,34.6
2015-07-24,34.0
2015-07-27,33.4
2015-07-28,33.25
2015-07-29,32.9
2015-07-31,33.5
2015-08-03,34.0
2015-08-04,33.9
2015-08-05,34.0
2015-08-06,34.1
2015-08-07,33.75
2015-08-10,33.5
2015-08-11,33.75
2015-08-13,33.75
2015-08-14,34.1
2015-08-17,34.35
2015-08-18,34.0
2015-08-19,34.9
2015-08-20,34.6
2015-08-21,33.9
2015-08-24,32.0
2015-08-25,32.4
2015-08-26,32.1
2015-08-27,32.9
2015-08-28,33.5
2015-08-31,34.4
2015-09-01,34.0
2015-09-02,33.5
2015-09-03,33.8
2015-09-04,33.5
2015-09-07,33.8
2015-09-08,33.8
2015-09-09,34.4
2015-09-10,34.75
2015-09-11,34.9
2015-09-14,34.9
2015-09-15,34.9
2015-09-16,35.25
2015-09-17,35.65
2015-09-18,35.8
2015-09-21,35.25
2015-09-22,34.85
2015-09-23,34.6
2015-09-24,34.9
2015-09-25,35.25
2015-09-28,34.75
2015-09-29,34.2
2015-09-30,34.2
2015-10-01,34.1
2015-10-02,34.35
2015-10-05,35.1
2015-10-06,35.35
2015-10-07,35.35
2015-10-08,35.65
2015-10-09,35.9
2015-10-12,36.1
2015-10-13,35.65
2015-10-14,35.65
2015-10-15,35.8
2015-10-16,36.6
2015-10-19,37.0
2015-10-20,36.65
2015-10-21,36.5
2015-10-22,36.1
2015-10-26,36.5
2015-10-27,36.4
2015-10-28,36.0
2015-10-29,36.1
2015-10-30,36.0
2015-11-02,36.35
2015-11-03,36.5
2015-11-04,36.9
2015-11-05,36.15
2015-11-06,35.35
2015-11-09,35.5
2015-11-10,35.1
2015-11-11,35.25
2015-11-12,35.65
2015-11-13,35.85
2015-11-16,36.15
2015-11-17,36.65
2015-11-18,36.0
2015-11-19,35.9
2015-11-20,36.15
2015-11-23,36.35
2015-11-24,36.0
2015-11-25,35.9
2015-11-26,35.6
2015-11-27,35.0
2015-11-30,34.8
2015-12-01,34.9
2015-12-02,35.25
2015-12-03,35.0
2015-12-04,34.9
2015-12-08,34.4
2015-12-09,33.6
2015-12-11,32.7
2015-12-14,32.0
2015-12-15,32.5
2015-12-16,32.85
2015-12-17,32.35
2015-12-18,32.5
2015-12-21,33.0
2015-12-22,34.0
2015-12-23,34.2
2015-12-24,34.75
2015-12-25,34.75
2015-12-28,34.15
2015-12-29,33.15
2015-12-30,32.9
2016-01-04,32.9
2016-01-05,33.25
2016-01-06,33.5
2016-01-07,33.0
2016-01-08,33.1
2016-01-11,33.25
2016-01-12,33.75
2016-01-13,34.0
2016-01-14,33.25
2016-01-15,32.5
2016-01-18,31.8
2016-01-19,31.8
2016-01-20,31.35
2016-01-21,30.15
2016-01-22,29.65
2016-01-25,29.5
2016-01-26,28.35
2016-01-27,28.5
2016-01-28,28.75
2016-01-29,29.1
2016-02-01,29.0
2016-02-02,28.65
2016-02-03,28.8
2016-02-04,28.9
2016-02-05,29.4
2016-02-08,29.5
2016-02-09,29.2
2016-02-10,29.1
2016-02-11,28.75
2016-02-12,28.5
2016-02-15,28.8
2016-02-16,28.9
2016-02-17,28.5
2016-02-18,29.1
2016-02-19,29.85
2016-02-23,30.1
2016-02-24,30.1
2016-02-25,30.65
2016-02-26,30.8
2016-02-29,30.8
2016-03-01,30.75
2016-03-02,30.1
2016-03-03,30.1
2016-03-04,30.0
2016-03-07,30.25
2016-03-08,30.35
2016-03-09,30.5
2016-03-10,30.35
2016-03-11,30.1
2016-03-14,30.1
2016-03-15,29.9
2016-03-16,29.5
2016-03-17,29.8
2016-03-18,29.85
2016-03-21,29.75
2016-03-22,29.9
2016-03-23,29.9
2016-03-24,29.5
2016-03-25,29.2
2016-03-28,28.85
2016-03-29,28.9
2016-03-30,29.1
2016-03-31,29.2
2016-04-01,29.35
2016-04-04,29.75
2016-04-05,29.65
2016-04-07,29.65
2016-04-08,30.15
2016-04-11,30.65
2016-04-12,30.6
2016-04-18,30.35
2016-04-19,30.75
2016-04-20,30.9
2016-04-21,31.0
2016-04-22,31.35
2016-04-25,31.0
2016-04-26,30.9
2016-04-27,30.5
2016-04-28,30.65
2016-04-29,30.9
2016-05-03,30.75
2016-05-04,30.0
2016-05-09,29.9
2016-05-10,29.5
2016-05-11,29.25
2016-05-12,29.4
2016-05-13,29.9
2016-05-16,30.4
2016-05-17,30.9
2016-05-18,30.75
2016-05-19,30.25
2016-05-23,30.1
2016-05-24,30.0
2016-05-25,30.1
2016-05-26,30.4
2016-05-27,30.65
2016-05-30,30.65
2016-05-31,30.35
2016-06-01,30.2
2016-06-02,30.2
2016-06-03,30.2
2016-06-06,30.5
2016-06-07,30.35
2016-06-08,30.2
2016-06-09,30.35
2016-06-10,30.25
2016-06-13,30.0
2016-06-14,29.9
2016-06-15,29.8
2016-06-16,29.65
2016-06-17,29.5
2016-06-20,29.5
2016-06-21,29.8
2016-06-22,29.65
2016-06-23,30.15
2016-06-24,29.9
2016-06-27,30.0
2016-06-28,30.25
2016-06-29,31.35
2016-06-30,32.25
2016-07-04,32.75
2016-07-05,33.5
2016-07-06,33.0
2016-07-07,33.5
2016-07-08,33.5
2016-07-11,34.4
2016-07-12,34.5
2016-07-13,34.25
2016-07-14,34.25
2016-07-15,34.15
2016-07-20,33.8
2016-07-21,33.3
2016-07-22,33.3
2016-07-25,33.65
2016-07-26,33.8
2016-07-27,34.35
2016-07-28,34.65
2016-07-29,34.0
2016-08-01,33.9
2016-08-02,34.0
2016-08-03,34.6
2016-08-04,35.6
2016-08-05,36.0
2016-08-08,35.75
2016-08-09,35.3
2016-08-10,35.25
2016-08-11,34.75
2016-08-15,34.15
2016-08-16,33.0
2016-08-17,32.5
2016-08-18,32.65
2016-08-19,32.5
2016-08-22,32.1
2016-08-23,31.75
2016-08-24,32.0
2016-08-25,32.2
2016-08-26,32.75
2016-08-29,32.9
2016-08-30,33.0
2016-08-31,33.65
2016-09-01,33.65
2016-09-02,33.1
2016-09-05,32.9
2016-09-06,32.0
2016-09-07,32.15
2016-09-08,31.0
2016-09-09,30.65
2016-09-12,30.2
2016-09-13,30.65
2016-09-14,30.9
2016-09-15,30.75
2016-09-16,30.8
2016-09-19,31.15
2016-09-20,31.1
2016-09-21,31.1
2016-09-22,31.35
2016-09-23,31.75
2016-09-26,31.8
2016-09-27,31.65
2016-09-28,31.3
2016-09-29,31.0
2016-09-30,30.75
2016-10-03,30.8
2016-10-04,31.5
2016-10-05,32.0
2016-10-06,32.5
2016-10-07,32.15
2016-10-10,30.65
2016-10-11,30.6
2016-10-12,29.5
2016-10-13,29.4
2016-10-14,30.6
2016-10-17,30.9
2016-10-18,31.0
2016-10-19,31.0
2016-10-20,31.0
2016-10-21,31.0
2016-10-25,30.65
2016-10-26,30.9
2016-10-27,30.9
2016-10-28,30.8
2016-10-31,30.5
2016-11-01,30.85
2016-11-02,32.25
2016-11-03,32.85
2016-11-04,31.85
2016-11-07,32.35
2016-11-08,32.8
2016-11-09,32.4
2016-11-10,32.85
2016-11-11,32.2
2016-11-14,31.9
2016-11-15,32.1
2016-11-16,32.25
2016-11-17,32.2
2016-11-18,31.9
2016-11-21,32.1
2016-11-22,32.2
2016-11-23,32.25
2016-11-24,31.9
2016-11-25,32.0
2016-11-28,32.1
2016-11-29,32.2
2016-11-30,32.65
2016-12-01,33.2
2016-12-02,33.35
2016-12-06,33.65
2016-12-07,33.35
2016-12-08,33.35
2016-12-09,33.35
2016-12-13,33.35
2016-12-14,33.15
2016-12-15,32.65
2016-12-16,33.0
2016-12-19,33.1
2016-12-20,32.9
2016-12-21,32.9
2016-12-22,32.8
2016-12-23,32.8
2016-12-26,32.75
2016-12-27,32.8
2016-12-28,33.0
2016-12-29,33.1
2016-12-30,33.25
2017-01-04,33.75
2017-01-05,34.25
2017-01-06,33.9
2017-01-09,34.0
2017-01-10,34.0
2017-01-11,33.9
2017-01-12,33.9
2017-01-16,33.5
2017-01-17,33.65
2017-01-18,33.8
2017-01-19,34.0
2017-01-20,34.7
2017-01-23,35.2
2017-01-24,35.1
2017-01-25,35.5
2017-01-26,35.8
2017-01-27,35.35
2017-01-30,35.2
2017-01-31,35.2
2017-02-01,34.85
2017-02-02,34.5
2017-02-03,34.35
2017-02-06,34.85
2017-02-07,35.2
2017-02-08,34.85
2017-02-09,34.5
2017-02-10,34.9
2017-02-14,35.0
2017-02-15,35.0
2017-02-16,35.1
2017-02-17,35.1
2017-02-20,34.4
2017-02-21,33.65
2017-02-22,33.9
2017-02-23,34.15
2017-02-24,34.35
2017-02-27,34.2
2017-02-28,34.5
2017-03-01,33.5
2017-03-02,33.4
2017-03-03,33.0
2017-03-06,33.0
2017-03-07,32.8
2017-03-08,32.9
2017-03-09,32.65
2017-03-10,32.5
2017-03-13,32.25
2017-03-14,32.25
2017-03-15,32.35
2017-03-16,33.0
2017-03-17,33.0
2017-03-20,33.2
2017-03-21,33.65
2017-03-22,33.35
2017-03-23,33.4
2017-03-24,32.9
2017-03-27,32.9
2017-03-28,32.9
2017-03-29,33.0
2017-03-30,33.25
2017-03-31,33.25
2017-04-03,33.1
2017-04-04,33.35
2017-04-05,33.25
2017-04-07,33.0
2017-04-10,32.8
2017-04-11,33.0
2017-04-12,33.1
2017-04-17,33.0
2017-04-18,32.9
2017-04-19,32.8
2017-04-20,32.75
2017-04-21,32.9
2017-04-24,32.9
2017-04-25,32.8
2017-04-26,32.8
2017-04-27,32.5
2017-04-28,32.25
2017-05-02,32.0
2017-05-03,32.0
2017-05-04,32.0
2017-05-08,32.3
2017-05-09,33.0
2017-05-11,32.75
2017-05-12,32.5
2017-05-15,32.0
2017-05-16,32.1
2017-05-17,32.35
2017-05-18,32.5
2017-05-19,32.5
2017-05-22,32.65
2017-05-23,32.8
2017-05-24,33.1
2017-05-25,33.2
2017-05-26,33.5
2017-05-29,33.9
2017-05-30,33.75
2017-05-31,33.75
2017-06-01,34.1
2017-06-02,34.5
2017-06-05,34.25
2017-06-06,34.0
2017-06-07,33.9
2017-06-08,34.0
2017-06-09,33.75
2017-06-12,33.65
2017-06-13,33.65
2017-06-14,33.9
2017-06-15,34.0
2017-06-16,34.1
2017-06-19,33.9
2017-06-20,33.9
2017-06-21,34.0
2017-06-22,33.8
2017-06-23,33.65
2017-06-26,33.5
2017-06-27,33.35
2017-06-28,33.75
2017-06-29,33.65
2017-06-30,33.5
2017-07-03,33.5
2017-07-04,33.5
2017-07-05,33.8
2017-07-06,33.25
2017-07-07,32.9
2017-07-11,33.0
2017-07-12,33.2
2017-07-13,33.25
2017-07-14,33.2
2017-07-17,33.35
2017-07-18,33.2
2017-07-19,33.85
2017-07-20,34.1
2017-07-21,34.1
2017-07-24,34.6
2017-07-25,34.9
2017-07-26,34.9
2017-07-27,34.9
2017-07-31,34.9
2017-08-01,35.25
2017-08-02,35.65
2017-08-03,36.0
2017-08-04,36.25
2017-08-07,36.35
2017-08-08,36.35
2017-08-09,36.25
2017-08-10,36.1
2017-08-11,35.65
2017-08-15,36.0
2017-08-16,37.0
2017-08-17,38.15
2017-08-18,38.2
2017-08-21,38.65
2017-08-22,38.3
2017-08-23,37.9
2017-08-24,37.9
2017-08-25,38.0
2017-08-28,38.2
2017-08-29,38.2
2017-08-30,38.1
2017-08-31,38.0
2017-09-01,38.35
2017-09-04,38.2
2017-09-05,38.25
2017-09-06,38.5
2017-09-07,38.5
2017-09-08,38.5
2017-09-11,38.5
2017-09-12,37.75
2017-09-13,37.6
2017-09-14,37.6
2017-09-15,38.0
2017-09-18,38.0
2017-09-19,38.0
2017-09-20,38.1
2017-09-21,38.15
2017-09-22,37.8
2017-09-25,38.4
2017-09-26,39.0
2017-09-27,38.8
2017-09-28,39.15
2017-09-29,39.9
2017-10-02,41.1
2017-10-03,42.4
2017-10-04,42.4
2017-10-05,41.8
2017-10-06,42.15
2017-10-09,42.5
2017-10-10,42.15
2017-10-11,41.75
2017-10-12,41.75
2017-10-16,43.2
2017-10-17,43.1
2017-10-18,42.9
2017-10-19,42.15
2017-10-20,41.5
2017-10-24,42.0
2017-10-25,42.65
2017-10-27,42.5
2017-10-30,42.25
2017-10-31,41.9
2017-11-01,41.15
2017-11-02,39.85
2017-11-03,40.0
2017-11-06,40.1
2017-11-07,40.1
2017-11-08,39.65
2017-11-09,39.65
2017-11-10,39.1
2017-11-13,38.8
2017-11-14,38.0
2017-11-15,37.5
2017-11-16,37.2
2017-11-17,37.35
2017-11-20,37.65
2017-11-21,37.5
2017-11-22,37.85
2017-11-23,38.5
2017-11-24,38.15
2017-11-27,37.65
2017-11-28,38.0
2017-11-29,38.25
2017-11-30,37.75
2017-12-01,37.65
2017-12-04,37.5
2017-12-06,37.65
2017-12-07,37.65
2017-12-08,37.5
2017-12-12,37.65
2017-12-13,38.0
2017-12-14,38.75
2017-12-15,39.5
2017-12-18,39.9
2017-12-19,40.35
2017-12-20,40.5
2017-12-21,40.15
2017-12-22,39.85
2017-12-25,40.25
2017-12-26,40.9
2017-12-27,41.0
2017-12-28,40.4
2017-12-29,40.4
