Date,BDMS
2007-01-03,3.4
2007-01-04,3.4
2007-01-05,3.2
2007-01-08,3.2
2007-01-09,3.1
2007-01-10,3.1
2007-01-11,3.2
2007-01-12,3.2
2007-01-15,3.3
2007-01-16,3.3
2007-01-17,3.25
2007-01-18,3.4
2007-01-19,3.4
2007-01-22,3.4
2007-01-23,3.45
2007-01-24,3.45
2007-01-25,3.4
2007-01-26,3.4
2007-01-29,3.5
2007-01-30,3.5
2007-01-31,3.5
2007-02-01,3.5
2007-02-02,3.55
2007-02-05,3.6
2007-02-06,3.6
2007-02-07,3.6
2007-02-08,3.55
2007-02-09,3.6
2007-02-12,3.75
2007-02-13,3.75
2007-02-14,3.7
2007-02-15,3.6500000000000004
2007-02-16,3.6500000000000004
2007-02-19,3.6500000000000004
2007-02-20,3.6
2007-02-21,3.6500000000000004
2007-02-22,3.7
2007-02-23,3.6500000000000004
2007-02-26,3.6500000000000004
2007-02-27,3.6
2007-02-28,3.55
2007-03-01,3.6
2007-03-02,3.6
2007-03-06,3.6500000000000004
2007-03-07,3.6500000000000004
2007-03-08,3.6500000000000004
2007-03-09,3.6
2007-03-12,3.6
2007-03-13,3.55
2007-03-14,3.5
2007-03-15,3.55
2007-03-16,3.6
2007-03-19,3.55
2007-03-20,3.6
2007-03-21,3.55
2007-03-22,3.55
2007-03-23,3.55
2007-03-26,3.5
2007-03-27,3.5
2007-03-28,3.6
2007-03-29,3.6
2007-03-30,3.55
2007-04-02,3.55
2007-04-03,3.5
2007-04-04,3.55
2007-04-05,3.6
2007-04-09,3.6
2007-04-10,3.6
2007-04-11,3.6500000000000004
2007-04-12,3.75
2007-04-17,3.75
2007-04-18,3.6500000000000004
2007-04-19,3.6
2007-04-20,3.6
2007-04-23,3.6500000000000004
2007-04-24,3.6500000000000004
2007-04-25,3.75
2007-04-26,3.75
2007-04-27,3.7
2007-04-30,3.75
2007-05-02,3.9
2007-05-03,3.95
2007-05-04,3.9
2007-05-08,3.95
2007-05-09,3.95
2007-05-10,4.05
2007-05-11,4.05
2007-05-14,4.1
2007-05-15,4.1
2007-05-16,4.0
2007-05-17,4.0
2007-05-18,4.0
2007-05-21,4.0
2007-05-22,4.0
2007-05-23,4.0
2007-05-24,4.0
2007-05-25,4.0
2007-05-28,4.0
2007-05-29,4.0
2007-05-30,4.05
2007-06-01,4.1
2007-06-04,4.2
2007-06-05,4.2
2007-06-06,4.2
2007-06-07,4.2
2007-06-08,4.25
2007-06-11,4.3
2007-06-12,4.3
2007-06-13,4.25
2007-06-14,4.25
2007-06-15,4.3
2007-06-18,4.35
2007-06-19,4.4
2007-06-20,4.4
2007-06-21,4.4
2007-06-22,4.4
2007-06-25,4.35
2007-06-26,4.4
2007-06-27,4.45
2007-06-28,4.5
2007-06-29,4.45
2007-07-02,4.45
2007-07-03,4.6
2007-07-04,4.55
2007-07-05,4.55
2007-07-06,4.55
2007-07-09,4.6
2007-07-10,4.6
2007-07-11,4.6
2007-07-12,4.6
2007-07-13,4.6
2007-07-16,4.6
2007-07-17,4.6
2007-07-18,4.6
2007-07-19,4.6
2007-07-20,4.6
2007-07-23,4.6
2007-07-24,4.55
2007-07-25,4.55
2007-07-26,4.6
2007-07-27,4.55
2007-07-31,4.55
2007-08-01,4.35
2007-08-02,4.3
2007-08-03,4.35
2007-08-06,4.35
2007-08-07,4.25
2007-08-08,4.15
2007-08-09,4.1
2007-08-10,4.05
2007-08-14,3.95
2007-08-15,3.8
2007-08-16,3.55
2007-08-17,3.6500000000000004
2007-08-20,3.8
2007-08-21,3.7
2007-08-22,3.6500000000000004
2007-08-23,3.75
2007-08-24,3.8
2007-08-27,3.8
2007-08-28,3.8499999999999996
2007-08-29,3.8
2007-08-30,3.8
2007-08-31,3.8
2007-09-03,3.8499999999999996
2007-09-04,3.9
2007-09-05,3.95
2007-09-06,4.0
2007-09-07,3.95
2007-09-10,3.9
2007-09-11,3.9
2007-09-12,3.9
2007-09-13,3.9
2007-09-14,3.9
2007-09-17,4.0
2007-09-18,4.0
2007-09-19,4.0
2007-09-20,3.95
2007-09-21,3.9
2007-09-24,3.9
2007-09-25,3.9
2007-09-26,3.95
2007-09-27,4.0
2007-09-28,4.0
2007-10-01,4.0
2007-10-02,4.0
2007-10-03,3.95
2007-10-04,3.95
2007-10-05,3.95
2007-10-08,3.9
2007-10-09,3.95
2007-10-10,4.0
2007-10-11,4.0
2007-10-12,4.0
2007-10-15,4.0
2007-10-16,3.95
2007-10-17,3.8499999999999996
2007-10-18,3.8499999999999996
2007-10-19,3.8
2007-10-22,3.7
2007-10-24,3.75
2007-10-25,3.8
2007-10-26,3.95
2007-10-29,3.9
2007-10-30,3.95
2007-10-31,4.0
2007-11-01,3.95
2007-11-02,3.9
2007-11-05,3.9
2007-11-06,3.9
2007-11-07,3.9
2007-11-08,3.75
2007-11-09,3.75
2007-11-12,3.7
2007-11-13,3.6500000000000004
2007-11-14,3.7
2007-11-15,3.6500000000000004
2007-11-16,3.6
2007-11-19,3.55
2007-11-20,3.45
2007-11-21,3.3
2007-11-22,3.2
2007-11-23,3.25
2007-11-26,3.3
2007-11-27,3.25
2007-11-28,3.25
2007-11-29,3.3
2007-11-30,3.3499999999999996
2007-12-03,3.3499999999999996
2007-12-04,3.3
2007-12-06,3.3
2007-12-07,3.3
2007-12-11,3.3
2007-12-12,3.3
2007-12-13,3.3
2007-12-14,3.25
2007-12-17,3.3
2007-12-18,3.25
2007-12-19,3.2
2007-12-20,3.1500000000000004
2007-12-21,3.1500000000000004
2007-12-24,3.2
2007-12-25,3.25
2007-12-26,3.3
2007-12-27,3.3499999999999996
2007-12-28,3.4
2008-01-02,3.25
2008-01-03,3.25
2008-01-04,3.3
2008-01-07,3.3
2008-01-08,3.3
2008-01-09,3.3
2008-01-10,3.3
2008-01-11,3.3
2008-01-14,3.3
2008-01-15,3.25
2008-01-16,3.1500000000000004
2008-01-17,3.1500000000000004
2008-01-18,3.2
2008-01-21,3.1
2008-01-22,3.0
2008-01-23,2.95
2008-01-24,2.9
2008-01-25,2.95
2008-01-28,2.95
2008-01-29,2.9
2008-01-30,2.8
2008-01-31,2.8
2008-02-01,2.95
2008-02-04,2.95
2008-02-05,2.8499999999999996
2008-02-06,2.8499999999999996
2008-02-07,2.8499999999999996
2008-02-08,2.95
2008-02-11,3.0
2008-02-12,3.0
2008-02-13,3.1
2008-02-14,3.2
2008-02-15,3.2
2008-02-18,3.2
2008-02-19,3.2
2008-02-20,3.25
2008-02-22,3.25
2008-02-25,3.25
2008-02-26,3.3
2008-02-27,3.3499999999999996
2008-02-28,3.4
2008-02-29,3.4
2008-03-03,3.3499999999999996
2008-03-04,3.3499999999999996
2008-03-05,3.3499999999999996
2008-03-06,3.25
2008-03-07,3.3
2008-03-10,3.25
2008-03-11,3.2
2008-03-12,3.1500000000000004
2008-03-13,3.1500000000000004
2008-03-14,3.2
2008-03-17,3.2
2008-03-18,3.1
2008-03-19,3.2
2008-03-20,3.2
2008-03-21,3.2
2008-03-24,3.2
2008-03-25,3.2
2008-03-26,3.2
2008-03-27,3.2
2008-03-28,3.2
2008-03-31,3.2
2008-04-01,3.2
2008-04-02,3.2
2008-04-03,3.2
2008-04-04,3.2
2008-04-08,3.3
2008-04-09,3.25
2008-04-10,3.3
2008-04-11,3.3499999999999996
2008-04-16,3.3499999999999996
2008-04-17,3.3
2008-04-18,3.3
2008-04-21,3.4
2008-04-22,3.4
2008-04-23,3.4
2008-04-24,3.4
2008-04-25,3.45
2008-04-28,3.5
2008-04-29,3.5
2008-04-30,3.55
2008-05-02,3.6500000000000004
2008-05-06,3.75
2008-05-07,3.8
2008-05-08,3.8
2008-05-09,3.8
2008-05-12,3.8
2008-05-13,3.9
2008-05-14,3.9
2008-05-15,3.9
2008-05-16,3.95
2008-05-20,4.0
2008-05-21,3.9
2008-05-22,3.8
2008-05-23,3.8499999999999996
2008-05-26,3.8499999999999996
2008-05-27,3.95
2008-05-28,4.0
2008-05-29,4.0
2008-05-30,3.95
2008-06-02,3.8499999999999996
2008-06-03,3.8
2008-06-04,3.8499999999999996
2008-06-05,3.9
2008-06-06,3.8
2008-06-09,3.8
2008-06-10,3.8499999999999996
2008-06-11,3.9
2008-06-12,3.8499999999999996
2008-06-13,3.8
2008-06-16,3.8499999999999996
2008-06-17,3.8499999999999996
2008-06-18,3.8
2008-06-19,3.75
2008-06-20,3.8
2008-06-23,3.75
2008-06-24,3.7
2008-06-25,3.6500000000000004
2008-06-26,3.6500000000000004
2008-06-27,3.6500000000000004
2008-06-30,3.8
2008-07-02,3.8
2008-07-03,3.75
2008-07-04,3.8
2008-07-07,3.8
2008-07-08,3.8
2008-07-09,3.8
2008-07-10,3.8
2008-07-11,3.9
2008-07-14,3.95
2008-07-15,3.75
2008-07-16,3.75
2008-07-18,3.8
2008-07-21,3.8
2008-07-22,3.8
2008-07-23,3.8
2008-07-24,3.7
2008-07-25,3.55
2008-07-28,3.55
2008-07-29,3.6
2008-07-30,3.6500000000000004
2008-07-31,3.8
2008-08-01,3.8
2008-08-04,3.8
2008-08-05,3.8
2008-08-06,3.8
2008-08-07,3.8
2008-08-08,3.75
2008-08-11,3.6500000000000004
2008-08-13,3.6
2008-08-14,3.6500000000000004
2008-08-15,3.75
2008-08-18,3.7
2008-08-19,3.6500000000000004
2008-08-20,3.7
2008-08-21,3.7
2008-08-22,3.6
2008-08-25,3.6
2008-08-26,3.6500000000000004
2008-08-27,3.7
2008-08-28,3.7
2008-08-29,3.6
2008-09-01,3.6
2008-09-02,3.6
2008-09-03,3.6
2008-09-04,3.6
2008-09-05,3.55
2008-09-08,3.6
2008-09-09,3.6
2008-09-10,3.5
2008-09-11,3.45
2008-09-12,3.4
2008-09-15,3.4
2008-09-16,3.3499999999999996
2008-09-17,3.3499999999999996
2008-09-18,3.25
2008-09-19,3.3
2008-09-22,3.3
2008-09-23,3.2
2008-09-24,3.2
2008-09-25,3.2
2008-09-26,3.2
2008-09-29,3.1
2008-09-30,2.95
2008-10-01,3.1500000000000004
2008-10-02,3.1
2008-10-03,3.0
2008-10-06,2.8499999999999996
2008-10-07,2.55
2008-10-08,2.45
2008-10-09,2.45
2008-10-10,2.25
2008-10-13,2.2
2008-10-14,2.25
2008-10-15,2.25
2008-10-16,2.2
2008-10-17,2.2
2008-10-20,2.1500000000000004
2008-10-21,2.1
2008-10-22,2.05
2008-10-24,1.9
2008-10-27,1.85
2008-10-28,1.8
2008-10-29,1.85
2008-10-30,1.95
2008-10-31,1.95
2008-11-03,2.0
2008-11-04,2.0
2008-11-05,2.0
2008-11-06,2.0
2008-11-07,1.95
2008-11-10,1.85
2008-11-11,1.8
2008-11-12,1.75
2008-11-13,1.65
2008-11-14,1.6
2008-11-17,1.65
2008-11-18,1.7
2008-11-19,1.6
2008-11-20,1.6
2008-11-21,1.6
2008-11-24,1.6
2008-11-25,1.65
2008-11-26,1.55
2008-11-27,1.5
2008-11-28,1.55
2008-12-01,1.55
2008-12-02,1.45
2008-12-03,1.45
2008-12-04,1.4
2008-12-08,1.4
2008-12-09,1.5
2008-12-11,1.5
2008-12-12,1.5
2008-12-15,1.5
2008-12-16,1.6
2008-12-17,1.6
2008-12-18,1.65
2008-12-19,1.7
2008-12-22,1.7
2008-12-23,1.7
2008-12-24,1.7
2008-12-25,1.7
2008-12-26,1.75
2008-12-29,1.8
2008-12-30,1.8
2009-01-02,1.8
2009-01-05,1.8
2009-01-06,1.8
2009-01-07,1.8
2009-01-08,1.8
2009-01-09,1.8
2009-01-12,1.8
2009-01-13,1.8
2009-01-14,1.75
2009-01-15,1.7
2009-01-16,1.7
2009-01-19,1.7
2009-01-20,1.7
2009-01-21,1.7
2009-01-22,1.7
2009-01-23,1.7
2009-01-26,1.7
2009-01-27,1.75
2009-01-28,1.8
2009-01-29,1.75
2009-01-30,1.7
2009-02-02,1.7
2009-02-03,1.7
2009-02-04,1.7
2009-02-05,1.7
2009-02-06,1.7
2009-02-10,1.75
2009-02-11,1.75
2009-02-12,1.7
2009-02-13,1.7
2009-02-16,1.7
2009-02-17,1.7
2009-02-18,1.7
2009-02-19,1.7
2009-02-20,1.7
2009-02-23,1.7
2009-02-24,1.7
2009-02-25,1.7
2009-02-26,1.7
2009-02-27,1.7
2009-03-02,1.7
2009-03-03,1.7
2009-03-04,1.65
2009-03-05,1.7
2009-03-06,1.7
2009-03-09,1.7
2009-03-10,1.7
2009-03-11,1.65
2009-03-12,1.6
2009-03-13,1.65
2009-03-16,1.7
2009-03-17,1.65
2009-03-18,1.7
2009-03-19,1.7
2009-03-20,1.7
2009-03-23,1.7
2009-03-24,1.7
2009-03-25,1.7
2009-03-26,1.7
2009-03-27,1.7
2009-03-30,1.7
2009-03-31,1.7
2009-04-01,1.7
2009-04-02,1.7
2009-04-03,1.7
2009-04-07,1.7
2009-04-08,1.7
2009-04-09,1.7
2009-04-10,1.7
2009-04-16,1.7
2009-04-17,1.75
2009-04-20,1.8
2009-04-21,1.8
2009-04-22,1.8
2009-04-23,1.85
2009-04-24,1.95
2009-04-27,2.05
2009-04-28,2.0
2009-04-29,2.0
2009-04-30,2.0
2009-05-04,2.0
2009-05-06,2.05
2009-05-07,2.1
2009-05-11,2.1
2009-05-12,2.1
2009-05-13,2.0
2009-05-14,2.0
2009-05-15,2.0
2009-05-18,2.0
2009-05-19,2.05
2009-05-20,2.0
2009-05-21,2.0
2009-05-22,2.0
2009-05-25,2.0
2009-05-26,2.0
2009-05-27,2.0
2009-05-28,2.0
2009-05-29,2.0
2009-06-01,2.05
2009-06-02,2.0
2009-06-03,2.0
2009-06-04,2.0
2009-06-05,2.05
2009-06-08,2.1500000000000004
2009-06-09,2.2
2009-06-10,2.25
2009-06-11,2.3
2009-06-12,2.3
2009-06-15,2.3499999999999996
2009-06-16,2.2
2009-06-17,2.2
2009-06-18,2.2
2009-06-19,2.2
2009-06-22,2.2
2009-06-23,2.2
2009-06-24,2.2
2009-06-25,2.2
2009-06-26,2.2
2009-06-29,2.2
2009-06-30,2.3
2009-07-02,2.3
2009-07-03,2.25
2009-07-06,2.3
2009-07-08,2.25
2009-07-09,2.2
2009-07-10,2.2
2009-07-13,2.25
2009-07-14,2.3
2009-07-15,2.3499999999999996
2009-07-16,2.3499999999999996
2009-07-17,2.3
2009-07-20,2.4
2009-07-21,2.3499999999999996
2009-07-22,2.3
2009-07-23,2.4
2009-07-24,2.3
2009-07-27,2.4
2009-07-28,2.4
2009-07-29,2.3
2009-07-30,2.3
2009-07-31,2.3
2009-08-03,2.3
2009-08-04,2.3
2009-08-05,2.3
2009-08-06,2.3
2009-08-07,2.25
2009-08-10,2.3
2009-08-11,2.3
2009-08-13,2.25
2009-08-14,2.25
2009-08-17,2.2
2009-08-18,2.3
2009-08-19,2.2
2009-08-20,2.25
2009-08-21,2.3
2009-08-24,2.25
2009-08-25,2.25
2009-08-26,2.3499999999999996
2009-08-27,2.5
2009-08-28,2.5
2009-08-31,2.5
2009-09-01,2.5
2009-09-02,2.5
2009-09-03,2.45
2009-09-04,2.4
2009-09-07,2.4
2009-09-08,2.4
2009-09-09,2.4
2009-09-10,2.4
2009-09-11,2.4
2009-09-14,2.4
2009-09-15,2.4
2009-09-16,2.4
2009-09-17,2.4
2009-09-18,2.4
2009-09-21,2.4
2009-09-22,2.45
2009-09-23,2.5
2009-09-24,2.5
2009-09-25,2.45
2009-09-28,2.4
2009-09-29,2.45
2009-09-30,2.55
2009-10-01,2.6
2009-10-02,2.55
2009-10-05,2.6500000000000004
2009-10-06,2.6
2009-10-07,2.6500000000000004
2009-10-08,2.6
2009-10-09,2.6
2009-10-12,2.6
2009-10-13,2.6
2009-10-14,2.55
2009-10-15,2.45
2009-10-16,2.45
2009-10-19,2.5
2009-10-20,2.45
2009-10-21,2.4
2009-10-22,2.4
2009-10-26,2.4
2009-10-27,2.45
2009-10-28,2.5
2009-10-29,2.45
2009-10-30,2.45
2009-11-02,2.4
2009-11-03,2.4
2009-11-04,2.4
2009-11-05,2.4
2009-11-06,2.4
2009-11-09,2.45
2009-11-10,2.5
2009-11-11,2.5
2009-11-12,2.45
2009-11-13,2.45
2009-11-16,2.5
2009-11-17,2.5
2009-11-18,2.5
2009-11-19,2.5
2009-11-20,2.5
2009-11-23,2.5
2009-11-24,2.45
2009-11-25,2.5
2009-11-26,2.5
2009-11-27,2.4
2009-11-30,2.4
2009-12-01,2.4
2009-12-02,2.4
2009-12-03,2.4
2009-12-04,2.4
2009-12-08,2.4
2009-12-09,2.4
2009-12-11,2.4
2009-12-14,2.45
2009-12-15,2.5
2009-12-16,2.45
2009-12-17,2.5
2009-12-18,2.5
2009-12-21,2.5
2009-12-22,2.5
2009-12-23,2.5
2009-12-24,2.5
2009-12-25,2.6
2009-12-28,2.6
2009-12-29,2.55
2009-12-30,2.5
2010-01-04,2.5
2010-01-05,2.5
2010-01-06,2.5
2010-01-07,2.5
2010-01-08,2.5
2010-01-11,2.5
2010-01-12,2.5
2010-01-13,2.5
2010-01-14,2.5
2010-01-15,2.55
2010-01-18,2.6
2010-01-19,2.55
2010-01-20,2.5
2010-01-21,2.5
2010-01-22,2.5
2010-01-25,2.5
2010-01-26,2.45
2010-01-27,2.4
2010-01-28,2.4
2010-01-29,2.4
2010-02-01,2.4
2010-02-02,2.4
2010-02-03,2.4
2010-02-04,2.4
2010-02-05,2.4
2010-02-08,2.4
2010-02-09,2.4
2010-02-10,2.4
2010-02-11,2.4
2010-02-12,2.4
2010-02-15,2.4
2010-02-16,2.4
2010-02-17,2.4
2010-02-18,2.4
2010-02-19,2.4
2010-02-22,2.4
2010-02-23,2.4
2010-02-24,2.4
2010-02-25,2.4
2010-02-26,2.5
2010-03-02,2.5
2010-03-03,2.5
2010-03-04,2.55
2010-03-05,2.55
2010-03-08,2.5
2010-03-09,2.5
2010-03-10,2.45
2010-03-11,2.4
2010-03-12,2.4
2010-03-15,2.45
2010-03-16,2.45
2010-03-17,2.5
2010-03-18,2.5
2010-03-19,2.5
2010-03-22,2.5
2010-03-23,2.5
2010-03-24,2.5
2010-03-25,2.5
2010-03-26,2.55
2010-03-29,2.5
2010-03-30,2.55
2010-03-31,2.6
2010-04-01,2.6
2010-04-02,2.6
2010-04-05,2.6
2010-04-07,2.6
2010-04-08,2.6
2010-04-09,2.6
2010-04-12,2.55
2010-04-16,2.5
2010-04-19,2.5
2010-04-20,2.5
2010-04-21,2.5
2010-04-22,2.5
2010-04-23,2.5
2010-04-26,2.5
2010-04-27,2.5
2010-04-28,2.5
2010-04-29,2.5
2010-04-30,2.5
2010-05-04,2.55
2010-05-06,2.6
2010-05-07,2.55
2010-05-10,2.6
2010-05-11,2.55
2010-05-12,2.5
2010-05-13,2.5
2010-05-14,2.6
2010-05-17,2.55
2010-05-18,2.6
2010-05-19,2.6
2010-05-20,2.6
2010-05-21,2.6
2010-05-24,2.6
2010-05-25,2.55
2010-05-26,2.6
2010-05-27,2.6
2010-05-31,2.6
2010-06-01,2.6
2010-06-02,2.6
2010-06-03,2.6
2010-06-04,2.6
2010-06-07,2.6
2010-06-08,2.6
2010-06-09,2.6
2010-06-10,2.55
2010-06-11,2.6
2010-06-14,2.6
2010-06-15,2.6
2010-06-16,2.6
2010-06-17,2.6
2010-06-18,2.75
2010-06-21,2.8499999999999996
2010-06-22,2.9
2010-06-23,3.0
2010-06-24,3.1
2010-06-25,3.1
2010-06-28,3.0
2010-06-29,3.0
2010-06-30,2.95
2010-07-02,3.0
2010-07-05,2.95
2010-07-06,2.95
2010-07-07,3.0
2010-07-08,3.0
2010-07-09,3.05
2010-07-12,3.1500000000000004
2010-07-13,3.1500000000000004
2010-07-14,3.2
2010-07-15,3.1
2010-07-16,3.05
2010-07-19,3.0
2010-07-20,2.95
2010-07-21,2.8499999999999996
2010-07-22,2.8499999999999996
2010-07-23,2.8499999999999996
2010-07-27,2.9
2010-07-28,2.8499999999999996
2010-07-29,2.9
2010-07-30,2.9
2010-08-02,2.9
2010-08-03,2.9
2010-08-04,3.0
2010-08-05,3.1500000000000004
2010-08-06,3.2
2010-08-09,3.25
2010-08-10,3.3
2010-08-11,3.25
2010-08-16,3.2
2010-08-17,3.2
2010-08-18,3.2
2010-08-19,3.1500000000000004
2010-08-20,3.1
2010-08-23,3.1
2010-08-24,3.1
2010-08-25,3.2
2010-08-26,3.3
2010-08-27,3.3
2010-08-30,3.3
2010-08-31,3.3
2010-09-01,3.3499999999999996
2010-09-02,3.45
2010-09-03,3.55
2010-09-06,3.45
2010-09-07,3.3499999999999996
2010-09-08,3.3
2010-09-09,3.25
2010-09-10,3.3
2010-09-13,3.65
2010-09-14,3.75
2010-09-15,3.8
2010-09-16,3.8
2010-09-17,3.8
2010-09-20,3.8
2010-09-21,3.8499999999999996
2010-09-22,3.95
2010-09-23,3.8499999999999996
2010-09-24,3.8499999999999996
2010-09-27,3.9
2010-09-28,3.8499999999999996
2010-09-29,3.8499999999999996
2010-09-30,3.95
2010-10-01,3.95
2010-10-04,3.8
2010-10-05,3.75
2010-10-06,3.8
2010-10-07,3.7
2010-10-08,3.7
2010-10-11,3.7
2010-10-12,3.6500000000000004
2010-10-13,3.7
2010-10-14,3.75
2010-10-15,3.75
2010-10-18,3.6500000000000004
2010-10-19,3.6500000000000004
2010-10-20,3.7
2010-10-21,3.7
2010-10-22,3.6500000000000004
2010-10-26,3.75
2010-10-27,3.8
2010-10-28,3.8499999999999996
2010-10-29,3.95
2010-11-01,4.05
2010-11-02,4.0
2010-11-03,4.0
2010-11-04,3.95
2010-11-05,3.8499999999999996
2010-11-08,3.8499999999999996
2010-11-09,3.9
2010-11-10,3.9
2010-11-11,3.9
2010-11-12,4.0
2010-11-15,4.0
2010-11-16,3.9
2010-11-17,3.8
2010-11-18,3.8
2010-11-19,3.8
2010-11-22,3.8
2010-11-23,3.8
2010-11-24,3.8
2010-11-25,3.8
2010-11-26,3.75
2010-11-29,3.75
2010-11-30,3.8
2010-12-01,3.8
2010-12-02,3.8
2010-12-03,3.8
2010-12-07,3.9
2010-12-08,3.8499999999999996
2010-12-09,3.8
2010-12-13,3.8
2010-12-14,3.9
2010-12-15,4.5
2010-12-16,4.65
2010-12-17,4.699999999999999
2010-12-20,4.6
2010-12-21,4.699999999999999
2010-12-22,4.8
2010-12-23,4.699999999999999
2010-12-24,4.65
2010-12-27,4.65
2010-12-28,4.6
2010-12-29,4.65
2010-12-30,4.65
2011-01-04,4.65
2011-01-05,4.6
2011-01-06,4.699999999999999
2011-01-07,4.9
2011-01-10,5.15
2011-01-11,5.2
2011-01-12,5.2
2011-01-13,5.2
2011-01-14,5.2
2011-01-17,5.15
2011-01-18,5.05
2011-01-19,5.05
2011-01-20,5.1
2011-01-21,5.05
2011-01-24,4.9
2011-01-25,4.85
2011-01-26,4.9
2011-01-27,4.95
2011-01-28,4.9
2011-01-31,4.8
2011-02-01,4.75
2011-02-02,4.8
2011-02-03,4.8
2011-02-04,4.85
2011-02-07,4.95
2011-02-08,4.95
2011-02-09,4.95
2011-02-10,5.0
2011-02-11,5.0
2011-02-14,5.25
2011-02-15,5.3
2011-02-16,5.3
2011-02-17,5.45
2011-02-18,5.425000000000001
2011-02-21,5.4
2011-02-22,5.35
2011-02-23,5.25
2011-02-24,5.1
2011-02-25,5.1
2011-02-28,4.95
2011-03-01,4.9
2011-03-02,4.9
2011-03-03,5.0
2011-03-04,5.0
2011-03-07,5.05
2011-03-08,5.15
2011-03-09,5.2
2011-03-10,5.2
2011-03-11,5.15
2011-03-14,5.1
2011-03-15,5.0
2011-03-16,5.0
2011-03-17,5.0
2011-03-21,5.1
2011-03-22,5.15
2011-03-23,5.15
2011-03-24,5.15
2011-03-25,5.1
2011-03-28,5.1
2011-03-29,5.15
2011-03-30,5.2
2011-03-31,5.2
2011-04-01,5.2
2011-04-04,5.2
2011-04-05,5.15
2011-04-07,5.05
2011-04-08,5.0
2011-04-11,5.0
2011-04-12,5.05
2011-04-18,5.05
2011-04-19,5.05
2011-04-20,5.05
2011-04-21,5.0
2011-04-22,5.1
2011-04-25,5.15
2011-04-26,5.1
2011-04-27,5.15
2011-04-28,5.2
2011-04-29,5.2
2011-05-03,5.2
2011-05-04,5.2
2011-05-06,5.2
2011-05-09,5.2
2011-05-10,5.2
2011-05-11,5.2
2011-05-12,5.300000000000001
2011-05-13,5.4
2011-05-18,5.3
2011-05-19,5.35
2011-05-20,5.3
2011-05-23,5.3
2011-05-24,5.3
2011-05-25,5.3
2011-05-26,5.35
2011-05-27,5.3
2011-05-30,5.25
2011-05-31,5.25
2011-06-01,5.3
2011-06-02,5.3
2011-06-03,5.3
2011-06-06,5.25
2011-06-07,5.25
2011-06-08,5.2
2011-06-09,5.1
2011-06-10,5.05
2011-06-13,5.05
2011-06-14,5.1
2011-06-15,5.1
2011-06-16,5.0
2011-06-17,5.05
2011-06-20,5.1
2011-06-21,5.1
2011-06-22,5.1
2011-06-23,5.1
2011-06-24,5.15
2011-06-27,5.15
2011-06-28,5.15
2011-06-29,5.2
2011-06-30,5.25
2011-07-04,5.35
2011-07-05,5.4
2011-07-06,5.3
2011-07-07,5.35
2011-07-08,5.4
2011-07-11,5.45
2011-07-12,5.35
2011-07-13,5.4
2011-07-14,5.4
2011-07-18,5.4
2011-07-19,5.4
2011-07-20,5.4
2011-07-21,5.5
2011-07-22,5.75
2011-07-25,5.85
2011-07-26,5.85
2011-07-27,5.8
2011-07-28,5.8
2011-07-29,5.8
2011-08-01,5.9
2011-08-02,6.1
2011-08-03,6.1
2011-08-04,6.1
2011-08-05,6.0
2011-08-08,5.95
2011-08-09,5.85
2011-08-10,6.05
2011-08-11,6.05
2011-08-15,6.199999999999999
2011-08-16,6.4
2011-08-17,6.45
2011-08-18,6.4
2011-08-19,6.35
2011-08-22,6.45
2011-08-23,6.5
2011-08-24,6.45
2011-08-25,6.45
2011-08-26,6.35
2011-08-29,6.2
2011-08-30,6.199999999999999
2011-08-31,6.25
2011-09-01,6.35
2011-09-02,6.45
2011-09-05,6.4
2011-09-06,6.45
2011-09-07,6.55
2011-09-08,6.6
2011-09-09,6.6
2011-09-12,6.55
2011-09-13,6.55
2011-09-14,6.55
2011-09-15,6.6
2011-09-16,6.65
2011-09-19,6.6
2011-09-20,6.75
2011-09-21,6.8
2011-09-22,6.8
2011-09-23,6.6
2011-09-26,6.2
2011-09-27,6.25
2011-09-28,6.35
2011-09-29,6.35
2011-09-30,6.4
2011-10-03,6.199999999999999
2011-10-04,6.1
2011-10-05,6.1
2011-10-06,6.300000000000001
2011-10-07,6.45
2011-10-10,6.35
2011-10-11,6.5
2011-10-12,6.55
2011-10-13,6.5
2011-10-14,6.5
2011-10-17,6.55
2011-10-18,6.5
2011-10-19,6.55
2011-10-20,6.45
2011-10-21,6.45
2011-10-25,6.5
2011-10-26,6.45
2011-10-27,6.65
2011-10-28,6.800000000000001
2011-10-31,6.75
2011-11-01,6.75
2011-11-02,6.7
2011-11-03,6.65
2011-11-04,6.8
2011-11-07,6.800000000000001
2011-11-08,6.75
2011-11-09,6.8
2011-11-10,6.7
2011-11-11,6.65
2011-11-14,6.8
2011-11-15,6.85
2011-11-16,6.8
2011-11-17,6.9
2011-11-18,7.0
2011-11-21,6.9
2011-11-22,7.0
2011-11-23,7.25
2011-11-24,7.4
2011-11-25,7.4
2011-11-28,7.4
2011-11-29,7.45
2011-11-30,7.55
2011-12-01,7.75
2011-12-02,7.85
2011-12-06,7.85
2011-12-07,7.9
2011-12-08,8.0
2011-12-09,7.95
2011-12-13,7.95
2011-12-14,7.85
2011-12-15,7.9
2011-12-16,7.95
2011-12-19,8.05
2011-12-20,8.149999999999999
2011-12-21,8.1
2011-12-22,8.1
2011-12-23,8.2
2011-12-26,8.2
2011-12-27,8.149999999999999
2011-12-28,8.1
2011-12-29,8.05
2011-12-30,8.149999999999999
2012-01-04,8.2
2012-01-05,8.2
2012-01-06,8.2
2012-01-09,8.2
2012-01-10,8.2
2012-01-11,8.2
2012-01-12,8.2
2012-01-13,8.149999999999999
2012-01-16,8.0
2012-01-17,7.9
2012-01-18,7.699999999999999
2012-01-19,7.55
2012-01-20,7.5
2012-01-23,7.55
2012-01-24,7.6
2012-01-25,7.65
2012-01-26,7.699999999999999
2012-01-27,7.8
2012-01-30,7.8
2012-01-31,7.75
2012-02-01,7.6
2012-02-02,7.55
2012-02-03,7.5
2012-02-06,7.55
2012-02-07,7.4
2012-02-08,7.35
2012-02-09,7.199999999999999
2012-02-10,7.15
2012-02-13,7.15
2012-02-14,7.15
2012-02-15,7.25
2012-02-16,7.2
2012-02-17,7.2
2012-02-20,7.2
2012-02-21,7.25
2012-02-22,7.4
2012-02-23,7.4
2012-02-24,7.4
2012-02-27,7.4
2012-02-28,7.55
2012-02-29,7.55
2012-03-01,7.6
2012-03-02,7.6
2012-03-05,7.6
2012-03-06,7.5
2012-03-08,7.75
2012-03-09,8.1
2012-03-12,8.25
2012-03-13,8.2
2012-03-14,8.3
2012-03-15,8.4
2012-03-16,8.75
2012-03-19,8.850000000000001
2012-03-20,8.8
2012-03-21,8.9
2012-03-22,9.0
2012-03-23,9.2
2012-03-26,8.9
2012-03-27,8.8
2012-03-28,8.7
2012-03-29,8.8
2012-03-30,8.75
2012-04-02,8.6
2012-04-03,8.899999999999999
2012-04-04,9.1
2012-04-05,9.0
2012-04-10,8.85
2012-04-11,8.7
2012-04-12,8.649999999999999
2012-04-17,8.55
2012-04-18,8.649999999999999
2012-04-19,8.6
2012-04-20,8.6
2012-04-23,8.649999999999999
2012-04-24,8.75
2012-04-25,8.850000000000001
2012-04-26,8.8
2012-04-27,9.05
2012-04-30,9.2
2012-05-02,9.2
2012-05-03,9.2
2012-05-04,9.149999999999999
2012-05-08,9.1
2012-05-09,9.1
2012-05-10,9.0
2012-05-11,9.0
2012-05-14,9.0
2012-05-15,9.0
2012-05-16,8.9
2012-05-17,9.0
2012-05-18,8.850000000000001
2012-05-21,8.850000000000001
2012-05-22,8.9
2012-05-23,8.8
2012-05-24,8.8
2012-05-25,8.8
2012-05-28,9.0
2012-05-29,9.1
2012-05-30,9.05
2012-05-31,9.0
2012-06-01,8.9
2012-06-05,8.9
2012-06-06,8.95
2012-06-07,9.05
2012-06-08,9.0
2012-06-11,9.2
2012-06-12,9.2
2012-06-13,9.1
2012-06-14,9.1
2012-06-15,9.0
2012-06-18,9.0
2012-06-19,9.1
2012-06-20,9.25
2012-06-21,9.25
2012-06-22,9.350000000000001
2012-06-25,9.55
2012-06-26,9.6
2012-06-27,9.85
2012-06-28,10.05
2012-06-29,9.9
2012-07-02,9.95
2012-07-03,10.0
2012-07-04,10.05
2012-07-05,10.35
2012-07-06,10.75
2012-07-09,10.5
2012-07-10,10.149999999999999
2012-07-11,10.3
2012-07-12,10.2
2012-07-13,10.2
2012-07-16,10.25
2012-07-17,10.4
2012-07-18,10.35
2012-07-19,10.1
2012-07-20,10.1
2012-07-23,10.0
2012-07-24,10.149999999999999
2012-07-25,9.95
2012-07-26,9.9
2012-07-27,9.9
2012-07-30,9.9
2012-07-31,9.95
2012-08-01,9.9
2012-08-03,10.0
2012-08-06,9.95
2012-08-07,9.9
2012-08-08,9.8
2012-08-09,9.7
2012-08-10,9.7
2012-08-14,9.75
2012-08-15,9.8
2012-08-16,10.0
2012-08-17,10.0
2012-08-20,10.1
2012-08-21,10.2
2012-08-22,10.1
2012-08-23,10.0
2012-08-24,10.25
2012-08-27,10.350000000000001
2012-08-28,10.45
2012-08-29,10.35
2012-08-30,10.4
2012-08-31,10.3
2012-09-03,10.4
2012-09-04,10.55
2012-09-05,10.75
2012-09-06,11.0
2012-09-07,11.0
2012-09-10,10.7
2012-09-11,10.649999999999999
2012-09-12,10.75
2012-09-13,10.8
2012-09-14,10.7
2012-09-17,10.5
2012-09-18,10.5
2012-09-19,10.55
2012-09-20,10.649999999999999
2012-09-21,10.7
2012-09-24,10.649999999999999
2012-09-25,10.6
2012-09-26,10.6
2012-09-27,10.7
2012-09-28,10.8
2012-10-01,10.8
2012-10-02,10.75
2012-10-03,10.8
2012-10-04,10.8
2012-10-05,10.8
2012-10-08,11.0
2012-10-09,11.05
2012-10-10,10.45
2012-10-11,10.45
2012-10-12,10.45
2012-10-15,10.45
2012-10-16,10.600000000000001
2012-10-17,10.7
2012-10-18,10.75
2012-10-19,10.75
2012-10-22,10.850000000000001
2012-10-24,10.850000000000001
2012-10-25,10.8
2012-10-26,10.75
2012-10-29,10.6
2012-10-30,10.7
2012-10-31,10.7
2012-11-01,10.7
2012-11-02,10.7
2012-11-05,10.649999999999999
2012-11-06,10.649999999999999
2012-11-07,10.6
2012-11-08,10.55
2012-11-09,10.6
2012-11-12,10.6
2012-11-13,10.55
2012-11-14,10.6
2012-11-15,10.6
2012-11-16,10.75
2012-11-19,10.850000000000001
2012-11-20,10.850000000000001
2012-11-21,10.8
2012-11-22,10.8
2012-11-23,10.75
2012-11-26,10.8
2012-11-27,10.8
2012-11-28,10.8
2012-11-29,10.95
2012-11-30,11.05
2012-12-03,11.25
2012-12-04,11.25
2012-12-06,11.3
2012-12-07,11.45
2012-12-11,11.45
2012-12-12,11.45
2012-12-13,11.3
2012-12-14,11.2
2012-12-17,11.149999999999999
2012-12-18,11.25
2012-12-19,11.350000000000001
2012-12-20,11.4
2012-12-21,11.4
2012-12-24,11.45
2012-12-25,11.4
2012-12-26,11.350000000000001
2012-12-27,11.4
2012-12-28,11.45
2013-01-02,11.350000000000001
2013-01-03,11.4
2013-01-04,11.45
2013-01-07,11.5
2013-01-08,11.45
2013-01-09,11.5
2013-01-10,11.4
2013-01-11,11.25
2013-01-14,11.25
2013-01-15,11.2
2013-01-16,11.3
2013-01-17,11.9
2013-01-18,12.25
2013-01-21,12.2
2013-01-22,12.2
2013-01-23,12.55
2013-01-24,12.850000000000001
2013-01-25,12.95
2013-01-28,13.0
2013-01-29,13.05
2013-01-30,13.25
2013-01-31,13.3
2013-02-01,13.3
2013-02-04,13.25
2013-02-05,13.399999999999999
2013-02-06,13.95
2013-02-07,14.1
2013-02-08,14.350000000000001
2013-02-11,14.5
2013-02-12,14.55
2013-02-13,14.7
2013-02-14,15.05
2013-02-15,15.15
2013-02-18,15.0
2013-02-19,15.05
2013-02-20,14.85
2013-02-21,14.5
2013-02-22,14.65
2013-02-26,14.850000000000001
2013-02-27,14.649999999999999
2013-02-28,14.8
2013-03-01,14.75
2013-03-04,14.75
2013-03-05,14.9
2013-03-06,15.149999999999999
2013-03-07,15.2
2013-03-08,15.55
2013-03-11,15.5
2013-03-12,15.600000000000001
2013-03-13,16.1
2013-03-14,16.75
2013-03-15,16.9
2013-03-18,16.55
2013-03-19,16.5
2013-03-20,16.299999999999997
2013-03-21,16.2
2013-03-22,15.8
2013-03-25,15.9
2013-03-26,16.2
2013-03-27,16.45
2013-03-28,16.4
2013-03-29,16.5
2013-04-01,16.35
2013-04-02,16.200000000000003
2013-04-03,16.25
2013-04-04,16.0
2013-04-05,15.9
2013-04-09,15.600000000000001
2013-04-10,15.7
2013-04-11,16.1
2013-04-12,16.2
2013-04-17,16.25
2013-04-18,16.0
2013-04-19,15.9
2013-04-22,16.15
2013-04-23,16.35
2013-04-24,16.65
2013-04-25,16.9
2013-04-26,16.950000000000003
2013-04-29,16.9
2013-04-30,16.95
2013-05-02,16.799999999999997
2013-05-03,16.6
2013-05-07,16.85
2013-05-08,17.2
2013-05-09,17.1
2013-05-10,17.2
2013-05-13,17.35
2013-05-14,17.5
2013-05-15,17.5
2013-05-16,17.2
2013-05-17,17.35
2013-05-20,17.5
2013-05-21,17.4
2013-05-22,17.25
2013-05-23,17.0
2013-05-27,16.799999999999997
2013-05-28,16.75
2013-05-29,16.95
2013-05-30,16.7
2013-05-31,16.75
2013-06-03,16.75
2013-06-04,16.950000000000003
2013-06-05,17.0
2013-06-06,16.5
2013-06-07,16.1
2013-06-10,16.15
2013-06-11,15.5
2013-06-12,14.649999999999999
2013-06-13,14.35
2013-06-14,15.05
2013-06-17,15.3
2013-06-18,15.3
2013-06-19,15.1
2013-06-20,14.4
2013-06-21,13.9
2013-06-24,13.25
2013-06-25,13.5
2013-06-26,14.2
2013-06-27,14.8
2013-06-28,15.600000000000001
2013-07-02,15.65
2013-07-03,15.45
2013-07-04,15.600000000000001
2013-07-05,15.7
2013-07-08,15.15
2013-07-09,14.55
2013-07-10,14.4
2013-07-11,15.05
2013-07-12,15.3
2013-07-15,15.15
2013-07-16,15.15
2013-07-17,15.55
2013-07-18,15.95
2013-07-19,16.15
2013-07-23,16.25
2013-07-24,16.35
2013-07-25,15.850000000000001
2013-07-26,15.6
2013-07-29,14.9
2013-07-30,14.75
2013-07-31,14.5
2013-08-01,14.7
2013-08-02,14.4
2013-08-05,14.3
2013-08-06,14.3
2013-08-07,14.4
2013-08-08,14.7
2013-08-09,14.75
2013-08-13,14.7
2013-08-14,14.7
2013-08-15,14.5
2013-08-16,14.3
2013-08-19,13.85
2013-08-20,13.1
2013-08-21,12.8
2013-08-22,12.9
2013-08-23,13.15
2013-08-26,12.8
2013-08-27,12.4
2013-08-28,12.0
2013-08-29,12.35
2013-08-30,12.8
2013-09-02,13.149999999999999
2013-09-03,13.1
2013-09-04,12.85
2013-09-05,12.95
2013-09-06,13.05
2013-09-09,13.3
2013-09-10,13.45
2013-09-11,13.4
2013-09-12,13.6
2013-09-13,13.6
2013-09-16,14.2
2013-09-17,14.45
2013-09-18,14.35
2013-09-19,14.6
2013-09-20,14.4
2013-09-23,14.100000000000001
2013-09-24,13.5
2013-09-25,13.15
2013-09-26,12.9
2013-09-27,13.0
2013-09-30,12.7
2013-10-01,13.0
2013-10-02,13.1
2013-10-03,13.3
2013-10-04,13.45
2013-10-07,13.55
2013-10-08,13.65
2013-10-09,13.9
2013-10-10,14.1
2013-10-11,14.4
2013-10-14,14.2
2013-10-15,14.25
2013-10-16,14.0
2013-10-17,13.9
2013-10-18,13.9
2013-10-21,13.9
2013-10-22,13.8
2013-10-24,13.9
2013-10-25,13.9
2013-10-28,13.75
2013-10-29,13.6
2013-10-30,13.6
2013-10-31,13.350000000000001
2013-11-01,13.25
2013-11-04,13.0
2013-11-05,13.1
2013-11-06,13.3
2013-11-07,13.1
2013-11-08,12.9
2013-11-11,12.85
2013-11-12,13.05
2013-11-13,12.850000000000001
2013-11-14,12.95
2013-11-15,12.9
2013-11-18,12.95
2013-11-19,12.850000000000001
2013-11-20,13.0
2013-11-21,12.850000000000001
2013-11-22,12.850000000000001
2013-11-25,12.8
2013-11-26,12.8
2013-11-27,12.850000000000001
2013-11-28,12.95
2013-11-29,13.1
2013-12-02,13.0
2013-12-03,13.0
2013-12-04,13.0
2013-12-06,13.0
2013-12-09,12.9
2013-12-11,12.8
2013-12-12,12.8
2013-12-13,12.7
2013-12-16,12.45
2013-12-17,12.4
2013-12-18,12.5
2013-12-19,12.5
2013-12-20,12.4
2013-12-23,12.4
2013-12-24,12.3
2013-12-25,12.4
2013-12-26,12.2
2013-12-27,11.8
2014-01-02,11.350000000000001
2014-01-03,10.8
2014-01-06,11.45
2014-01-07,11.8
2014-01-08,11.600000000000001
2014-01-09,11.75
2014-01-10,11.649999999999999
2014-01-13,11.899999999999999
2014-01-14,12.149999999999999
2014-01-15,12.1
2014-01-16,12.1
2014-01-17,12.1
2014-01-20,12.05
2014-01-21,12.05
2014-01-22,11.95
2014-01-23,12.0
2014-01-24,12.0
2014-01-27,11.8
2014-01-28,11.7
2014-01-29,11.649999999999999
2014-01-30,11.7
2014-01-31,11.8
2014-02-03,11.850000000000001
2014-02-04,11.8
2014-02-05,11.95
2014-02-06,12.0
2014-02-07,11.95
2014-02-10,11.850000000000001
2014-02-11,11.95
2014-02-12,12.0
2014-02-13,12.149999999999999
2014-02-17,12.5
2014-02-18,12.8
2014-02-19,12.850000000000001
2014-02-20,12.65
2014-02-21,12.4
2014-02-24,12.4
2014-02-25,12.350000000000001
2014-02-26,12.45
2014-02-27,12.75
2014-02-28,12.8
2014-03-03,12.8
2014-03-04,12.850000000000001
2014-03-05,12.9
2014-03-06,12.8
2014-03-07,12.8
2014-03-10,12.8
2014-03-11,12.9
2014-03-12,12.850000000000001
2014-03-13,13.2
2014-03-14,13.25
2014-03-17,13.3
2014-03-18,13.25
2014-03-19,13.3
2014-03-20,13.3
2014-03-21,13.45
2014-03-24,13.55
2014-03-25,13.15
2014-03-26,13.1
2014-03-27,13.149999999999999
2014-03-28,13.2
2014-03-31,13.350000000000001
2014-04-01,13.350000000000001
2014-04-02,13.4
2014-04-03,13.4
2014-04-04,13.350000000000001
2014-04-08,13.2
2014-04-09,13.2
2014-04-10,13.2
2014-04-11,13.2
2014-04-16,13.3
2014-04-17,13.3
2014-04-18,13.2
2014-04-21,13.2
2014-04-22,13.2
2014-04-23,13.55
2014-04-24,14.0
2014-04-25,14.05
2014-04-28,13.850000000000001
2014-04-29,14.100000000000001
2014-04-30,14.65
2014-05-02,15.15
2014-05-06,15.25
2014-05-07,15.05
2014-05-08,15.0
2014-05-09,14.9
2014-05-12,15.05
2014-05-14,15.25
2014-05-15,15.5
2014-05-16,15.45
2014-05-19,15.55
2014-05-20,15.25
2014-05-21,15.25
2014-05-22,15.4
2014-05-23,15.2
2014-05-26,15.25
2014-05-27,15.25
2014-05-28,15.55
2014-05-29,16.2
2014-05-30,16.6
2014-06-02,16.65
2014-06-03,16.549999999999997
2014-06-04,16.5
2014-06-05,16.799999999999997
2014-06-06,16.9
2014-06-09,16.75
2014-06-10,16.65
2014-06-11,16.7
2014-06-12,16.6
2014-06-13,16.6
2014-06-16,16.55
2014-06-17,16.6
2014-06-18,16.3
2014-06-19,16.25
2014-06-20,16.65
2014-06-23,16.75
2014-06-24,16.75
2014-06-25,16.6
2014-06-26,16.7
2014-06-27,16.55
2014-06-30,16.65
2014-07-02,16.549999999999997
2014-07-03,16.35
2014-07-04,16.2
2014-07-07,16.15
2014-07-08,16.05
2014-07-09,16.200000000000003
2014-07-10,16.25
2014-07-14,16.25
2014-07-15,16.200000000000003
2014-07-16,16.25
2014-07-17,16.6
2014-07-18,16.549999999999997
2014-07-21,16.299999999999997
2014-07-22,16.1
2014-07-23,16.3
2014-07-24,16.6
2014-07-25,17.1
2014-07-28,17.65
2014-07-29,17.45
2014-07-30,17.0
2014-07-31,16.9
2014-08-01,17.0
2014-08-04,17.5
2014-08-05,17.85
2014-08-06,18.0
2014-08-07,17.9
2014-08-08,17.8
2014-08-13,18.3
2014-08-14,18.6
2014-08-15,18.35
2014-08-18,18.25
2014-08-19,18.15
2014-08-20,18.15
2014-08-21,18.25
2014-08-22,18.45
2014-08-25,18.700000000000003
2014-08-26,18.9
2014-08-27,19.15
2014-08-28,19.45
2014-08-29,19.45
2014-09-01,19.549999999999997
2014-09-02,19.5
2014-09-03,19.7
2014-09-04,19.6
2014-09-05,19.5
2014-09-08,19.1
2014-09-09,18.75
2014-09-10,18.4
2014-09-11,18.1
2014-09-12,18.55
2014-09-15,18.7
2014-09-16,18.55
2014-09-17,18.45
2014-09-18,18.700000000000003
2014-09-19,18.75
2014-09-22,18.9
2014-09-23,18.950000000000003
2014-09-24,18.8
2014-09-25,18.8
2014-09-26,18.75
2014-09-29,18.65
2014-09-30,18.5
2014-10-01,18.4
2014-10-02,18.25
2014-10-03,18.25
2014-10-06,18.25
2014-10-07,17.9
2014-10-08,17.75
2014-10-09,18.1
2014-10-10,18.0
2014-10-13,17.9
2014-10-14,17.95
2014-10-15,18.200000000000003
2014-10-16,18.15
2014-10-17,18.0
2014-10-20,18.049999999999997
2014-10-21,18.25
2014-10-22,18.5
2014-10-24,18.5
2014-10-27,18.35
2014-10-28,18.25
2014-10-29,18.25
2014-10-30,18.15
2014-10-31,18.35
2014-11-03,18.5
2014-11-04,18.700000000000003
2014-11-05,18.700000000000003
2014-11-06,18.7
2014-11-07,18.525
2014-11-10,18.35
2014-11-11,18.35
2014-11-12,18.35
2014-11-13,18.35
2014-11-14,18.299999999999997
2014-11-17,18.3
2014-11-18,18.2
2014-11-19,18.15
2014-11-20,18.224999999999998
2014-11-21,18.3
2014-11-24,18.375
2014-11-25,18.45
2014-11-26,18.525000000000002
2014-11-27,18.6
2014-11-28,18.6
2014-12-01,18.6
2014-12-02,18.65
2014-12-03,18.55
2014-12-04,18.4
2014-12-08,18.3
2014-12-09,18.25
2014-12-11,18.1
2014-12-12,17.95
2014-12-15,17.700000000000003
2014-12-16,17.35
2014-12-17,17.799999999999997
2014-12-18,18.05
2014-12-19,17.9
2014-12-22,17.85
2014-12-23,17.7
2014-12-24,17.549999999999997
2014-12-25,17.4
2014-12-26,17.5
2014-12-29,17.55
2014-12-30,17.35
2015-01-05,17.6
2015-01-06,17.8
2015-01-07,17.85
2015-01-08,18.3
2015-01-09,18.4
2015-01-12,18.35
2015-01-13,18.5
2015-01-14,18.549999999999997
2015-01-15,18.55
2015-01-16,18.6
2015-01-19,18.85
2015-01-20,18.7
2015-01-21,18.5
2015-01-22,18.45
2015-01-23,18.6
2015-01-26,18.65
2015-01-27,18.799999999999997
2015-01-28,18.9
2015-01-29,18.85
2015-01-30,18.75
2015-02-02,18.6
2015-02-03,18.75
2015-02-04,18.950000000000003
2015-02-05,19.4
2015-02-06,19.95
2015-02-09,20.450000000000003
2015-02-10,20.55
2015-02-11,20.45
2015-02-12,20.7
2015-02-13,20.75
2015-02-16,20.450000000000003
2015-02-17,20.2
2015-02-18,20.55
2015-02-19,20.75
2015-02-20,20.950000000000003
2015-02-23,21.200000000000003
2015-02-24,21.15
2015-02-25,21.049999999999997
2015-02-26,21.1
2015-02-27,21.4
2015-03-02,21.549999999999997
2015-03-03,21.25
2015-03-05,20.950000000000003
2015-03-06,21.049999999999997
2015-03-09,20.95
2015-03-10,20.75
2015-03-11,20.6
2015-03-12,20.65
2015-03-13,20.5
2015-03-16,20.200000000000003
2015-03-17,20.3
2015-03-18,20.65
2015-03-19,20.9
2015-03-20,20.85
2015-03-23,20.6
2015-03-24,20.299999999999997
2015-03-25,20.5
2015-03-26,20.299999999999997
2015-03-27,19.950000000000003
2015-03-30,20.0
2015-03-31,19.95
2015-04-01,20.0
2015-04-02,20.4
2015-04-03,20.5
2015-04-07,20.5
2015-04-08,20.25
2015-04-09,19.95
2015-04-10,20.15
2015-04-16,20.3
2015-04-17,20.200000000000003
2015-04-20,20.3
2015-04-21,20.25
2015-04-22,20.1
2015-04-23,20.05
2015-04-24,20.35
2015-04-27,20.3
2015-04-28,20.15
2015-04-29,20.299999999999997
2015-04-30,20.15
2015-05-04,20.2
2015-05-06,20.049999999999997
2015-05-07,19.8
2015-05-08,19.9
2015-05-11,20.05
2015-05-12,19.9
2015-05-13,20.05
2015-05-14,20.05
2015-05-15,20.15
2015-05-18,20.35
2015-05-19,20.45
2015-05-20,20.5
2015-05-21,20.55
2015-05-22,20.450000000000003
2015-05-25,20.2
2015-05-26,19.75
2015-05-27,19.299999999999997
2015-05-28,19.3
2015-05-29,19.35
2015-06-02,19.200000000000003
2015-06-03,19.15
2015-06-04,19.1
2015-06-05,19.35
2015-06-08,19.55
2015-06-09,19.4
2015-06-10,19.4
2015-06-11,19.4
2015-06-12,19.4
2015-06-15,19.45
2015-06-16,19.25
2015-06-17,19.35
2015-06-18,19.45
2015-06-19,19.25
2015-06-22,19.05
2015-06-23,19.200000000000003
2015-06-24,19.15
2015-06-25,19.1
2015-06-26,19.3
2015-06-29,19.4
2015-06-30,19.6
2015-07-02,19.7
2015-07-03,19.700000000000003
2015-07-06,19.65
2015-07-07,20.0
2015-07-08,20.1
2015-07-09,20.4
2015-07-10,20.65
2015-07-13,20.65
2015-07-14,21.0
2015-07-15,20.9
2015-07-16,20.700000000000003
2015-07-17,20.700000000000003
2015-07-20,20.65
2015-07-21,20.700000000000003
2015-07-22,20.35
2015-07-23,20.35
2015-07-24,20.049999999999997
2015-07-27,19.75
2015-07-28,19.85
2015-07-29,19.75
2015-07-31,19.9
2015-08-03,19.85
2015-08-04,19.65
2015-08-05,19.75
2015-08-06,19.799999999999997
2015-08-07,19.65
2015-08-10,19.5
2015-08-11,19.55
2015-08-13,19.5
2015-08-14,19.65
2015-08-17,19.55
2015-08-18,18.6
2015-08-19,18.75
2015-08-20,18.9
2015-08-21,18.95
2015-08-24,18.35
2015-08-25,18.299999999999997
2015-08-26,18.2
2015-08-27,18.549999999999997
2015-08-28,19.2
2015-08-31,19.4
2015-09-01,19.25
2015-09-02,19.05
2015-09-03,19.6
2015-09-04,19.700000000000003
2015-09-07,19.700000000000003
2015-09-08,19.6
2015-09-09,19.7
2015-09-10,19.4
2015-09-11,19.25
2015-09-14,19.200000000000003
2015-09-15,19.1
2015-09-16,19.200000000000003
2015-09-17,19.25
2015-09-18,19.25
2015-09-21,19.25
2015-09-22,19.15
2015-09-23,18.9
2015-09-24,18.8
2015-09-25,18.8
2015-09-28,18.700000000000003
2015-09-29,18.55
2015-09-30,18.6
2015-10-01,18.65
2015-10-02,18.7
2015-10-05,18.85
2015-10-06,18.95
2015-10-07,19.15
2015-10-08,19.25
2015-10-09,19.4
2015-10-12,19.4
2015-10-13,19.45
2015-10-14,19.3
2015-10-15,19.5
2015-10-16,19.4
2015-10-19,19.4
2015-10-20,19.4
2015-10-21,19.45
2015-10-22,19.35
2015-10-26,19.35
2015-10-27,19.4
2015-10-28,19.35
2015-10-29,19.3
2015-10-30,19.15
2015-11-02,19.15
2015-11-03,19.35
2015-11-04,19.35
2015-11-05,19.4
2015-11-06,19.35
2015-11-09,19.200000000000003
2015-11-10,19.299999999999997
2015-11-11,19.25
2015-11-12,19.1
2015-11-13,19.15
2015-11-16,19.200000000000003
2015-11-17,19.4
2015-11-18,19.65
2015-11-19,19.85
2015-11-20,19.95
2015-11-23,19.9
2015-11-24,20.049999999999997
2015-11-25,20.1
2015-11-26,19.9
2015-11-27,19.8
2015-11-30,20.05
2015-12-01,20.15
2015-12-02,20.1
2015-12-03,20.25
2015-12-04,20.65
2015-12-08,20.75
2015-12-09,20.95
2015-12-11,21.1
2015-12-14,21.1
2015-12-15,21.049999999999997
2015-12-16,20.9
2015-12-17,21.049999999999997
2015-12-18,21.3
2015-12-21,21.7
2015-12-22,21.95
2015-12-23,21.95
2015-12-24,21.9
2015-12-25,21.95
2015-12-28,22.0
2015-12-29,22.05
2015-12-30,22.200000000000003
2016-01-04,22.0
2016-01-05,22.05
2016-01-06,22.0
2016-01-07,21.7
2016-01-08,21.5
2016-01-11,21.3
2016-01-12,21.6
2016-01-13,21.700000000000003
2016-01-14,21.55
2016-01-15,21.35
2016-01-18,21.15
2016-01-19,21.4
2016-01-20,21.25
2016-01-21,21.4
2016-01-22,21.5
2016-01-25,21.7
2016-01-26,21.65
2016-01-27,21.75
2016-01-28,21.950000000000003
2016-01-29,22.0
2016-02-01,22.0
2016-02-02,21.75
2016-02-03,21.6
2016-02-04,21.75
2016-02-05,21.9
2016-02-08,21.9
2016-02-09,21.65
2016-02-10,21.65
2016-02-11,21.3
2016-02-12,21.0
2016-02-15,21.2
2016-02-16,21.1
2016-02-17,20.95
2016-02-18,20.85
2016-02-19,21.0
2016-02-23,21.4
2016-02-24,21.55
2016-02-25,21.6
2016-02-26,21.55
2016-02-29,21.55
2016-03-01,21.65
2016-03-02,22.0
2016-03-03,22.200000000000003
2016-03-04,22.25
2016-03-07,22.35
2016-03-08,22.200000000000003
2016-03-09,22.1
2016-03-10,22.0
2016-03-11,22.15
2016-03-14,22.25
2016-03-15,22.3
2016-03-16,22.35
2016-03-17,22.0
2016-03-18,22.1
2016-03-21,22.5
2016-03-22,22.55
2016-03-23,22.8
2016-03-24,23.1
2016-03-25,22.9
2016-03-28,22.8
2016-03-29,22.5
2016-03-30,23.05
2016-03-31,23.299999999999997
2016-04-01,23.35
2016-04-04,23.65
2016-04-05,23.75
2016-04-07,23.9
2016-04-08,23.75
2016-04-11,23.8
2016-04-12,24.1
2016-04-18,24.2
2016-04-19,24.25
2016-04-20,24.2
2016-04-21,24.4
2016-04-22,24.35
2016-04-25,24.4
2016-04-26,24.6
2016-04-27,24.6
2016-04-28,24.4
2016-04-29,24.0
2016-05-03,23.85
2016-05-04,24.049999999999997
2016-05-09,24.049999999999997
2016-05-10,23.85
2016-05-11,24.0
2016-05-12,24.0
2016-05-13,23.9
2016-05-16,23.65
2016-05-17,23.55
2016-05-18,23.65
2016-05-19,23.85
2016-05-23,23.950000000000003
2016-05-24,24.15
2016-05-25,24.25
2016-05-26,24.05
2016-05-27,24.15
2016-05-30,24.1
2016-05-31,24.05
2016-06-01,23.95
2016-06-02,23.799999999999997
2016-06-03,23.950000000000003
2016-06-06,24.1
2016-06-07,24.05
2016-06-08,24.0
2016-06-09,23.95
2016-06-10,23.9
2016-06-13,23.75
2016-06-14,23.85
2016-06-15,23.9
2016-06-16,23.8
2016-06-17,23.8
2016-06-20,23.8
2016-06-21,23.85
2016-06-22,23.7
2016-06-23,23.65
2016-06-24,23.55
2016-06-27,23.55
2016-06-28,23.65
2016-06-29,23.75
2016-06-30,23.799999999999997
2016-07-04,23.9
2016-07-05,24.0
2016-07-06,23.9
2016-07-07,23.85
2016-07-08,23.75
2016-07-11,23.75
2016-07-12,23.6
2016-07-13,23.1
2016-07-14,23.0
2016-07-15,23.15
2016-07-20,23.0
2016-07-21,23.0
2016-07-22,23.15
2016-07-25,23.15
2016-07-26,23.15
2016-07-27,23.1
2016-07-28,22.9
2016-07-29,22.7
2016-08-01,22.0
2016-08-02,21.6
2016-08-03,22.1
2016-08-04,22.55
2016-08-05,22.65
2016-08-08,22.75
2016-08-09,22.450000000000003
2016-08-10,22.45
2016-08-11,22.35
2016-08-15,22.25
2016-08-16,22.35
2016-08-17,22.55
2016-08-18,22.700000000000003
2016-08-19,22.8
2016-08-22,22.95
2016-08-23,23.1
2016-08-24,23.2
2016-08-25,23.1
2016-08-26,23.15
2016-08-29,23.4
2016-08-30,23.4
2016-08-31,23.45
2016-09-01,23.5
2016-09-02,22.950000000000003
2016-09-05,22.75
2016-09-06,22.75
2016-09-07,22.65
2016-09-08,22.6
2016-09-09,22.45
2016-09-12,22.0
2016-09-13,22.0
2016-09-14,22.049999999999997
2016-09-15,22.25
2016-09-16,22.549999999999997
2016-09-19,22.549999999999997
2016-09-20,22.3
2016-09-21,22.549999999999997
2016-09-22,22.75
2016-09-23,22.55
2016-09-26,22.299999999999997
2016-09-27,22.15
2016-09-28,22.0
2016-09-29,21.5
2016-09-30,21.700000000000003
2016-10-03,21.85
2016-10-04,22.2
2016-10-05,22.45
2016-10-06,22.45
2016-10-07,22.25
2016-10-10,21.700000000000003
2016-10-11,21.8
2016-10-12,21.25
2016-10-13,20.75
2016-10-14,21.700000000000003
2016-10-17,21.6
2016-10-18,21.55
2016-10-19,21.5
2016-10-20,21.6
2016-10-21,21.6
2016-10-25,21.65
2016-10-26,21.6
2016-10-27,21.75
2016-10-28,22.2
2016-10-31,22.75
2016-11-01,22.8
2016-11-02,22.65
2016-11-03,22.700000000000003
2016-11-04,22.700000000000003
2016-11-07,22.8
2016-11-08,22.9
2016-11-09,22.9
2016-11-10,23.1
2016-11-11,22.9
2016-11-14,22.45
2016-11-15,22.15
2016-11-16,22.05
2016-11-17,21.95
2016-11-18,21.95
2016-11-21,22.25
2016-11-22,22.75
2016-11-23,22.85
2016-11-24,22.7
2016-11-25,22.8
2016-11-28,22.85
2016-11-29,23.0
2016-11-30,23.1
2016-12-01,23.299999999999997
2016-12-02,23.0
2016-12-06,23.1
2016-12-07,23.15
2016-12-08,23.0
2016-12-09,22.9
2016-12-13,22.85
2016-12-14,22.75
2016-12-15,22.6
2016-12-16,22.55
2016-12-19,22.5
2016-12-20,22.55
2016-12-21,22.35
2016-12-22,22.25
2016-12-23,22.299999999999997
2016-12-26,22.55
2016-12-27,22.6
2016-12-28,22.7
2016-12-29,22.85
2016-12-30,23.15
2017-01-04,23.200000000000003
2017-01-05,23.15
2017-01-06,22.85
2017-01-09,22.75
2017-01-10,22.55
2017-01-11,22.6
2017-01-12,22.8
2017-01-16,22.6
2017-01-17,22.5
2017-01-18,22.4
2017-01-19,22.4
2017-01-20,22.35
2017-01-23,22.45
2017-01-24,22.45
2017-01-25,22.45
2017-01-26,22.45
2017-01-27,22.5
2017-01-30,22.299999999999997
2017-01-31,22.15
2017-02-01,22.15
2017-02-02,22.05
2017-02-03,21.799999999999997
2017-02-06,21.4
2017-02-07,21.25
2017-02-08,21.15
2017-02-09,21.25
2017-02-10,21.4
2017-02-14,21.35
2017-02-15,21.2
2017-02-16,20.95
2017-02-17,20.9
2017-02-20,20.95
2017-02-21,20.9
2017-02-22,20.8
2017-02-23,20.8
2017-02-24,20.6
2017-02-27,20.45
2017-02-28,20.25
2017-03-01,20.1
2017-03-02,20.1
2017-03-03,20.05
2017-03-06,20.05
2017-03-07,20.1
2017-03-08,20.25
2017-03-09,20.45
2017-03-10,20.5
2017-03-13,20.15
2017-03-14,20.0
2017-03-15,19.95
2017-03-16,19.9
2017-03-17,20.15
2017-03-20,20.55
2017-03-21,20.6
2017-03-22,20.6
2017-03-23,20.75
2017-03-24,20.799999999999997
2017-03-27,20.95
2017-03-28,21.15
2017-03-29,21.1
2017-03-30,21.200000000000003
2017-03-31,21.25
2017-04-03,20.950000000000003
2017-04-04,20.950000000000003
2017-04-05,21.1
2017-04-07,21.0
2017-04-10,20.8
2017-04-11,20.55
2017-04-12,20.4
2017-04-17,20.4
2017-04-18,20.25
2017-04-19,20.25
2017-04-20,20.15
2017-04-21,19.95
2017-04-24,20.15
2017-04-25,20.299999999999997
2017-04-26,20.25
2017-04-27,20.35
2017-04-28,20.35
2017-05-02,20.25
2017-05-03,20.2
2017-05-04,20.4
2017-05-08,20.55
2017-05-09,20.45
2017-05-11,20.45
2017-05-12,20.549999999999997
2017-05-15,20.6
2017-05-16,19.950000000000003
2017-05-17,19.05
2017-05-18,18.65
2017-05-19,18.4
2017-05-22,18.3
2017-05-23,18.4
2017-05-24,18.25
2017-05-25,18.450000000000003
2017-05-26,18.65
2017-05-29,18.65
2017-05-30,18.6
2017-05-31,18.6
2017-06-01,18.55
2017-06-02,18.55
2017-06-05,18.700000000000003
2017-06-06,18.9
2017-06-07,19.25
2017-06-08,19.25
2017-06-09,19.2
2017-06-12,19.0
2017-06-13,18.8
2017-06-14,19.1
2017-06-15,19.2
2017-06-16,19.05
2017-06-19,18.9
2017-06-20,18.799999999999997
2017-06-21,18.85
2017-06-22,19.0
2017-06-23,18.95
2017-06-26,19.15
2017-06-27,19.299999999999997
2017-06-28,19.25
2017-06-29,19.35
2017-06-30,19.25
2017-07-03,19.4
2017-07-04,19.75
2017-07-05,20.05
2017-07-06,19.9
2017-07-07,19.75
2017-07-11,19.6
2017-07-12,19.299999999999997
2017-07-13,19.15
2017-07-14,18.95
2017-07-17,19.05
2017-07-18,19.200000000000003
2017-07-19,19.35
2017-07-20,19.3
2017-07-21,19.200000000000003
2017-07-24,18.95
2017-07-25,18.95
2017-07-26,19.05
2017-07-27,19.1
2017-07-31,19.1
2017-08-01,19.05
2017-08-02,19.35
2017-08-03,19.55
2017-08-04,19.6
2017-08-07,19.65
2017-08-08,19.55
2017-08-09,19.35
2017-08-10,19.1
2017-08-11,19.3
2017-08-15,19.65
2017-08-16,19.85
2017-08-17,19.95
2017-08-18,20.1
2017-08-21,20.049999999999997
2017-08-22,19.85
2017-08-23,19.8
2017-08-24,20.2
2017-08-25,20.549999999999997
2017-08-28,20.6
2017-08-29,20.75
2017-08-30,21.0
2017-08-31,20.95
2017-09-01,20.799999999999997
2017-09-04,20.85
2017-09-05,20.85
2017-09-06,20.7
2017-09-07,20.75
2017-09-08,20.799999999999997
2017-09-11,20.799999999999997
2017-09-12,20.7
2017-09-13,20.65
2017-09-14,20.55
2017-09-15,20.7
2017-09-18,20.95
2017-09-19,20.85
2017-09-20,20.9
2017-09-21,20.8
2017-09-22,20.75
2017-09-25,20.65
2017-09-26,20.65
2017-09-27,20.7
2017-09-28,20.5
2017-09-29,20.4
2017-10-02,20.6
2017-10-03,20.6
2017-10-04,20.5
2017-10-05,20.55
2017-10-06,20.65
2017-10-09,20.85
2017-10-10,21.0
2017-10-11,20.95
2017-10-12,21.0
2017-10-16,21.7
2017-10-17,21.7
2017-10-18,21.6
2017-10-19,21.25
2017-10-20,21.15
2017-10-24,21.25
2017-10-25,21.25
2017-10-27,21.4
2017-10-30,21.5
2017-10-31,21.35
2017-11-01,21.200000000000003
2017-11-02,21.2
2017-11-03,21.3
2017-11-06,21.200000000000003
2017-11-07,21.05
2017-11-08,21.1
2017-11-09,21.0
2017-11-10,20.95
2017-11-13,21.6
2017-11-14,21.8
2017-11-15,21.700000000000003
2017-11-16,21.65
2017-11-17,21.75
2017-11-20,21.8
2017-11-21,21.9
2017-11-22,21.85
2017-11-23,21.85
2017-11-24,21.8
2017-11-27,21.5
2017-11-28,21.5
2017-11-29,21.450000000000003
2017-11-30,21.3
2017-12-01,21.299999999999997
2017-12-04,21.6
2017-12-06,21.6
2017-12-07,21.35
2017-12-08,21.35
2017-12-12,21.450000000000003
2017-12-13,21.6
2017-12-14,21.3
2017-12-15,21.3
2017-12-18,21.25
2017-12-19,21.55
2017-12-20,21.700000000000003
2017-12-21,21.6
2017-12-22,21.549999999999997
2017-12-25,21.299999999999997
2017-12-26,21.25
2017-12-27,21.200000000000003
2017-12-28,21.05
2017-12-29,21.0
