Date,BJC
2007-01-03,3.8499999999999996
2007-01-04,3.8
2007-01-05,3.75
2007-01-08,3.7
2007-01-09,3.6500000000000004
2007-01-10,3.6500000000000004
2007-01-11,3.7
2007-01-12,3.75
2007-01-15,3.7666666666666666
2007-01-16,3.783333333333333
2007-01-17,3.8
2007-01-18,3.8
2007-01-19,3.8
2007-01-22,3.8
2007-01-23,3.8
2007-01-24,3.8
2007-01-25,3.8
2007-01-26,3.8
2007-01-29,3.8
2007-01-30,3.8
2007-01-31,3.8
2007-02-01,3.8
2007-02-02,3.8
2007-02-05,3.8
2007-02-06,3.8166666666666664
2007-02-07,3.833333333333333
2007-02-08,3.8499999999999996
2007-02-09,3.8499999999999996
2007-02-12,3.8499999999999996
2007-02-13,3.8
2007-02-14,3.8
2007-02-15,3.8
2007-02-16,3.8
2007-02-19,3.8
2007-02-20,3.8
2007-02-21,3.8
2007-02-22,3.8
2007-02-23,3.8
2007-02-26,3.8
2007-02-27,3.8
2007-02-28,3.8
2007-03-01,3.8
2007-03-02,3.8
2007-03-06,3.8
2007-03-07,3.8
2007-03-08,3.8
2007-03-09,3.8499999999999996
2007-03-12,3.875
2007-03-13,3.9
2007-03-14,3.9
2007-03-15,3.9
2007-03-16,3.9
2007-03-19,3.9
2007-03-20,3.9
2007-03-21,3.9
2007-03-22,3.9
2007-03-23,3.95
2007-03-26,4.0
2007-03-27,4.0
2007-03-28,4.0
2007-03-29,4.0
2007-03-30,4.0
2007-04-02,3.9
2007-04-03,3.875
2007-04-04,3.8499999999999996
2007-04-05,3.8249999999999997
2007-04-09,3.8
2007-04-10,3.8
2007-04-11,3.8
2007-04-12,3.8
2007-04-17,3.8
2007-04-18,3.8
2007-04-19,3.8
2007-04-20,3.8
2007-04-23,3.8
2007-04-24,3.8
2007-04-25,3.8
2007-04-26,3.8
2007-04-27,3.8
2007-04-30,3.8
2007-05-02,3.8
2007-05-03,3.8
2007-05-04,3.8249999999999997
2007-05-08,3.8499999999999996
2007-05-09,3.875
2007-05-10,3.9
2007-05-11,3.9
2007-05-14,3.95
2007-05-15,4.05
2007-05-16,4.1
2007-05-17,4.2
2007-05-18,4.2
2007-05-21,4.2
2007-05-22,4.2
2007-05-23,4.2
2007-05-24,4.15
2007-05-25,4.1
2007-05-28,4.15
2007-05-29,4.175000000000001
2007-05-30,4.2
2007-06-01,4.2
2007-06-04,4.2
2007-06-05,4.2
2007-06-06,4.25
2007-06-07,4.35
2007-06-08,4.4
2007-06-11,4.4
2007-06-12,4.4
2007-06-13,4.4
2007-06-14,4.4
2007-06-15,4.4
2007-06-18,4.4
2007-06-19,4.4
2007-06-20,4.4
2007-06-21,4.4
2007-06-22,4.4
2007-06-25,4.4
2007-06-26,4.45
2007-06-27,4.5
2007-06-28,4.45
2007-06-29,4.45
2007-07-02,4.5
2007-07-03,4.5
2007-07-04,4.55
2007-07-05,4.6
2007-07-06,4.800000000000001
2007-07-09,4.85
2007-07-10,4.85
2007-07-11,4.9
2007-07-12,4.85
2007-07-13,4.8
2007-07-16,4.8
2007-07-17,4.8
2007-07-18,4.8
2007-07-19,4.8
2007-07-20,4.8
2007-07-23,4.8
2007-07-24,4.8
2007-07-25,4.9
2007-07-26,4.8
2007-07-27,4.8
2007-07-31,4.85
2007-08-01,4.8
2007-08-02,4.8
2007-08-03,4.85
2007-08-06,4.824999999999999
2007-08-07,4.8
2007-08-08,4.8
2007-08-09,4.8
2007-08-10,4.8
2007-08-14,4.8
2007-08-15,4.8
2007-08-16,4.8
2007-08-17,4.8
2007-08-20,4.7
2007-08-21,4.7
2007-08-22,4.65
2007-08-23,4.6
2007-08-24,4.6
2007-08-27,4.6
2007-08-28,4.6
2007-08-29,4.6
2007-08-30,4.6
2007-08-31,4.65
2007-09-03,4.6
2007-09-04,4.6
2007-09-05,4.55
2007-09-06,4.5625
2007-09-07,4.574999999999999
2007-09-10,4.5874999999999995
2007-09-11,4.6
2007-09-12,4.633333333333333
2007-09-13,4.666666666666667
2007-09-14,4.7
2007-09-17,4.7
2007-09-18,4.7
2007-09-19,4.7
2007-09-20,4.675000000000001
2007-09-21,4.65
2007-09-24,4.6625000000000005
2007-09-25,4.675000000000001
2007-09-26,4.6875
2007-09-27,4.7
2007-09-28,4.65
2007-10-01,4.7
2007-10-02,4.7
2007-10-03,4.7
2007-10-04,4.7
2007-10-05,4.65
2007-10-08,4.65
2007-10-09,4.7
2007-10-10,4.6
2007-10-11,4.6
2007-10-12,4.6
2007-10-15,4.6
2007-10-16,4.6
2007-10-17,4.65
2007-10-18,4.7
2007-10-19,4.9
2007-10-22,4.85
2007-10-24,4.8
2007-10-25,4.85
2007-10-26,4.85
2007-10-29,4.9
2007-10-30,5.5
2007-10-31,6.4
2007-11-01,6.449999999999999
2007-11-02,6.35
2007-11-05,6.3
2007-11-06,6.1
2007-11-07,6.0
2007-11-08,5.800000000000001
2007-11-09,5.8
2007-11-12,5.75
2007-11-13,5.75
2007-11-14,5.85
2007-11-15,6.15
2007-11-16,6.15
2007-11-19,6.25
2007-11-20,6.25
2007-11-21,6.300000000000001
2007-11-22,6.1
2007-11-23,6.2
2007-11-26,6.300000000000001
2007-11-27,6.35
2007-11-28,6.449999999999999
2007-11-29,6.65
2007-11-30,6.6
2007-12-03,6.5
2007-12-04,6.45
2007-12-06,6.699999999999999
2007-12-07,6.95
2007-12-11,6.1
2007-12-12,5.9
2007-12-13,6.2
2007-12-14,6.05
2007-12-17,6.0
2007-12-18,6.0
2007-12-19,6.05
2007-12-20,6.0
2007-12-21,6.0
2007-12-24,6.0
2007-12-25,6.0
2007-12-26,6.15
2007-12-27,6.25
2007-12-28,6.35
2008-01-02,6.1
2008-01-03,6.1
2008-01-04,6.1
2008-01-07,6.05
2008-01-08,6.0
2008-01-09,6.0
2008-01-10,6.0
2008-01-11,6.0
2008-01-14,6.05
2008-01-15,6.25
2008-01-16,6.15
2008-01-17,6.1
2008-01-18,6.1
2008-01-21,6.05
2008-01-22,5.75
2008-01-23,5.65
2008-01-24,5.5
2008-01-25,5.5
2008-01-28,5.6
2008-01-29,5.699999999999999
2008-01-30,5.7
2008-01-31,5.75
2008-02-01,5.85
2008-02-04,5.85
2008-02-05,5.85
2008-02-06,5.85
2008-02-07,5.85
2008-02-08,5.9
2008-02-11,5.95
2008-02-12,6.0
2008-02-13,6.0
2008-02-14,6.15
2008-02-15,6.15
2008-02-18,6.2
2008-02-19,6.15
2008-02-20,6.2
2008-02-22,6.25
2008-02-25,6.55
2008-02-26,6.55
2008-02-27,6.55
2008-02-28,6.4
2008-02-29,6.45
2008-03-03,6.5
2008-03-04,6.4
2008-03-05,6.3
2008-03-06,6.35
2008-03-07,6.3
2008-03-10,6.25
2008-03-11,6.2
2008-03-12,6.25
2008-03-13,6.2
2008-03-14,6.2
2008-03-17,6.1
2008-03-18,6.1
2008-03-19,6.15
2008-03-20,6.1
2008-03-21,6.1
2008-03-24,6.05
2008-03-25,6.0
2008-03-26,6.05
2008-03-27,6.1
2008-03-28,6.1
2008-03-31,6.1
2008-04-01,6.2
2008-04-02,6.25
2008-04-03,6.3
2008-04-04,6.3
2008-04-08,6.3
2008-04-09,6.3
2008-04-10,6.25
2008-04-11,6.2
2008-04-16,6.25
2008-04-17,6.2
2008-04-18,6.2
2008-04-21,6.15
2008-04-22,6.15
2008-04-23,6.15
2008-04-24,6.1
2008-04-25,6.2
2008-04-28,6.15
2008-04-29,6.2
2008-04-30,6.2
2008-05-02,6.1
2008-05-06,6.05
2008-05-07,6.1
2008-05-08,6.1
2008-05-09,6.1
2008-05-12,6.1
2008-05-13,6.1
2008-05-14,6.05
2008-05-15,5.85
2008-05-16,5.85
2008-05-20,5.9
2008-05-21,5.95
2008-05-22,5.95
2008-05-23,5.95
2008-05-26,5.95
2008-05-27,5.95
2008-05-28,5.9
2008-05-29,5.85
2008-05-30,5.8
2008-06-02,5.8
2008-06-03,5.7
2008-06-04,5.7
2008-06-05,5.7
2008-06-06,5.8
2008-06-09,5.7
2008-06-10,5.65
2008-06-11,5.6
2008-06-12,5.6
2008-06-13,5.6
2008-06-16,5.6
2008-06-17,5.6
2008-06-18,5.5
2008-06-19,5.35
2008-06-20,5.3
2008-06-23,5.3
2008-06-24,5.3
2008-06-25,5.25
2008-06-26,5.2
2008-06-27,5.2
2008-06-30,5.2
2008-07-02,5.15
2008-07-03,5.15
2008-07-04,5.15
2008-07-07,5.05
2008-07-08,4.95
2008-07-09,5.05
2008-07-10,5.05
2008-07-11,5.0
2008-07-14,4.95
2008-07-15,4.95
2008-07-16,4.85
2008-07-18,4.85
2008-07-21,4.75
2008-07-22,4.8
2008-07-23,4.8
2008-07-24,4.8
2008-07-25,4.9
2008-07-28,4.8
2008-07-29,4.8
2008-07-30,4.8
2008-07-31,4.85
2008-08-01,4.9
2008-08-04,4.85
2008-08-05,4.8
2008-08-06,4.8
2008-08-07,4.85
2008-08-08,4.95
2008-08-11,5.05
2008-08-13,5.1
2008-08-14,5.25
2008-08-15,5.3
2008-08-18,5.25
2008-08-19,5.0
2008-08-20,5.05
2008-08-21,5.0
2008-08-22,5.0
2008-08-25,5.0
2008-08-26,4.8
2008-08-27,4.8
2008-08-28,4.8
2008-08-29,4.85
2008-09-01,4.8
2008-09-02,4.85
2008-09-03,4.85
2008-09-04,4.95
2008-09-05,4.95
2008-09-08,5.0
2008-09-09,5.05
2008-09-10,5.1
2008-09-11,5.1
2008-09-12,5.1
2008-09-15,5.05
2008-09-16,4.95
2008-09-17,4.85
2008-09-18,4.8
2008-09-19,4.9
2008-09-22,4.95
2008-09-23,4.85
2008-09-24,4.9
2008-09-25,4.8
2008-09-26,4.9
2008-09-29,4.85
2008-09-30,4.8
2008-10-01,4.9
2008-10-02,4.8
2008-10-03,4.8
2008-10-06,4.699999999999999
2008-10-07,4.6
2008-10-08,4.4
2008-10-09,4.2
2008-10-10,4.15
2008-10-13,3.95
2008-10-14,4.300000000000001
2008-10-15,4.2
2008-10-16,4.300000000000001
2008-10-17,4.25
2008-10-20,4.300000000000001
2008-10-21,4.4
2008-10-22,4.35
2008-10-24,4.2
2008-10-27,3.55
2008-10-28,3.55
2008-10-29,3.6500000000000004
2008-10-30,3.75
2008-10-31,3.75
2008-11-03,3.8499999999999996
2008-11-04,3.9
2008-11-05,3.9
2008-11-06,3.95
2008-11-07,3.95
2008-11-10,4.3
2008-11-11,4.0
2008-11-12,3.95
2008-11-13,3.8499999999999996
2008-11-14,3.8
2008-11-17,3.9
2008-11-18,3.9
2008-11-19,3.7
2008-11-20,3.5
2008-11-21,3.6500000000000004
2008-11-24,3.5
2008-11-25,3.5
2008-11-26,4.1
2008-11-27,3.6500000000000004
2008-11-28,3.7
2008-12-01,3.6500000000000004
2008-12-02,3.7
2008-12-03,3.7
2008-12-04,3.7
2008-12-08,3.7
2008-12-09,3.7
2008-12-11,3.7
2008-12-12,3.7
2008-12-15,3.7
2008-12-16,3.7
2008-12-17,3.8499999999999996
2008-12-18,3.8
2008-12-19,3.8
2008-12-22,3.75
2008-12-23,3.75
2008-12-24,3.8
2008-12-25,3.8
2008-12-26,3.75
2008-12-29,3.8
2008-12-30,3.75
2009-01-02,3.7
2009-01-05,3.75
2009-01-06,3.8
2009-01-07,3.95
2009-01-08,3.9
2009-01-09,4.0
2009-01-12,3.9
2009-01-13,3.8499999999999996
2009-01-14,3.8
2009-01-15,3.8
2009-01-16,3.9
2009-01-19,3.9
2009-01-20,3.9
2009-01-21,4.0
2009-01-22,3.95
2009-01-23,4.0
2009-01-26,4.0
2009-01-27,4.0
2009-01-28,4.0
2009-01-29,4.0
2009-01-30,4.05
2009-02-02,4.1
2009-02-03,4.2
2009-02-04,4.3
2009-02-05,4.35
2009-02-06,4.4
2009-02-10,4.3
2009-02-11,4.25
2009-02-12,4.3
2009-02-13,4.3
2009-02-16,4.3
2009-02-17,4.25
2009-02-18,4.25
2009-02-19,4.25
2009-02-20,4.2
2009-02-23,4.2
2009-02-24,4.1
2009-02-25,4.25
2009-02-26,4.199999999999999
2009-02-27,4.4
2009-03-02,3.8499999999999996
2009-03-03,3.8
2009-03-04,3.9
2009-03-05,4.0
2009-03-06,4.1
2009-03-09,4.1
2009-03-10,4.15
2009-03-11,4.0
2009-03-12,4.1
2009-03-13,4.0
2009-03-16,4.0
2009-03-17,4.0
2009-03-18,4.0
2009-03-19,4.0
2009-03-20,4.05
2009-03-23,4.2
2009-03-24,4.05
2009-03-25,4.1
2009-03-26,4.15
2009-03-27,4.2
2009-03-30,4.15
2009-03-31,4.2
2009-04-01,4.2
2009-04-02,4.15
2009-04-03,4.15
2009-04-07,4.2
2009-04-08,4.15
2009-04-09,4.15
2009-04-10,4.1
2009-04-16,4.15
2009-04-17,4.1
2009-04-20,4.15
2009-04-21,4.15
2009-04-22,4.2
2009-04-23,4.2
2009-04-24,4.2
2009-04-27,4.15
2009-04-28,4.1
2009-04-29,4.1
2009-04-30,4.1
2009-05-04,4.1
2009-05-06,4.15
2009-05-07,4.2
2009-05-11,4.15
2009-05-12,4.15
2009-05-13,4.15
2009-05-14,4.15
2009-05-15,4.1
2009-05-18,4.1
2009-05-19,4.15
2009-05-20,4.2
2009-05-21,4.15
2009-05-22,4.1
2009-05-25,4.1
2009-05-26,4.1
2009-05-27,4.2
2009-05-28,4.2
2009-05-29,4.15
2009-06-01,4.2
2009-06-02,4.15
2009-06-03,4.1
2009-06-04,4.05
2009-06-05,4.1
2009-06-08,4.1
2009-06-09,4.1
2009-06-10,4.1
2009-06-11,4.1
2009-06-12,4.1
2009-06-15,4.05
2009-06-16,4.0
2009-06-17,4.0
2009-06-18,4.05
2009-06-19,4.15
2009-06-22,4.2
2009-06-23,4.15
2009-06-24,4.15
2009-06-25,4.1
2009-06-26,4.15
2009-06-29,4.1
2009-06-30,4.1
2009-07-02,4.15
2009-07-03,4.15
2009-07-06,4.2
2009-07-08,4.15
2009-07-09,4.15
2009-07-10,4.1
2009-07-13,4.1
2009-07-14,4.15
2009-07-15,4.15
2009-07-16,4.1
2009-07-17,4.2
2009-07-20,4.2
2009-07-21,4.2
2009-07-22,4.15
2009-07-23,4.15
2009-07-24,4.2
2009-07-27,4.2
2009-07-28,4.2
2009-07-29,4.2
2009-07-30,4.2
2009-07-31,4.2
2009-08-03,4.2
2009-08-04,4.2
2009-08-05,4.2
2009-08-06,4.2
2009-08-07,4.2
2009-08-10,4.2
2009-08-11,4.300000000000001
2009-08-13,4.2
2009-08-14,4.2
2009-08-17,4.2
2009-08-18,4.2
2009-08-19,4.2
2009-08-20,4.2
2009-08-21,4.25
2009-08-24,4.2
2009-08-25,4.15
2009-08-26,4.15
2009-08-27,4.2
2009-08-28,4.2
2009-08-31,4.2
2009-09-01,4.2
2009-09-02,4.1
2009-09-03,4.2
2009-09-04,4.2
2009-09-07,4.2
2009-09-08,4.2
2009-09-09,4.2
2009-09-10,4.2
2009-09-11,4.2
2009-09-14,4.2
2009-09-15,4.2
2009-09-16,4.2
2009-09-17,4.2
2009-09-18,4.2
2009-09-21,4.2
2009-09-22,4.2
2009-09-23,4.2
2009-09-24,4.2
2009-09-25,4.3
2009-09-28,4.25
2009-09-29,4.3
2009-09-30,4.35
2009-10-01,4.25
2009-10-02,4.25
2009-10-05,4.3
2009-10-06,4.3
2009-10-07,4.3
2009-10-08,4.35
2009-10-09,4.4
2009-10-12,4.35
2009-10-13,4.4
2009-10-14,4.35
2009-10-15,4.3
2009-10-16,4.3
2009-10-19,4.3
2009-10-20,4.3
2009-10-21,4.3
2009-10-22,4.3
2009-10-26,4.3
2009-10-27,4.3
2009-10-28,4.3
2009-10-29,4.3
2009-10-30,4.3
2009-11-02,4.3
2009-11-03,4.3
2009-11-04,4.3
2009-11-05,4.3
2009-11-06,4.3
2009-11-09,4.35
2009-11-10,4.3
2009-11-11,4.3
2009-11-12,4.3
2009-11-13,4.4
2009-11-16,4.65
2009-11-17,4.65
2009-11-18,4.65
2009-11-19,4.65
2009-11-20,4.6
2009-11-23,4.5
2009-11-24,4.550000000000001
2009-11-25,4.45
2009-11-26,4.5
2009-11-27,4.5
2009-11-30,4.5
2009-12-01,4.55
2009-12-02,4.6
2009-12-03,4.6
2009-12-04,4.6
2009-12-08,4.6
2009-12-09,4.6
2009-12-11,4.6
2009-12-14,4.6
2009-12-15,4.6
2009-12-16,4.6
2009-12-17,4.6
2009-12-18,4.6
2009-12-21,4.6
2009-12-22,4.6
2009-12-23,4.6
2009-12-24,4.6
2009-12-25,4.65
2009-12-28,4.65
2009-12-29,4.65
2009-12-30,4.6
2010-01-04,4.65
2010-01-05,4.75
2010-01-06,4.8
2010-01-07,4.9
2010-01-08,4.95
2010-01-11,4.9
2010-01-12,4.95
2010-01-13,5.0
2010-01-14,4.95
2010-01-15,5.05
2010-01-18,5.3
2010-01-19,5.4
2010-01-20,5.25
2010-01-21,5.3
2010-01-22,5.3
2010-01-25,5.3
2010-01-26,5.3
2010-01-27,5.25
2010-01-28,5.050000000000001
2010-01-29,4.85
2010-02-01,4.9
2010-02-02,4.95
2010-02-03,4.9
2010-02-04,4.9
2010-02-05,4.8
2010-02-08,4.8
2010-02-09,4.8
2010-02-10,4.85
2010-02-11,4.95
2010-02-12,4.9
2010-02-15,4.95
2010-02-16,4.9
2010-02-17,4.95
2010-02-18,4.95
2010-02-19,5.0
2010-02-22,5.0
2010-02-23,5.0
2010-02-24,5.05
2010-02-25,5.05
2010-02-26,5.0
2010-03-02,5.05
2010-03-03,5.05
2010-03-04,5.0
2010-03-05,5.05
2010-03-08,5.1
2010-03-09,5.1
2010-03-10,5.1
2010-03-11,5.15
2010-03-12,5.25
2010-03-15,5.3
2010-03-16,5.3
2010-03-17,5.3
2010-03-18,5.25
2010-03-19,5.25
2010-03-22,5.3
2010-03-23,5.3
2010-03-24,5.3
2010-03-25,5.3
2010-03-26,5.3
2010-03-29,5.3
2010-03-30,5.3
2010-03-31,5.3
2010-04-01,5.35
2010-04-02,5.45
2010-04-05,5.5
2010-04-07,5.45
2010-04-08,5.45
2010-04-09,5.5
2010-04-12,5.45
2010-04-16,5.35
2010-04-19,5.3
2010-04-20,5.4
2010-04-21,5.4
2010-04-22,5.5
2010-04-23,5.55
2010-04-26,5.55
2010-04-27,5.55
2010-04-28,5.5
2010-04-29,5.45
2010-04-30,5.5
2010-05-04,5.55
2010-05-06,5.800000000000001
2010-05-07,5.9
2010-05-10,5.8
2010-05-11,5.9
2010-05-12,5.8
2010-05-13,5.8
2010-05-14,6.2
2010-05-17,6.5
2010-05-18,7.35
2010-05-19,7.800000000000001
2010-05-20,7.716666666666667
2010-05-21,7.633333333333334
2010-05-24,7.55
2010-05-25,7.1
2010-05-26,7.0
2010-05-27,7.15
2010-05-31,7.300000000000001
2010-06-01,7.15
2010-06-02,7.1
2010-06-03,7.25
2010-06-04,7.25
2010-06-07,7.35
2010-06-08,7.300000000000001
2010-06-09,7.4
2010-06-10,7.550000000000001
2010-06-11,7.35
2010-06-14,7.3
2010-06-15,7.3
2010-06-16,7.35
2010-06-17,7.35
2010-06-18,7.35
2010-06-21,7.45
2010-06-22,7.4
2010-06-23,7.4
2010-06-24,7.25
2010-06-25,7.1
2010-06-28,7.55
2010-06-29,9.0
2010-06-30,9.600000000000001
2010-07-02,10.1
2010-07-05,10.95
2010-07-06,11.95
2010-07-07,13.45
2010-07-08,12.95
2010-07-09,12.95
2010-07-12,12.95
2010-07-13,13.3
2010-07-14,13.9
2010-07-15,14.25
2010-07-16,15.3
2010-07-19,16.75
2010-07-20,16.9
2010-07-21,16.799999999999997
2010-07-22,17.15
2010-07-23,16.4
2010-07-27,16.0
2010-07-28,15.3
2010-07-29,14.899999999999999
2010-07-30,15.0
2010-08-02,15.65
2010-08-03,15.9
2010-08-04,15.9
2010-08-05,15.85
2010-08-06,16.1
2010-08-09,16.299999999999997
2010-08-10,16.1
2010-08-11,16.1
2010-08-16,16.15
2010-08-17,16.450000000000003
2010-08-18,16.65
2010-08-19,16.799999999999997
2010-08-20,16.85
2010-08-23,16.85
2010-08-24,16.450000000000003
2010-08-25,16.15
2010-08-26,16.15
2010-08-27,16.35
2010-08-30,16.85
2010-08-31,17.4
2010-09-01,17.7
2010-09-02,17.450000000000003
2010-09-03,17.1
2010-09-06,16.299999999999997
2010-09-07,15.850000000000001
2010-09-08,15.850000000000001
2010-09-09,16.05
2010-09-10,16.0
2010-09-13,16.15
2010-09-14,16.45
2010-09-15,16.35
2010-09-16,16.2
2010-09-17,16.15
2010-09-20,16.05
2010-09-21,16.35
2010-09-22,16.75
2010-09-23,16.799999999999997
2010-09-24,16.85
2010-09-27,16.799999999999997
2010-09-28,16.799999999999997
2010-09-29,16.85
2010-09-30,16.75
2010-10-01,16.700000000000003
2010-10-04,16.4
2010-10-05,16.35
2010-10-06,16.4
2010-10-07,16.450000000000003
2010-10-08,16.75
2010-10-11,16.85
2010-10-12,16.700000000000003
2010-10-13,16.65
2010-10-14,16.7
2010-10-15,16.7
2010-10-18,16.65
2010-10-19,16.700000000000003
2010-10-20,16.7
2010-10-21,17.75
2010-10-22,19.35
2010-10-26,19.950000000000003
2010-10-27,19.25
2010-10-28,19.7
2010-10-29,20.0
2010-11-01,20.5
2010-11-02,21.55
2010-11-03,22.1
2010-11-04,22.15
2010-11-05,22.35
2010-11-08,21.65
2010-11-09,21.35
2010-11-10,20.35
2010-11-11,19.15
2010-11-12,18.4
2010-11-15,16.5
2010-11-16,16.25
2010-11-17,16.200000000000003
2010-11-18,16.25
2010-11-19,16.15
2010-11-22,16.2
2010-11-23,16.799999999999997
2010-11-24,17.25
2010-11-25,17.15
2010-11-26,16.95
2010-11-29,16.9
2010-11-30,17.1
2010-12-01,17.5
2010-12-02,18.299999999999997
2010-12-03,19.45
2010-12-07,19.35
2010-12-08,18.6
2010-12-09,18.45
2010-12-13,18.2
2010-12-14,17.6
2010-12-15,17.35
2010-12-16,17.35
2010-12-17,17.25
2010-12-20,17.05
2010-12-21,16.700000000000003
2010-12-22,16.8
2010-12-23,16.95
2010-12-24,17.049999999999997
2010-12-27,16.950000000000003
2010-12-28,16.85
2010-12-29,16.85
2010-12-30,17.0
2011-01-04,17.049999999999997
2011-01-05,16.85
2011-01-06,17.6
2011-01-07,17.85
2011-01-10,17.1
2011-01-11,17.1
2011-01-12,17.200000000000003
2011-01-13,17.15
2011-01-14,17.05
2011-01-17,16.950000000000003
2011-01-18,16.65
2011-01-19,16.4
2011-01-20,16.25
2011-01-21,15.85
2011-01-24,15.35
2011-01-25,15.0
2011-01-26,15.2
2011-01-27,15.45
2011-01-28,15.55
2011-01-31,15.1
2011-02-01,15.0
2011-02-02,15.15
2011-02-03,15.5
2011-02-04,15.5
2011-02-07,15.2
2011-02-08,15.3
2011-02-09,15.1
2011-02-10,14.85
2011-02-11,14.7
2011-02-14,14.95
2011-02-15,15.399999999999999
2011-02-16,15.399999999999999
2011-02-17,15.5
2011-02-18,15.575
2011-02-21,15.649999999999999
2011-02-22,15.55
2011-02-23,15.850000000000001
2011-02-24,15.8
2011-02-25,15.75
2011-02-28,15.75
2011-03-01,15.75
2011-03-02,15.8
2011-03-03,15.8
2011-03-04,15.8
2011-03-07,15.7
2011-03-08,15.6
2011-03-09,15.75
2011-03-10,15.75
2011-03-11,15.5
2011-03-14,15.55
2011-03-15,15.45
2011-03-16,15.600000000000001
2011-03-17,16.15
2011-03-21,16.25
2011-03-22,15.95
2011-03-23,15.850000000000001
2011-03-24,15.95
2011-03-25,16.05
2011-03-28,16.05
2011-03-29,16.1
2011-03-30,16.1
2011-03-31,16.15
2011-04-01,16.15
2011-04-04,16.4
2011-04-05,16.75
2011-04-07,17.25
2011-04-08,17.1
2011-04-11,16.799999999999997
2011-04-12,16.65
2011-04-18,16.9
2011-04-19,17.05
2011-04-20,17.6
2011-04-21,18.0
2011-04-22,17.799999999999997
2011-04-25,18.3
2011-04-26,18.6
2011-04-27,18.55
2011-04-28,18.55
2011-04-29,18.45
2011-05-03,18.2
2011-05-04,17.85
2011-05-06,17.6
2011-05-09,17.8
2011-05-10,17.55
2011-05-11,17.950000000000003
2011-05-12,18.25
2011-05-13,18.15
2011-05-18,18.200000000000003
2011-05-19,18.15
2011-05-20,18.1
2011-05-23,18.1
2011-05-24,18.05
2011-05-25,18.1
2011-05-26,18.1
2011-05-27,18.1
2011-05-30,17.9
2011-05-31,18.05
2011-06-01,17.950000000000003
2011-06-02,17.75
2011-06-03,18.0
2011-06-06,18.05
2011-06-07,17.95
2011-06-08,17.75
2011-06-09,17.549999999999997
2011-06-10,17.45
2011-06-13,17.299999999999997
2011-06-14,17.4
2011-06-15,17.55
2011-06-16,17.45
2011-06-17,17.9
2011-06-20,18.1
2011-06-21,17.85
2011-06-22,17.8
2011-06-23,17.5
2011-06-24,17.65
2011-06-27,17.55
2011-06-28,17.4
2011-06-29,17.4
2011-06-30,17.6
2011-07-04,17.9
2011-07-05,18.0
2011-07-06,18.0
2011-07-07,18.15
2011-07-08,18.6
2011-07-11,18.9
2011-07-12,18.65
2011-07-13,18.7
2011-07-14,19.0
2011-07-18,19.0
2011-07-19,19.15
2011-07-20,19.5
2011-07-21,19.55
2011-07-22,19.7
2011-07-25,19.75
2011-07-26,19.549999999999997
2011-07-27,19.25
2011-07-28,19.35
2011-07-29,19.65
2011-08-01,19.75
2011-08-02,19.95
2011-08-03,19.799999999999997
2011-08-04,20.15
2011-08-05,20.25
2011-08-08,20.6
2011-08-09,20.65
2011-08-10,21.4
2011-08-11,22.0
2011-08-15,22.65
2011-08-16,23.55
2011-08-17,23.65
2011-08-18,22.95
2011-08-19,22.700000000000003
2011-08-22,23.0
2011-08-23,23.0
2011-08-24,22.75
2011-08-25,22.1
2011-08-26,21.65
2011-08-29,21.950000000000003
2011-08-30,21.85
2011-08-31,21.95
2011-09-01,22.0
2011-09-02,21.95
2011-09-05,21.65
2011-09-06,21.5
2011-09-07,21.85
2011-09-08,22.2
2011-09-09,22.299999999999997
2011-09-12,21.85
2011-09-13,21.5
2011-09-14,21.35
2011-09-15,21.5
2011-09-16,21.6
2011-09-19,21.45
2011-09-20,21.35
2011-09-21,21.35
2011-09-22,21.200000000000003
2011-09-23,20.6
2011-09-26,19.75
2011-09-27,19.1
2011-09-28,18.95
2011-09-29,18.799999999999997
2011-09-30,18.9
2011-10-03,18.35
2011-10-04,18.15
2011-10-05,18.25
2011-10-06,18.5
2011-10-07,18.65
2011-10-10,18.450000000000003
2011-10-11,19.15
2011-10-12,19.2
2011-10-13,19.200000000000003
2011-10-14,19.0
2011-10-17,18.95
2011-10-18,18.45
2011-10-19,18.35
2011-10-20,18.25
2011-10-21,18.450000000000003
2011-10-25,18.200000000000003
2011-10-26,18.05
2011-10-27,18.55
2011-10-28,18.75
2011-10-31,18.85
2011-11-01,18.8
2011-11-02,18.35
2011-11-03,18.25
2011-11-04,18.25
2011-11-07,18.25
2011-11-08,18.35
2011-11-09,18.5
2011-11-10,18.6
2011-11-11,18.65
2011-11-14,18.55
2011-11-15,18.799999999999997
2011-11-16,19.05
2011-11-17,19.4
2011-11-18,19.8
2011-11-21,19.85
2011-11-22,20.35
2011-11-23,20.549999999999997
2011-11-24,20.450000000000003
2011-11-25,20.5
2011-11-28,20.55
2011-11-29,20.799999999999997
2011-11-30,21.15
2011-12-01,21.95
2011-12-02,22.200000000000003
2011-12-06,22.299999999999997
2011-12-07,22.5
2011-12-08,22.450000000000003
2011-12-09,22.15
2011-12-13,22.15
2011-12-14,22.1
2011-12-15,22.0
2011-12-16,22.35
2011-12-19,22.1
2011-12-20,21.95
2011-12-21,22.55
2011-12-22,23.05
2011-12-23,24.450000000000003
2011-12-26,25.6
2011-12-27,25.8
2011-12-28,25.6
2011-12-29,25.5
2011-12-30,26.3
2012-01-04,27.5
2012-01-05,28.15
2012-01-06,27.799999999999997
2012-01-09,27.799999999999997
2012-01-10,27.9
2012-01-11,28.6
2012-01-12,29.1
2012-01-13,29.75
2012-01-16,29.65
2012-01-17,29.65
2012-01-18,29.4
2012-01-19,29.3
2012-01-20,28.35
2012-01-23,28.049999999999997
2012-01-24,27.5
2012-01-25,27.35
2012-01-26,27.5
2012-01-27,27.6
2012-01-30,27.35
2012-01-31,27.2
2012-02-01,28.05
2012-02-02,28.35
2012-02-03,28.85
2012-02-06,29.65
2012-02-07,29.75
2012-02-08,30.549999999999997
2012-02-09,30.549999999999997
2012-02-10,30.65
2012-02-13,32.3
2012-02-14,32.099999999999994
2012-02-15,31.6
2012-02-16,31.4
2012-02-17,31.6
2012-02-20,30.75
2012-02-21,30.4
2012-02-22,30.549999999999997
2012-02-23,30.4
2012-02-24,31.5
2012-02-27,31.599999999999998
2012-02-28,31.1
2012-02-29,31.5
2012-03-01,31.95
2012-03-02,32.849999999999994
2012-03-05,32.95
2012-03-06,33.0
2012-03-08,33.3
2012-03-09,33.3
2012-03-12,33.75
2012-03-13,34.35
2012-03-14,34.35
2012-03-15,35.4
2012-03-16,36.0
2012-03-19,36.3
2012-03-20,36.2
2012-03-21,36.2
2012-03-22,35.400000000000006
2012-03-23,34.95
2012-03-26,35.2
2012-03-27,35.65
2012-03-28,35.75
2012-03-29,35.75
2012-03-30,36.95
2012-04-02,38.45
2012-04-03,38.55
2012-04-04,37.8
2012-04-05,36.65
2012-04-10,36.25
2012-04-11,35.65
2012-04-12,36.45
2012-04-17,37.1
2012-04-18,37.25
2012-04-19,37.0
2012-04-20,37.25
2012-04-23,37.25
2012-04-24,37.7
2012-04-25,38.3
2012-04-26,38.8
2012-04-27,39.1
2012-04-30,39.4
2012-05-02,40.0
2012-05-03,39.9
2012-05-04,39.9
2012-05-08,39.55
2012-05-09,38.85
2012-05-10,38.65
2012-05-11,38.2
2012-05-14,37.349999999999994
2012-05-15,36.75
2012-05-16,36.8
2012-05-17,37.0
2012-05-18,36.2
2012-05-21,35.55
2012-05-22,35.1
2012-05-23,34.35
2012-05-24,34.1
2012-05-25,34.7
2012-05-28,35.75
2012-05-29,36.1
2012-05-30,35.65
2012-05-31,35.65
2012-06-01,35.8
2012-06-05,35.3
2012-06-06,35.3
2012-06-07,35.2
2012-06-08,35.2
2012-06-11,36.25
2012-06-12,36.55
2012-06-13,36.7
2012-06-14,36.900000000000006
2012-06-15,36.9
2012-06-18,36.8
2012-06-19,36.65
2012-06-20,36.7
2012-06-21,36.650000000000006
2012-06-22,36.8
2012-06-25,36.4
2012-06-26,36.45
2012-06-27,37.0
2012-06-28,37.0
2012-06-29,37.25
2012-07-02,37.05
2012-07-03,36.8
2012-07-04,36.65
2012-07-05,36.55
2012-07-06,36.1
2012-07-09,35.75
2012-07-10,35.75
2012-07-11,36.2
2012-07-12,36.0
2012-07-13,36.1
2012-07-16,35.75
2012-07-17,35.9
2012-07-18,36.25
2012-07-19,38.099999999999994
2012-07-20,37.95
2012-07-23,36.8
2012-07-24,36.7
2012-07-25,36.55
2012-07-26,36.099999999999994
2012-07-27,36.1
2012-07-30,35.9
2012-07-31,36.45
2012-08-01,36.8
2012-08-03,37.0
2012-08-06,37.25
2012-08-07,37.599999999999994
2012-08-08,37.6
2012-08-09,37.8
2012-08-10,37.7
2012-08-14,37.45
2012-08-15,37.1
2012-08-16,38.4
2012-08-17,39.55
2012-08-20,39.4
2012-08-21,39.2
2012-08-22,38.9
2012-08-23,40.75
2012-08-24,42.9
2012-08-27,44.05
2012-08-28,42.8
2012-08-29,41.5
2012-08-30,40.95
2012-08-31,41.1
2012-09-03,41.9
2012-09-04,42.75
2012-09-05,43.349999999999994
2012-09-06,44.2
2012-09-07,44.55
2012-09-10,43.95
2012-09-11,43.5
2012-09-12,43.8
2012-09-13,44.75
2012-09-14,46.6
2012-09-17,47.05
2012-09-18,46.599999999999994
2012-09-19,46.6
2012-09-20,46.599999999999994
2012-09-21,48.2
2012-09-24,50.150000000000006
2012-09-25,50.75
2012-09-26,50.95
2012-09-27,52.400000000000006
2012-09-28,53.15
2012-10-01,53.75
2012-10-02,58.25
2012-10-03,61.5
2012-10-04,61.349999999999994
2012-10-05,60.1
2012-10-08,58.25
2012-10-09,57.099999999999994
2012-10-10,56.6
2012-10-11,57.9
2012-10-12,57.2
2012-10-15,56.95
2012-10-16,57.05
2012-10-17,57.3
2012-10-18,59.55
2012-10-19,60.45
2012-10-22,59.6
2012-10-24,59.7
2012-10-25,58.95
2012-10-26,57.900000000000006
2012-10-29,56.75
2012-10-30,57.3
2012-10-31,58.599999999999994
2012-11-01,58.599999999999994
2012-11-02,58.95
2012-11-05,60.0
2012-11-06,60.8
2012-11-07,59.85
2012-11-08,58.85
2012-11-09,57.099999999999994
2012-11-12,55.6
2012-11-13,55.25
2012-11-14,56.1
2012-11-15,55.0
2012-11-16,54.1
2012-11-19,52.900000000000006
2012-11-20,51.8
2012-11-21,51.55
2012-11-22,51.55
2012-11-23,50.5
2012-11-26,49.7
2012-11-27,49.25
2012-11-28,49.15
2012-11-29,51.45
2012-11-30,53.2
2012-12-03,54.2
2012-12-04,53.75
2012-12-06,54.15
2012-12-07,53.85
2012-12-11,53.2
2012-12-12,52.6
2012-12-13,51.900000000000006
2012-12-14,51.75
2012-12-17,52.0
2012-12-18,54.349999999999994
2012-12-19,56.65
2012-12-20,56.3
2012-12-21,54.75
2012-12-24,55.45
2012-12-25,55.35
2012-12-26,55.75
2012-12-27,56.6
2012-12-28,57.0
2013-01-02,56.8
2013-01-03,56.85
2013-01-04,56.95
2013-01-07,58.7
2013-01-08,59.75
2013-01-09,60.45
2013-01-10,59.4
2013-01-11,59.2
2013-01-14,59.6
2013-01-15,60.2
2013-01-16,61.25
2013-01-17,62.599999999999994
2013-01-18,62.2
2013-01-21,63.3
2013-01-22,64.6
2013-01-23,63.35
2013-01-24,63.1
2013-01-25,62.75
2013-01-28,62.2
2013-01-29,64.1
2013-01-30,68.30000000000001
2013-01-31,69.65
2013-02-01,73.6
2013-02-04,80.05000000000001
2013-02-05,80.25
2013-02-06,79.5
2013-02-07,80.4
2013-02-08,81.65
2013-02-11,80.85
2013-02-12,80.6
2013-02-13,82.15
2013-02-14,83.4
2013-02-15,83.25
2013-02-18,83.15
2013-02-19,82.1
2013-02-20,81.55000000000001
2013-02-21,80.65
2013-02-22,80.5
2013-02-26,78.6
2013-02-27,77.25
2013-02-28,79.95
2013-03-01,80.05000000000001
2013-03-04,79.6
2013-03-05,82.1
2013-03-06,82.85
2013-03-07,81.2
2013-03-08,80.5
2013-03-11,79.6
2013-03-12,79.85
2013-03-13,79.8
2013-03-14,81.55
2013-03-15,81.5
2013-03-18,79.1
2013-03-19,78.19999999999999
2013-03-20,75.0
2013-03-21,73.45
2013-03-22,70.7
2013-03-25,70.15
2013-03-26,70.1
2013-03-27,71.5
2013-03-28,71.5
2013-03-29,71.4
2013-04-01,70.7
2013-04-02,68.4
2013-04-03,65.4
2013-04-04,61.7
2013-04-05,60.6
2013-04-09,58.4
2013-04-10,59.150000000000006
2013-04-11,61.8
2013-04-12,62.2
2013-04-17,61.650000000000006
2013-04-18,61.7
2013-04-19,63.7
2013-04-22,66.9
2013-04-23,67.05000000000001
2013-04-24,66.55000000000001
2013-04-25,66.55000000000001
2013-04-26,66.65
2013-04-29,66.80000000000001
2013-04-30,67.6
2013-05-02,68.15
2013-05-03,67.7
2013-05-07,66.1
2013-05-08,65.4
2013-05-09,65.4
2013-05-10,63.7
2013-05-13,61.5
2013-05-14,61.900000000000006
2013-05-15,63.2
2013-05-16,62.55
2013-05-17,60.9
2013-05-20,60.9
2013-05-21,59.5
2013-05-22,59.1
2013-05-23,58.45
2013-05-27,57.5
2013-05-28,56.95
2013-05-29,56.900000000000006
2013-05-30,54.9
2013-05-31,54.0
2013-06-03,53.5
2013-06-04,53.5
2013-06-05,54.35
2013-06-06,53.85
2013-06-07,53.5
2013-06-10,55.5
2013-06-11,53.55
2013-06-12,52.099999999999994
2013-06-13,49.0
2013-06-14,50.05
2013-06-17,51.2
2013-06-18,49.6
2013-06-19,48.55
2013-06-20,45.650000000000006
2013-06-21,45.1
2013-06-24,42.65
2013-06-25,42.099999999999994
2013-06-26,44.150000000000006
2013-06-27,46.25
2013-06-28,46.35
2013-07-02,45.349999999999994
2013-07-03,42.45
2013-07-04,41.55
2013-07-05,41.4
2013-07-08,39.45
2013-07-09,38.95
2013-07-10,38.15
2013-07-11,39.2
2013-07-12,40.25
2013-07-15,41.5
2013-07-16,42.2
2013-07-17,42.0
2013-07-18,42.0
2013-07-19,42.2
2013-07-23,43.95
2013-07-24,45.45
2013-07-25,43.45
2013-07-26,43.5
2013-07-29,42.75
2013-07-30,42.55
2013-07-31,40.849999999999994
2013-08-01,40.75
2013-08-02,40.0
2013-08-05,39.55
2013-08-06,39.7
2013-08-07,40.25
2013-08-08,41.75
2013-08-09,42.2
2013-08-13,43.0
2013-08-14,43.95
2013-08-15,43.25
2013-08-16,42.45
2013-08-19,40.95
2013-08-20,39.55
2013-08-21,38.2
2013-08-22,37.5
2013-08-23,37.8
2013-08-26,37.25
2013-08-27,34.8
2013-08-28,32.75
2013-08-29,33.900000000000006
2013-08-30,34.95
2013-09-02,35.4
2013-09-03,35.1
2013-09-04,34.25
2013-09-05,33.7
2013-09-06,35.65
2013-09-09,38.3
2013-09-10,38.45
2013-09-11,39.8
2013-09-12,40.7
2013-09-13,39.8
2013-09-16,41.65
2013-09-17,42.65
2013-09-18,44.2
2013-09-19,47.05
2013-09-20,47.55
2013-09-23,45.2
2013-09-24,43.45
2013-09-25,44.4
2013-09-26,43.400000000000006
2013-09-27,43.5
2013-09-30,41.5
2013-10-01,42.25
2013-10-02,43.25
2013-10-03,44.65
2013-10-04,44.75
2013-10-07,43.8
2013-10-08,43.95
2013-10-09,44.3
2013-10-10,44.3
2013-10-11,45.2
2013-10-14,44.8
2013-10-15,46.15
2013-10-16,47.05
2013-10-17,46.400000000000006
2013-10-18,47.05
2013-10-21,47.25
2013-10-22,46.75
2013-10-24,47.65
2013-10-25,47.55
2013-10-28,47.15
2013-10-29,47.05
2013-10-30,46.599999999999994
2013-10-31,45.45
2013-11-01,44.65
2013-11-04,42.8
2013-11-05,43.0
2013-11-06,43.95
2013-11-07,44.2
2013-11-08,43.349999999999994
2013-11-11,41.85
2013-11-12,42.55
2013-11-13,41.8
2013-11-14,41.75
2013-11-15,42.45
2013-11-18,43.4
2013-11-19,43.25
2013-11-20,42.45
2013-11-21,41.65
2013-11-22,42.0
2013-11-25,41.75
2013-11-26,42.099999999999994
2013-11-27,42.3
2013-11-28,42.4
2013-11-29,41.8
2013-12-02,41.75
2013-12-03,42.0
2013-12-04,41.55
2013-12-06,40.95
2013-12-09,40.599999999999994
2013-12-11,40.35
2013-12-12,39.900000000000006
2013-12-13,39.65
2013-12-16,39.35
2013-12-17,39.55
2013-12-18,39.65
2013-12-19,39.45
2013-12-20,40.25
2013-12-23,41.65
2013-12-24,42.35
2013-12-25,44.099999999999994
2013-12-26,44.55
2013-12-27,44.15
2014-01-02,43.849999999999994
2014-01-03,42.0
2014-01-06,41.3
2014-01-07,40.95
2014-01-08,41.05
2014-01-09,40.95
2014-01-10,40.35
2014-01-13,41.3
2014-01-14,42.9
2014-01-15,42.55
2014-01-16,43.1
2014-01-17,43.25
2014-01-20,43.15
2014-01-21,43.25
2014-01-22,42.900000000000006
2014-01-23,43.25
2014-01-24,43.85
2014-01-27,42.65
2014-01-28,41.849999999999994
2014-01-29,41.3
2014-01-30,41.75
2014-01-31,42.099999999999994
2014-02-03,42.35
2014-02-04,42.0
2014-02-05,42.3
2014-02-06,42.900000000000006
2014-02-07,43.5
2014-02-10,44.2
2014-02-11,43.95
2014-02-12,43.95
2014-02-13,43.6
2014-02-17,43.75
2014-02-18,44.2
2014-02-19,45.650000000000006
2014-02-20,45.55
2014-02-21,44.45
2014-02-24,43.6
2014-02-25,43.599999999999994
2014-02-26,42.900000000000006
2014-02-27,43.7
2014-02-28,44.05
2014-03-03,44.05
2014-03-04,44.75
2014-03-05,45.099999999999994
2014-03-06,44.85
2014-03-07,44.75
2014-03-10,45.650000000000006
2014-03-11,46.8
2014-03-12,46.0
2014-03-13,45.55
2014-03-14,45.4
2014-03-17,45.65
2014-03-18,45.650000000000006
2014-03-19,44.650000000000006
2014-03-20,43.95
2014-03-21,44.55
2014-03-24,44.65
2014-03-25,44.9
2014-03-26,45.2
2014-03-27,45.3
2014-03-28,45.45
2014-03-31,45.55
2014-04-01,45.8
2014-04-02,45.65
2014-04-03,45.3
2014-04-04,45.2
2014-04-08,45.15
2014-04-09,44.65
2014-04-10,45.2
2014-04-11,45.2
2014-04-16,45.650000000000006
2014-04-17,46.150000000000006
2014-04-18,45.55
2014-04-21,45.4
2014-04-22,45.45
2014-04-23,45.35
2014-04-24,44.9
2014-04-25,44.15
2014-04-28,43.5
2014-04-29,43.7
2014-04-30,43.95
2014-05-02,44.05
2014-05-06,43.6
2014-05-07,42.4
2014-05-08,41.4
2014-05-09,41.05
2014-05-12,41.2
2014-05-14,41.4
2014-05-15,40.85
2014-05-16,40.6
2014-05-19,40.6
2014-05-20,39.900000000000006
2014-05-21,40.25
2014-05-22,41.2
2014-05-23,40.95
2014-05-26,41.4
2014-05-27,41.65
2014-05-28,42.2
2014-05-29,42.3
2014-05-30,42.65
2014-06-02,43.5
2014-06-03,43.45
2014-06-04,43.25
2014-06-05,42.9
2014-06-06,42.7
2014-06-09,42.55
2014-06-10,42.65
2014-06-11,42.900000000000006
2014-06-12,42.7
2014-06-13,43.05
2014-06-16,43.7
2014-06-17,43.45
2014-06-18,42.9
2014-06-19,42.7
2014-06-20,42.55
2014-06-23,42.45
2014-06-24,42.1
2014-06-25,41.85
2014-06-26,42.45
2014-06-27,43.0
2014-06-30,43.4
2014-07-02,43.0
2014-07-03,42.55
2014-07-04,42.4
2014-07-07,42.0
2014-07-08,42.0
2014-07-09,42.95
2014-07-10,44.75
2014-07-14,45.3
2014-07-15,45.2
2014-07-16,46.6
2014-07-17,47.75
2014-07-18,48.349999999999994
2014-07-21,51.099999999999994
2014-07-22,51.75
2014-07-23,50.75
2014-07-24,50.65
2014-07-25,51.2
2014-07-28,53.55
2014-07-29,54.35
2014-07-30,52.5
2014-07-31,51.8
2014-08-01,50.6
2014-08-04,50.4
2014-08-05,50.7
2014-08-06,51.8
2014-08-07,52.0
2014-08-08,50.75
2014-08-13,51.2
2014-08-14,49.8
2014-08-15,48.9
2014-08-18,47.65
2014-08-19,47.05
2014-08-20,45.25
2014-08-21,45.0
2014-08-22,44.5
2014-08-25,44.9
2014-08-26,45.1
2014-08-27,45.0
2014-08-28,44.65
2014-08-29,44.2
2014-09-01,44.15
2014-09-02,43.599999999999994
2014-09-03,43.5
2014-09-04,43.6
2014-09-05,43.7
2014-09-08,44.1
2014-09-09,45.0
2014-09-10,45.35
2014-09-11,44.5
2014-09-12,44.3
2014-09-15,44.650000000000006
2014-09-16,43.849999999999994
2014-09-17,43.25
2014-09-18,42.8
2014-09-19,42.55
2014-09-22,42.55
2014-09-23,42.55
2014-09-24,42.3
2014-09-25,42.45
2014-09-26,43.0
2014-09-29,43.099999999999994
2014-09-30,42.45
2014-10-01,42.55
2014-10-02,42.3
2014-10-03,42.0
2014-10-06,41.85
2014-10-07,41.5
2014-10-08,41.05
2014-10-09,40.95
2014-10-10,40.8
2014-10-13,40.8
2014-10-14,40.95
2014-10-15,41.3
2014-10-16,41.2
2014-10-17,40.85
2014-10-20,40.85
2014-10-21,40.35
2014-10-22,40.15
2014-10-24,40.0
2014-10-27,40.05
2014-10-28,40.35
2014-10-29,40.5
2014-10-30,40.95
2014-10-31,41.65
2014-11-03,42.3
2014-11-04,42.0
2014-11-05,41.65
2014-11-06,41.4
2014-11-07,41.1
2014-11-10,40.6
2014-11-11,40.35
2014-11-12,40.0
2014-11-13,39.9
2014-11-14,40.25
2014-11-17,39.55
2014-11-18,39.1
2014-11-19,39.2
2014-11-20,39.0
2014-11-21,38.65
2014-11-24,39.0
2014-11-25,39.2
2014-11-26,38.75
2014-11-27,38.65
2014-11-28,38.65
2014-12-01,38.5
2014-12-02,38.65
2014-12-03,38.5
2014-12-04,38.55
2014-12-08,37.95
2014-12-09,37.4
2014-12-11,37.5
2014-12-12,36.8
2014-12-15,34.7
2014-12-16,35.4
2014-12-17,35.65
2014-12-18,35.85
2014-12-19,36.65
2014-12-22,37.25
2014-12-23,37.349999999999994
2014-12-24,36.8
2014-12-25,36.1
2014-12-26,36.65
2014-12-29,36.55
2014-12-30,37.05
2015-01-05,37.95
2015-01-06,37.15
2015-01-07,37.45
2015-01-08,38.4
2015-01-09,38.3
2015-01-12,37.85
2015-01-13,37.0
2015-01-14,36.45
2015-01-15,36.2
2015-01-16,35.9
2015-01-19,36.55
2015-01-20,36.45
2015-01-21,36.0
2015-01-22,36.2
2015-01-23,36.650000000000006
2015-01-26,37.15
2015-01-27,37.45
2015-01-28,37.8
2015-01-29,38.1
2015-01-30,37.7
2015-02-02,36.65
2015-02-03,37.15
2015-02-04,37.25
2015-02-05,37.05
2015-02-06,37.4
2015-02-09,36.900000000000006
2015-02-10,36.3
2015-02-11,36.45
2015-02-12,36.8
2015-02-13,36.55
2015-02-16,36.3
2015-02-17,36.4
2015-02-18,36.65
2015-02-19,36.45
2015-02-20,36.4
2015-02-23,36.35
2015-02-24,36.1
2015-02-25,36.4
2015-02-26,36.1
2015-02-27,36.1
2015-03-02,35.75
2015-03-03,35.05
2015-03-05,34.599999999999994
2015-03-06,34.75
2015-03-09,34.95
2015-03-10,34.150000000000006
2015-03-11,34.05
2015-03-12,34.0
2015-03-13,33.900000000000006
2015-03-16,33.2
2015-03-17,33.65
2015-03-18,34.05
2015-03-19,34.0
2015-03-20,33.75
2015-03-23,33.650000000000006
2015-03-24,33.2
2015-03-25,33.35
2015-03-26,32.55
2015-03-27,32.95
2015-03-30,33.349999999999994
2015-03-31,33.45
2015-04-01,34.25
2015-04-02,34.45
2015-04-03,34.7
2015-04-07,34.8
2015-04-08,33.900000000000006
2015-04-09,33.3
2015-04-10,33.1
2015-04-16,33.099999999999994
2015-04-17,33.1
2015-04-20,33.9
2015-04-21,34.25
2015-04-22,33.75
2015-04-23,33.55
2015-04-24,33.8
2015-04-27,33.9
2015-04-28,33.45
2015-04-29,33.25
2015-04-30,33.75
2015-05-04,34.3
2015-05-06,34.2
2015-05-07,33.55
2015-05-08,33.2
2015-05-11,33.0
2015-05-12,33.0
2015-05-13,32.95
2015-05-14,32.95
2015-05-15,33.4
2015-05-18,32.9
2015-05-19,33.0
2015-05-20,32.8
2015-05-21,32.9
2015-05-22,32.75
2015-05-25,32.55
2015-05-26,32.2
2015-05-27,32.2
2015-05-28,31.95
2015-05-29,32.2
2015-06-02,32.25
2015-06-03,31.85
2015-06-04,32.05
2015-06-05,32.65
2015-06-08,33.55
2015-06-09,34.35
2015-06-10,34.95
2015-06-11,35.55
2015-06-12,35.55
2015-06-15,35.4
2015-06-16,35.3
2015-06-17,34.349999999999994
2015-06-18,33.349999999999994
2015-06-19,32.3
2015-06-22,32.65
2015-06-23,33.45
2015-06-24,33.8
2015-06-25,33.65
2015-06-26,34.1
2015-06-29,33.55
2015-06-30,34.0
2015-07-02,33.9
2015-07-03,33.1
2015-07-06,32.55
2015-07-07,32.4
2015-07-08,32.3
2015-07-09,32.3
2015-07-10,32.3
2015-07-13,32.4
2015-07-14,32.8
2015-07-15,32.55
2015-07-16,32.3
2015-07-17,32.2
2015-07-20,32.3
2015-07-21,32.05
2015-07-22,31.700000000000003
2015-07-23,31.6
2015-07-24,31.4
2015-07-27,31.0
2015-07-28,30.9
2015-07-29,30.9
2015-07-31,30.9
2015-08-03,30.799999999999997
2015-08-04,30.9
2015-08-05,30.549999999999997
2015-08-06,30.4
2015-08-07,30.549999999999997
2015-08-10,30.299999999999997
2015-08-11,30.2
2015-08-13,29.75
2015-08-14,29.65
2015-08-17,29.55
2015-08-18,28.450000000000003
2015-08-19,28.75
2015-08-20,28.25
2015-08-21,28.0
2015-08-24,27.35
2015-08-25,27.0
2015-08-26,27.5
2015-08-27,27.7
2015-08-28,28.0
2015-08-31,27.9
2015-09-01,27.799999999999997
2015-09-02,27.6
2015-09-03,27.7
2015-09-04,27.6
2015-09-07,27.35
2015-09-08,27.6
2015-09-09,27.7
2015-09-10,27.799999999999997
2015-09-11,28.5
2015-09-14,28.6
2015-09-15,28.25
2015-09-16,28.25
2015-09-17,28.25
2015-09-18,28.25
2015-09-21,28.0
2015-09-22,27.9
2015-09-23,27.799999999999997
2015-09-24,27.9
2015-09-25,28.35
2015-09-28,28.950000000000003
2015-09-29,29.05
2015-09-30,30.65
2015-10-01,30.799999999999997
2015-10-02,29.95
2015-10-05,29.85
2015-10-06,30.1
2015-10-07,29.9
2015-10-08,30.0
2015-10-09,30.0
2015-10-12,30.299999999999997
2015-10-13,30.299999999999997
2015-10-14,30.9
2015-10-15,32.05
2015-10-16,32.55
2015-10-19,32.45
2015-10-20,32.55
2015-10-21,33.2
2015-10-22,33.55
2015-10-26,33.3
2015-10-27,33.7
2015-10-28,34.5
2015-10-29,33.900000000000006
2015-10-30,34.0
2015-11-02,34.35
2015-11-03,34.85
2015-11-04,34.5
2015-11-05,33.8
2015-11-06,33.55
2015-11-09,33.55
2015-11-10,32.95
2015-11-11,32.5
2015-11-12,33.2
2015-11-13,33.8
2015-11-16,34.0
2015-11-17,34.95
2015-11-18,35.4
2015-11-19,35.4
2015-11-20,35.4
2015-11-23,35.3
2015-11-24,34.599999999999994
2015-11-25,34.599999999999994
2015-11-26,34.4
2015-11-27,34.25
2015-11-30,34.25
2015-12-01,34.1
2015-12-02,34.0
2015-12-03,33.45
2015-12-04,33.25
2015-12-08,33.1
2015-12-09,32.05
2015-12-11,31.0
2015-12-14,30.299999999999997
2015-12-15,30.75
2015-12-16,31.15
2015-12-17,31.0
2015-12-18,30.65
2015-12-21,30.35
2015-12-22,30.549999999999997
2015-12-23,30.549999999999997
2015-12-24,30.7
2015-12-25,30.9
2015-12-28,31.700000000000003
2015-12-29,31.5
2015-12-30,32.05
2016-01-04,31.599999999999998
2016-01-05,30.799999999999997
2016-01-06,30.799999999999997
2016-01-07,30.549999999999997
2016-01-08,30.549999999999997
2016-01-11,30.1
2016-01-12,30.0
2016-01-13,30.799999999999997
2016-01-14,30.1
2016-01-15,29.75
2016-01-18,29.5
2016-01-19,30.7
2016-01-20,30.75
2016-01-21,30.549999999999997
2016-01-22,30.4
2016-01-25,30.65
2016-01-26,30.299999999999997
2016-01-27,30.299999999999997
2016-01-28,30.299999999999997
2016-01-29,30.65
2016-02-01,30.549999999999997
2016-02-02,30.299999999999997
2016-02-03,30.1
2016-02-04,30.2
2016-02-05,30.4
2016-02-08,34.6
2016-02-09,33.900000000000006
2016-02-10,33.45
2016-02-11,32.75
2016-02-12,31.5
2016-02-15,30.65
2016-02-16,32.75
2016-02-17,34.6
2016-02-18,34.75
2016-02-19,33.900000000000006
2016-02-23,33.8
2016-02-24,33.65
2016-02-25,33.65
2016-02-26,33.35
2016-02-29,33.55
2016-03-01,34.25
2016-03-02,34.599999999999994
2016-03-03,34.25
2016-03-04,34.35
2016-03-07,34.5
2016-03-08,34.0
2016-03-09,33.3
2016-03-10,34.15
2016-03-11,34.599999999999994
2016-03-14,34.349999999999994
2016-03-15,33.8
2016-03-16,34.15
2016-03-17,33.900000000000006
2016-03-18,33.8
2016-03-21,33.900000000000006
2016-03-22,33.65
2016-03-23,33.900000000000006
2016-03-24,34.0
2016-03-25,34.0
2016-03-28,33.65
2016-03-29,33.65
2016-03-30,33.55
2016-03-31,33.55
2016-04-01,33.0
2016-04-04,32.75
2016-04-05,32.65
2016-04-07,32.6
2016-04-08,32.65
2016-04-11,32.95
2016-04-12,33.55
2016-04-18,33.65
2016-04-19,33.55
2016-04-20,33.65
2016-04-21,34.0
2016-04-22,33.8
2016-04-25,33.8
2016-04-26,33.65
2016-04-27,34.400000000000006
2016-04-28,34.849999999999994
2016-04-29,34.5
2016-05-03,34.45
2016-05-04,34.0
2016-05-09,33.55
2016-05-10,32.85
2016-05-11,33.45
2016-05-12,32.85
2016-05-13,32.55
2016-05-16,33.0
2016-05-17,33.099999999999994
2016-05-18,33.0
2016-05-19,33.3
2016-05-23,33.400000000000006
2016-05-24,33.45
2016-05-25,34.25
2016-05-26,32.95
2016-05-27,32.8
2016-05-30,33.35
2016-05-31,33.35
2016-06-01,33.3
2016-06-02,33.4
2016-06-03,34.150000000000006
2016-06-06,35.55
2016-06-07,36.85
2016-06-08,35.8
2016-06-09,36.65
2016-06-10,36.55
2016-06-13,36.3
2016-06-14,35.8
2016-06-15,36.15
2016-06-16,36.0
2016-06-17,35.9
2016-06-20,36.15
2016-06-21,36.6
2016-06-22,37.0
2016-06-23,37.8
2016-06-24,39.15
2016-06-27,40.8
2016-06-28,41.8
2016-06-29,41.8
2016-06-30,39.849999999999994
2016-07-04,38.900000000000006
2016-07-05,38.8
2016-07-06,38.8
2016-07-07,38.900000000000006
2016-07-08,38.15
2016-07-11,38.85
2016-07-12,38.75
2016-07-13,38.9
2016-07-14,40.5
2016-07-15,43.0
2016-07-20,43.1
2016-07-21,42.6
2016-07-22,42.35
2016-07-25,43.3
2016-07-26,42.75
2016-07-27,42.25
2016-07-28,43.25
2016-07-29,45.15
2016-08-01,45.1
2016-08-02,45.0
2016-08-03,45.25
2016-08-04,46.0
2016-08-05,48.1
2016-08-08,48.75
2016-08-09,48.1
2016-08-10,47.9
2016-08-11,48.7
2016-08-15,47.2
2016-08-16,45.4
2016-08-17,45.5
2016-08-18,45.5
2016-08-19,46.0
2016-08-22,46.15
2016-08-23,45.8
2016-08-24,46.4
2016-08-25,46.6
2016-08-26,46.2
2016-08-29,45.6
2016-08-30,45.2
2016-08-31,45.1
2016-09-01,45.1
2016-09-02,45.1
2016-09-05,44.25
2016-09-06,44.3
2016-09-07,44.9
2016-09-08,43.85
2016-09-09,42.8
2016-09-12,41.1
2016-09-13,41.75
2016-09-14,42.15
2016-09-15,43.0
2016-09-16,43.1
2016-09-19,43.2
2016-09-20,42.7
2016-09-21,42.25
2016-09-22,42.85
2016-09-23,42.85
2016-09-26,42.35
2016-09-27,42.5
2016-09-28,42.1
2016-09-29,43.5
2016-09-30,43.75
2016-10-03,45.15
2016-10-04,46.15
2016-10-05,46.2
2016-10-06,46.2
2016-10-07,45.8
2016-10-10,43.5
2016-10-11,43.35
2016-10-12,43.5
2016-10-13,44.0
2016-10-14,47.65
2016-10-17,48.25
2016-10-18,47.75
2016-10-19,48.0
2016-10-20,48.8
2016-10-21,49.6
2016-10-25,51.1
2016-10-26,51.4
2016-10-27,51.8
2016-10-28,51.7
2016-10-31,52.3
2016-11-01,52.5
2016-11-02,51.75
2016-11-03,51.8
2016-11-04,51.15
2016-11-07,51.65
2016-11-08,52.0
2016-11-09,51.7
2016-11-10,52.8
2016-11-11,52.4
2016-11-14,52.1
2016-11-15,52.25
2016-11-16,52.2
2016-11-17,52.75
2016-11-18,53.5
2016-11-21,53.75
2016-11-22,53.8
2016-11-23,53.65
2016-11-24,53.9
2016-11-25,54.25
2016-11-28,54.85
2016-11-29,54.85
2016-11-30,53.35
2016-12-01,52.9
2016-12-02,52.9
2016-12-06,53.0
2016-12-07,53.1
2016-12-08,53.1
2016-12-09,52.85
2016-12-13,52.15
2016-12-14,51.25
2016-12-15,50.5
2016-12-16,50.65
2016-12-19,50.35
2016-12-20,49.65
2016-12-21,48.5
2016-12-22,48.0
2016-12-23,48.65
2016-12-26,49.75
2016-12-27,50.25
2016-12-28,50.5
2016-12-29,50.35
2016-12-30,50.35
2017-01-04,49.85
2017-01-05,49.25
2017-01-06,49.35
2017-01-09,49.0
2017-01-10,48.0
2017-01-11,48.1
2017-01-12,48.5
2017-01-16,48.6
2017-01-17,48.85
2017-01-18,48.75
2017-01-19,48.6
2017-01-20,48.5
2017-01-23,49.75
2017-01-24,51.25
2017-01-25,51.4
2017-01-26,51.75
2017-01-27,51.75
2017-01-30,51.1
2017-01-31,50.4
2017-02-01,49.5
2017-02-02,48.85
2017-02-03,48.7
2017-02-06,49.9
2017-02-07,49.9
2017-02-08,50.3
2017-02-09,50.15
2017-02-10,50.0
2017-02-14,50.2
2017-02-15,50.1
2017-02-16,49.0
2017-02-17,47.5
2017-02-20,46.6
2017-02-21,45.75
2017-02-22,46.4
2017-02-23,47.5
2017-02-24,47.5
2017-02-27,47.4
2017-02-28,46.75
2017-03-01,45.8
2017-03-02,46.0
2017-03-03,45.9
2017-03-06,45.65
2017-03-07,45.85
2017-03-08,46.0
2017-03-09,46.1
2017-03-10,46.1
2017-03-13,46.1
2017-03-14,46.35
2017-03-15,46.15
2017-03-16,46.1
2017-03-17,46.85
2017-03-20,47.6
2017-03-21,47.75
2017-03-22,47.2
2017-03-23,47.35
2017-03-24,47.2
2017-03-27,47.1
2017-03-28,46.75
2017-03-29,47.15
2017-03-30,47.25
2017-03-31,46.85
2017-04-03,46.5
2017-04-04,46.2
2017-04-05,46.65
2017-04-07,47.0
2017-04-10,46.75
2017-04-11,46.4
2017-04-12,45.9
2017-04-17,45.65
2017-04-18,45.65
2017-04-19,45.0
2017-04-20,43.4
2017-04-21,43.0
2017-04-24,43.1
2017-04-25,43.4
2017-04-26,42.9
2017-04-27,43.15
2017-04-28,43.5
2017-05-02,43.35
2017-05-03,43.2
2017-05-04,43.75
2017-05-08,43.65
2017-05-09,43.25
2017-05-11,43.4
2017-05-12,44.0
2017-05-15,43.2
2017-05-16,43.5
2017-05-17,43.0
2017-05-18,42.65
2017-05-19,42.5
2017-05-22,43.65
2017-05-23,45.35
2017-05-24,45.35
2017-05-25,45.65
2017-05-26,45.8
2017-05-29,45.5
2017-05-30,45.25
2017-05-31,45.65
2017-06-01,46.15
2017-06-02,46.65
2017-06-05,46.8
2017-06-06,46.9
2017-06-07,46.75
2017-06-08,46.5
2017-06-09,46.4
2017-06-12,46.1
2017-06-13,45.9
2017-06-14,45.9
2017-06-15,46.3
2017-06-16,46.5
2017-06-19,46.8
2017-06-20,46.4
2017-06-21,45.75
2017-06-22,45.65
2017-06-23,45.65
2017-06-26,46.15
2017-06-27,46.9
2017-06-28,47.25
2017-06-29,47.2
2017-06-30,47.4
2017-07-03,47.9
2017-07-04,47.6
2017-07-05,47.0
2017-07-06,47.0
2017-07-07,46.8
2017-07-11,46.15
2017-07-12,45.75
2017-07-13,46.0
2017-07-14,46.0
2017-07-17,46.4
2017-07-18,46.4
2017-07-19,46.0
2017-07-20,45.8
2017-07-21,45.5
2017-07-24,45.65
2017-07-25,45.8
2017-07-26,45.75
2017-07-27,45.9
2017-07-31,46.0
2017-08-01,46.1
2017-08-02,46.2
2017-08-03,45.35
2017-08-04,44.9
2017-08-07,44.85
2017-08-08,44.5
2017-08-09,44.35
2017-08-10,44.5
2017-08-11,44.35
2017-08-15,44.35
2017-08-16,44.5
2017-08-17,44.35
2017-08-18,44.1
2017-08-21,44.6
2017-08-22,45.0
2017-08-23,45.0
2017-08-24,45.1
2017-08-25,45.35
2017-08-28,46.35
2017-08-29,47.85
2017-08-30,48.5
2017-08-31,48.6
2017-09-01,48.7
2017-09-04,48.35
2017-09-05,48.5
2017-09-06,48.5
2017-09-07,50.0
2017-09-08,51.15
2017-09-11,51.0
2017-09-12,51.9
2017-09-13,52.1
2017-09-14,52.25
2017-09-15,51.65
2017-09-18,51.85
2017-09-19,52.15
2017-09-20,52.25
2017-09-21,52.35
2017-09-22,51.7
2017-09-25,51.75
2017-09-26,52.7
2017-09-27,52.85
2017-09-28,52.65
2017-09-29,52.5
2017-10-02,52.9
2017-10-03,53.0
2017-10-04,52.85
2017-10-05,52.75
2017-10-06,52.75
2017-10-09,52.15
2017-10-10,52.7
2017-10-11,54.0
2017-10-12,54.15
2017-10-16,53.5
2017-10-17,53.35
2017-10-18,54.0
2017-10-19,53.2
2017-10-20,52.85
2017-10-24,53.35
2017-10-25,53.75
2017-10-27,54.0
2017-10-30,53.9
2017-10-31,53.75
2017-11-01,53.3
2017-11-02,52.6
2017-11-03,52.4
2017-11-06,52.15
2017-11-07,53.35
2017-11-08,52.85
2017-11-09,52.6
2017-11-10,52.0
2017-11-13,51.5
2017-11-14,51.35
2017-11-15,53.35
2017-11-16,55.65
2017-11-17,57.0
2017-11-20,57.5
2017-11-21,57.0
2017-11-22,57.0
2017-11-23,58.5
2017-11-24,58.7
2017-11-27,58.4
2017-11-28,59.75
2017-11-29,59.65
2017-11-30,58.25
2017-12-01,58.2
2017-12-04,58.1
2017-12-06,57.9
2017-12-07,58.35
2017-12-08,59.0
2017-12-12,58.0
2017-12-13,57.5
2017-12-14,58.2
2017-12-15,58.35
2017-12-18,59.15
2017-12-19,61.0
2017-12-20,61.25
2017-12-21,61.25
2017-12-22,61.35
2017-12-25,61.5
2017-12-26,62.75
2017-12-27,64.3
2017-12-28,64.75
2017-12-29,65.4
