Date,IRPC
2007-01-03,5.800000000000001
2007-01-04,5.75
2007-01-05,5.4
2007-01-08,5.15
2007-01-09,5.1
2007-01-10,4.95
2007-01-11,5.25
2007-01-12,5.55
2007-01-15,5.65
2007-01-16,5.8
2007-01-17,5.65
2007-01-18,5.699999999999999
2007-01-19,5.7
2007-01-22,5.65
2007-01-23,5.55
2007-01-24,5.6
2007-01-25,5.65
2007-01-26,5.6
2007-01-29,5.5
2007-01-30,5.4
2007-01-31,5.35
2007-02-01,5.4
2007-02-02,5.6
2007-02-05,5.85
2007-02-06,5.85
2007-02-07,5.8
2007-02-08,5.9
2007-02-09,6.05
2007-02-12,6.15
2007-02-13,6.15
2007-02-14,6.300000000000001
2007-02-15,6.300000000000001
2007-02-16,6.15
2007-02-19,6.0
2007-02-20,6.05
2007-02-21,6.0
2007-02-22,6.05
2007-02-23,6.1
2007-02-26,6.0
2007-02-27,6.0
2007-02-28,5.75
2007-03-01,5.9
2007-03-02,6.0
2007-03-06,6.0
2007-03-07,6.0
2007-03-08,6.0
2007-03-09,6.0
2007-03-12,6.0
2007-03-13,6.0
2007-03-14,6.0
2007-03-15,6.0
2007-03-16,6.0
2007-03-19,6.0
2007-03-20,6.0
2007-03-21,6.0
2007-03-22,6.05
2007-03-23,6.05
2007-03-26,6.05
2007-03-27,6.1
2007-03-28,6.0
2007-03-29,5.95
2007-03-30,6.0
2007-04-02,6.0
2007-04-03,6.1
2007-04-04,6.2
2007-04-05,6.2
2007-04-09,6.2
2007-04-10,6.1
2007-04-11,6.15
2007-04-12,6.15
2007-04-17,6.2
2007-04-18,6.1
2007-04-19,6.0
2007-04-20,6.0
2007-04-23,6.05
2007-04-24,6.0
2007-04-25,6.0
2007-04-26,6.0
2007-04-27,6.0
2007-04-30,6.0
2007-05-02,5.95
2007-05-03,5.95
2007-05-04,6.0
2007-05-08,6.0
2007-05-09,5.95
2007-05-10,5.85
2007-05-11,5.85
2007-05-14,5.95
2007-05-15,6.0
2007-05-16,6.0
2007-05-17,6.05
2007-05-18,6.15
2007-05-21,6.1
2007-05-22,6.05
2007-05-23,6.0
2007-05-24,6.0
2007-05-25,6.0
2007-05-28,6.0
2007-05-29,6.0
2007-05-30,6.0
2007-06-01,6.2
2007-06-04,6.4
2007-06-05,6.300000000000001
2007-06-06,6.2
2007-06-07,6.2
2007-06-08,6.1
2007-06-11,6.05
2007-06-12,6.0
2007-06-13,5.95
2007-06-14,5.95
2007-06-15,5.95
2007-06-18,6.0
2007-06-19,6.05
2007-06-20,6.15
2007-06-21,6.1
2007-06-22,6.05
2007-06-25,6.0
2007-06-26,6.0
2007-06-27,6.0
2007-06-28,6.05
2007-06-29,6.0
2007-07-02,6.1
2007-07-03,6.2
2007-07-04,6.2
2007-07-05,6.6
2007-07-06,6.8
2007-07-09,7.0
2007-07-10,7.0
2007-07-11,7.0
2007-07-12,7.05
2007-07-13,7.2
2007-07-16,7.2
2007-07-17,7.2
2007-07-18,7.05
2007-07-19,6.85
2007-07-20,6.9
2007-07-23,6.9
2007-07-24,7.2
2007-07-25,7.25
2007-07-26,7.4
2007-07-27,7.05
2007-07-31,7.1
2007-08-01,6.9
2007-08-02,6.85
2007-08-03,6.9
2007-08-06,6.699999999999999
2007-08-07,6.65
2007-08-08,6.75
2007-08-09,6.699999999999999
2007-08-10,6.5
2007-08-14,6.55
2007-08-15,6.4
2007-08-16,6.2
2007-08-17,6.2
2007-08-20,6.4
2007-08-21,6.4
2007-08-22,6.4
2007-08-23,6.55
2007-08-24,6.45
2007-08-27,6.55
2007-08-28,6.5
2007-08-29,6.5
2007-08-30,6.6
2007-08-31,6.5
2007-09-03,6.55
2007-09-04,6.5
2007-09-05,6.55
2007-09-06,6.45
2007-09-07,6.45
2007-09-10,6.4
2007-09-11,6.4
2007-09-12,6.4
2007-09-13,6.4
2007-09-14,6.4
2007-09-17,6.35
2007-09-18,6.4
2007-09-19,6.4
2007-09-20,6.4
2007-09-21,6.6
2007-09-24,6.9
2007-09-25,6.85
2007-09-26,6.9
2007-09-27,6.9
2007-09-28,6.9
2007-10-01,6.85
2007-10-02,6.9
2007-10-03,6.8
2007-10-04,6.8
2007-10-05,6.8
2007-10-08,6.8
2007-10-09,6.8
2007-10-10,6.8
2007-10-11,6.9
2007-10-12,6.85
2007-10-15,6.8
2007-10-16,6.85
2007-10-17,6.8
2007-10-18,6.75
2007-10-19,6.75
2007-10-22,6.6
2007-10-24,6.6
2007-10-25,6.75
2007-10-26,6.800000000000001
2007-10-29,6.8
2007-10-30,6.8
2007-10-31,6.7
2007-11-01,6.699999999999999
2007-11-02,6.6
2007-11-05,6.699999999999999
2007-11-06,6.7
2007-11-07,6.65
2007-11-08,6.6
2007-11-09,6.65
2007-11-12,6.6
2007-11-13,6.6
2007-11-14,6.6
2007-11-15,6.6
2007-11-16,6.45
2007-11-19,6.300000000000001
2007-11-20,6.05
2007-11-21,6.0
2007-11-22,5.95
2007-11-23,6.0
2007-11-26,6.0
2007-11-27,6.1
2007-11-28,6.05
2007-11-29,6.15
2007-11-30,6.05
2007-12-03,6.05
2007-12-04,6.0
2007-12-06,5.95
2007-12-07,5.9
2007-12-11,5.699999999999999
2007-12-12,5.45
2007-12-13,5.7
2007-12-14,6.1
2007-12-17,5.95
2007-12-18,6.0
2007-12-19,5.949999999999999
2007-12-20,5.8
2007-12-21,5.85
2007-12-24,5.9
2007-12-25,5.95
2007-12-26,6.05
2007-12-27,6.05
2007-12-28,6.2
2008-01-02,6.15
2008-01-03,6.05
2008-01-04,6.0
2008-01-07,5.8
2008-01-08,5.8
2008-01-09,5.75
2008-01-10,5.699999999999999
2008-01-11,5.6
2008-01-14,5.45
2008-01-15,5.45
2008-01-16,5.300000000000001
2008-01-17,5.4
2008-01-18,5.4
2008-01-21,5.2
2008-01-22,4.85
2008-01-23,4.95
2008-01-24,4.85
2008-01-25,4.95
2008-01-28,5.0
2008-01-29,5.0
2008-01-30,5.05
2008-01-31,5.15
2008-02-01,5.4
2008-02-04,5.55
2008-02-05,5.45
2008-02-06,5.4
2008-02-07,5.4
2008-02-08,5.4
2008-02-11,5.45
2008-02-12,5.4
2008-02-13,5.4
2008-02-14,5.45
2008-02-15,5.4
2008-02-18,5.4
2008-02-19,5.4
2008-02-20,5.300000000000001
2008-02-22,5.35
2008-02-25,5.45
2008-02-26,5.6
2008-02-27,5.65
2008-02-28,5.85
2008-02-29,5.95
2008-03-03,6.0
2008-03-04,5.95
2008-03-05,5.95
2008-03-06,6.0
2008-03-07,6.0
2008-03-10,5.95
2008-03-11,5.95
2008-03-12,6.05
2008-03-13,6.05
2008-03-14,5.8
2008-03-17,5.6
2008-03-18,5.699999999999999
2008-03-19,5.8
2008-03-20,5.8
2008-03-21,5.8
2008-03-24,5.8
2008-03-25,5.8
2008-03-26,5.8
2008-03-27,5.8
2008-03-28,5.8
2008-03-31,5.8
2008-04-01,5.8
2008-04-02,5.8
2008-04-03,5.8
2008-04-04,5.8
2008-04-08,5.8
2008-04-09,5.8
2008-04-10,5.8
2008-04-11,5.75
2008-04-16,5.8
2008-04-17,5.8
2008-04-18,5.8
2008-04-21,5.9
2008-04-22,6.0
2008-04-23,5.95
2008-04-24,5.9
2008-04-25,5.85
2008-04-28,5.8
2008-04-29,5.8
2008-04-30,5.8
2008-05-02,5.8
2008-05-06,5.8
2008-05-07,5.8
2008-05-08,5.75
2008-05-09,5.699999999999999
2008-05-12,5.45
2008-05-13,5.4
2008-05-14,5.5
2008-05-15,5.65
2008-05-16,5.6
2008-05-20,5.5
2008-05-21,5.5
2008-05-22,5.45
2008-05-23,5.45
2008-05-26,5.25
2008-05-27,5.2
2008-05-28,5.1
2008-05-29,5.05
2008-05-30,5.0
2008-06-02,4.95
2008-06-03,4.95
2008-06-04,4.95
2008-06-05,5.0
2008-06-06,4.95
2008-06-09,4.85
2008-06-10,4.75
2008-06-11,4.7
2008-06-12,4.6
2008-06-13,4.6
2008-06-16,4.7
2008-06-17,4.550000000000001
2008-06-18,4.2
2008-06-19,4.0
2008-06-20,3.9499999999999997
2008-06-23,4.0
2008-06-24,4.0
2008-06-25,4.0
2008-06-26,4.05
2008-06-27,4.0
2008-06-30,4.1
2008-07-02,4.0
2008-07-03,3.9
2008-07-04,3.9
2008-07-07,3.8
2008-07-08,3.6500000000000004
2008-07-09,3.6500000000000004
2008-07-10,3.7
2008-07-11,3.9
2008-07-14,3.95
2008-07-15,3.8499999999999996
2008-07-16,3.8499999999999996
2008-07-18,3.95
2008-07-21,4.0
2008-07-22,4.0
2008-07-23,4.05
2008-07-24,4.1
2008-07-25,4.0
2008-07-28,4.05
2008-07-29,4.0
2008-07-30,4.0
2008-07-31,4.0
2008-08-01,4.0
2008-08-04,4.0
2008-08-05,3.95
2008-08-06,4.0
2008-08-07,4.05
2008-08-08,4.05
2008-08-11,4.1
2008-08-13,4.05
2008-08-14,4.0
2008-08-15,4.0
2008-08-18,4.0
2008-08-19,4.0
2008-08-20,4.0
2008-08-21,4.0
2008-08-22,4.05
2008-08-25,4.0
2008-08-26,3.95
2008-08-27,4.05
2008-08-28,4.1
2008-08-29,4.1
2008-09-01,4.1
2008-09-02,4.0
2008-09-03,4.0
2008-09-04,3.95
2008-09-05,3.95
2008-09-08,4.05
2008-09-09,4.1
2008-09-10,4.15
2008-09-11,4.15
2008-09-12,4.199999999999999
2008-09-15,4.2
2008-09-16,4.1
2008-09-17,4.05
2008-09-18,3.95
2008-09-19,4.1
2008-09-22,4.1
2008-09-23,4.05
2008-09-24,4.1
2008-09-25,4.1
2008-09-26,4.1
2008-09-29,4.1
2008-09-30,3.9499999999999997
2008-10-01,4.0
2008-10-02,4.05
2008-10-03,4.0
2008-10-06,3.8499999999999996
2008-10-07,3.6
2008-10-08,3.3
2008-10-09,3.05
2008-10-10,2.9
2008-10-13,2.95
2008-10-14,3.1
2008-10-15,3.05
2008-10-16,2.9
2008-10-17,2.9
2008-10-20,2.95
2008-10-21,2.95
2008-10-22,2.9
2008-10-24,2.8
2008-10-27,2.4000000000000004
2008-10-28,2.2
2008-10-29,2.2
2008-10-30,2.1500000000000004
2008-10-31,2.25
2008-11-03,2.4
2008-11-04,2.4
2008-11-05,2.5
2008-11-06,2.4000000000000004
2008-11-07,2.5
2008-11-10,2.45
2008-11-11,2.4
2008-11-12,2.3
2008-11-13,2.1500000000000004
2008-11-14,2.1500000000000004
2008-11-17,2.1
2008-11-18,2.1500000000000004
2008-11-19,2.1
2008-11-20,1.95
2008-11-21,1.85
2008-11-24,1.85
2008-11-25,1.8
2008-11-26,1.9
2008-11-27,1.85
2008-11-28,1.9
2008-12-01,1.85
2008-12-02,1.8
2008-12-03,1.85
2008-12-04,1.8
2008-12-08,1.85
2008-12-09,2.0
2008-12-11,2.1
2008-12-12,2.05
2008-12-15,2.1500000000000004
2008-12-16,2.25
2008-12-17,2.2
2008-12-18,2.2
2008-12-19,2.2
2008-12-22,2.1500000000000004
2008-12-23,2.1500000000000004
2008-12-24,2.1500000000000004
2008-12-25,2.2
2008-12-26,2.2
2008-12-29,2.1500000000000004
2008-12-30,2.1500000000000004
2009-01-02,2.2
2009-01-05,2.25
2009-01-06,2.3
2009-01-07,2.25
2009-01-08,2.2
2009-01-09,2.1500000000000004
2009-01-12,2.1
2009-01-13,2.05
2009-01-14,2.0
2009-01-15,1.9
2009-01-16,1.9
2009-01-19,1.9
2009-01-20,1.9
2009-01-21,1.9
2009-01-22,1.95
2009-01-23,1.9
2009-01-26,1.9
2009-01-27,1.95
2009-01-28,2.0
2009-01-29,2.0
2009-01-30,1.9
2009-02-02,1.95
2009-02-03,1.9
2009-02-04,1.9
2009-02-05,1.9
2009-02-06,1.9
2009-02-10,1.9
2009-02-11,1.9
2009-02-12,1.9
2009-02-13,1.9
2009-02-16,1.9
2009-02-17,1.9
2009-02-18,1.9
2009-02-19,1.9
2009-02-20,1.9
2009-02-23,1.9
2009-02-24,1.9
2009-02-25,1.9
2009-02-26,1.9
2009-02-27,1.9
2009-03-02,1.85
2009-03-03,1.8
2009-03-04,1.8
2009-03-05,1.8
2009-03-06,1.8
2009-03-09,1.8
2009-03-10,1.8
2009-03-11,1.8
2009-03-12,1.8
2009-03-13,1.8
2009-03-16,1.85
2009-03-17,1.9
2009-03-18,1.9
2009-03-19,1.9
2009-03-20,1.9
2009-03-23,1.9
2009-03-24,1.95
2009-03-25,1.9
2009-03-26,1.9
2009-03-27,1.9
2009-03-30,1.9
2009-03-31,1.9
2009-04-01,1.9
2009-04-02,1.95
2009-04-03,2.0
2009-04-07,1.95
2009-04-08,1.95
2009-04-09,2.1
2009-04-10,2.3499999999999996
2009-04-16,2.45
2009-04-17,2.6
2009-04-20,2.6500000000000004
2009-04-21,2.75
2009-04-22,2.75
2009-04-23,2.8
2009-04-24,2.95
2009-04-27,2.9
2009-04-28,2.8499999999999996
2009-04-29,2.9
2009-04-30,2.9
2009-05-04,2.8499999999999996
2009-05-06,3.0
2009-05-07,3.05
2009-05-11,3.1
2009-05-12,3.25
2009-05-13,3.5999999999999996
2009-05-14,3.8
2009-05-15,3.8
2009-05-18,3.6500000000000004
2009-05-19,3.8
2009-05-20,3.8
2009-05-21,3.7
2009-05-22,3.75
2009-05-25,3.7
2009-05-26,3.7
2009-05-27,3.75
2009-05-28,3.7
2009-05-29,3.75
2009-06-01,3.8
2009-06-02,3.75
2009-06-03,3.75
2009-06-04,3.7
2009-06-05,3.75
2009-06-08,3.75
2009-06-09,3.7
2009-06-10,3.8
2009-06-11,3.8499999999999996
2009-06-12,3.9
2009-06-15,3.75
2009-06-16,3.6
2009-06-17,3.5
2009-06-18,3.4
2009-06-19,3.3499999999999996
2009-06-22,3.3499999999999996
2009-06-23,3.05
2009-06-24,3.1500000000000004
2009-06-25,3.2
2009-06-26,3.3
2009-06-29,3.3
2009-06-30,3.3
2009-07-02,3.2
2009-07-03,3.1500000000000004
2009-07-06,3.2
2009-07-08,3.1500000000000004
2009-07-09,3.1
2009-07-10,3.05
2009-07-13,3.0
2009-07-14,3.1
2009-07-15,3.1500000000000004
2009-07-16,3.25
2009-07-17,3.25
2009-07-20,3.4
2009-07-21,3.4
2009-07-22,3.4
2009-07-23,3.4
2009-07-24,3.45
2009-07-27,3.5
2009-07-28,3.4
2009-07-29,3.4
2009-07-30,3.4
2009-07-31,3.45
2009-08-03,3.45
2009-08-04,3.45
2009-08-05,3.45
2009-08-06,3.45
2009-08-07,3.4
2009-08-10,3.4
2009-08-11,3.4
2009-08-13,3.45
2009-08-14,3.5
2009-08-17,3.3499999999999996
2009-08-18,3.3
2009-08-19,3.3
2009-08-20,3.3499999999999996
2009-08-21,3.4
2009-08-24,3.45
2009-08-25,3.4
2009-08-26,3.65
2009-08-27,3.8499999999999996
2009-08-28,3.8499999999999996
2009-08-31,3.8499999999999996
2009-09-01,3.8499999999999996
2009-09-02,3.8
2009-09-03,3.8499999999999996
2009-09-04,4.0
2009-09-07,4.300000000000001
2009-09-08,4.4
2009-09-09,4.35
2009-09-10,4.35
2009-09-11,4.3
2009-09-14,4.199999999999999
2009-09-15,4.199999999999999
2009-09-16,4.4
2009-09-17,4.35
2009-09-18,4.3
2009-09-21,4.3
2009-09-22,4.4
2009-09-23,4.55
2009-09-24,4.45
2009-09-25,4.55
2009-09-28,4.45
2009-09-29,4.45
2009-09-30,4.3
2009-10-01,4.4
2009-10-02,4.3
2009-10-05,4.35
2009-10-06,4.35
2009-10-07,4.4
2009-10-08,4.4
2009-10-09,4.4
2009-10-12,4.3
2009-10-13,4.3
2009-10-14,4.25
2009-10-15,4.0
2009-10-16,3.9
2009-10-19,4.05
2009-10-20,4.2
2009-10-21,4.15
2009-10-22,4.0
2009-10-26,4.0
2009-10-27,4.05
2009-10-28,4.0
2009-10-29,3.9
2009-10-30,3.9
2009-11-02,3.8
2009-11-03,3.8
2009-11-04,3.8499999999999996
2009-11-05,3.8
2009-11-06,4.0
2009-11-09,4.05
2009-11-10,4.05
2009-11-11,4.15
2009-11-12,4.05
2009-11-13,4.0
2009-11-16,4.0
2009-11-17,4.0
2009-11-18,4.0
2009-11-19,3.95
2009-11-20,3.9
2009-11-23,3.9
2009-11-24,3.8499999999999996
2009-11-25,3.8499999999999996
2009-11-26,3.8499999999999996
2009-11-27,3.7
2009-11-30,3.75
2009-12-01,3.9
2009-12-02,4.0
2009-12-03,4.15
2009-12-04,4.300000000000001
2009-12-08,4.4
2009-12-09,4.35
2009-12-11,4.3
2009-12-14,4.25
2009-12-15,4.3
2009-12-16,4.35
2009-12-17,4.35
2009-12-18,4.35
2009-12-21,4.35
2009-12-22,4.4
2009-12-23,4.4
2009-12-24,4.45
2009-12-25,4.4
2009-12-28,4.4
2009-12-29,4.45
2009-12-30,4.4
2010-01-04,4.4
2010-01-05,4.35
2010-01-06,4.4
2010-01-07,4.4
2010-01-08,4.4
2010-01-11,4.45
2010-01-12,4.4
2010-01-13,4.4
2010-01-14,4.5
2010-01-15,4.55
2010-01-18,4.699999999999999
2010-01-19,4.75
2010-01-20,4.7
2010-01-21,4.65
2010-01-22,4.5
2010-01-25,4.5
2010-01-26,4.45
2010-01-27,4.35
2010-01-28,4.35
2010-01-29,4.300000000000001
2010-02-01,4.4
2010-02-02,4.45
2010-02-03,4.4
2010-02-04,4.4
2010-02-05,4.3
2010-02-08,4.3
2010-02-09,4.3
2010-02-10,4.25
2010-02-11,4.3
2010-02-12,4.3
2010-02-15,4.25
2010-02-16,4.2
2010-02-17,4.25
2010-02-18,4.2
2010-02-19,4.2
2010-02-22,4.25
2010-02-23,4.25
2010-02-24,4.35
2010-02-25,4.4
2010-02-26,4.4
2010-03-02,4.45
2010-03-03,4.5
2010-03-04,4.55
2010-03-05,4.5
2010-03-08,4.4
2010-03-09,4.3
2010-03-10,4.3
2010-03-11,4.35
2010-03-12,4.4
2010-03-15,4.4
2010-03-16,4.45
2010-03-17,4.6
2010-03-18,4.55
2010-03-19,4.6
2010-03-22,4.6
2010-03-23,4.800000000000001
2010-03-24,4.85
2010-03-25,4.8
2010-03-26,4.75
2010-03-29,4.65
2010-03-30,4.75
2010-03-31,4.75
2010-04-01,4.75
2010-04-02,4.8
2010-04-05,4.75
2010-04-07,4.75
2010-04-08,4.65
2010-04-09,4.55
2010-04-12,4.45
2010-04-16,4.4
2010-04-19,4.2
2010-04-20,4.300000000000001
2010-04-21,4.3
2010-04-22,4.3
2010-04-23,4.25
2010-04-26,4.4
2010-04-27,4.35
2010-04-28,4.3
2010-04-29,4.3
2010-04-30,4.4
2010-05-04,4.6
2010-05-06,4.65
2010-05-07,4.7
2010-05-10,4.75
2010-05-11,4.75
2010-05-12,4.75
2010-05-13,4.75
2010-05-14,4.75
2010-05-17,4.55
2010-05-18,4.6
2010-05-19,4.65
2010-05-20,4.633333333333334
2010-05-21,4.616666666666666
2010-05-24,4.6
2010-05-25,4.35
2010-05-26,4.3
2010-05-27,4.3
2010-05-31,4.4
2010-06-01,4.35
2010-06-02,4.4
2010-06-03,4.4
2010-06-04,4.4
2010-06-07,4.3
2010-06-08,4.3
2010-06-09,4.3
2010-06-10,4.3
2010-06-11,4.3
2010-06-14,4.25
2010-06-15,4.2
2010-06-16,4.25
2010-06-17,4.25
2010-06-18,4.25
2010-06-21,4.3
2010-06-22,4.3
2010-06-23,4.3
2010-06-24,4.25
2010-06-25,4.2
2010-06-28,4.2
2010-06-29,4.2
2010-06-30,4.15
2010-07-02,4.15
2010-07-05,4.1
2010-07-06,4.1
2010-07-07,4.1
2010-07-08,4.2
2010-07-09,4.2
2010-07-12,4.2
2010-07-13,4.2
2010-07-14,4.2
2010-07-15,4.2
2010-07-16,4.2
2010-07-19,4.1
2010-07-20,4.05
2010-07-21,3.9
2010-07-22,3.8
2010-07-23,3.8
2010-07-27,3.8499999999999996
2010-07-28,3.95
2010-07-29,3.9
2010-07-30,3.9
2010-08-02,3.9
2010-08-03,3.9
2010-08-04,3.9
2010-08-05,3.9
2010-08-06,3.9
2010-08-09,3.9
2010-08-10,3.9
2010-08-11,3.9
2010-08-16,3.8
2010-08-17,3.8
2010-08-18,3.9
2010-08-19,4.0
2010-08-20,4.05
2010-08-23,4.1
2010-08-24,4.05
2010-08-25,4.0
2010-08-26,4.0
2010-08-27,4.0
2010-08-30,4.05
2010-08-31,4.0
2010-09-01,4.0
2010-09-02,4.0
2010-09-03,4.05
2010-09-06,4.15
2010-09-07,4.05
2010-09-08,4.0
2010-09-09,4.0
2010-09-10,4.05
2010-09-13,4.1
2010-09-14,4.05
2010-09-15,4.0
2010-09-16,4.0
2010-09-17,4.0
2010-09-20,4.0
2010-09-21,4.1
2010-09-22,4.1
2010-09-23,4.1
2010-09-24,4.1
2010-09-27,4.1
2010-09-28,4.1
2010-09-29,4.15
2010-09-30,4.2
2010-10-01,4.300000000000001
2010-10-04,4.300000000000001
2010-10-05,4.3
2010-10-06,4.3
2010-10-07,4.3
2010-10-08,4.25
2010-10-11,4.3
2010-10-12,4.25
2010-10-13,4.35
2010-10-14,4.4
2010-10-15,4.4
2010-10-18,4.35
2010-10-19,4.3
2010-10-20,4.35
2010-10-21,4.4
2010-10-22,4.3
2010-10-26,4.35
2010-10-27,4.35
2010-10-28,4.3
2010-10-29,4.25
2010-11-01,4.25
2010-11-02,4.35
2010-11-03,4.35
2010-11-04,4.4
2010-11-05,4.6
2010-11-08,4.75
2010-11-09,4.75
2010-11-10,4.75
2010-11-11,4.699999999999999
2010-11-12,4.5
2010-11-15,4.45
2010-11-16,4.4
2010-11-17,4.3
2010-11-18,4.35
2010-11-19,4.4
2010-11-22,4.5
2010-11-23,4.45
2010-11-24,4.45
2010-11-25,4.6
2010-11-26,4.55
2010-11-29,4.55
2010-11-30,4.6
2010-12-01,4.85
2010-12-02,5.15
2010-12-03,5.25
2010-12-07,5.25
2010-12-08,5.1
2010-12-09,5.25
2010-12-13,5.4
2010-12-14,5.6
2010-12-15,5.9
2010-12-16,5.9
2010-12-17,5.65
2010-12-20,5.35
2010-12-21,5.35
2010-12-22,5.5
2010-12-23,5.6
2010-12-24,5.65
2010-12-27,5.75
2010-12-28,6.05
2010-12-29,6.25
2010-12-30,6.35
2011-01-04,6.5
2011-01-05,6.4
2011-01-06,6.2
2011-01-07,5.95
2011-01-10,6.050000000000001
2011-01-11,6.1
2011-01-12,6.05
2011-01-13,6.0
2011-01-14,6.0
2011-01-17,5.9
2011-01-18,5.85
2011-01-19,5.9
2011-01-20,5.8
2011-01-21,5.699999999999999
2011-01-24,5.4
2011-01-25,5.300000000000001
2011-01-26,5.4
2011-01-27,5.5
2011-01-28,5.35
2011-01-31,5.1
2011-02-01,5.0
2011-02-02,4.95
2011-02-03,5.1
2011-02-04,5.2
2011-02-07,5.15
2011-02-08,5.300000000000001
2011-02-09,5.300000000000001
2011-02-10,5.1
2011-02-11,5.0
2011-02-14,5.15
2011-02-15,5.2
2011-02-16,5.25
2011-02-17,5.4
2011-02-18,5.4
2011-02-21,5.4
2011-02-22,5.2
2011-02-23,5.449999999999999
2011-02-24,5.55
2011-02-25,5.6
2011-02-28,5.55
2011-03-01,5.6
2011-03-02,5.699999999999999
2011-03-03,5.75
2011-03-04,5.8
2011-03-07,5.9
2011-03-08,5.95
2011-03-09,5.9
2011-03-10,5.8
2011-03-11,5.7
2011-03-14,5.949999999999999
2011-03-15,5.95
2011-03-16,6.0
2011-03-17,5.95
2011-03-21,6.0
2011-03-22,5.949999999999999
2011-03-23,5.85
2011-03-24,5.9
2011-03-25,5.85
2011-03-28,5.85
2011-03-29,5.85
2011-03-30,5.9
2011-03-31,5.9
2011-04-01,5.9
2011-04-04,6.05
2011-04-05,6.15
2011-04-07,6.4
2011-04-08,6.4
2011-04-11,6.25
2011-04-12,6.15
2011-04-18,6.2
2011-04-19,6.2
2011-04-20,6.2
2011-04-21,6.25
2011-04-22,6.300000000000001
2011-04-25,6.35
2011-04-26,6.35
2011-04-27,6.35
2011-04-28,6.300000000000001
2011-04-29,6.2
2011-05-03,6.050000000000001
2011-05-04,5.95
2011-05-06,5.75
2011-05-09,5.9
2011-05-10,6.05
2011-05-11,6.2
2011-05-12,6.15
2011-05-13,6.15
2011-05-18,6.0
2011-05-19,6.05
2011-05-20,5.9
2011-05-23,5.75
2011-05-24,5.75
2011-05-25,5.8
2011-05-26,5.8
2011-05-27,5.8
2011-05-30,5.8
2011-05-31,5.85
2011-06-01,5.75
2011-06-02,5.65
2011-06-03,5.75
2011-06-06,5.65
2011-06-07,5.6
2011-06-08,5.55
2011-06-09,5.5
2011-06-10,5.55
2011-06-13,5.4
2011-06-14,5.55
2011-06-15,5.5
2011-06-16,5.300000000000001
2011-06-17,5.25
2011-06-20,5.25
2011-06-21,5.300000000000001
2011-06-22,5.4
2011-06-23,5.25
2011-06-24,5.35
2011-06-27,5.25
2011-06-28,5.2
2011-06-29,5.2
2011-06-30,5.4
2011-07-04,5.65
2011-07-05,5.65
2011-07-06,5.5
2011-07-07,5.55
2011-07-08,5.6
2011-07-11,5.5
2011-07-12,5.35
2011-07-13,5.4
2011-07-14,5.4
2011-07-18,5.4
2011-07-19,5.55
2011-07-20,5.699999999999999
2011-07-21,5.6
2011-07-22,5.85
2011-07-25,5.85
2011-07-26,5.85
2011-07-27,5.8
2011-07-28,5.8
2011-07-29,5.8
2011-08-01,5.8
2011-08-02,5.75
2011-08-03,5.6
2011-08-04,5.6
2011-08-05,5.35
2011-08-08,5.2
2011-08-09,5.0
2011-08-10,5.2
2011-08-11,5.1
2011-08-15,5.25
2011-08-16,5.25
2011-08-17,5.300000000000001
2011-08-18,5.300000000000001
2011-08-19,5.1
2011-08-22,5.05
2011-08-23,4.95
2011-08-24,4.9
2011-08-25,4.699999999999999
2011-08-26,4.6
2011-08-29,4.699999999999999
2011-08-30,4.699999999999999
2011-08-31,4.75
2011-09-01,4.85
2011-09-02,4.85
2011-09-05,4.7
2011-09-06,4.7
2011-09-07,4.8
2011-09-08,4.8
2011-09-09,4.8
2011-09-12,4.7
2011-09-13,4.65
2011-09-14,4.5
2011-09-15,4.55
2011-09-16,4.6
2011-09-19,4.5
2011-09-20,4.45
2011-09-21,4.5
2011-09-22,4.300000000000001
2011-09-23,4.0
2011-09-26,3.75
2011-09-27,3.8
2011-09-28,3.6500000000000004
2011-09-29,3.55
2011-09-30,3.55
2011-10-03,3.25
2011-10-04,3.25
2011-10-05,3.25
2011-10-06,3.3499999999999996
2011-10-07,3.4
2011-10-10,3.3499999999999996
2011-10-11,3.5
2011-10-12,3.6
2011-10-13,3.7
2011-10-14,3.7
2011-10-17,3.8
2011-10-18,3.7
2011-10-19,3.75
2011-10-20,3.55
2011-10-21,3.5
2011-10-25,3.6
2011-10-26,3.6500000000000004
2011-10-27,3.8
2011-10-28,3.95
2011-10-31,3.9
2011-11-01,3.75
2011-11-02,3.7
2011-11-03,3.7
2011-11-04,3.75
2011-11-07,3.7
2011-11-08,3.75
2011-11-09,3.8
2011-11-10,3.7
2011-11-11,3.7
2011-11-14,3.8
2011-11-15,3.8
2011-11-16,3.8
2011-11-17,3.9
2011-11-18,3.9
2011-11-21,3.8499999999999996
2011-11-22,3.8
2011-11-23,3.8
2011-11-24,3.8
2011-11-25,3.75
2011-11-28,3.8
2011-11-29,3.8
2011-11-30,3.8499999999999996
2011-12-01,4.0
2011-12-02,4.1
2011-12-06,4.2
2011-12-07,4.4
2011-12-08,4.5
2011-12-09,4.55
2011-12-13,4.5
2011-12-14,4.300000000000001
2011-12-15,4.300000000000001
2011-12-16,4.4
2011-12-19,4.4
2011-12-20,4.45
2011-12-21,4.5
2011-12-22,4.5
2011-12-23,4.5
2011-12-26,4.35
2011-12-27,4.25
2011-12-28,4.2
2011-12-29,4.15
2011-12-30,4.15
2012-01-04,4.15
2012-01-05,4.2
2012-01-06,4.2
2012-01-09,4.25
2012-01-10,4.4
2012-01-11,4.4
2012-01-12,4.35
2012-01-13,4.3
2012-01-16,4.2
2012-01-17,4.4
2012-01-18,4.5
2012-01-19,4.5
2012-01-20,4.45
2012-01-23,4.4
2012-01-24,4.45
2012-01-25,4.45
2012-01-26,4.4
2012-01-27,4.5
2012-01-30,4.55
2012-01-31,4.6
2012-02-01,4.6
2012-02-02,4.7
2012-02-03,4.7
2012-02-06,4.699999999999999
2012-02-07,4.6
2012-02-08,4.75
2012-02-09,4.8
2012-02-10,4.8
2012-02-13,4.8
2012-02-14,4.65
2012-02-15,4.7
2012-02-16,4.7
2012-02-17,4.7
2012-02-20,4.75
2012-02-21,4.8
2012-02-22,4.75
2012-02-23,4.7
2012-02-24,4.7
2012-02-27,4.7
2012-02-28,4.7
2012-02-29,4.7
2012-03-01,4.75
2012-03-02,4.75
2012-03-05,4.7
2012-03-06,4.7
2012-03-08,4.7
2012-03-09,4.7
2012-03-12,4.65
2012-03-13,4.6
2012-03-14,4.6
2012-03-15,4.6
2012-03-16,4.699999999999999
2012-03-19,4.75
2012-03-20,4.7
2012-03-21,4.75
2012-03-22,4.8
2012-03-23,4.8
2012-03-26,4.8
2012-03-27,4.8
2012-03-28,4.75
2012-03-29,4.7
2012-03-30,4.7
2012-04-02,4.65
2012-04-03,4.7
2012-04-04,4.65
2012-04-05,4.55
2012-04-10,4.45
2012-04-11,4.3
2012-04-12,4.3
2012-04-17,4.3
2012-04-18,4.3
2012-04-19,4.35
2012-04-20,4.4
2012-04-23,4.4
2012-04-24,4.4
2012-04-25,4.4
2012-04-26,4.4
2012-04-27,4.4
2012-04-30,4.4
2012-05-02,4.4
2012-05-03,4.5
2012-05-04,4.45
2012-05-08,4.35
2012-05-09,4.25
2012-05-10,4.2
2012-05-11,4.2
2012-05-14,4.15
2012-05-15,4.05
2012-05-16,4.0
2012-05-17,4.0
2012-05-18,3.9
2012-05-21,3.8499999999999996
2012-05-22,3.75
2012-05-23,3.6500000000000004
2012-05-24,3.6
2012-05-25,3.6500000000000004
2012-05-28,3.7
2012-05-29,3.7
2012-05-30,3.6500000000000004
2012-05-31,3.6500000000000004
2012-06-01,3.6
2012-06-05,3.55
2012-06-06,3.5
2012-06-07,3.6
2012-06-08,3.55
2012-06-11,3.75
2012-06-12,3.8
2012-06-13,3.8499999999999996
2012-06-14,3.75
2012-06-15,3.8499999999999996
2012-06-18,3.9
2012-06-19,3.9
2012-06-20,3.8499999999999996
2012-06-21,3.8
2012-06-22,3.6
2012-06-25,3.55
2012-06-26,3.5
2012-06-27,3.6
2012-06-28,3.6
2012-06-29,3.6
2012-07-02,3.7
2012-07-03,3.7
2012-07-04,3.7
2012-07-05,3.7
2012-07-06,3.7
2012-07-09,3.7
2012-07-10,3.7
2012-07-11,3.7
2012-07-12,3.6
2012-07-13,3.6500000000000004
2012-07-16,3.7
2012-07-17,3.75
2012-07-18,3.8
2012-07-19,3.8
2012-07-20,3.8
2012-07-23,3.6500000000000004
2012-07-24,3.6
2012-07-25,3.6
2012-07-26,3.6
2012-07-27,3.55
2012-07-30,3.6
2012-07-31,3.6
2012-08-01,3.6
2012-08-03,3.6
2012-08-06,3.6
2012-08-07,3.6500000000000004
2012-08-08,3.75
2012-08-09,3.8
2012-08-10,3.8
2012-08-14,3.8
2012-08-15,3.8
2012-08-16,3.8
2012-08-17,3.8499999999999996
2012-08-20,3.8499999999999996
2012-08-21,3.95
2012-08-22,3.9
2012-08-23,3.9
2012-08-24,3.9
2012-08-27,3.8499999999999996
2012-08-28,3.9
2012-08-29,3.8499999999999996
2012-08-30,3.7
2012-08-31,3.75
2012-09-03,3.8
2012-09-04,3.8499999999999996
2012-09-05,3.8
2012-09-06,3.8
2012-09-07,3.9
2012-09-10,3.9
2012-09-11,4.05
2012-09-12,4.15
2012-09-13,4.15
2012-09-14,4.35
2012-09-17,4.4
2012-09-18,4.35
2012-09-19,4.4
2012-09-20,4.4
2012-09-21,4.4
2012-09-24,4.35
2012-09-25,4.4
2012-09-26,4.25
2012-09-27,4.3
2012-09-28,4.3
2012-10-01,4.25
2012-10-02,4.25
2012-10-03,4.2
2012-10-04,4.2
2012-10-05,4.2
2012-10-08,4.2
2012-10-09,4.15
2012-10-10,4.1
2012-10-11,4.15
2012-10-12,4.2
2012-10-15,4.15
2012-10-16,4.1
2012-10-17,4.2
2012-10-18,4.35
2012-10-19,4.35
2012-10-22,4.3
2012-10-24,4.25
2012-10-25,4.25
2012-10-26,4.2
2012-10-29,4.2
2012-10-30,4.2
2012-10-31,4.25
2012-11-01,4.25
2012-11-02,4.25
2012-11-05,4.25
2012-11-06,4.3
2012-11-07,4.3
2012-11-08,4.25
2012-11-09,4.2
2012-11-12,4.25
2012-11-13,4.2
2012-11-14,4.15
2012-11-15,4.05
2012-11-16,4.0
2012-11-19,4.0
2012-11-20,4.05
2012-11-21,4.0
2012-11-22,4.0
2012-11-23,4.0
2012-11-26,4.1
2012-11-27,4.1
2012-11-28,4.1
2012-11-29,4.2
2012-11-30,4.2
2012-12-03,4.2
2012-12-04,4.2
2012-12-06,4.2
2012-12-07,4.2
2012-12-11,4.2
2012-12-12,4.3
2012-12-13,4.25
2012-12-14,4.2
2012-12-17,4.3
2012-12-18,4.2
2012-12-19,4.3
2012-12-20,4.25
2012-12-21,4.2
2012-12-24,4.15
2012-12-25,4.1
2012-12-26,4.1
2012-12-27,4.15
2012-12-28,4.15
2013-01-02,4.15
2013-01-03,4.2
2013-01-04,4.2
2013-01-07,4.2
2013-01-08,4.2
2013-01-09,4.25
2013-01-10,4.35
2013-01-11,4.3
2013-01-14,4.4
2013-01-15,4.4
2013-01-16,4.35
2013-01-17,4.3
2013-01-18,4.3
2013-01-21,4.25
2013-01-22,4.2
2013-01-23,4.2
2013-01-24,4.25
2013-01-25,4.3
2013-01-28,4.3
2013-01-29,4.3
2013-01-30,4.45
2013-01-31,4.45
2013-02-01,4.45
2013-02-04,4.55
2013-02-05,4.5
2013-02-06,4.45
2013-02-07,4.4
2013-02-08,4.35
2013-02-11,4.3
2013-02-12,4.3
2013-02-13,4.35
2013-02-14,4.4
2013-02-15,4.4
2013-02-18,4.35
2013-02-19,4.4
2013-02-20,4.4
2013-02-21,4.3
2013-02-22,4.3
2013-02-26,4.3
2013-02-27,4.3
2013-02-28,4.3
2013-03-01,4.2
2013-03-04,4.2
2013-03-05,4.2
2013-03-06,4.15
2013-03-07,4.1
2013-03-08,4.1
2013-03-11,4.15
2013-03-12,4.1
2013-03-13,4.05
2013-03-14,4.05
2013-03-15,4.1
2013-03-18,4.1
2013-03-19,4.05
2013-03-20,3.95
2013-03-21,3.95
2013-03-22,3.8
2013-03-25,3.8499999999999996
2013-03-26,3.9
2013-03-27,3.95
2013-03-28,3.95
2013-03-29,3.95
2013-04-01,3.9
2013-04-02,3.9
2013-04-03,3.95
2013-04-04,3.8499999999999996
2013-04-05,3.8499999999999996
2013-04-09,3.8
2013-04-10,3.8499999999999996
2013-04-11,3.9
2013-04-12,3.9
2013-04-17,3.9
2013-04-18,3.8499999999999996
2013-04-19,3.9
2013-04-22,3.9
2013-04-23,3.9
2013-04-24,3.8499999999999996
2013-04-25,3.8499999999999996
2013-04-26,3.9
2013-04-29,4.0
2013-04-30,4.1
2013-05-02,4.05
2013-05-03,4.05
2013-05-07,4.0
2013-05-08,4.0
2013-05-09,4.0
2013-05-10,4.0
2013-05-13,4.0
2013-05-14,4.0
2013-05-15,4.1
2013-05-16,4.05
2013-05-17,3.95
2013-05-20,4.0
2013-05-21,4.0
2013-05-22,4.0
2013-05-23,3.9
2013-05-27,3.8499999999999996
2013-05-28,3.8499999999999996
2013-05-29,3.8499999999999996
2013-05-30,3.8
2013-05-31,3.75
2013-06-03,3.6500000000000004
2013-06-04,3.6500000000000004
2013-06-05,3.6
2013-06-06,3.55
2013-06-07,3.5
2013-06-10,3.6
2013-06-11,3.5
2013-06-12,3.4
2013-06-13,3.3
2013-06-14,3.4
2013-06-17,3.4
2013-06-18,3.3
2013-06-19,3.3
2013-06-20,3.1500000000000004
2013-06-21,3.0
2013-06-24,3.0
2013-06-25,3.0
2013-06-26,3.05
2013-06-27,3.1500000000000004
2013-06-28,3.25
2013-07-02,3.3499999999999996
2013-07-03,3.3499999999999996
2013-07-04,3.25
2013-07-05,3.3
2013-07-08,3.2
2013-07-09,3.1500000000000004
2013-07-10,3.1
2013-07-11,3.25
2013-07-12,3.3499999999999996
2013-07-15,3.3499999999999996
2013-07-16,3.3
2013-07-17,3.3
2013-07-18,3.4
2013-07-19,3.4
2013-07-23,3.4
2013-07-24,3.4
2013-07-25,3.3499999999999996
2013-07-26,3.3
2013-07-29,3.2
2013-07-30,3.2
2013-07-31,3.2
2013-08-01,3.2
2013-08-02,3.2
2013-08-05,3.2
2013-08-06,3.2
2013-08-07,3.2
2013-08-08,3.2
2013-08-09,3.1500000000000004
2013-08-13,3.1500000000000004
2013-08-14,3.2
2013-08-15,3.1500000000000004
2013-08-16,3.25
2013-08-19,3.1500000000000004
2013-08-20,3.1
2013-08-21,3.0
2013-08-22,3.05
2013-08-23,3.05
2013-08-26,3.0
2013-08-27,3.0
2013-08-28,3.0
2013-08-29,3.0
2013-08-30,3.0
2013-09-02,3.0
2013-09-03,3.0
2013-09-04,3.05
2013-09-05,3.05
2013-09-06,3.1
2013-09-09,3.2
2013-09-10,3.2
2013-09-11,3.25
2013-09-12,3.25
2013-09-13,3.3
2013-09-16,3.3
2013-09-17,3.25
2013-09-18,3.2
2013-09-19,3.4
2013-09-20,3.4
2013-09-23,3.3499999999999996
2013-09-24,3.25
2013-09-25,3.3
2013-09-26,3.25
2013-09-27,3.25
2013-09-30,3.1500000000000004
2013-10-01,3.2
2013-10-02,3.2
2013-10-03,3.25
2013-10-04,3.25
2013-10-07,3.3
2013-10-08,3.3
2013-10-09,3.3
2013-10-10,3.3499999999999996
2013-10-11,3.45
2013-10-14,3.5
2013-10-15,3.6
2013-10-16,3.5
2013-10-17,3.6
2013-10-18,3.75
2013-10-21,3.75
2013-10-22,3.75
2013-10-24,3.75
2013-10-25,3.7
2013-10-28,3.6500000000000004
2013-10-29,3.6
2013-10-30,3.55
2013-10-31,3.5
2013-11-01,3.5
2013-11-04,3.4
2013-11-05,3.45
2013-11-06,3.55
2013-11-07,3.6500000000000004
2013-11-08,3.6
2013-11-11,3.55
2013-11-12,3.6
2013-11-13,3.6
2013-11-14,3.6
2013-11-15,3.6
2013-11-18,3.6
2013-11-19,3.6
2013-11-20,3.55
2013-11-21,3.45
2013-11-22,3.4
2013-11-25,3.3499999999999996
2013-11-26,3.4
2013-11-27,3.45
2013-11-28,3.45
2013-11-29,3.45
2013-12-02,3.55
2013-12-03,3.6
2013-12-04,3.6500000000000004
2013-12-06,3.55
2013-12-09,3.6
2013-12-11,3.6
2013-12-12,3.6
2013-12-13,3.55
2013-12-16,3.5
2013-12-17,3.45
2013-12-18,3.45
2013-12-19,3.5
2013-12-20,3.45
2013-12-23,3.45
2013-12-24,3.3499999999999996
2013-12-25,3.3
2013-12-26,3.25
2013-12-27,3.25
2014-01-02,3.2
2014-01-03,3.1
2014-01-06,3.05
2014-01-07,3.1500000000000004
2014-01-08,3.1500000000000004
2014-01-09,3.1500000000000004
2014-01-10,3.1
2014-01-13,3.1500000000000004
2014-01-14,3.25
2014-01-15,3.2
2014-01-16,3.2
2014-01-17,3.2
2014-01-20,3.2
2014-01-21,3.2
2014-01-22,3.2
2014-01-23,3.25
2014-01-24,3.3
2014-01-27,3.2
2014-01-28,3.1
2014-01-29,3.1
2014-01-30,3.1
2014-01-31,3.1
2014-02-03,3.1500000000000004
2014-02-04,3.1500000000000004
2014-02-05,3.1500000000000004
2014-02-06,3.25
2014-02-07,3.25
2014-02-10,3.2
2014-02-11,3.2
2014-02-12,3.3
2014-02-13,3.3
2014-02-17,3.3499999999999996
2014-02-18,3.3499999999999996
2014-02-19,3.3499999999999996
2014-02-20,3.3
2014-02-21,3.3
2014-02-24,3.25
2014-02-25,3.3
2014-02-26,3.3
2014-02-27,3.4
2014-02-28,3.4
2014-03-03,3.3499999999999996
2014-03-04,3.3
2014-03-05,3.3
2014-03-06,3.3
2014-03-07,3.3
2014-03-10,3.3
2014-03-11,3.3499999999999996
2014-03-12,3.3
2014-03-13,3.3
2014-03-14,3.3
2014-03-17,3.3499999999999996
2014-03-18,3.3499999999999996
2014-03-19,3.3
2014-03-20,3.25
2014-03-21,3.3
2014-03-24,3.3
2014-03-25,3.3
2014-03-26,3.3
2014-03-27,3.3
2014-03-28,3.4
2014-03-31,3.45
2014-04-01,3.5
2014-04-02,3.5
2014-04-03,3.45
2014-04-04,3.45
2014-04-08,3.4
2014-04-09,3.5
2014-04-10,3.55
2014-04-11,3.55
2014-04-16,3.6
2014-04-17,3.55
2014-04-18,3.6
2014-04-21,3.6500000000000004
2014-04-22,3.7
2014-04-23,3.7
2014-04-24,3.7
2014-04-25,3.6500000000000004
2014-04-28,3.6
2014-04-29,3.6
2014-04-30,3.6500000000000004
2014-05-02,3.6500000000000004
2014-05-06,3.55
2014-05-07,3.55
2014-05-08,3.55
2014-05-09,3.5
2014-05-12,3.5
2014-05-14,3.55
2014-05-15,3.6
2014-05-16,3.6500000000000004
2014-05-19,3.6500000000000004
2014-05-20,3.6
2014-05-21,3.6
2014-05-22,3.6
2014-05-23,3.5
2014-05-26,3.55
2014-05-27,3.5
2014-05-28,3.55
2014-05-29,3.55
2014-05-30,3.5
2014-06-02,3.6
2014-06-03,3.6
2014-06-04,3.6
2014-06-05,3.6
2014-06-06,3.6
2014-06-09,3.6
2014-06-10,3.5
2014-06-11,3.5
2014-06-12,3.45
2014-06-13,3.4
2014-06-16,3.4
2014-06-17,3.45
2014-06-18,3.45
2014-06-19,3.4
2014-06-20,3.4
2014-06-23,3.4
2014-06-24,3.3499999999999996
2014-06-25,3.3
2014-06-26,3.3499999999999996
2014-06-27,3.3499999999999996
2014-06-30,3.4
2014-07-02,3.4
2014-07-03,3.3499999999999996
2014-07-04,3.3499999999999996
2014-07-07,3.3
2014-07-08,3.3499999999999996
2014-07-09,3.3
2014-07-10,3.3
2014-07-14,3.3499999999999996
2014-07-15,3.4
2014-07-16,3.4
2014-07-17,3.4
2014-07-18,3.4
2014-07-21,3.4
2014-07-22,3.4
2014-07-23,3.4
2014-07-24,3.45
2014-07-25,3.5
2014-07-28,3.45
2014-07-29,3.4
2014-07-30,3.4
2014-07-31,3.4
2014-08-01,3.3
2014-08-04,3.3
2014-08-05,3.4
2014-08-06,3.4
2014-08-07,3.3499999999999996
2014-08-08,3.3
2014-08-13,3.3499999999999996
2014-08-14,3.4
2014-08-15,3.4
2014-08-18,3.3499999999999996
2014-08-19,3.3499999999999996
2014-08-20,3.3
2014-08-21,3.3
2014-08-22,3.3499999999999996
2014-08-25,3.3
2014-08-26,3.4
2014-08-27,3.4
2014-08-28,3.3499999999999996
2014-08-29,3.3
2014-09-01,3.3
2014-09-02,3.3
2014-09-03,3.3499999999999996
2014-09-04,3.45
2014-09-05,3.5
2014-09-08,3.5
2014-09-09,3.45
2014-09-10,3.4
2014-09-11,3.4
2014-09-12,3.4
2014-09-15,3.4
2014-09-16,3.3
2014-09-17,3.3
2014-09-18,3.3
2014-09-19,3.3
2014-09-22,3.3
2014-09-23,3.3
2014-09-24,3.3
2014-09-25,3.3499999999999996
2014-09-26,3.4
2014-09-29,3.45
2014-09-30,3.45
2014-10-01,3.6
2014-10-02,3.55
2014-10-03,3.5
2014-10-06,3.45
2014-10-07,3.4
2014-10-08,3.4
2014-10-09,3.4
2014-10-10,3.4
2014-10-13,3.4
2014-10-14,3.4
2014-10-15,3.4
2014-10-16,3.4
2014-10-17,3.4
2014-10-20,3.4
2014-10-21,3.4
2014-10-22,3.4
2014-10-24,3.4
2014-10-27,3.45
2014-10-28,3.45
2014-10-29,3.4
2014-10-30,3.4
2014-10-31,3.4
2014-11-03,3.4
2014-11-04,3.4
2014-11-05,3.4
2014-11-06,3.3499999999999996
2014-11-07,3.3
2014-11-10,3.4
2014-11-11,3.4
2014-11-12,3.3499999999999996
2014-11-13,3.3499999999999996
2014-11-14,3.4
2014-11-17,3.4
2014-11-18,3.4
2014-11-19,3.4
2014-11-20,3.4
2014-11-21,3.4
2014-11-24,3.4
2014-11-25,3.4
2014-11-26,3.4
2014-11-27,3.4
2014-11-28,3.3499999999999996
2014-12-01,3.3
2014-12-02,3.3
2014-12-03,3.3
2014-12-04,3.3
2014-12-08,3.3
2014-12-09,3.25
2014-12-11,3.1500000000000004
2014-12-12,3.05
2014-12-15,2.95
2014-12-16,2.9
2014-12-17,2.95
2014-12-18,3.05
2014-12-19,3.1
2014-12-22,3.2
2014-12-23,3.1500000000000004
2014-12-24,3.05
2014-12-25,3.0
2014-12-26,3.1
2014-12-29,3.05
2014-12-30,3.05
2015-01-05,3.1
2015-01-06,3.0
2015-01-07,3.1
2015-01-08,3.1500000000000004
2015-01-09,3.1500000000000004
2015-01-12,3.3
2015-01-13,3.3499999999999996
2015-01-14,3.25
2015-01-15,3.3
2015-01-16,3.3
2015-01-19,3.3
2015-01-20,3.3
2015-01-21,3.3
2015-01-22,3.3
2015-01-23,3.4
2015-01-26,3.4
2015-01-27,3.45
2015-01-28,3.45
2015-01-29,3.4
2015-01-30,3.4
2015-02-02,3.4
2015-02-03,3.6
2015-02-04,3.8
2015-02-05,3.95
2015-02-06,3.95
2015-02-09,4.0
2015-02-10,4.05
2015-02-11,4.1
2015-02-12,4.35
2015-02-13,4.5
2015-02-16,4.45
2015-02-17,4.300000000000001
2015-02-18,4.4
2015-02-19,4.65
2015-02-20,4.699999999999999
2015-02-23,4.45
2015-02-24,4.45
2015-02-25,4.4
2015-02-26,4.35
2015-02-27,4.4
2015-03-02,4.45
2015-03-03,4.35
2015-03-05,4.25
2015-03-06,4.300000000000001
2015-03-09,4.4
2015-03-10,4.300000000000001
2015-03-11,4.25
2015-03-12,4.35
2015-03-13,4.4
2015-03-16,4.25
2015-03-17,4.05
2015-03-18,4.1
2015-03-19,4.15
2015-03-20,4.05
2015-03-23,4.05
2015-03-24,4.05
2015-03-25,4.15
2015-03-26,4.15
2015-03-27,4.2
2015-03-30,4.25
2015-03-31,4.3
2015-04-01,4.35
2015-04-02,4.45
2015-04-03,4.5
2015-04-07,4.5
2015-04-08,4.4
2015-04-09,4.4
2015-04-10,4.45
2015-04-16,4.55
2015-04-17,4.65
2015-04-20,4.7
2015-04-21,4.65
2015-04-22,4.6
2015-04-23,4.6
2015-04-24,4.65
2015-04-27,4.65
2015-04-28,4.6
2015-04-29,4.55
2015-04-30,4.55
2015-05-04,4.6
2015-05-06,4.6
2015-05-07,4.449999999999999
2015-05-08,4.3
2015-05-11,4.35
2015-05-12,4.199999999999999
2015-05-13,4.25
2015-05-14,4.25
2015-05-15,4.25
2015-05-18,4.3
2015-05-19,4.3
2015-05-20,4.25
2015-05-21,4.3
2015-05-22,4.3
2015-05-25,4.25
2015-05-26,4.15
2015-05-27,4.15
2015-05-28,4.15
2015-05-29,4.1
2015-06-02,4.1
2015-06-03,4.1
2015-06-04,4.1
2015-06-05,4.15
2015-06-08,4.2
2015-06-09,4.15
2015-06-10,4.1
2015-06-11,4.2
2015-06-12,4.25
2015-06-15,4.2
2015-06-16,4.25
2015-06-17,4.25
2015-06-18,4.15
2015-06-19,4.15
2015-06-22,4.15
2015-06-23,4.25
2015-06-24,4.4
2015-06-25,4.5
2015-06-26,4.45
2015-06-29,4.4
2015-06-30,4.45
2015-07-02,4.45
2015-07-03,4.4
2015-07-06,4.25
2015-07-07,4.2
2015-07-08,4.2
2015-07-09,4.2
2015-07-10,4.3
2015-07-13,4.3
2015-07-14,4.3
2015-07-15,4.35
2015-07-16,4.4
2015-07-17,4.4
2015-07-20,4.300000000000001
2015-07-21,4.3
2015-07-22,4.25
2015-07-23,4.3
2015-07-24,4.25
2015-07-27,4.15
2015-07-28,4.15
2015-07-29,4.15
2015-07-31,4.15
2015-08-03,4.2
2015-08-04,4.2
2015-08-05,4.25
2015-08-06,4.2
2015-08-07,4.2
2015-08-10,4.15
2015-08-11,4.15
2015-08-13,4.05
2015-08-14,4.05
2015-08-17,4.05
2015-08-18,3.95
2015-08-19,4.0
2015-08-20,3.95
2015-08-21,3.75
2015-08-24,3.3
2015-08-25,3.45
2015-08-26,3.6
2015-08-27,3.7
2015-08-28,3.75
2015-08-31,3.8
2015-09-01,3.75
2015-09-02,3.7
2015-09-03,3.7
2015-09-04,3.7
2015-09-07,3.6500000000000004
2015-09-08,3.7
2015-09-09,3.8
2015-09-10,3.8499999999999996
2015-09-11,3.9
2015-09-14,3.8499999999999996
2015-09-15,3.8
2015-09-16,3.8499999999999996
2015-09-17,3.9
2015-09-18,3.95
2015-09-21,4.0
2015-09-22,4.0
2015-09-23,3.95
2015-09-24,3.9
2015-09-25,3.95
2015-09-28,3.8499999999999996
2015-09-29,3.75
2015-09-30,3.8
2015-10-01,3.8
2015-10-02,3.9
2015-10-05,3.95
2015-10-06,4.05
2015-10-07,4.15
2015-10-08,4.15
2015-10-09,4.2
2015-10-12,4.15
2015-10-13,4.1
2015-10-14,4.1
2015-10-15,4.15
2015-10-16,4.15
2015-10-19,4.2
2015-10-20,4.2
2015-10-21,4.2
2015-10-22,4.2
2015-10-26,4.2
2015-10-27,4.15
2015-10-28,4.05
2015-10-29,4.05
2015-10-30,4.1
2015-11-02,4.15
2015-11-03,4.2
2015-11-04,4.2
2015-11-05,4.15
2015-11-06,4.1
2015-11-09,4.1
2015-11-10,4.0
2015-11-11,4.0
2015-11-12,4.05
2015-11-13,4.1
2015-11-16,4.15
2015-11-17,4.35
2015-11-18,4.35
2015-11-19,4.3
2015-11-20,4.4
2015-11-23,4.4
2015-11-24,4.35
2015-11-25,4.3
2015-11-26,4.25
2015-11-27,4.2
2015-11-30,4.2
2015-12-01,4.2
2015-12-02,4.2
2015-12-03,4.2
2015-12-04,4.15
2015-12-08,4.2
2015-12-09,4.15
2015-12-11,4.1
2015-12-14,4.0
2015-12-15,4.0
2015-12-16,4.25
2015-12-17,4.25
2015-12-18,4.25
2015-12-21,4.2
2015-12-22,4.2
2015-12-23,4.25
2015-12-24,4.4
2015-12-25,4.4
2015-12-28,4.3
2015-12-29,4.3
2015-12-30,4.3
2016-01-04,4.3
2016-01-05,4.35
2016-01-06,4.35
2016-01-07,4.35
2016-01-08,4.4
2016-01-11,4.4
2016-01-12,4.45
2016-01-13,4.6
2016-01-14,4.65
2016-01-15,4.6
2016-01-18,4.55
2016-01-19,4.55
2016-01-20,4.45
2016-01-21,4.4
2016-01-22,4.4
2016-01-25,4.45
2016-01-26,4.35
2016-01-27,4.35
2016-01-28,4.3
2016-01-29,4.3
2016-02-01,4.25
2016-02-02,4.15
2016-02-03,4.15
2016-02-04,4.2
2016-02-05,4.2
2016-02-08,4.2
2016-02-09,4.2
2016-02-10,4.3
2016-02-11,4.3
2016-02-12,4.3
2016-02-15,4.35
2016-02-16,4.35
2016-02-17,4.4
2016-02-18,4.2
2016-02-19,4.25
2016-02-23,4.35
2016-02-24,4.35
2016-02-25,4.25
2016-02-26,4.35
2016-02-29,4.4
2016-03-01,4.4
2016-03-02,4.45
2016-03-03,4.5
2016-03-04,4.55
2016-03-07,4.75
2016-03-08,4.85
2016-03-09,4.85
2016-03-10,4.85
2016-03-11,5.0
2016-03-14,5.1
2016-03-15,4.95
2016-03-16,4.95
2016-03-17,5.1
2016-03-18,5.05
2016-03-21,5.0
2016-03-22,5.05
2016-03-23,5.05
2016-03-24,5.05
2016-03-25,5.05
2016-03-28,4.95
2016-03-29,5.0
2016-03-30,5.0
2016-03-31,5.0
2016-04-01,5.1
2016-04-04,5.2
2016-04-05,5.05
2016-04-07,5.0
2016-04-08,5.0
2016-04-11,5.0
2016-04-12,5.05
2016-04-18,5.15
2016-04-19,5.2
2016-04-20,5.2
2016-04-21,5.1
2016-04-22,5.05
2016-04-25,5.05
2016-04-26,5.1
2016-04-27,5.15
2016-04-28,5.1
2016-04-29,5.05
2016-05-03,5.05
2016-05-04,5.0
2016-05-09,4.9
2016-05-10,4.85
2016-05-11,4.85
2016-05-12,4.9
2016-05-13,5.0
2016-05-16,5.1
2016-05-17,5.1
2016-05-18,5.0
2016-05-19,4.95
2016-05-23,4.9
2016-05-24,4.95
2016-05-25,4.95
2016-05-26,5.0
2016-05-27,5.0
2016-05-30,5.05
2016-05-31,5.05
2016-06-01,4.95
2016-06-02,5.0
2016-06-03,5.0
2016-06-06,5.0
2016-06-07,5.0
2016-06-08,5.0
2016-06-09,4.95
2016-06-10,4.9
2016-06-13,4.9
2016-06-14,4.9
2016-06-15,4.85
2016-06-16,4.85
2016-06-17,4.8
2016-06-20,4.8
2016-06-21,4.8
2016-06-22,4.75
2016-06-23,4.85
2016-06-24,4.7
2016-06-27,4.7
2016-06-28,4.75
2016-06-29,4.8
2016-06-30,4.8
2016-07-04,4.8
2016-07-05,4.85
2016-07-06,4.9
2016-07-07,4.9
2016-07-08,4.9
2016-07-11,4.9
2016-07-12,4.85
2016-07-13,4.9
2016-07-14,4.9
2016-07-15,4.85
2016-07-20,4.85
2016-07-21,4.9
2016-07-22,4.9
2016-07-25,4.95
2016-07-26,5.0
2016-07-27,5.0
2016-07-28,5.0
2016-07-29,5.0
2016-08-01,4.95
2016-08-02,4.95
2016-08-03,4.9
2016-08-04,4.9
2016-08-05,5.0
2016-08-08,5.0
2016-08-09,5.0
2016-08-10,5.0
2016-08-11,5.0
2016-08-15,4.95
2016-08-16,4.9
2016-08-17,4.85
2016-08-18,4.85
2016-08-19,4.9
2016-08-22,4.9
2016-08-23,4.9
2016-08-24,4.9
2016-08-25,4.85
2016-08-26,4.85
2016-08-29,4.9
2016-08-30,4.9
2016-08-31,4.85
2016-09-01,4.95
2016-09-02,4.95
2016-09-05,4.85
2016-09-06,4.8
2016-09-07,4.8
2016-09-08,4.75
2016-09-09,4.7
2016-09-12,4.7
2016-09-13,4.75
2016-09-14,4.8
2016-09-15,4.75
2016-09-16,4.8
2016-09-19,4.8
2016-09-20,4.8
2016-09-21,4.85
2016-09-22,4.9
2016-09-23,4.9
2016-09-26,4.9
2016-09-27,4.9
2016-09-28,4.9
2016-09-29,5.0
2016-09-30,4.95
2016-10-03,4.9
2016-10-04,5.0
2016-10-05,5.0
2016-10-06,5.0
2016-10-07,5.05
2016-10-10,4.85
2016-10-11,4.9
2016-10-12,4.85
2016-10-13,4.800000000000001
2016-10-14,4.9
2016-10-17,4.9
2016-10-18,4.85
2016-10-19,4.8
2016-10-20,4.9
2016-10-21,4.9
2016-10-25,4.9
2016-10-26,4.85
2016-10-27,4.8
2016-10-28,4.8
2016-10-31,4.8
2016-11-01,4.8
2016-11-02,4.85
2016-11-03,4.85
2016-11-04,4.8
2016-11-07,4.9
2016-11-08,4.9
2016-11-09,4.8
2016-11-10,4.85
2016-11-11,4.8
2016-11-14,4.8
2016-11-15,4.8
2016-11-16,4.75
2016-11-17,4.7
2016-11-18,4.7
2016-11-21,4.7
2016-11-22,4.7
2016-11-23,4.75
2016-11-24,4.75
2016-11-25,4.8
2016-11-28,4.8
2016-11-29,4.8
2016-11-30,4.8
2016-12-01,4.85
2016-12-02,4.85
2016-12-06,4.8
2016-12-07,4.85
2016-12-08,4.8
2016-12-09,4.8
2016-12-13,4.85
2016-12-14,4.85
2016-12-15,4.8
2016-12-16,4.8
2016-12-19,4.8
2016-12-20,4.8
2016-12-21,4.8
2016-12-22,4.75
2016-12-23,4.8
2016-12-26,4.8
2016-12-27,4.8
2016-12-28,4.8
2016-12-29,4.8
2016-12-30,4.8
2017-01-04,4.85
2017-01-05,4.9
2017-01-06,4.95
2017-01-09,5.15
2017-01-10,5.15
2017-01-11,5.2
2017-01-12,5.3
2017-01-16,5.25
2017-01-17,5.300000000000001
2017-01-18,5.300000000000001
2017-01-19,5.2
2017-01-20,5.2
2017-01-23,5.25
2017-01-24,5.300000000000001
2017-01-25,5.4
2017-01-26,5.35
2017-01-27,5.35
2017-01-30,5.300000000000001
2017-01-31,5.2
2017-02-01,5.2
2017-02-02,5.2
2017-02-03,5.25
2017-02-06,5.35
2017-02-07,5.3
2017-02-08,5.2
2017-02-09,5.3
2017-02-10,5.3
2017-02-14,5.3
2017-02-15,5.199999999999999
2017-02-16,5.2
2017-02-17,5.2
2017-02-20,5.2
2017-02-21,5.2
2017-02-22,5.2
2017-02-23,5.2
2017-02-24,5.2
2017-02-27,5.0
2017-02-28,5.0
2017-03-01,5.0
2017-03-02,5.0
2017-03-03,5.0
2017-03-06,4.95
2017-03-07,4.9
2017-03-08,4.9
2017-03-09,4.9
2017-03-10,4.95
2017-03-13,4.9
2017-03-14,4.9
2017-03-15,4.9
2017-03-16,5.050000000000001
2017-03-17,5.2
2017-03-20,5.2
2017-03-21,5.2
2017-03-22,5.2
2017-03-23,5.2
2017-03-24,5.2
2017-03-27,5.2
2017-03-28,5.2
2017-03-29,5.2
2017-03-30,5.1
2017-03-31,5.15
2017-04-03,5.2
2017-04-04,5.2
2017-04-05,5.2
2017-04-07,5.2
2017-04-10,5.2
2017-04-11,5.2
2017-04-12,5.2
2017-04-17,5.2
2017-04-18,5.2
2017-04-19,5.2
2017-04-20,5.2
2017-04-21,5.35
2017-04-24,5.35
2017-04-25,5.35
2017-04-26,5.5
2017-04-27,5.65
2017-04-28,5.65
2017-05-02,5.6
2017-05-03,5.6
2017-05-04,5.6
2017-05-08,5.6
2017-05-09,5.5
2017-05-11,5.4
2017-05-12,5.300000000000001
2017-05-15,5.0
2017-05-16,5.15
2017-05-17,5.0
2017-05-18,5.0
2017-05-19,5.05
2017-05-22,5.1
2017-05-23,5.1
2017-05-24,5.15
2017-05-25,5.15
2017-05-26,5.15
2017-05-29,5.2
2017-05-30,5.15
2017-05-31,5.15
2017-06-01,5.2
2017-06-02,5.1
2017-06-05,5.1
2017-06-06,5.2
2017-06-07,5.1
2017-06-08,5.05
2017-06-09,5.0
2017-06-12,5.0
2017-06-13,5.05
2017-06-14,5.05
2017-06-15,5.0
2017-06-16,5.05
2017-06-19,5.1
2017-06-20,5.2
2017-06-21,5.05
2017-06-22,5.05
2017-06-23,5.1
2017-06-26,5.25
2017-06-27,5.25
2017-06-28,5.300000000000001
2017-06-29,5.35
2017-06-30,5.35
2017-07-03,5.4
2017-07-04,5.4
2017-07-05,5.3
2017-07-06,5.2
2017-07-07,5.2
2017-07-11,5.2
2017-07-12,5.3
2017-07-13,5.4
2017-07-14,5.25
2017-07-17,5.2
2017-07-18,5.2
2017-07-19,5.2
2017-07-20,5.2
2017-07-21,5.2
2017-07-24,5.2
2017-07-25,5.300000000000001
2017-07-26,5.4
2017-07-27,5.45
2017-07-31,5.5
2017-08-01,5.45
2017-08-02,5.5
2017-08-03,5.5
2017-08-04,5.4
2017-08-07,5.4
2017-08-08,5.4
2017-08-09,5.4
2017-08-10,5.4
2017-08-11,5.4
2017-08-15,5.4
2017-08-16,5.4
2017-08-17,5.5
2017-08-18,5.6
2017-08-21,5.6
2017-08-22,5.6
2017-08-23,5.6
2017-08-24,5.6
2017-08-25,5.7
2017-08-28,5.85
2017-08-29,5.85
2017-08-30,5.8
2017-08-31,6.0
2017-09-01,6.0
2017-09-04,5.9
2017-09-05,5.9
2017-09-06,6.0
2017-09-07,6.05
2017-09-08,6.1
2017-09-11,6.0
2017-09-12,6.0
2017-09-13,6.1
2017-09-14,6.199999999999999
2017-09-15,6.25
2017-09-18,6.300000000000001
2017-09-19,6.35
2017-09-20,6.300000000000001
2017-09-21,6.2
2017-09-22,6.2
2017-09-25,6.300000000000001
2017-09-26,6.35
2017-09-27,6.25
2017-09-28,6.2
2017-09-29,6.25
2017-10-02,6.35
2017-10-03,6.4
2017-10-04,6.300000000000001
2017-10-05,6.300000000000001
2017-10-06,6.375
2017-10-09,6.45
2017-10-10,6.4
2017-10-11,6.45
2017-10-12,6.55
2017-10-16,6.6
2017-10-17,6.55
2017-10-18,6.5
2017-10-19,6.45
2017-10-20,6.35
2017-10-24,6.35
2017-10-25,6.5
2017-10-27,6.5
2017-10-30,6.4
2017-10-31,6.4
2017-11-01,6.4
2017-11-02,6.35
2017-11-03,6.35
2017-11-06,6.4
2017-11-07,6.45
2017-11-08,6.5
2017-11-09,6.5
2017-11-10,6.45
2017-11-13,6.35
2017-11-14,6.4
2017-11-15,6.4
2017-11-16,6.4
2017-11-17,6.35
2017-11-20,6.3
2017-11-21,6.2
2017-11-22,6.25
2017-11-23,6.2
2017-11-24,6.1
2017-11-27,6.0
2017-11-28,6.1
2017-11-29,6.2
2017-11-30,6.2
2017-12-01,6.2
2017-12-04,6.2
2017-12-06,6.2
2017-12-07,6.25
2017-12-08,6.4
2017-12-12,6.4
2017-12-13,6.5
2017-12-14,6.6
2017-12-15,6.6
2017-12-18,6.699999999999999
2017-12-19,6.8
2017-12-20,6.9
2017-12-21,6.95
2017-12-22,6.95
2017-12-25,7.0
2017-12-26,7.0
2017-12-27,7.0
2017-12-28,7.0
2017-12-29,7.0
