Date,KKP
2007-01-03,27.1
2007-01-04,26.5
2007-01-05,26.5
2007-01-08,26.8
2007-01-09,26.4
2007-01-10,25.9
2007-01-11,26.5
2007-01-12,27.35
2007-01-15,27.75
2007-01-16,27.9
2007-01-17,27.9
2007-01-18,27.9
2007-01-19,27.9
2007-01-22,27.8
2007-01-23,27.9
2007-01-24,28.0
2007-01-25,28.0
2007-01-26,27.8
2007-01-29,27.6
2007-01-30,27.75
2007-01-31,27.65
2007-02-01,28.25
2007-02-02,28.85
2007-02-05,29.25
2007-02-06,28.85
2007-02-07,29.0
2007-02-08,29.2
2007-02-09,29.5
2007-02-12,29.65
2007-02-13,29.35
2007-02-14,29.5
2007-02-15,29.1
2007-02-16,28.75
2007-02-19,28.35
2007-02-20,28.65
2007-02-21,29.0
2007-02-22,29.25
2007-02-23,29.65
2007-02-26,29.65
2007-02-27,29.8
2007-02-28,29.4
2007-03-01,30.0
2007-03-02,29.9
2007-03-06,30.0
2007-03-07,30.35
2007-03-08,30.0
2007-03-09,29.8
2007-03-12,30.0
2007-03-13,29.9
2007-03-14,29.5
2007-03-15,29.65
2007-03-16,29.8
2007-03-19,29.75
2007-03-20,29.8
2007-03-21,29.65
2007-03-22,29.5
2007-03-23,29.65
2007-03-26,28.9
2007-03-27,28.8
2007-03-28,28.5
2007-03-29,28.1
2007-03-30,28.5
2007-04-02,29.1
2007-04-03,29.2
2007-04-04,29.5
2007-04-05,29.25
2007-04-09,28.75
2007-04-10,28.9
2007-04-11,28.9
2007-04-12,28.9
2007-04-17,28.9
2007-04-18,28.9
2007-04-19,29.25
2007-04-20,29.2
2007-04-23,29.0
2007-04-24,28.9
2007-04-25,29.2
2007-04-26,29.2
2007-04-27,29.5
2007-04-30,29.5
2007-05-02,29.35
2007-05-03,29.5
2007-05-04,29.8
2007-05-08,29.8
2007-05-09,29.3
2007-05-10,28.5
2007-05-11,28.1
2007-05-14,27.9
2007-05-15,27.4
2007-05-16,27.25
2007-05-17,27.8
2007-05-18,27.9
2007-05-21,27.65
2007-05-22,28.15
2007-05-23,28.25
2007-05-24,27.9
2007-05-25,27.6
2007-05-28,27.8
2007-05-29,27.65
2007-05-30,27.0
2007-06-01,27.15
2007-06-04,28.6
2007-06-05,29.35
2007-06-06,29.5
2007-06-07,29.65
2007-06-08,29.25
2007-06-11,29.0
2007-06-12,28.6
2007-06-13,28.2
2007-06-14,28.65
2007-06-15,28.9
2007-06-18,29.85
2007-06-19,30.25
2007-06-20,30.5
2007-06-21,31.75
2007-06-22,32.25
2007-06-25,31.4
2007-06-26,30.8
2007-06-27,31.25
2007-06-28,31.5
2007-06-29,31.9
2007-07-02,32.5
2007-07-03,33.1
2007-07-04,34.15
2007-07-05,34.9
2007-07-06,34.9
2007-07-09,35.6
2007-07-10,35.25
2007-07-11,34.15
2007-07-12,33.3
2007-07-13,33.1
2007-07-16,33.5
2007-07-17,34.1
2007-07-18,34.35
2007-07-19,34.1
2007-07-20,34.0
2007-07-23,33.9
2007-07-24,34.6
2007-07-25,34.75
2007-07-26,34.15
2007-07-27,32.7
2007-07-31,32.1
2007-08-01,31.75
2007-08-02,31.85
2007-08-03,32.5
2007-08-06,31.4
2007-08-07,31.2
2007-08-08,31.6
2007-08-09,31.75
2007-08-10,30.8
2007-08-14,30.9
2007-08-15,30.75
2007-08-16,30.15
2007-08-17,29.9
2007-08-20,31.1
2007-08-21,30.6
2007-08-22,29.0
2007-08-23,29.35
2007-08-24,29.1
2007-08-27,29.0
2007-08-28,29.1
2007-08-29,28.8
2007-08-30,28.6
2007-08-31,28.85
2007-09-03,29.1
2007-09-04,28.75
2007-09-05,28.8
2007-09-06,28.8
2007-09-07,28.65
2007-09-10,28.35
2007-09-11,28.2
2007-09-12,28.0
2007-09-13,28.0
2007-09-14,28.2
2007-09-17,28.2
2007-09-18,28.1
2007-09-19,28.5
2007-09-20,28.35
2007-09-21,28.6
2007-09-24,29.35
2007-09-25,29.5
2007-09-26,29.75
2007-09-27,30.1
2007-09-28,30.65
2007-10-01,31.15
2007-10-02,31.4
2007-10-03,31.1
2007-10-04,31.35
2007-10-05,31.5
2007-10-08,31.9
2007-10-09,32.0
2007-10-10,32.25
2007-10-11,32.5
2007-10-12,32.15
2007-10-15,31.75
2007-10-16,31.5
2007-10-17,31.6
2007-10-18,31.9
2007-10-19,31.5
2007-10-22,29.9
2007-10-24,30.0
2007-10-25,30.25
2007-10-26,30.15
2007-10-29,29.9
2007-10-30,29.25
2007-10-31,29.15
2007-11-01,29.75
2007-11-02,29.0
2007-11-05,28.6
2007-11-06,28.35
2007-11-07,28.4
2007-11-08,28.0
2007-11-09,28.2
2007-11-12,28.1
2007-11-13,28.2
2007-11-14,28.5
2007-11-15,28.5
2007-11-16,28.35
2007-11-19,28.35
2007-11-20,28.1
2007-11-21,27.65
2007-11-22,27.65
2007-11-23,27.9
2007-11-26,28.0
2007-11-27,27.9
2007-11-28,27.8
2007-11-29,28.0
2007-11-30,27.9
2007-12-03,27.65
2007-12-04,27.65
2007-12-06,27.8
2007-12-07,27.75
2007-12-11,27.15
2007-12-12,26.65
2007-12-13,26.9
2007-12-14,26.9
2007-12-17,26.65
2007-12-18,26.75
2007-12-19,26.8
2007-12-20,26.75
2007-12-21,26.8
2007-12-24,26.8
2007-12-25,27.4
2007-12-26,28.0
2007-12-27,28.1
2007-12-28,28.1
2008-01-02,27.9
2008-01-03,27.65
2008-01-04,27.35
2008-01-07,27.1
2008-01-08,27.2
2008-01-09,27.25
2008-01-10,27.1
2008-01-11,27.2
2008-01-14,27.1
2008-01-15,27.5
2008-01-16,27.1
2008-01-17,27.1
2008-01-18,27.25
2008-01-21,27.5
2008-01-22,27.2
2008-01-23,27.5
2008-01-24,27.5
2008-01-25,28.1
2008-01-28,28.5
2008-01-29,28.65
2008-01-30,28.85
2008-01-31,29.4
2008-02-01,29.1
2008-02-04,29.3
2008-02-05,29.0
2008-02-06,29.1
2008-02-07,29.0
2008-02-08,29.1
2008-02-11,29.0
2008-02-12,29.1
2008-02-13,29.25
2008-02-14,29.65
2008-02-15,29.1
2008-02-18,29.35
2008-02-19,29.5
2008-02-20,29.4
2008-02-22,29.4
2008-02-25,29.65
2008-02-26,29.4
2008-02-27,29.2
2008-02-28,29.1
2008-02-29,29.35
2008-03-03,29.35
2008-03-04,29.2
2008-03-05,29.1
2008-03-06,29.1
2008-03-07,29.0
2008-03-10,28.35
2008-03-11,28.2
2008-03-12,29.0
2008-03-13,28.75
2008-03-14,28.5
2008-03-17,28.35
2008-03-18,28.6
2008-03-19,29.1
2008-03-20,28.8
2008-03-21,29.0
2008-03-24,29.25
2008-03-25,28.2
2008-03-26,28.5
2008-03-27,28.85
2008-03-28,29.0
2008-03-31,28.9
2008-04-01,28.75
2008-04-02,28.8
2008-04-03,29.0
2008-04-04,28.9
2008-04-08,28.8
2008-04-09,28.65
2008-04-10,28.8
2008-04-11,28.9
2008-04-16,28.9
2008-04-17,29.25
2008-04-18,29.75
2008-04-21,30.1
2008-04-22,30.1
2008-04-23,30.0
2008-04-24,29.9
2008-04-25,29.9
2008-04-28,29.8
2008-04-29,30.0
2008-04-30,30.0
2008-05-02,29.75
2008-05-06,29.75
2008-05-07,30.0
2008-05-08,29.5
2008-05-09,29.65
2008-05-12,29.65
2008-05-13,29.5
2008-05-14,29.65
2008-05-15,30.0
2008-05-16,30.6
2008-05-20,30.4
2008-05-21,30.0
2008-05-22,29.6
2008-05-23,29.6
2008-05-26,29.75
2008-05-27,29.65
2008-05-28,29.35
2008-05-29,28.75
2008-05-30,28.35
2008-06-02,28.25
2008-06-03,28.25
2008-06-04,28.65
2008-06-05,28.65
2008-06-06,28.9
2008-06-09,28.5
2008-06-10,28.5
2008-06-11,28.35
2008-06-12,27.9
2008-06-13,28.1
2008-06-16,28.25
2008-06-17,27.5
2008-06-18,27.0
2008-06-19,26.65
2008-06-20,26.7
2008-06-23,26.75
2008-06-24,26.8
2008-06-25,26.9
2008-06-26,26.9
2008-06-27,26.5
2008-06-30,25.75
2008-07-02,25.25
2008-07-03,24.95
2008-07-04,24.65
2008-07-07,24.35
2008-07-08,23.799999999999997
2008-07-09,23.450000000000003
2008-07-10,23.25
2008-07-11,23.3
2008-07-14,23.200000000000003
2008-07-15,22.8
2008-07-16,21.9
2008-07-18,21.3
2008-07-21,21.45
2008-07-22,21.35
2008-07-23,21.8
2008-07-24,22.3
2008-07-25,22.4
2008-07-28,22.35
2008-07-29,22.3
2008-07-30,22.35
2008-07-31,22.25
2008-08-01,22.3
2008-08-04,22.4
2008-08-05,21.3
2008-08-06,21.35
2008-08-07,21.450000000000003
2008-08-08,21.45
2008-08-11,21.8
2008-08-13,21.950000000000003
2008-08-14,22.0
2008-08-15,22.0
2008-08-18,21.8
2008-08-19,21.45
2008-08-20,21.299999999999997
2008-08-21,21.2
2008-08-22,21.2
2008-08-25,20.95
2008-08-26,20.4
2008-08-27,20.0
2008-08-28,19.9
2008-08-29,19.799999999999997
2008-09-01,19.4
2008-09-02,19.1
2008-09-03,18.9
2008-09-04,19.0
2008-09-05,19.05
2008-09-08,19.35
2008-09-09,19.35
2008-09-10,19.200000000000003
2008-09-11,19.2
2008-09-12,19.25
2008-09-15,19.049999999999997
2008-09-16,18.5
2008-09-17,18.0
2008-09-18,17.6
2008-09-19,18.3
2008-09-22,18.25
2008-09-23,17.9
2008-09-24,17.95
2008-09-25,17.85
2008-09-26,17.6
2008-09-29,17.15
2008-09-30,16.75
2008-10-01,17.0
2008-10-02,16.950000000000003
2008-10-03,16.75
2008-10-06,16.45
2008-10-07,15.1
2008-10-08,15.3
2008-10-09,15.55
2008-10-10,15.05
2008-10-13,15.1
2008-10-14,16.15
2008-10-15,16.45
2008-10-16,15.65
2008-10-17,15.45
2008-10-20,15.4
2008-10-21,15.5
2008-10-22,15.4
2008-10-24,15.0
2008-10-27,14.2
2008-10-28,13.2
2008-10-29,13.3
2008-10-30,13.55
2008-10-31,13.55
2008-11-03,13.8
2008-11-04,13.9
2008-11-05,13.7
2008-11-06,13.2
2008-11-07,12.899999999999999
2008-11-10,12.75
2008-11-11,11.6
2008-11-12,10.649999999999999
2008-11-13,10.399999999999999
2008-11-14,10.3
2008-11-17,10.149999999999999
2008-11-18,10.05
2008-11-19,10.0
2008-11-20,9.7
2008-11-21,9.399999999999999
2008-11-24,9.0
2008-11-25,8.8
2008-11-26,8.649999999999999
2008-11-27,8.7
2008-11-28,8.9
2008-12-01,8.9
2008-12-02,8.8
2008-12-03,8.9
2008-12-04,8.75
2008-12-08,8.8
2008-12-09,9.05
2008-12-11,9.1
2008-12-12,9.0
2008-12-15,9.1
2008-12-16,9.399999999999999
2008-12-17,9.7
2008-12-18,9.75
2008-12-19,10.1
2008-12-22,10.7
2008-12-23,10.95
2008-12-24,10.8
2008-12-25,10.600000000000001
2008-12-26,10.5
2008-12-29,10.3
2008-12-30,10.2
2009-01-02,10.2
2009-01-05,10.7
2009-01-06,10.95
2009-01-07,10.9
2009-01-08,10.75
2009-01-09,11.0
2009-01-12,11.05
2009-01-13,10.85
2009-01-14,10.9
2009-01-15,10.75
2009-01-16,10.95
2009-01-19,11.25
2009-01-20,11.2
2009-01-21,11.350000000000001
2009-01-22,11.4
2009-01-23,11.3
2009-01-26,11.4
2009-01-27,11.350000000000001
2009-01-28,11.4
2009-01-29,11.25
2009-01-30,11.25
2009-02-02,11.0
2009-02-03,10.9
2009-02-04,10.850000000000001
2009-02-05,10.75
2009-02-06,10.7
2009-02-10,10.6
2009-02-11,10.4
2009-02-12,10.25
2009-02-13,10.2
2009-02-16,10.55
2009-02-17,10.6
2009-02-18,10.55
2009-02-19,10.5
2009-02-20,10.4
2009-02-23,10.149999999999999
2009-02-24,10.05
2009-02-25,10.05
2009-02-26,10.1
2009-02-27,10.149999999999999
2009-03-02,10.05
2009-03-03,9.8
2009-03-04,9.9
2009-03-05,10.05
2009-03-06,10.05
2009-03-09,10.1
2009-03-10,10.05
2009-03-11,10.05
2009-03-12,10.0
2009-03-13,10.1
2009-03-16,10.25
2009-03-17,10.3
2009-03-18,10.149999999999999
2009-03-19,10.05
2009-03-20,10.1
2009-03-23,10.1
2009-03-24,10.3
2009-03-25,10.3
2009-03-26,10.350000000000001
2009-03-27,10.600000000000001
2009-03-30,10.5
2009-03-31,10.45
2009-04-01,10.7
2009-04-02,11.100000000000001
2009-04-03,11.350000000000001
2009-04-07,11.4
2009-04-08,11.35
2009-04-09,11.3
2009-04-10,11.5
2009-04-16,12.2
2009-04-17,12.9
2009-04-20,13.05
2009-04-21,13.35
2009-04-22,13.8
2009-04-23,13.8
2009-04-24,14.05
2009-04-27,13.3
2009-04-28,13.35
2009-04-29,13.55
2009-04-30,14.05
2009-05-04,14.649999999999999
2009-05-06,15.7
2009-05-07,17.049999999999997
2009-05-11,17.0
2009-05-12,16.9
2009-05-13,16.85
2009-05-14,16.3
2009-05-15,16.05
2009-05-18,16.2
2009-05-19,16.65
2009-05-20,16.75
2009-05-21,16.5
2009-05-22,16.15
2009-05-25,16.25
2009-05-26,16.35
2009-05-27,16.6
2009-05-28,16.65
2009-05-29,16.700000000000003
2009-06-01,17.0
2009-06-02,16.9
2009-06-03,16.9
2009-06-04,16.95
2009-06-05,17.4
2009-06-08,17.75
2009-06-09,17.85
2009-06-10,18.05
2009-06-11,18.05
2009-06-12,17.950000000000003
2009-06-15,17.6
2009-06-16,16.95
2009-06-17,16.85
2009-06-18,16.55
2009-06-19,16.450000000000003
2009-06-22,16.5
2009-06-23,16.1
2009-06-24,16.3
2009-06-25,16.55
2009-06-26,16.55
2009-06-29,16.5
2009-06-30,16.6
2009-07-02,16.3
2009-07-03,16.1
2009-07-06,16.1
2009-07-08,15.950000000000001
2009-07-09,15.9
2009-07-10,15.950000000000001
2009-07-13,15.8
2009-07-14,15.850000000000001
2009-07-15,16.05
2009-07-16,16.15
2009-07-17,16.25
2009-07-20,17.2
2009-07-21,17.45
2009-07-22,17.35
2009-07-23,17.6
2009-07-24,17.9
2009-07-27,18.05
2009-07-28,17.95
2009-07-29,17.95
2009-07-30,17.95
2009-07-31,18.15
2009-08-03,18.25
2009-08-04,17.65
2009-08-05,17.75
2009-08-06,17.6
2009-08-07,17.4
2009-08-10,17.450000000000003
2009-08-11,17.35
2009-08-13,17.549999999999997
2009-08-14,17.65
2009-08-17,17.4
2009-08-18,17.4
2009-08-19,17.7
2009-08-20,18.0
2009-08-21,18.1
2009-08-24,18.35
2009-08-25,18.35
2009-08-26,18.65
2009-08-27,19.15
2009-08-28,19.25
2009-08-31,19.0
2009-09-01,18.95
2009-09-02,19.0
2009-09-03,19.45
2009-09-04,20.35
2009-09-07,21.15
2009-09-08,21.25
2009-09-09,21.1
2009-09-10,21.35
2009-09-11,21.55
2009-09-14,21.5
2009-09-15,21.65
2009-09-16,22.0
2009-09-17,22.299999999999997
2009-09-18,22.35
2009-09-21,22.799999999999997
2009-09-22,23.8
2009-09-23,24.45
2009-09-24,24.25
2009-09-25,24.0
2009-09-28,23.65
2009-09-29,23.6
2009-09-30,23.65
2009-10-01,23.9
2009-10-02,23.85
2009-10-05,23.45
2009-10-06,23.450000000000003
2009-10-07,23.6
2009-10-08,23.75
2009-10-09,23.85
2009-10-12,24.1
2009-10-13,24.1
2009-10-14,23.6
2009-10-15,22.25
2009-10-16,21.35
2009-10-19,23.25
2009-10-20,23.75
2009-10-21,24.0
2009-10-22,24.05
2009-10-26,24.2
2009-10-27,25.8
2009-10-28,26.75
2009-10-29,26.0
2009-10-30,26.35
2009-11-02,25.15
2009-11-03,25.2
2009-11-04,25.8
2009-11-05,25.35
2009-11-06,26.0
2009-11-09,26.2
2009-11-10,26.5
2009-11-11,26.65
2009-11-12,26.0
2009-11-13,25.2
2009-11-16,25.5
2009-11-17,25.75
2009-11-18,26.15
2009-11-19,26.25
2009-11-20,25.75
2009-11-23,25.25
2009-11-24,24.9
2009-11-25,25.2
2009-11-26,25.2
2009-11-27,24.55
2009-11-30,24.95
2009-12-01,25.2
2009-12-02,25.0
2009-12-03,25.5
2009-12-04,25.9
2009-12-08,25.9
2009-12-09,25.35
2009-12-11,25.35
2009-12-14,25.5
2009-12-15,25.5
2009-12-16,25.5
2009-12-17,25.9
2009-12-18,25.75
2009-12-21,25.25
2009-12-22,25.35
2009-12-23,25.5
2009-12-24,25.2
2009-12-25,25.2
2009-12-28,25.35
2009-12-29,25.5
2009-12-30,25.5
2010-01-04,25.5
2010-01-05,25.9
2010-01-06,26.1
2010-01-07,26.0
2010-01-08,26.0
2010-01-11,26.25
2010-01-12,26.25
2010-01-13,25.8
2010-01-14,26.0
2010-01-15,26.0
2010-01-18,25.9
2010-01-19,25.75
2010-01-20,25.5
2010-01-21,25.1
2010-01-22,24.95
2010-01-25,24.95
2010-01-26,24.85
2010-01-27,24.45
2010-01-28,24.25
2010-01-29,23.950000000000003
2010-02-01,23.9
2010-02-02,24.0
2010-02-03,24.25
2010-02-04,24.65
2010-02-05,24.4
2010-02-08,24.25
2010-02-09,24.15
2010-02-10,24.35
2010-02-11,24.549999999999997
2010-02-12,24.7
2010-02-15,24.7
2010-02-16,24.6
2010-02-17,24.799999999999997
2010-02-18,24.9
2010-02-19,24.75
2010-02-22,24.95
2010-02-23,24.95
2010-02-24,24.95
2010-02-25,25.1
2010-02-26,25.1
2010-03-02,25.0
2010-03-03,25.4
2010-03-04,25.65
2010-03-05,25.5
2010-03-08,25.25
2010-03-09,25.1
2010-03-10,25.2
2010-03-11,25.049999999999997
2010-03-12,24.95
2010-03-15,25.1
2010-03-16,25.5
2010-03-17,26.1
2010-03-18,26.0
2010-03-19,26.6
2010-03-22,27.0
2010-03-23,27.1
2010-03-24,27.35
2010-03-25,27.1
2010-03-26,26.9
2010-03-29,26.9
2010-03-30,27.25
2010-03-31,27.35
2010-04-01,28.0
2010-04-02,28.1
2010-04-05,27.8
2010-04-07,28.0
2010-04-08,27.6
2010-04-09,27.35
2010-04-12,26.65
2010-04-16,26.25
2010-04-19,26.0
2010-04-20,27.5
2010-04-21,27.5
2010-04-22,27.9
2010-04-23,27.4
2010-04-26,28.0
2010-04-27,27.9
2010-04-28,26.35
2010-04-29,26.65
2010-04-30,26.9
2010-05-04,27.0
2010-05-06,27.1
2010-05-07,26.5
2010-05-10,26.6
2010-05-11,27.1
2010-05-12,26.9
2010-05-13,26.6
2010-05-14,26.1
2010-05-17,25.1
2010-05-18,25.5
2010-05-19,25.6
2010-05-20,26.0
2010-05-21,26.0
2010-05-24,25.65
2010-05-25,25.0
2010-05-26,25.0
2010-05-27,25.35
2010-05-31,25.75
2010-06-01,25.9
2010-06-02,25.9
2010-06-03,26.6
2010-06-04,26.6
2010-06-07,26.25
2010-06-08,26.5
2010-06-09,26.65
2010-06-10,27.0
2010-06-11,27.15
2010-06-14,27.1
2010-06-15,27.2
2010-06-16,27.35
2010-06-17,27.1
2010-06-18,27.1
2010-06-21,27.35
2010-06-22,28.0
2010-06-23,28.1
2010-06-24,27.9
2010-06-25,27.5
2010-06-28,27.5
2010-06-29,27.35
2010-06-30,27.2
2010-07-02,27.5
2010-07-05,27.9
2010-07-06,28.1
2010-07-07,28.5
2010-07-08,28.9
2010-07-09,29.25
2010-07-12,29.8
2010-07-13,29.5
2010-07-14,29.35
2010-07-15,29.2
2010-07-16,29.0
2010-07-19,29.25
2010-07-20,29.35
2010-07-21,29.65
2010-07-22,30.0
2010-07-23,31.0
2010-07-27,31.0
2010-07-28,31.0
2010-07-29,31.0
2010-07-30,30.65
2010-08-02,30.5
2010-08-03,29.65
2010-08-04,29.8
2010-08-05,29.8
2010-08-06,29.5
2010-08-09,29.5
2010-08-10,29.65
2010-08-11,29.25
2010-08-16,29.0
2010-08-17,29.1
2010-08-18,29.75
2010-08-19,29.9
2010-08-20,30.0
2010-08-23,30.1
2010-08-24,29.9
2010-08-25,29.9
2010-08-26,30.35
2010-08-27,30.35
2010-08-30,31.15
2010-08-31,32.25
2010-09-01,32.9
2010-09-02,32.9
2010-09-03,32.9
2010-09-06,32.65
2010-09-07,32.65
2010-09-08,33.15
2010-09-09,33.65
2010-09-10,33.8
2010-09-13,34.7
2010-09-14,35.75
2010-09-15,35.7
2010-09-16,36.15
2010-09-17,35.8
2010-09-20,35.65
2010-09-21,35.85
2010-09-22,36.5
2010-09-23,36.65
2010-09-24,37.0
2010-09-27,38.75
2010-09-28,39.3
2010-09-29,39.1
2010-09-30,39.25
2010-10-01,39.1
2010-10-04,38.85
2010-10-05,37.9
2010-10-06,37.8
2010-10-07,38.0
2010-10-08,38.0
2010-10-11,38.35
2010-10-12,39.25
2010-10-13,39.9
2010-10-14,39.75
2010-10-15,39.65
2010-10-18,39.35
2010-10-19,39.35
2010-10-20,39.6
2010-10-21,40.5
2010-10-22,40.85
2010-10-26,40.25
2010-10-27,39.9
2010-10-28,39.65
2010-10-29,39.65
2010-11-01,40.0
2010-11-02,39.75
2010-11-03,39.75
2010-11-04,39.65
2010-11-05,39.65
2010-11-08,39.9
2010-11-09,40.15
2010-11-10,40.2
2010-11-11,40.35
2010-11-12,39.5
2010-11-15,39.1
2010-11-16,39.0
2010-11-17,38.25
2010-11-18,37.75
2010-11-19,38.1
2010-11-22,38.1
2010-11-23,37.4
2010-11-24,37.0
2010-11-25,37.1
2010-11-26,37.1
2010-11-29,37.1
2010-11-30,37.5
2010-12-01,37.9
2010-12-02,38.5
2010-12-03,39.0
2010-12-07,39.1
2010-12-08,38.6
2010-12-09,38.25
2010-12-13,37.5
2010-12-14,37.35
2010-12-15,37.6
2010-12-16,38.0
2010-12-17,37.5
2010-12-20,37.35
2010-12-21,37.65
2010-12-22,38.3
2010-12-23,38.85
2010-12-24,38.8
2010-12-27,38.4
2010-12-28,37.9
2010-12-29,37.9
2010-12-30,38.6
2011-01-04,38.75
2011-01-05,38.8
2011-01-06,38.8
2011-01-07,38.25
2011-01-10,37.5
2011-01-11,37.1
2011-01-12,37.5
2011-01-13,38.1
2011-01-14,38.0
2011-01-17,37.8
2011-01-18,37.65
2011-01-19,37.8
2011-01-20,37.0
2011-01-21,36.0
2011-01-24,35.15
2011-01-25,34.8
2011-01-26,35.15
2011-01-27,35.35
2011-01-28,35.0
2011-01-31,34.1
2011-02-01,34.5
2011-02-02,34.9
2011-02-03,35.1
2011-02-04,35.1
2011-02-07,34.9
2011-02-08,34.6
2011-02-09,34.25
2011-02-10,33.4
2011-02-11,32.75
2011-02-14,32.5
2011-02-15,32.5
2011-02-16,33.0
2011-02-17,33.4
2011-02-18,33.25
2011-02-21,33.1
2011-02-22,32.5
2011-02-23,32.65
2011-02-24,32.5
2011-02-25,32.5
2011-02-28,32.8
2011-03-01,32.9
2011-03-02,32.8
2011-03-03,32.9
2011-03-04,33.35
2011-03-07,33.5
2011-03-08,34.4
2011-03-09,35.0
2011-03-10,34.9
2011-03-11,34.3
2011-03-14,34.0
2011-03-15,33.8
2011-03-16,33.9
2011-03-17,33.9
2011-03-21,34.1
2011-03-22,34.2
2011-03-23,34.35
2011-03-24,34.65
2011-03-25,34.9
2011-03-28,35.0
2011-03-29,35.0
2011-03-30,35.1
2011-03-31,35.35
2011-04-01,35.85
2011-04-04,36.5
2011-04-05,36.5
2011-04-07,37.25
2011-04-08,37.35
2011-04-11,37.25
2011-04-12,37.25
2011-04-18,37.35
2011-04-19,36.1
2011-04-20,36.1
2011-04-21,36.0
2011-04-22,35.65
2011-04-25,35.25
2011-04-26,33.35
2011-04-27,33.35
2011-04-28,33.1
2011-04-29,32.9
2011-05-03,32.5
2011-05-04,32.1
2011-05-06,31.9
2011-05-09,31.9
2011-05-10,32.4
2011-05-11,33.1
2011-05-12,32.65
2011-05-13,33.0
2011-05-18,32.5
2011-05-19,32.1
2011-05-20,32.5
2011-05-23,32.0
2011-05-24,32.1
2011-05-25,32.2
2011-05-26,32.35
2011-05-27,32.2
2011-05-30,32.5
2011-05-31,32.5
2011-06-01,32.75
2011-06-02,32.2
2011-06-03,32.1
2011-06-06,32.2
2011-06-07,32.2
2011-06-08,31.65
2011-06-09,31.35
2011-06-10,31.35
2011-06-13,31.2
2011-06-14,31.35
2011-06-15,31.65
2011-06-16,31.35
2011-06-17,32.15
2011-06-20,32.65
2011-06-21,32.8
2011-06-22,32.65
2011-06-23,32.8
2011-06-24,32.8
2011-06-27,32.5
2011-06-28,32.1
2011-06-29,32.35
2011-06-30,32.75
2011-07-04,34.0
2011-07-05,34.35
2011-07-06,33.75
2011-07-07,34.3
2011-07-08,34.9
2011-07-11,34.35
2011-07-12,33.35
2011-07-13,33.75
2011-07-14,33.8
2011-07-18,33.9
2011-07-19,33.9
2011-07-20,34.2
2011-07-21,34.1
2011-07-22,34.1
2011-07-25,34.1
2011-07-26,34.35
2011-07-27,34.1
2011-07-28,34.1
2011-07-29,34.35
2011-08-01,35.4
2011-08-02,35.5
2011-08-03,34.8
2011-08-04,35.1
2011-08-05,34.0
2011-08-08,33.35
2011-08-09,32.1
2011-08-10,32.75
2011-08-11,32.35
2011-08-15,33.25
2011-08-16,33.65
2011-08-17,33.8
2011-08-18,34.1
2011-08-19,33.5
2011-08-22,33.65
2011-08-23,33.8
2011-08-24,33.35
2011-08-25,33.5
2011-08-26,33.1
2011-08-29,33.65
2011-08-30,34.0
2011-08-31,34.25
2011-09-01,34.25
2011-09-02,34.0
2011-09-05,33.9
2011-09-06,34.0
2011-09-07,33.0
2011-09-08,33.1
2011-09-09,33.1
2011-09-12,32.5
2011-09-13,32.25
2011-09-14,32.1
2011-09-15,32.1
2011-09-16,32.35
2011-09-19,32.35
2011-09-20,32.1
2011-09-21,32.1
2011-09-22,31.5
2011-09-23,30.0
2011-09-26,28.7
2011-09-27,29.0
2011-09-28,29.1
2011-09-29,28.5
2011-09-30,28.8
2011-10-03,27.5
2011-10-04,26.3
2011-10-05,26.1
2011-10-06,27.15
2011-10-07,28.0
2011-10-10,27.65
2011-10-11,27.9
2011-10-12,27.9
2011-10-13,28.1
2011-10-14,28.15
2011-10-17,28.6
2011-10-18,28.35
2011-10-19,28.5
2011-10-20,27.7
2011-10-21,27.35
2011-10-25,27.4
2011-10-26,26.9
2011-10-27,27.35
2011-10-28,27.65
2011-10-31,27.8
2011-11-01,27.65
2011-11-02,27.65
2011-11-03,27.5
2011-11-04,27.9
2011-11-07,28.0
2011-11-08,27.9
2011-11-09,27.65
2011-11-10,27.2
2011-11-11,27.2
2011-11-14,27.35
2011-11-15,27.9
2011-11-16,28.5
2011-11-17,29.0
2011-11-18,28.85
2011-11-21,28.6
2011-11-22,28.25
2011-11-23,28.2
2011-11-24,28.5
2011-11-25,28.5
2011-11-28,28.6
2011-11-29,29.0
2011-11-30,29.7
2011-12-01,32.1
2011-12-02,33.25
2011-12-06,34.15
2011-12-07,34.7
2011-12-08,35.9
2011-12-09,36.8
2011-12-13,35.3
2011-12-14,33.25
2011-12-15,32.75
2011-12-16,33.25
2011-12-19,33.1
2011-12-20,33.1
2011-12-21,33.1
2011-12-22,32.9
2011-12-23,32.65
2011-12-26,32.35
2011-12-27,32.1
2011-12-28,32.1
2011-12-29,32.1
2011-12-30,32.1
2012-01-04,31.75
2012-01-05,31.4
2012-01-06,31.0
2012-01-09,31.15
2012-01-10,31.4
2012-01-11,30.6
2012-01-12,30.5
2012-01-13,30.5
2012-01-16,30.1
2012-01-17,30.2
2012-01-18,30.35
2012-01-19,31.0
2012-01-20,31.25
2012-01-23,31.25
2012-01-24,31.65
2012-01-25,31.2
2012-01-26,31.65
2012-01-27,31.65
2012-01-30,31.35
2012-01-31,31.6
2012-02-01,32.25
2012-02-02,32.9
2012-02-03,32.5
2012-02-06,32.5
2012-02-07,32.1
2012-02-08,32.2
2012-02-09,32.1
2012-02-10,32.0
2012-02-13,32.1
2012-02-14,32.0
2012-02-15,31.9
2012-02-16,32.1
2012-02-17,32.1
2012-02-20,32.2
2012-02-21,32.35
2012-02-22,32.35
2012-02-23,32.2
2012-02-24,32.2
2012-02-27,32.25
2012-02-28,32.2
2012-02-29,32.65
2012-03-01,33.15
2012-03-02,34.0
2012-03-05,34.2
2012-03-06,34.1
2012-03-08,34.0
2012-03-09,34.0
2012-03-12,33.65
2012-03-13,33.65
2012-03-14,34.0
2012-03-15,34.1
2012-03-16,34.35
2012-03-19,35.0
2012-03-20,35.9
2012-03-21,36.85
2012-03-22,37.0
2012-03-23,36.5
2012-03-26,36.5
2012-03-27,36.8
2012-03-28,36.75
2012-03-29,36.9
2012-03-30,37.0
2012-04-02,36.9
2012-04-03,37.25
2012-04-04,37.5
2012-04-05,37.1
2012-04-10,36.25
2012-04-11,35.15
2012-04-12,35.75
2012-04-17,36.4
2012-04-18,36.65
2012-04-19,37.15
2012-04-20,37.25
2012-04-23,37.1
2012-04-24,36.9
2012-04-25,37.0
2012-04-26,37.0
2012-04-27,37.0
2012-04-30,37.0
2012-05-02,37.25
2012-05-03,36.1
2012-05-04,36.15
2012-05-08,35.4
2012-05-09,34.25
2012-05-10,33.65
2012-05-11,33.35
2012-05-14,32.85
2012-05-15,32.75
2012-05-16,32.65
2012-05-17,32.65
2012-05-18,32.7
2012-05-21,32.75
2012-05-22,32.35
2012-05-23,32.0
2012-05-24,32.0
2012-05-25,32.4
2012-05-28,33.0
2012-05-29,33.65
2012-05-30,33.25
2012-05-31,33.25
2012-06-01,32.85
2012-06-05,32.25
2012-06-06,32.5
2012-06-07,33.5
2012-06-08,34.0
2012-06-11,34.75
2012-06-12,34.9
2012-06-13,35.1
2012-06-14,35.0
2012-06-15,34.85
2012-06-18,35.0
2012-06-19,34.75
2012-06-20,34.5
2012-06-21,34.65
2012-06-22,34.35
2012-06-25,34.2
2012-06-26,34.5
2012-06-27,35.3
2012-06-28,35.5
2012-06-29,35.6
2012-07-02,35.9
2012-07-03,35.8
2012-07-04,35.75
2012-07-05,35.5
2012-07-06,35.85
2012-07-09,35.8
2012-07-10,35.9
2012-07-11,36.4
2012-07-12,36.25
2012-07-13,36.25
2012-07-16,37.35
2012-07-17,38.2
2012-07-18,39.0
2012-07-19,39.25
2012-07-20,39.0
2012-07-23,39.0
2012-07-24,39.4
2012-07-25,40.0
2012-07-26,40.15
2012-07-27,39.9
2012-07-30,40.1
2012-07-31,40.6
2012-08-01,41.3
2012-08-03,41.8
2012-08-06,42.25
2012-08-07,42.35
2012-08-08,42.1
2012-08-09,41.7
2012-08-10,41.1
2012-08-14,41.0
2012-08-15,40.65
2012-08-16,40.65
2012-08-17,40.4
2012-08-20,40.0
2012-08-21,40.1
2012-08-22,40.1
2012-08-23,40.1
2012-08-24,40.1
2012-08-27,41.0
2012-08-28,42.3
2012-08-29,42.3
2012-08-30,41.2
2012-08-31,41.4
2012-09-03,42.0
2012-09-04,42.5
2012-09-05,43.25
2012-09-06,44.25
2012-09-07,45.5
2012-09-10,46.6
2012-09-11,46.85
2012-09-12,46.8
2012-09-13,46.7
2012-09-14,46.75
2012-09-17,47.25
2012-09-18,47.75
2012-09-19,46.6
2012-09-20,47.65
2012-09-21,49.0
2012-09-24,48.0
2012-09-25,46.9
2012-09-26,46.1
2012-09-27,46.15
2012-09-28,46.35
2012-10-01,47.0
2012-10-02,47.25
2012-10-03,47.25
2012-10-04,47.5
2012-10-05,47.5
2012-10-08,47.4
2012-10-09,47.25
2012-10-10,46.75
2012-10-11,46.15
2012-10-12,45.5
2012-10-15,42.85
2012-10-16,43.85
2012-10-17,44.6
2012-10-18,44.5
2012-10-19,44.1
2012-10-22,44.1
2012-10-24,44.1
2012-10-25,43.75
2012-10-26,43.25
2012-10-29,43.0
2012-10-30,43.1
2012-10-31,44.15
2012-11-01,45.25
2012-11-02,45.85
2012-11-05,45.5
2012-11-06,45.5
2012-11-07,45.25
2012-11-08,45.0
2012-11-09,45.8
2012-11-12,45.75
2012-11-13,45.0
2012-11-14,44.8
2012-11-15,44.6
2012-11-16,44.9
2012-11-19,45.2
2012-11-20,46.0
2012-11-21,46.5
2012-11-22,46.65
2012-11-23,46.75
2012-11-26,47.25
2012-11-27,48.0
2012-11-28,48.25
2012-11-29,48.85
2012-11-30,49.25
2012-12-03,49.15
2012-12-04,48.25
2012-12-06,48.0
2012-12-07,48.2
2012-12-11,48.1
2012-12-12,48.5
2012-12-13,48.8
2012-12-14,48.4
2012-12-17,48.2
2012-12-18,47.7
2012-12-19,47.5
2012-12-20,48.0
2012-12-21,47.9
2012-12-24,48.7
2012-12-25,49.35
2012-12-26,49.5
2012-12-27,49.35
2012-12-28,49.0
2013-01-02,48.85
2013-01-03,49.2
2013-01-04,49.25
2013-01-07,49.65
2013-01-08,50.0
2013-01-09,51.0
2013-01-10,50.75
2013-01-11,50.0
2013-01-14,50.5
2013-01-15,50.7
2013-01-16,50.0
2013-01-17,49.0
2013-01-18,49.0
2013-01-21,49.4
2013-01-22,49.5
2013-01-23,50.5
2013-01-24,50.9
2013-01-25,50.75
2013-01-28,50.5
2013-01-29,50.5
2013-01-30,51.15
2013-01-31,50.4
2013-02-01,51.1
2013-02-04,54.8
2013-02-05,55.9
2013-02-06,57.7
2013-02-07,58.4
2013-02-08,58.65
2013-02-11,59.5
2013-02-12,58.7
2013-02-13,60.3
2013-02-14,62.9
2013-02-15,62.0
2013-02-18,60.9
2013-02-19,60.9
2013-02-20,60.75
2013-02-21,60.6
2013-02-22,60.25
2013-02-26,59.9
2013-02-27,59.9
2013-02-28,60.85
2013-03-01,61.25
2013-03-04,61.5
2013-03-05,62.5
2013-03-06,62.75
2013-03-07,61.25
2013-03-08,60.5
2013-03-11,62.6
2013-03-12,63.25
2013-03-13,63.75
2013-03-14,65.4
2013-03-15,66.35
2013-03-18,65.6
2013-03-19,64.6
2013-03-20,64.1
2013-03-21,64.4
2013-03-22,62.35
2013-03-25,63.15
2013-03-26,64.0
2013-03-27,65.5
2013-03-28,66.0
2013-03-29,67.75
2013-04-01,69.4
2013-04-02,69.25
2013-04-03,68.0
2013-04-04,66.15
2013-04-05,66.25
2013-04-09,65.0
2013-04-10,64.75
2013-04-11,66.0
2013-04-12,66.1
2013-04-17,66.4
2013-04-18,66.5
2013-04-19,67.7
2013-04-22,69.5
2013-04-23,69.25
2013-04-24,68.6
2013-04-25,68.85
2013-04-26,69.75
2013-04-29,69.9
2013-04-30,70.25
2013-05-02,69.85
2013-05-03,69.5
2013-05-07,68.85
2013-05-08,69.5
2013-05-09,68.75
2013-05-10,67.25
2013-05-13,66.5
2013-05-14,66.9
2013-05-15,66.85
2013-05-16,65.1
2013-05-17,64.7
2013-05-20,66.0
2013-05-21,66.15
2013-05-22,65.8
2013-05-23,65.0
2013-05-27,64.0
2013-05-28,63.0
2013-05-29,63.1
2013-05-30,61.75
2013-05-31,60.75
2013-06-03,59.25
2013-06-04,60.1
2013-06-05,61.75
2013-06-06,60.1
2013-06-07,60.75
2013-06-10,62.25
2013-06-11,60.3
2013-06-12,56.25
2013-06-13,53.75
2013-06-14,57.5
2013-06-17,57.9
2013-06-18,55.4
2013-06-19,53.65
2013-06-20,50.85
2013-06-21,51.6
2013-06-24,50.75
2013-06-25,51.25
2013-06-26,53.5
2013-06-27,55.4
2013-06-28,54.0
2013-07-02,52.1
2013-07-03,51.2
2013-07-04,50.75
2013-07-05,51.25
2013-07-08,50.25
2013-07-09,49.75
2013-07-10,49.0
2013-07-11,50.5
2013-07-12,52.7
2013-07-15,52.85
2013-07-16,51.35
2013-07-17,50.3
2013-07-18,50.25
2013-07-19,50.4
2013-07-23,50.4
2013-07-24,50.5
2013-07-25,49.15
2013-07-26,47.65
2013-07-29,45.9
2013-07-30,45.75
2013-07-31,44.0
2013-08-01,44.3
2013-08-02,44.7
2013-08-05,44.0
2013-08-06,44.75
2013-08-07,44.35
2013-08-08,45.1
2013-08-09,44.75
2013-08-13,45.15
2013-08-14,45.5
2013-08-15,45.65
2013-08-16,45.2
2013-08-19,44.5
2013-08-20,43.1
2013-08-21,41.85
2013-08-22,40.6
2013-08-23,40.65
2013-08-26,40.5
2013-08-27,39.8
2013-08-28,37.5
2013-08-29,37.9
2013-08-30,39.0
2013-09-02,39.4
2013-09-03,39.65
2013-09-04,39.1
2013-09-05,39.35
2013-09-06,39.5
2013-09-09,40.2
2013-09-10,40.75
2013-09-11,42.6
2013-09-12,43.5
2013-09-13,43.25
2013-09-16,44.9
2013-09-17,45.4
2013-09-18,45.6
2013-09-19,47.0
2013-09-20,46.5
2013-09-23,44.4
2013-09-24,43.1
2013-09-25,43.0
2013-09-26,42.75
2013-09-27,43.5
2013-09-30,42.5
2013-10-01,42.85
2013-10-02,43.5
2013-10-03,44.1
2013-10-04,43.9
2013-10-07,43.4
2013-10-08,43.5
2013-10-09,43.65
2013-10-10,43.75
2013-10-11,44.5
2013-10-14,44.0
2013-10-15,44.2
2013-10-16,43.15
2013-10-17,42.5
2013-10-18,42.6
2013-10-21,42.15
2013-10-22,41.65
2013-10-24,42.65
2013-10-25,42.85
2013-10-28,42.2
2013-10-29,42.35
2013-10-30,41.6
2013-10-31,41.4
2013-11-01,41.8
2013-11-04,40.7
2013-11-05,41.0
2013-11-06,41.7
2013-11-07,42.0
2013-11-08,41.5
2013-11-11,41.4
2013-11-12,42.4
2013-11-13,42.35
2013-11-14,42.5
2013-11-15,42.4
2013-11-18,42.0
2013-11-19,42.0
2013-11-20,42.0
2013-11-21,40.6
2013-11-22,40.2
2013-11-25,39.9
2013-11-26,39.75
2013-11-27,40.0
2013-11-28,40.15
2013-11-29,40.0
2013-12-02,40.15
2013-12-03,40.8
2013-12-04,40.9
2013-12-06,40.3
2013-12-09,40.1
2013-12-11,40.35
2013-12-12,40.35
2013-12-13,39.9
2013-12-16,39.75
2013-12-17,39.9
2013-12-18,40.15
2013-12-19,40.4
2013-12-20,40.1
2013-12-23,39.25
2013-12-24,38.9
2013-12-25,38.9
2013-12-26,38.6
2013-12-27,37.7
2014-01-02,36.1
2014-01-03,35.0
2014-01-06,35.1
2014-01-07,35.75
2014-01-08,36.0
2014-01-09,35.4
2014-01-10,35.4
2014-01-13,35.85
2014-01-14,36.4
2014-01-15,36.65
2014-01-16,37.15
2014-01-17,37.0
2014-01-20,36.9
2014-01-21,36.65
2014-01-22,36.5
2014-01-23,36.9
2014-01-24,37.1
2014-01-27,36.8
2014-01-28,36.9
2014-01-29,37.25
2014-01-30,37.35
2014-01-31,37.35
2014-02-03,37.6
2014-02-04,37.75
2014-02-05,37.9
2014-02-06,37.9
2014-02-07,37.85
2014-02-10,37.75
2014-02-11,38.4
2014-02-12,39.15
2014-02-13,39.35
2014-02-17,39.75
2014-02-18,39.9
2014-02-19,39.75
2014-02-20,39.6
2014-02-21,39.25
2014-02-24,38.9
2014-02-25,38.5
2014-02-26,38.65
2014-02-27,39.15
2014-02-28,39.8
2014-03-03,40.25
2014-03-04,40.35
2014-03-05,40.35
2014-03-06,41.15
2014-03-07,41.5
2014-03-10,40.85
2014-03-11,40.6
2014-03-12,41.1
2014-03-13,41.6
2014-03-14,42.65
2014-03-17,43.8
2014-03-18,43.5
2014-03-19,42.85
2014-03-20,42.35
2014-03-21,42.75
2014-03-24,42.6
2014-03-25,41.9
2014-03-26,41.9
2014-03-27,42.1
2014-03-28,42.2
2014-03-31,42.35
2014-04-01,43.6
2014-04-02,44.35
2014-04-03,44.6
2014-04-04,45.15
2014-04-08,45.15
2014-04-09,44.4
2014-04-10,45.1
2014-04-11,45.75
2014-04-16,46.1
2014-04-17,46.2
2014-04-18,46.35
2014-04-21,44.75
2014-04-22,44.5
2014-04-23,45.0
2014-04-24,45.15
2014-04-25,44.8
2014-04-28,44.6
2014-04-29,44.9
2014-04-30,43.0
2014-05-02,43.1
2014-05-06,42.7
2014-05-07,41.8
2014-05-08,40.6
2014-05-09,40.4
2014-05-12,40.5
2014-05-14,40.65
2014-05-15,40.75
2014-05-16,41.25
2014-05-19,40.75
2014-05-20,40.0
2014-05-21,40.0
2014-05-22,40.35
2014-05-23,39.75
2014-05-26,39.9
2014-05-27,39.8
2014-05-28,40.75
2014-05-29,42.4
2014-05-30,42.9
2014-06-02,43.9
2014-06-03,45.1
2014-06-04,44.85
2014-06-05,44.3
2014-06-06,44.5
2014-06-09,45.5
2014-06-10,46.6
2014-06-11,47.65
2014-06-12,47.1
2014-06-13,46.6
2014-06-16,46.1
2014-06-17,46.15
2014-06-18,45.0
2014-06-19,45.15
2014-06-20,45.5
2014-06-23,45.75
2014-06-24,45.0
2014-06-25,44.9
2014-06-26,44.5
2014-06-27,44.65
2014-06-30,44.5
2014-07-02,44.6
2014-07-03,45.35
2014-07-04,45.65
2014-07-07,45.3
2014-07-08,45.5
2014-07-09,46.1
2014-07-10,46.6
2014-07-14,47.0
2014-07-15,46.6
2014-07-16,46.35
2014-07-17,46.1
2014-07-18,45.9
2014-07-21,45.75
2014-07-22,43.7
2014-07-23,42.7
2014-07-24,42.2
2014-07-25,42.0
2014-07-28,41.65
2014-07-29,41.6
2014-07-30,41.0
2014-07-31,40.5
2014-08-01,40.1
2014-08-04,41.0
2014-08-05,42.0
2014-08-06,41.75
2014-08-07,41.15
2014-08-08,40.4
2014-08-13,41.25
2014-08-14,41.6
2014-08-15,41.25
2014-08-18,41.8
2014-08-19,41.9
2014-08-20,41.4
2014-08-21,40.85
2014-08-22,40.8
2014-08-25,40.9
2014-08-26,41.15
2014-08-27,41.8
2014-08-28,41.9
2014-08-29,41.75
2014-09-01,41.6
2014-09-02,41.8
2014-09-03,41.9
2014-09-04,43.0
2014-09-05,43.9
2014-09-08,43.85
2014-09-09,43.1
2014-09-10,42.75
2014-09-11,42.75
2014-09-12,43.1
2014-09-15,43.0
2014-09-16,42.9
2014-09-17,42.65
2014-09-18,43.0
2014-09-19,43.6
2014-09-22,43.65
2014-09-23,43.5
2014-09-24,43.1
2014-09-25,43.25
2014-09-26,43.25
2014-09-29,42.4
2014-09-30,41.85
2014-10-01,42.0
2014-10-02,41.6
2014-10-03,41.1
2014-10-06,40.85
2014-10-07,40.35
2014-10-08,40.35
2014-10-09,40.25
2014-10-10,39.75
2014-10-13,39.9
2014-10-14,40.1
2014-10-15,40.2
2014-10-16,40.0
2014-10-17,40.75
2014-10-20,41.15
2014-10-21,40.5
2014-10-22,40.5
2014-10-24,40.1
2014-10-27,40.75
2014-10-28,40.8
2014-10-29,40.9
2014-10-30,41.0
2014-10-31,41.6
2014-11-03,42.5
2014-11-04,42.5
2014-11-05,42.1
2014-11-06,41.7
2014-11-07,41.35
2014-11-10,41.0
2014-11-11,40.75
2014-11-12,40.5
2014-11-13,40.916666666666664
2014-11-14,41.333333333333336
2014-11-17,41.75
2014-11-18,41.625
2014-11-19,41.5
2014-11-20,41.416666666666664
2014-11-21,41.333333333333336
2014-11-24,41.25
2014-11-25,41.166666666666664
2014-11-26,41.083333333333336
2014-11-27,41.0
2014-11-28,40.9
2014-12-01,40.5
2014-12-02,40.5
2014-12-03,40.5
2014-12-04,40.5
2014-12-08,40.5
2014-12-09,40.5
2014-12-11,40.0
2014-12-12,39.75
2014-12-15,39.6
2014-12-16,38.5
2014-12-17,38.6
2014-12-18,39.2
2014-12-19,39.8
2014-12-22,39.75
2014-12-23,39.8
2014-12-24,40.0
2014-12-25,39.8
2014-12-26,39.0
2014-12-29,39.25
2014-12-30,39.5
2015-01-05,39.0
2015-01-06,39.0
2015-01-07,39.0
2015-01-08,39.25
2015-01-09,39.5
2015-01-12,40.0
2015-01-13,39.8
2015-01-14,40.4
2015-01-15,40.25
2015-01-16,40.0
2015-01-19,39.5
2015-01-20,39.5
2015-01-21,39.35
2015-01-22,39.5
2015-01-23,40.25
2015-01-26,40.0
2015-01-27,40.5
2015-01-28,40.2
2015-01-29,40.25
2015-01-30,40.35
2015-02-02,40.0
2015-02-03,40.35
2015-02-04,40.25
2015-02-05,40.1
2015-02-06,40.6
2015-02-09,40.8
2015-02-10,40.65
2015-02-11,40.75
2015-02-12,40.9
2015-02-13,40.9
2015-02-16,40.9
2015-02-17,40.8
2015-02-18,40.4
2015-02-19,40.1
2015-02-20,40.2
2015-02-23,40.35
2015-02-24,40.2
2015-02-25,40.1
2015-02-26,39.9
2015-02-27,39.35
2015-03-02,39.2
2015-03-03,38.75
2015-03-05,38.35
2015-03-06,38.35
2015-03-09,38.1
2015-03-10,37.5
2015-03-11,37.4
2015-03-12,38.1
2015-03-13,37.75
2015-03-16,37.65
2015-03-17,37.8
2015-03-18,37.75
2015-03-19,38.15
2015-03-20,38.65
2015-03-23,38.5
2015-03-24,38.6
2015-03-25,39.0
2015-03-26,38.9
2015-03-27,38.65
2015-03-30,39.1
2015-03-31,39.0
2015-04-01,39.1
2015-04-02,39.0
2015-04-03,39.0
2015-04-07,39.2
2015-04-08,39.25
2015-04-09,39.25
2015-04-10,38.75
2015-04-16,38.65
2015-04-17,39.15
2015-04-20,38.75
2015-04-21,38.65
2015-04-22,38.65
2015-04-23,38.65
2015-04-24,38.75
2015-04-27,39.0
2015-04-28,38.9
2015-04-29,37.1
2015-04-30,37.0
2015-05-04,37.0
2015-05-06,36.9
2015-05-07,36.5
2015-05-08,37.0
2015-05-11,38.0
2015-05-12,37.9
2015-05-13,37.65
2015-05-14,37.65
2015-05-15,37.65
2015-05-18,37.35
2015-05-19,37.2
2015-05-20,37.2
2015-05-21,37.1
2015-05-22,37.2
2015-05-25,36.85
2015-05-26,36.6
2015-05-27,36.0
2015-05-28,35.75
2015-05-29,35.75
2015-06-02,36.0
2015-06-03,36.0
2015-06-04,36.1
2015-06-05,36.1
2015-06-08,36.1
2015-06-09,35.9
2015-06-10,36.0
2015-06-11,36.6
2015-06-12,36.6
2015-06-15,36.1
2015-06-16,36.1
2015-06-17,36.2
2015-06-18,36.1
2015-06-19,36.1
2015-06-22,35.8
2015-06-23,35.9
2015-06-24,36.0
2015-06-25,35.9
2015-06-26,35.9
2015-06-29,35.8
2015-06-30,35.5
2015-07-02,35.0
2015-07-03,34.35
2015-07-06,33.85
2015-07-07,33.65
2015-07-08,33.1
2015-07-09,33.0
2015-07-10,33.25
2015-07-13,33.1
2015-07-14,33.35
2015-07-15,33.65
2015-07-16,33.8
2015-07-17,33.9
2015-07-20,33.6
2015-07-21,33.35
2015-07-22,33.0
2015-07-23,32.65
2015-07-24,32.5
2015-07-27,31.75
2015-07-28,31.0
2015-07-29,31.0
2015-07-31,30.75
2015-08-03,30.9
2015-08-04,30.8
2015-08-05,31.0
2015-08-06,30.8
2015-08-07,30.9
2015-08-10,30.75
2015-08-11,30.5
2015-08-13,30.25
2015-08-14,30.2
2015-08-17,30.25
2015-08-18,29.5
2015-08-19,30.0
2015-08-20,30.7
2015-08-21,31.2
2015-08-24,30.25
2015-08-25,30.6
2015-08-26,31.25
2015-08-27,32.15
2015-08-28,32.9
2015-08-31,32.5
2015-09-01,32.25
2015-09-02,32.25
2015-09-03,32.8
2015-09-04,32.9
2015-09-07,33.25
2015-09-08,32.0
2015-09-09,31.9
2015-09-10,31.8
2015-09-11,31.9
2015-09-14,31.75
2015-09-15,31.35
2015-09-16,31.0
2015-09-17,31.1
2015-09-18,31.1
2015-09-21,31.0
2015-09-22,30.85
2015-09-23,30.35
2015-09-24,30.25
2015-09-25,30.65
2015-09-28,30.65
2015-09-29,30.5
2015-09-30,30.65
2015-10-01,30.8
2015-10-02,30.5
2015-10-05,30.65
2015-10-06,31.0
2015-10-07,31.2
2015-10-08,31.5
2015-10-09,31.65
2015-10-12,31.9
2015-10-13,31.65
2015-10-14,32.0
2015-10-15,32.85
2015-10-16,33.0
2015-10-19,32.85
2015-10-20,32.9
2015-10-21,33.1
2015-10-22,33.35
2015-10-26,33.5
2015-10-27,34.0
2015-10-28,34.25
2015-10-29,33.85
2015-10-30,33.5
2015-11-02,33.85
2015-11-03,34.5
2015-11-04,35.0
2015-11-05,35.5
2015-11-06,35.35
2015-11-09,35.5
2015-11-10,35.1
2015-11-11,34.75
2015-11-12,34.35
2015-11-13,34.35
2015-11-16,34.35
2015-11-17,35.15
2015-11-18,35.35
2015-11-19,35.35
2015-11-20,35.7
2015-11-23,37.0
2015-11-24,37.35
2015-11-25,37.1
2015-11-26,37.2
2015-11-27,37.0
2015-11-30,36.85
2015-12-01,36.25
2015-12-02,35.9
2015-12-03,35.9
2015-12-04,35.9
2015-12-08,35.5
2015-12-09,34.5
2015-12-11,34.1
2015-12-14,33.0
2015-12-15,33.9
2015-12-16,34.4
2015-12-17,34.75
2015-12-18,34.4
2015-12-21,34.15
2015-12-22,34.65
2015-12-23,34.5
2015-12-24,35.15
2015-12-25,35.4
2015-12-28,35.25
2015-12-29,35.8
2015-12-30,36.1
2016-01-04,35.7
2016-01-05,35.6
2016-01-06,36.5
2016-01-07,35.9
2016-01-08,36.15
2016-01-11,36.0
2016-01-12,36.6
2016-01-13,38.3
2016-01-14,37.8
2016-01-15,37.65
2016-01-18,37.8
2016-01-19,37.8
2016-01-20,37.9
2016-01-21,38.0
2016-01-22,38.4
2016-01-25,38.65
2016-01-26,38.25
2016-01-27,38.35
2016-01-28,38.35
2016-01-29,39.0
2016-02-01,40.1
2016-02-02,40.25
2016-02-03,40.0
2016-02-04,40.1
2016-02-05,40.7
2016-02-08,41.3
2016-02-09,41.9
2016-02-10,41.8
2016-02-11,41.4
2016-02-12,40.65
2016-02-15,39.9
2016-02-16,41.0
2016-02-17,41.5
2016-02-18,42.1
2016-02-19,43.1
2016-02-23,43.5
2016-02-24,44.1
2016-02-25,44.6
2016-02-26,45.15
2016-02-29,45.0
2016-03-01,44.0
2016-03-02,43.0
2016-03-03,42.925
2016-03-04,42.85
2016-03-07,43.15
2016-03-08,43.175
2016-03-09,43.2
2016-03-10,43.5
2016-03-11,44.3
2016-03-14,45.1
2016-03-15,44.9
2016-03-16,45.025
2016-03-17,45.15
2016-03-18,45.275
2016-03-21,45.4
2016-03-22,45.53333333333333
2016-03-23,45.666666666666664
2016-03-24,45.8
2016-03-25,45.5
2016-03-28,45.0
2016-03-29,44.5
2016-03-30,43.56666666666667
2016-03-31,42.63333333333333
2016-04-01,41.7
2016-04-04,42.5
2016-04-05,42.2
2016-04-07,41.9
2016-04-08,42.1
2016-04-11,42.3
2016-04-12,42.5
2016-04-18,42.5
2016-04-19,44.4
2016-04-20,44.65
2016-04-21,44.483333333333334
2016-04-22,44.31666666666666
2016-04-25,44.15
2016-04-26,43.325
2016-04-27,42.5
2016-04-28,42.85
2016-04-29,41.25
2016-05-03,41.5
2016-05-04,41.5
2016-05-09,41.5
2016-05-10,41.38333333333333
2016-05-11,41.266666666666666
2016-05-12,41.15
2016-05-13,41.22
2016-05-16,41.29
2016-05-17,41.36
2016-05-18,41.43
2016-05-19,41.5
2016-05-23,41.375
2016-05-24,41.25
2016-05-25,41.125
2016-05-26,41.0
2016-05-27,40.8
2016-05-30,41.4
2016-05-31,41.65
2016-06-01,41.35
2016-06-02,41.5
2016-06-03,41.7
2016-06-06,42.2
2016-06-07,42.1
2016-06-08,41.65
2016-06-09,41.4
2016-06-10,41.1
2016-06-13,41.0
2016-06-14,41.0
2016-06-15,41.1
2016-06-16,40.75
2016-06-17,40.1
2016-06-20,40.5
2016-06-21,40.8
2016-06-22,40.6
2016-06-23,40.65
2016-06-24,40.85
2016-06-27,41.5
2016-06-28,41.65
2016-06-29,42.75
2016-06-30,44.0
2016-07-04,43.85
2016-07-05,44.75
2016-07-06,45.5
2016-07-07,46.6
2016-07-08,47.65
2016-07-11,48.25
2016-07-12,47.85
2016-07-13,47.35
2016-07-14,48.0
2016-07-15,49.75
2016-07-20,50.8
2016-07-21,50.5
2016-07-22,50.4
2016-07-25,51.1
2016-07-26,51.1
2016-07-27,51.5
2016-07-28,51.9
2016-07-29,52.25
2016-08-01,52.4
2016-08-02,51.6
2016-08-03,51.3
2016-08-04,50.25
2016-08-05,48.65
2016-08-08,48.25
2016-08-09,49.1
2016-08-10,49.75
2016-08-11,49.5
2016-08-15,49.5
2016-08-16,49.1
2016-08-17,48.15
2016-08-18,48.5
2016-08-19,49.0
2016-08-22,49.4
2016-08-23,49.9
2016-08-24,50.1
2016-08-25,50.5
2016-08-26,51.5
2016-08-29,51.6
2016-08-30,51.1
2016-08-31,51.4
2016-09-01,51.3
2016-09-02,50.85
2016-09-05,50.15
2016-09-06,47.5
2016-09-07,48.35
2016-09-08,47.85
2016-09-09,48.0
2016-09-12,47.5
2016-09-13,48.6
2016-09-14,49.0
2016-09-15,49.2
2016-09-16,49.5
2016-09-19,50.1
2016-09-20,50.35
2016-09-21,51.3
2016-09-22,53.5
2016-09-23,56.0
2016-09-26,56.15
2016-09-27,55.9
2016-09-28,55.15
2016-09-29,55.25
2016-09-30,53.75
2016-10-03,55.15
2016-10-04,56.8
2016-10-05,58.1
2016-10-06,58.5
2016-10-07,58.5
2016-10-10,55.0
2016-10-11,54.4
2016-10-12,53.0
2016-10-13,54.15
2016-10-14,56.35
2016-10-17,56.5
2016-10-18,56.0
2016-10-19,55.85
2016-10-20,56.9
2016-10-21,56.5
2016-10-25,58.1
2016-10-26,59.5
2016-10-27,58.0
2016-10-28,57.65
2016-10-31,58.15
2016-11-01,58.65
2016-11-02,58.15
2016-11-03,57.65
2016-11-04,57.0
2016-11-07,57.25
2016-11-08,57.5
2016-11-09,57.7
2016-11-10,58.4
2016-11-11,58.4
2016-11-14,57.25
2016-11-15,57.25
2016-11-16,57.15
2016-11-17,57.1
2016-11-18,57.0
2016-11-21,56.35
2016-11-22,56.75
2016-11-23,56.85
2016-11-24,56.25
2016-11-25,56.1
2016-11-28,55.9
2016-11-29,55.75
2016-11-30,55.5
2016-12-01,55.5
2016-12-02,55.5
2016-12-06,55.85
2016-12-07,56.65
2016-12-08,57.25
2016-12-09,57.8
2016-12-13,57.9
2016-12-14,57.7
2016-12-15,57.15
2016-12-16,57.6
2016-12-19,58.25
2016-12-20,57.65
2016-12-21,57.35
2016-12-22,57.2
2016-12-23,57.7
2016-12-26,57.85
2016-12-27,57.85
2016-12-28,58.5
2016-12-29,58.8
2016-12-30,58.9
2017-01-04,58.75
2017-01-05,58.9
2017-01-06,58.75
2017-01-09,57.75
2017-01-10,57.1
2017-01-11,57.0
2017-01-12,57.35
2017-01-16,57.4
2017-01-17,56.5
2017-01-18,55.5
2017-01-19,54.25
2017-01-20,55.0
2017-01-23,57.25
2017-01-24,57.8
2017-01-25,57.75
2017-01-26,57.5
2017-01-27,57.65
2017-01-30,57.3
2017-01-31,57.0
2017-02-01,57.2
2017-02-02,57.5
2017-02-03,57.85
2017-02-06,58.5
2017-02-07,58.9
2017-02-08,59.1
2017-02-09,60.25
2017-02-10,61.25
2017-02-14,61.5
2017-02-15,61.75
2017-02-16,62.4
2017-02-17,62.65
2017-02-20,62.65
2017-02-21,62.9
2017-02-22,63.3
2017-02-23,65.15
2017-02-24,66.1
2017-02-27,66.0
2017-02-28,66.15
2017-03-01,65.8
2017-03-02,66.5
2017-03-03,66.5
2017-03-06,65.9
2017-03-07,66.2
2017-03-08,65.9
2017-03-09,66.25
2017-03-10,66.35
2017-03-13,66.5
2017-03-14,67.0
2017-03-15,67.6
2017-03-16,69.6
2017-03-17,71.0
2017-03-20,70.75
2017-03-21,70.25
2017-03-22,69.9
2017-03-23,69.5
2017-03-24,69.7
2017-03-27,69.85
2017-03-28,69.65
2017-03-29,69.35
2017-03-30,69.75
2017-03-31,69.75
2017-04-03,70.0
2017-04-04,70.0
2017-04-05,70.35
2017-04-07,70.35
2017-04-10,70.2
2017-04-11,69.6
2017-04-12,69.35
2017-04-17,69.5
2017-04-18,69.65
2017-04-19,69.25
2017-04-20,68.75
2017-04-21,70.15
2017-04-24,70.85
2017-04-25,70.75
2017-04-26,70.65
2017-04-27,70.9
2017-04-28,67.6
2017-05-02,67.5
2017-05-03,66.9
2017-05-04,67.4
2017-05-08,68.0
2017-05-09,68.25
2017-05-11,68.0
2017-05-12,67.9
2017-05-15,67.75
2017-05-16,67.0
2017-05-17,67.4
2017-05-18,68.0
2017-05-19,68.35
2017-05-22,68.65
2017-05-23,68.8
2017-05-24,68.75
2017-05-25,68.35
2017-05-26,68.35
2017-05-29,68.25
2017-05-30,68.0
2017-05-31,68.1
2017-06-01,68.1
2017-06-02,69.0
2017-06-05,69.9
2017-06-06,69.75
2017-06-07,69.4
2017-06-08,69.5
2017-06-09,69.4
2017-06-12,69.0
2017-06-13,69.1
2017-06-14,69.75
2017-06-15,70.35
2017-06-16,70.6
2017-06-19,70.8
2017-06-20,70.9
2017-06-21,71.5
2017-06-22,72.2
2017-06-23,71.85
2017-06-26,71.75
2017-06-27,71.75
2017-06-28,71.5
2017-06-29,71.65
2017-06-30,71.5
2017-07-03,71.9
2017-07-04,71.9
2017-07-05,70.8
2017-07-06,70.2
2017-07-07,70.6
2017-07-11,71.4
2017-07-12,72.5
2017-07-13,73.4
2017-07-14,74.1
2017-07-17,74.5
2017-07-18,74.1
2017-07-19,74.1
2017-07-20,73.5
2017-07-21,71.6
2017-07-24,70.0
2017-07-25,68.85
2017-07-26,67.6
2017-07-27,66.9
2017-07-31,66.8
2017-08-01,67.25
2017-08-02,67.6
2017-08-03,67.35
2017-08-04,67.35
2017-08-07,67.2
2017-08-08,67.35
2017-08-09,67.35
2017-08-10,67.1
2017-08-11,66.75
2017-08-15,66.85
2017-08-16,67.25
2017-08-17,67.35
2017-08-18,67.2
2017-08-21,68.0
2017-08-22,69.0
2017-08-23,68.75
2017-08-24,69.0
2017-08-25,69.35
2017-08-28,69.8
2017-08-29,70.15
2017-08-30,70.5
2017-08-31,70.2
2017-09-01,70.6
2017-09-04,71.0
2017-09-05,69.0
2017-09-06,68.4
2017-09-07,68.4
2017-09-08,68.9
2017-09-11,68.5
2017-09-12,68.25
2017-09-13,68.0
2017-09-14,67.9
2017-09-15,67.6
2017-09-18,67.75
2017-09-19,68.4
2017-09-20,69.5
2017-09-21,70.0
2017-09-22,70.0
2017-09-25,70.0
2017-09-26,70.2
2017-09-27,70.15
2017-09-28,69.75
2017-09-29,69.65
2017-10-02,70.1
2017-10-03,70.25
2017-10-04,70.0
2017-10-05,70.2
2017-10-06,70.35
2017-10-09,70.35
2017-10-10,70.85
2017-10-11,71.65
2017-10-12,72.5
2017-10-16,73.2
2017-10-17,74.0
2017-10-18,75.25
2017-10-19,74.4
2017-10-20,74.25
2017-10-24,74.85
2017-10-25,75.15
2017-10-27,75.8
2017-10-30,75.9
2017-10-31,76.0
2017-11-01,75.8
2017-11-02,75.6
2017-11-03,75.2
2017-11-06,75.8
2017-11-07,75.75
2017-11-08,75.8
2017-11-09,75.5
2017-11-10,74.4
2017-11-13,74.5
2017-11-14,75.1
2017-11-15,75.5
2017-11-16,75.35
2017-11-17,75.9
2017-11-20,76.7
2017-11-21,76.5
2017-11-22,76.5
2017-11-23,75.75
2017-11-24,74.75
2017-11-27,73.65
2017-11-28,73.15
2017-11-29,74.4
2017-11-30,75.1
2017-12-01,75.35
2017-12-04,75.5
2017-12-06,75.35
2017-12-07,75.85
2017-12-08,76.5
2017-12-12,76.65
2017-12-13,77.4
2017-12-14,77.9
2017-12-15,78.1
2017-12-18,78.2
2017-12-19,78.75
2017-12-20,78.9
2017-12-21,78.9
2017-12-22,79.0
2017-12-25,79.2
2017-12-26,79.1
2017-12-27,79.15
2017-12-28,79.35
2017-12-29,79.35
