Date,MINT
2007-01-03,9.0
2007-01-04,8.8
2007-01-05,8.8
2007-01-08,8.7
2007-01-09,8.1
2007-01-10,8.6
2007-01-11,8.9
2007-01-12,8.9
2007-01-15,9.2
2007-01-16,8.95
2007-01-17,8.850000000000001
2007-01-18,8.8
2007-01-19,8.9
2007-01-22,9.0
2007-01-23,9.1
2007-01-24,9.1
2007-01-25,9.25
2007-01-26,9.25
2007-01-29,9.3
2007-01-30,9.100000000000001
2007-01-31,8.95
2007-02-01,9.05
2007-02-02,9.350000000000001
2007-02-05,9.4
2007-02-06,9.4
2007-02-07,9.5
2007-02-08,9.7
2007-02-09,9.75
2007-02-12,9.649999999999999
2007-02-13,9.5
2007-02-14,9.45
2007-02-15,9.75
2007-02-16,9.7
2007-02-19,9.45
2007-02-20,9.5
2007-02-21,9.45
2007-02-22,9.4
2007-02-23,9.45
2007-02-26,9.3
2007-02-27,9.05
2007-02-28,9.0
2007-03-01,9.2
2007-03-02,8.9
2007-03-06,8.8
2007-03-07,8.850000000000001
2007-03-08,8.8
2007-03-09,8.8
2007-03-12,8.8
2007-03-13,8.8
2007-03-14,8.75
2007-03-15,8.850000000000001
2007-03-16,8.9
2007-03-19,8.9
2007-03-20,8.95
2007-03-21,8.9
2007-03-22,9.0
2007-03-23,9.05
2007-03-26,9.0
2007-03-27,9.05
2007-03-28,9.1
2007-03-29,9.1
2007-03-30,9.149999999999999
2007-04-02,9.149999999999999
2007-04-03,9.2
2007-04-04,9.149999999999999
2007-04-05,9.1
2007-04-09,9.0
2007-04-10,9.05
2007-04-11,9.0
2007-04-12,9.0
2007-04-17,9.0
2007-04-18,9.0
2007-04-19,8.95
2007-04-20,8.850000000000001
2007-04-23,8.95
2007-04-24,8.9
2007-04-25,9.0
2007-04-26,9.05
2007-04-27,9.1
2007-04-30,9.100000000000001
2007-05-02,9.45
2007-05-03,9.65
2007-05-04,9.9
2007-05-08,9.8
2007-05-09,9.7
2007-05-10,9.9
2007-05-11,10.05
2007-05-14,10.1
2007-05-15,9.9
2007-05-16,9.75
2007-05-17,9.7
2007-05-18,9.850000000000001
2007-05-21,9.75
2007-05-22,9.850000000000001
2007-05-23,10.0
2007-05-24,9.850000000000001
2007-05-25,9.8
2007-05-28,9.8
2007-05-29,9.8
2007-05-30,9.75
2007-06-01,10.05
2007-06-04,10.25
2007-06-05,10.45
2007-06-06,10.5
2007-06-07,10.6
2007-06-08,10.45
2007-06-11,10.5
2007-06-12,10.350000000000001
2007-06-13,10.05
2007-06-14,10.05
2007-06-15,10.350000000000001
2007-06-18,10.55
2007-06-19,10.6
2007-06-20,10.7
2007-06-21,11.0
2007-06-22,11.600000000000001
2007-06-25,11.5
2007-06-26,11.8
2007-06-27,11.8
2007-06-28,11.6
2007-06-29,11.35
2007-07-02,11.4
2007-07-03,11.649999999999999
2007-07-04,11.649999999999999
2007-07-05,11.45
2007-07-06,11.25
2007-07-09,11.3
2007-07-10,11.3
2007-07-11,11.4
2007-07-12,11.350000000000001
2007-07-13,11.399999999999999
2007-07-16,10.850000000000001
2007-07-17,11.1
2007-07-18,11.2
2007-07-19,11.35
2007-07-20,11.649999999999999
2007-07-23,11.75
2007-07-24,12.5
2007-07-25,12.85
2007-07-26,13.15
2007-07-27,12.649999999999999
2007-07-31,12.95
2007-08-01,12.45
2007-08-02,12.3
2007-08-03,12.350000000000001
2007-08-06,12.3
2007-08-07,12.25
2007-08-08,12.2
2007-08-09,12.15
2007-08-10,11.45
2007-08-14,11.2
2007-08-15,10.95
2007-08-16,10.3
2007-08-17,10.5
2007-08-20,11.7
2007-08-21,11.75
2007-08-22,11.7
2007-08-23,11.649999999999999
2007-08-24,11.6
2007-08-27,11.649999999999999
2007-08-28,11.75
2007-08-29,11.6
2007-08-30,11.6
2007-08-31,11.6
2007-09-03,11.85
2007-09-04,12.0
2007-09-05,12.05
2007-09-06,11.85
2007-09-07,11.7
2007-09-10,11.5
2007-09-11,11.399999999999999
2007-09-12,11.55
2007-09-13,11.7
2007-09-14,11.8
2007-09-17,11.9
2007-09-18,11.850000000000001
2007-09-19,11.95
2007-09-20,12.05
2007-09-21,12.35
2007-09-24,12.75
2007-09-25,12.7
2007-09-26,12.7
2007-09-27,12.850000000000001
2007-09-28,12.649999999999999
2007-10-01,12.7
2007-10-02,12.7
2007-10-03,12.899999999999999
2007-10-04,13.05
2007-10-05,13.1
2007-10-08,13.35
2007-10-09,13.649999999999999
2007-10-10,13.899999999999999
2007-10-11,14.55
2007-10-12,15.05
2007-10-15,15.3
2007-10-16,14.85
2007-10-17,14.649999999999999
2007-10-18,14.9
2007-10-19,14.8
2007-10-22,14.35
2007-10-24,14.2
2007-10-25,14.25
2007-10-26,14.6
2007-10-29,14.850000000000001
2007-10-30,14.649999999999999
2007-10-31,14.649999999999999
2007-11-01,14.7
2007-11-02,14.55
2007-11-05,14.350000000000001
2007-11-06,14.350000000000001
2007-11-07,14.3
2007-11-08,13.8
2007-11-09,13.7
2007-11-12,13.7
2007-11-13,13.75
2007-11-14,14.05
2007-11-15,14.25
2007-11-16,14.3
2007-11-19,14.25
2007-11-20,13.6
2007-11-21,13.45
2007-11-22,13.1
2007-11-23,13.3
2007-11-26,13.6
2007-11-27,13.45
2007-11-28,13.100000000000001
2007-11-29,13.3
2007-11-30,13.65
2007-12-03,13.8
2007-12-04,13.75
2007-12-06,13.850000000000001
2007-12-07,13.8
2007-12-11,13.8
2007-12-12,13.95
2007-12-13,13.65
2007-12-14,13.649999999999999
2007-12-17,13.55
2007-12-18,13.5
2007-12-19,13.5
2007-12-20,13.4
2007-12-21,13.85
2007-12-24,14.0
2007-12-25,14.149999999999999
2007-12-26,14.3
2007-12-27,14.55
2007-12-28,14.75
2008-01-02,13.8
2008-01-03,14.5
2008-01-04,14.05
2008-01-07,13.95
2008-01-08,14.0
2008-01-09,14.25
2008-01-10,14.5
2008-01-11,14.4
2008-01-14,13.899999999999999
2008-01-15,13.4
2008-01-16,12.55
2008-01-17,12.85
2008-01-18,12.85
2008-01-21,12.85
2008-01-22,12.149999999999999
2008-01-23,12.25
2008-01-24,11.8
2008-01-25,12.100000000000001
2008-01-28,12.149999999999999
2008-01-29,12.350000000000001
2008-01-30,12.350000000000001
2008-01-31,12.5
2008-02-01,13.25
2008-02-04,13.5
2008-02-05,13.25
2008-02-06,12.9
2008-02-07,13.1
2008-02-08,13.1
2008-02-11,13.05
2008-02-12,13.0
2008-02-13,13.1
2008-02-14,13.149999999999999
2008-02-15,13.45
2008-02-18,13.600000000000001
2008-02-19,13.8
2008-02-20,13.85
2008-02-22,13.55
2008-02-25,13.350000000000001
2008-02-26,13.3
2008-02-27,13.45
2008-02-28,13.649999999999999
2008-02-29,13.75
2008-03-03,13.75
2008-03-04,13.95
2008-03-05,13.850000000000001
2008-03-06,13.95
2008-03-07,13.9
2008-03-10,13.7
2008-03-11,13.5
2008-03-12,13.6
2008-03-13,13.6
2008-03-14,13.6
2008-03-17,13.350000000000001
2008-03-18,13.5
2008-03-19,13.649999999999999
2008-03-20,13.5
2008-03-21,13.6
2008-03-24,13.7
2008-03-25,13.649999999999999
2008-03-26,13.75
2008-03-27,13.850000000000001
2008-03-28,13.75
2008-03-31,13.8
2008-04-01,14.25
2008-04-02,14.45
2008-04-03,14.5
2008-04-04,14.5
2008-04-08,14.25
2008-04-09,14.0
2008-04-10,13.649999999999999
2008-04-11,13.7
2008-04-16,13.7
2008-04-17,13.75
2008-04-18,13.649999999999999
2008-04-21,13.6
2008-04-22,13.55
2008-04-23,13.4
2008-04-24,13.4
2008-04-25,13.55
2008-04-28,13.5
2008-04-29,13.4
2008-04-30,13.2
2008-05-02,13.5
2008-05-06,13.6
2008-05-07,14.350000000000001
2008-05-08,14.55
2008-05-09,14.649999999999999
2008-05-12,14.75
2008-05-13,14.9
2008-05-14,14.95
2008-05-15,14.95
2008-05-16,14.850000000000001
2008-05-20,14.850000000000001
2008-05-21,14.8
2008-05-22,14.8
2008-05-23,15.0
2008-05-26,14.95
2008-05-27,14.95
2008-05-28,14.75
2008-05-29,14.7
2008-05-30,14.95
2008-06-02,14.850000000000001
2008-06-03,14.850000000000001
2008-06-04,14.9
2008-06-05,14.850000000000001
2008-06-06,14.850000000000001
2008-06-09,14.75
2008-06-10,14.649999999999999
2008-06-11,14.5
2008-06-12,13.4
2008-06-13,13.5
2008-06-16,13.5
2008-06-17,13.2
2008-06-18,13.0
2008-06-19,12.75
2008-06-20,12.8
2008-06-23,12.850000000000001
2008-06-24,12.7
2008-06-25,13.0
2008-06-26,13.1
2008-06-27,12.850000000000001
2008-06-30,12.95
2008-07-02,12.7
2008-07-03,12.6
2008-07-04,12.9
2008-07-07,12.65
2008-07-08,12.5
2008-07-09,12.25
2008-07-10,12.2
2008-07-11,12.1
2008-07-14,12.0
2008-07-15,11.8
2008-07-16,11.5
2008-07-18,11.6
2008-07-21,12.05
2008-07-22,12.2
2008-07-23,12.45
2008-07-24,12.5
2008-07-25,12.5
2008-07-28,12.5
2008-07-29,12.3
2008-07-30,12.0
2008-07-31,11.9
2008-08-01,11.649999999999999
2008-08-04,11.5
2008-08-05,11.45
2008-08-06,11.75
2008-08-07,12.350000000000001
2008-08-08,12.2
2008-08-11,12.45
2008-08-13,12.600000000000001
2008-08-14,12.7
2008-08-15,12.850000000000001
2008-08-18,12.75
2008-08-19,12.55
2008-08-20,12.5
2008-08-21,12.4
2008-08-22,12.05
2008-08-25,11.9
2008-08-26,11.8
2008-08-27,11.8
2008-08-28,11.9
2008-08-29,11.8
2008-09-01,11.6
2008-09-02,11.3
2008-09-03,10.95
2008-09-04,10.95
2008-09-05,10.3
2008-09-08,10.55
2008-09-09,10.7
2008-09-10,10.75
2008-09-11,10.95
2008-09-12,11.2
2008-09-15,11.3
2008-09-16,10.9
2008-09-17,10.45
2008-09-18,9.85
2008-09-19,10.5
2008-09-22,10.55
2008-09-23,10.45
2008-09-24,10.4
2008-09-25,10.3
2008-09-26,10.3
2008-09-29,10.3
2008-09-30,9.8
2008-10-01,10.15
2008-10-02,10.2
2008-10-03,10.0
2008-10-06,9.4
2008-10-07,8.5
2008-10-08,7.8
2008-10-09,7.449999999999999
2008-10-10,6.1
2008-10-13,6.25
2008-10-14,6.7
2008-10-15,6.7
2008-10-16,6.65
2008-10-17,6.9
2008-10-20,6.95
2008-10-21,6.95
2008-10-22,6.9
2008-10-24,6.55
2008-10-27,6.35
2008-10-28,6.2
2008-10-29,6.4
2008-10-30,6.55
2008-10-31,6.7
2008-11-03,7.0
2008-11-04,7.15
2008-11-05,7.300000000000001
2008-11-06,6.7
2008-11-07,6.9
2008-11-10,7.1
2008-11-11,6.75
2008-11-12,6.5
2008-11-13,6.3
2008-11-14,6.4
2008-11-17,6.45
2008-11-18,6.35
2008-11-19,6.3
2008-11-20,5.75
2008-11-21,5.4
2008-11-24,5.45
2008-11-25,5.6
2008-11-26,5.5
2008-11-27,5.6
2008-11-28,5.800000000000001
2008-12-01,5.4
2008-12-02,4.95
2008-12-03,5.35
2008-12-04,5.25
2008-12-08,5.45
2008-12-09,5.5
2008-12-11,5.25
2008-12-12,5.300000000000001
2008-12-15,5.35
2008-12-16,5.6
2008-12-17,5.75
2008-12-18,5.75
2008-12-19,6.05
2008-12-22,6.199999999999999
2008-12-23,6.1
2008-12-24,6.25
2008-12-25,6.550000000000001
2008-12-26,6.85
2008-12-29,7.0
2008-12-30,7.15
2009-01-02,6.5
2009-01-05,7.699999999999999
2009-01-06,7.85
2009-01-07,7.4
2009-01-08,7.35
2009-01-09,7.4
2009-01-12,7.05
2009-01-13,7.0
2009-01-14,7.1
2009-01-15,7.1
2009-01-16,7.15
2009-01-19,7.15
2009-01-20,7.0
2009-01-21,6.95
2009-01-22,7.0
2009-01-23,6.85
2009-01-26,6.5
2009-01-27,6.5
2009-01-28,6.55
2009-01-29,6.55
2009-01-30,6.5
2009-02-02,6.5
2009-02-03,6.5
2009-02-04,6.5
2009-02-05,6.5
2009-02-06,6.65
2009-02-10,6.9
2009-02-11,7.0
2009-02-12,6.85
2009-02-13,6.6
2009-02-16,6.75
2009-02-17,6.65
2009-02-18,6.6
2009-02-19,6.55
2009-02-20,6.5
2009-02-23,6.5
2009-02-24,6.5
2009-02-25,6.55
2009-02-26,6.45
2009-02-27,6.5
2009-03-02,5.75
2009-03-03,5.550000000000001
2009-03-04,5.85
2009-03-05,5.9
2009-03-06,5.8
2009-03-09,5.65
2009-03-10,5.5
2009-03-11,5.5
2009-03-12,5.55
2009-03-13,5.699999999999999
2009-03-16,5.85
2009-03-17,5.9
2009-03-18,5.9
2009-03-19,5.9
2009-03-20,5.800000000000001
2009-03-23,5.800000000000001
2009-03-24,6.050000000000001
2009-03-25,6.15
2009-03-26,6.25
2009-03-27,6.1
2009-03-30,5.9
2009-03-31,5.800000000000001
2009-04-01,5.800000000000001
2009-04-02,5.85
2009-04-03,5.95
2009-04-07,5.550000000000001
2009-04-08,5.65
2009-04-09,5.65
2009-04-10,5.7
2009-04-16,5.45
2009-04-17,5.65
2009-04-20,5.800000000000001
2009-04-21,5.8
2009-04-22,5.75
2009-04-23,5.7
2009-04-24,6.0
2009-04-27,6.0
2009-04-28,5.8
2009-04-29,5.75
2009-04-30,5.85
2009-05-04,5.699999999999999
2009-05-06,6.25
2009-05-07,6.85
2009-05-11,6.35
2009-05-12,6.699999999999999
2009-05-13,6.65
2009-05-14,6.35
2009-05-15,6.25
2009-05-18,6.2
2009-05-19,6.6
2009-05-20,6.75
2009-05-21,6.6
2009-05-22,6.5
2009-05-25,6.5
2009-05-26,6.5
2009-05-27,6.699999999999999
2009-05-28,6.75
2009-05-29,6.949999999999999
2009-06-01,7.25
2009-06-02,7.05
2009-06-03,7.199999999999999
2009-06-04,7.550000000000001
2009-06-05,8.05
2009-06-08,8.15
2009-06-09,8.0
2009-06-10,8.3
2009-06-11,8.45
2009-06-12,8.2
2009-06-15,8.0
2009-06-16,7.4
2009-06-17,7.25
2009-06-18,7.35
2009-06-19,7.35
2009-06-22,7.45
2009-06-23,7.1
2009-06-24,7.05
2009-06-25,7.3
2009-06-26,7.5
2009-06-29,7.35
2009-06-30,7.35
2009-07-02,6.85
2009-07-03,7.05
2009-07-06,6.4
2009-07-08,6.65
2009-07-09,6.9
2009-07-10,6.800000000000001
2009-07-13,6.6
2009-07-14,6.6
2009-07-15,6.7
2009-07-16,6.65
2009-07-17,6.6
2009-07-20,6.85
2009-07-21,6.95
2009-07-22,7.2
2009-07-23,7.4
2009-07-24,7.45
2009-07-27,7.6
2009-07-28,7.6
2009-07-29,7.6
2009-07-30,7.6
2009-07-31,7.75
2009-08-03,7.85
2009-08-04,7.95
2009-08-05,7.9
2009-08-06,7.75
2009-08-07,7.75
2009-08-10,7.85
2009-08-11,7.75
2009-08-13,7.65
2009-08-14,8.25
2009-08-17,8.1
2009-08-18,8.149999999999999
2009-08-19,8.25
2009-08-20,8.55
2009-08-21,9.100000000000001
2009-08-24,9.25
2009-08-25,9.35
2009-08-26,9.75
2009-08-27,10.1
2009-08-28,10.3
2009-08-31,9.8
2009-09-01,9.55
2009-09-02,9.5
2009-09-03,9.45
2009-09-04,9.5
2009-09-07,9.6
2009-09-08,9.7
2009-09-09,9.649999999999999
2009-09-10,9.7
2009-09-11,9.7
2009-09-14,9.55
2009-09-15,9.65
2009-09-16,9.8
2009-09-17,9.75
2009-09-18,10.05
2009-09-21,10.55
2009-09-22,10.850000000000001
2009-09-23,11.35
2009-09-24,11.25
2009-09-25,10.95
2009-09-28,10.7
2009-09-29,11.100000000000001
2009-09-30,11.3
2009-10-01,11.350000000000001
2009-10-02,11.3
2009-10-05,11.35
2009-10-06,11.15
2009-10-07,10.95
2009-10-08,10.95
2009-10-09,11.1
2009-10-12,11.149999999999999
2009-10-13,11.2
2009-10-14,11.05
2009-10-15,10.55
2009-10-16,10.25
2009-10-19,10.7
2009-10-20,10.65
2009-10-21,10.35
2009-10-22,9.95
2009-10-26,9.55
2009-10-27,10.0
2009-10-28,9.9
2009-10-29,9.55
2009-10-30,9.7
2009-11-02,9.55
2009-11-03,9.6
2009-11-04,9.95
2009-11-05,9.95
2009-11-06,10.2
2009-11-09,10.35
2009-11-10,10.4
2009-11-11,10.45
2009-11-12,10.3
2009-11-13,10.1
2009-11-16,10.05
2009-11-17,10.0
2009-11-18,9.75
2009-11-19,9.6
2009-11-20,9.5
2009-11-23,9.6
2009-11-24,9.5
2009-11-25,9.6
2009-11-26,9.55
2009-11-27,9.45
2009-11-30,9.65
2009-12-01,9.75
2009-12-02,9.65
2009-12-03,9.7
2009-12-04,8.95
2009-12-08,9.6
2009-12-09,10.2
2009-12-11,9.9
2009-12-14,10.55
2009-12-15,10.55
2009-12-16,10.45
2009-12-17,10.25
2009-12-18,10.3
2009-12-21,10.4
2009-12-22,10.5
2009-12-23,10.5
2009-12-24,9.55
2009-12-25,10.649999999999999
2009-12-28,10.6
2009-12-29,9.45
2009-12-30,10.3
2010-01-04,9.75
2010-01-05,10.350000000000001
2010-01-06,10.55
2010-01-07,10.85
2010-01-08,11.149999999999999
2010-01-11,11.05
2010-01-12,10.8
2010-01-13,10.7
2010-01-14,10.75
2010-01-15,10.7
2010-01-18,9.649999999999999
2010-01-19,10.55
2010-01-20,10.25
2010-01-21,10.05
2010-01-22,9.95
2010-01-25,9.850000000000001
2010-01-26,9.95
2010-01-27,9.7
2010-01-28,9.45
2010-01-29,9.600000000000001
2010-02-01,9.8
2010-02-02,9.149999999999999
2010-02-03,10.25
2010-02-04,10.149999999999999
2010-02-05,9.95
2010-02-08,9.850000000000001
2010-02-09,9.75
2010-02-10,9.7
2010-02-11,9.85
2010-02-12,9.9
2010-02-15,9.75
2010-02-16,9.6
2010-02-17,9.6
2010-02-18,9.5
2010-02-19,9.5
2010-02-22,9.5
2010-02-23,9.55
2010-02-24,9.55
2010-02-25,9.55
2010-02-26,9.649999999999999
2010-03-02,9.95
2010-03-03,10.4
2010-03-04,10.4
2010-03-05,10.25
2010-03-08,10.05
2010-03-09,9.850000000000001
2010-03-10,9.850000000000001
2010-03-11,9.95
2010-03-12,10.1
2010-03-15,10.1
2010-03-16,10.25
2010-03-17,10.45
2010-03-18,10.35
2010-03-19,10.25
2010-03-22,10.2
2010-03-23,10.4
2010-03-24,10.4
2010-03-25,10.2
2010-03-26,9.95
2010-03-29,9.95
2010-03-30,10.05
2010-03-31,10.15
2010-04-01,10.1
2010-04-02,10.1
2010-04-05,9.9
2010-04-07,9.7
2010-04-08,9.25
2010-04-09,9.25
2010-04-12,8.8
2010-04-16,8.350000000000001
2010-04-19,8.2
2010-04-20,8.55
2010-04-21,8.6
2010-04-22,8.55
2010-04-23,8.55
2010-04-26,8.7
2010-04-27,8.55
2010-04-28,8.55
2010-04-29,8.75
2010-04-30,7.9
2010-05-04,8.5
2010-05-06,8.55
2010-05-07,8.25
2010-05-10,8.25
2010-05-11,8.350000000000001
2010-05-12,8.350000000000001
2010-05-13,8.3
2010-05-14,8.2
2010-05-17,7.95
2010-05-18,7.95
2010-05-19,7.95
2010-05-20,7.883333333333334
2010-05-21,7.816666666666666
2010-05-24,7.75
2010-05-25,7.35
2010-05-26,7.4
2010-05-27,7.6
2010-05-31,7.8
2010-06-01,7.9
2010-06-02,7.9
2010-06-03,8.2
2010-06-04,8.3
2010-06-07,8.2
2010-06-08,8.25
2010-06-09,8.25
2010-06-10,8.3
2010-06-11,8.350000000000001
2010-06-14,8.4
2010-06-15,8.4
2010-06-16,8.350000000000001
2010-06-17,8.350000000000001
2010-06-18,8.350000000000001
2010-06-21,8.55
2010-06-22,8.6
2010-06-23,8.649999999999999
2010-06-24,8.55
2010-06-25,8.4
2010-06-28,8.5
2010-06-29,8.4
2010-06-30,8.3
2010-07-02,8.4
2010-07-05,8.55
2010-07-06,8.7
2010-07-07,9.05
2010-07-08,9.0
2010-07-09,8.95
2010-07-12,9.1
2010-07-13,9.05
2010-07-14,9.0
2010-07-15,8.9
2010-07-16,8.9
2010-07-19,8.8
2010-07-20,8.75
2010-07-21,8.75
2010-07-22,8.850000000000001
2010-07-23,9.0
2010-07-27,9.1
2010-07-28,9.15
2010-07-29,9.1
2010-07-30,9.149999999999999
2010-08-02,9.05
2010-08-03,9.1
2010-08-04,9.1
2010-08-05,9.3
2010-08-06,9.45
2010-08-09,9.4
2010-08-10,9.4
2010-08-11,9.3
2010-08-16,9.1
2010-08-17,9.0
2010-08-18,9.15
2010-08-19,9.3
2010-08-20,9.350000000000001
2010-08-23,9.350000000000001
2010-08-24,9.3
2010-08-25,9.25
2010-08-26,9.45
2010-08-27,9.95
2010-08-30,10.149999999999999
2010-08-31,9.850000000000001
2010-09-01,10.0
2010-09-02,9.95
2010-09-03,9.8
2010-09-06,9.7
2010-09-07,9.75
2010-09-08,9.649999999999999
2010-09-09,9.7
2010-09-10,9.75
2010-09-13,9.75
2010-09-14,9.75
2010-09-15,9.8
2010-09-16,9.7
2010-09-17,9.8
2010-09-20,9.8
2010-09-21,10.0
2010-09-22,10.149999999999999
2010-09-23,10.0
2010-09-24,10.05
2010-09-27,10.399999999999999
2010-09-28,10.9
2010-09-29,11.0
2010-09-30,11.0
2010-10-01,11.3
2010-10-04,11.05
2010-10-05,10.7
2010-10-06,10.7
2010-10-07,10.7
2010-10-08,10.55
2010-10-11,10.55
2010-10-12,10.5
2010-10-13,10.55
2010-10-14,10.55
2010-10-15,10.399999999999999
2010-10-18,10.05
2010-10-19,10.0
2010-10-20,10.100000000000001
2010-10-21,10.55
2010-10-22,10.45
2010-10-26,10.3
2010-10-27,10.149999999999999
2010-10-28,10.149999999999999
2010-10-29,10.149999999999999
2010-11-01,10.2
2010-11-02,10.2
2010-11-03,10.149999999999999
2010-11-04,10.05
2010-11-05,10.05
2010-11-08,10.15
2010-11-09,10.25
2010-11-10,10.1
2010-11-11,10.0
2010-11-12,9.850000000000001
2010-11-15,9.7
2010-11-16,9.7
2010-11-17,9.649999999999999
2010-11-18,9.5
2010-11-19,9.5
2010-11-22,9.6
2010-11-23,9.4
2010-11-24,9.2
2010-11-25,9.25
2010-11-26,9.3
2010-11-29,9.45
2010-11-30,9.649999999999999
2010-12-01,9.75
2010-12-02,9.7
2010-12-03,9.649999999999999
2010-12-07,9.7
2010-12-08,9.7
2010-12-09,9.75
2010-12-13,10.05
2010-12-14,10.25
2010-12-15,10.4
2010-12-16,10.35
2010-12-17,10.2
2010-12-20,9.95
2010-12-21,9.8
2010-12-22,9.8
2010-12-23,9.75
2010-12-24,9.55
2010-12-27,9.5
2010-12-28,9.55
2010-12-29,9.8
2010-12-30,9.850000000000001
2011-01-04,9.75
2011-01-05,9.75
2011-01-06,9.8
2011-01-07,9.8
2011-01-10,9.65
2011-01-11,9.5
2011-01-12,9.55
2011-01-13,9.75
2011-01-14,9.8
2011-01-17,9.649999999999999
2011-01-18,9.55
2011-01-19,9.45
2011-01-20,9.45
2011-01-21,9.4
2011-01-24,9.2
2011-01-25,8.899999999999999
2011-01-26,8.75
2011-01-27,8.9
2011-01-28,8.95
2011-01-31,8.9
2011-02-01,8.8
2011-02-02,8.850000000000001
2011-02-03,8.9
2011-02-04,8.95
2011-02-07,8.8
2011-02-08,8.8
2011-02-09,8.75
2011-02-10,8.7
2011-02-11,8.55
2011-02-14,8.55
2011-02-15,8.649999999999999
2011-02-16,8.75
2011-02-17,8.9
2011-02-18,8.975000000000001
2011-02-21,9.05
2011-02-22,8.8
2011-02-23,8.649999999999999
2011-02-24,8.649999999999999
2011-02-25,8.7
2011-02-28,8.75
2011-03-01,8.8
2011-03-02,8.649999999999999
2011-03-03,8.8
2011-03-04,9.0
2011-03-07,9.149999999999999
2011-03-08,9.25
2011-03-09,9.4
2011-03-10,9.3
2011-03-11,9.25
2011-03-14,9.1
2011-03-15,8.95
2011-03-16,9.0
2011-03-17,8.850000000000001
2011-03-21,8.850000000000001
2011-03-22,9.0
2011-03-23,8.9
2011-03-24,8.95
2011-03-25,9.3
2011-03-28,9.45
2011-03-29,9.5
2011-03-30,9.8
2011-03-31,9.9
2011-04-01,9.850000000000001
2011-04-04,9.850000000000001
2011-04-05,9.8
2011-04-07,9.8
2011-04-08,9.75
2011-04-11,9.8
2011-04-12,9.8
2011-04-18,9.850000000000001
2011-04-19,9.8
2011-04-20,9.8
2011-04-21,10.05
2011-04-22,10.05
2011-04-25,9.9
2011-04-26,9.9
2011-04-27,9.95
2011-04-28,10.149999999999999
2011-04-29,10.25
2011-05-03,10.4
2011-05-04,10.350000000000001
2011-05-06,10.149999999999999
2011-05-09,10.2
2011-05-10,10.4
2011-05-11,10.5
2011-05-12,10.4
2011-05-13,10.4
2011-05-18,10.1
2011-05-19,10.05
2011-05-20,10.149999999999999
2011-05-23,10.1
2011-05-24,10.1
2011-05-25,10.1
2011-05-26,10.149999999999999
2011-05-27,10.149999999999999
2011-05-30,10.1
2011-05-31,10.1
2011-06-01,10.0
2011-06-02,9.75
2011-06-03,9.8
2011-06-06,9.9
2011-06-07,9.95
2011-06-08,9.65
2011-06-09,9.4
2011-06-10,9.4
2011-06-13,9.4
2011-06-14,9.3
2011-06-15,9.4
2011-06-16,9.2
2011-06-17,9.2
2011-06-20,9.25
2011-06-21,9.25
2011-06-22,9.2
2011-06-23,9.149999999999999
2011-06-24,9.2
2011-06-27,9.2
2011-06-28,9.149999999999999
2011-06-29,9.3
2011-06-30,9.45
2011-07-04,9.649999999999999
2011-07-05,9.8
2011-07-06,9.7
2011-07-07,9.6
2011-07-08,9.7
2011-07-11,9.95
2011-07-12,10.0
2011-07-13,10.149999999999999
2011-07-14,10.149999999999999
2011-07-18,10.25
2011-07-19,10.350000000000001
2011-07-20,10.5
2011-07-21,10.35
2011-07-22,10.45
2011-07-25,10.5
2011-07-26,10.350000000000001
2011-07-27,10.4
2011-07-28,10.5
2011-07-29,10.8
2011-08-01,11.1
2011-08-02,11.2
2011-08-03,11.149999999999999
2011-08-04,10.95
2011-08-05,10.25
2011-08-08,10.0
2011-08-09,9.8
2011-08-10,10.2
2011-08-11,10.1
2011-08-15,10.149999999999999
2011-08-16,10.45
2011-08-17,10.7
2011-08-18,10.75
2011-08-19,10.4
2011-08-22,10.6
2011-08-23,10.7
2011-08-24,10.6
2011-08-25,10.2
2011-08-26,10.0
2011-08-29,10.3
2011-08-30,10.4
2011-08-31,10.55
2011-09-01,10.649999999999999
2011-09-02,10.7
2011-09-05,10.55
2011-09-06,10.45
2011-09-07,10.5
2011-09-08,10.350000000000001
2011-09-09,10.4
2011-09-12,10.2
2011-09-13,10.1
2011-09-14,10.0
2011-09-15,10.0
2011-09-16,10.149999999999999
2011-09-19,9.8
2011-09-20,9.75
2011-09-21,9.8
2011-09-22,9.45
2011-09-23,8.9
2011-09-26,8.45
2011-09-27,8.65
2011-09-28,8.6
2011-09-29,8.4
2011-09-30,8.55
2011-10-03,8.100000000000001
2011-10-04,7.9
2011-10-05,7.9
2011-10-06,8.15
2011-10-07,8.350000000000001
2011-10-10,8.149999999999999
2011-10-11,8.55
2011-10-12,8.649999999999999
2011-10-13,8.55
2011-10-14,8.4
2011-10-17,8.45
2011-10-18,8.3
2011-10-19,8.2
2011-10-20,7.95
2011-10-21,7.95
2011-10-25,8.05
2011-10-26,8.05
2011-10-27,8.149999999999999
2011-10-28,8.3
2011-10-31,8.5
2011-11-01,8.55
2011-11-02,8.45
2011-11-03,8.350000000000001
2011-11-04,8.6
2011-11-07,8.6
2011-11-08,8.7
2011-11-09,8.8
2011-11-10,8.649999999999999
2011-11-11,8.9
2011-11-14,9.0
2011-11-15,8.95
2011-11-16,8.9
2011-11-17,9.0
2011-11-18,8.9
2011-11-21,8.7
2011-11-22,8.6
2011-11-23,8.5
2011-11-24,8.5
2011-11-25,8.45
2011-11-28,8.55
2011-11-29,8.7
2011-11-30,8.75
2011-12-01,9.149999999999999
2011-12-02,9.25
2011-12-06,9.45
2011-12-07,9.649999999999999
2011-12-08,9.4
2011-12-09,9.3
2011-12-13,9.2
2011-12-14,9.0
2011-12-15,8.850000000000001
2011-12-16,8.95
2011-12-19,9.149999999999999
2011-12-20,9.2
2011-12-21,9.350000000000001
2011-12-22,9.4
2011-12-23,9.4
2011-12-26,9.350000000000001
2011-12-27,9.25
2011-12-28,9.3
2011-12-29,9.25
2011-12-30,9.3
2012-01-04,9.3
2012-01-05,9.3
2012-01-06,9.4
2012-01-09,9.55
2012-01-10,9.75
2012-01-11,9.65
2012-01-12,9.7
2012-01-13,9.55
2012-01-16,9.45
2012-01-17,9.55
2012-01-18,9.55
2012-01-19,9.55
2012-01-20,9.5
2012-01-23,9.55
2012-01-24,9.649999999999999
2012-01-25,9.55
2012-01-26,9.6
2012-01-27,9.6
2012-01-30,9.6
2012-01-31,9.6
2012-02-01,9.6
2012-02-02,9.7
2012-02-03,9.8
2012-02-06,9.75
2012-02-07,9.649999999999999
2012-02-08,9.75
2012-02-09,9.8
2012-02-10,9.7
2012-02-13,9.8
2012-02-14,9.9
2012-02-15,10.1
2012-02-16,10.05
2012-02-17,9.95
2012-02-20,10.0
2012-02-21,10.0
2012-02-22,10.1
2012-02-23,10.1
2012-02-24,10.2
2012-02-27,10.3
2012-02-28,10.55
2012-02-29,10.5
2012-03-01,10.45
2012-03-02,10.55
2012-03-05,10.45
2012-03-06,10.3
2012-03-08,10.55
2012-03-09,10.55
2012-03-12,10.55
2012-03-13,10.75
2012-03-14,10.95
2012-03-15,10.95
2012-03-16,11.15
2012-03-19,11.350000000000001
2012-03-20,11.6
2012-03-21,11.649999999999999
2012-03-22,11.25
2012-03-23,11.05
2012-03-26,11.55
2012-03-27,11.75
2012-03-28,11.7
2012-03-29,11.85
2012-03-30,11.9
2012-04-02,11.9
2012-04-03,12.0
2012-04-04,11.95
2012-04-05,11.95
2012-04-10,11.7
2012-04-11,11.45
2012-04-12,11.55
2012-04-17,11.5
2012-04-18,11.75
2012-04-19,11.850000000000001
2012-04-20,12.2
2012-04-23,12.6
2012-04-24,12.7
2012-04-25,12.8
2012-04-26,12.7
2012-04-27,12.6
2012-04-30,12.75
2012-05-02,12.7
2012-05-03,12.8
2012-05-04,13.05
2012-05-08,13.2
2012-05-09,13.3
2012-05-10,13.25
2012-05-11,13.1
2012-05-14,13.3
2012-05-15,12.899999999999999
2012-05-16,12.6
2012-05-17,12.55
2012-05-18,11.75
2012-05-21,11.649999999999999
2012-05-22,11.95
2012-05-23,11.8
2012-05-24,11.95
2012-05-25,12.149999999999999
2012-05-28,12.1
2012-05-29,12.25
2012-05-30,12.2
2012-05-31,11.8
2012-06-01,11.649999999999999
2012-06-05,11.55
2012-06-06,11.55
2012-06-07,11.65
2012-06-08,11.55
2012-06-11,12.15
2012-06-12,12.1
2012-06-13,12.05
2012-06-14,12.0
2012-06-15,12.0
2012-06-18,12.0
2012-06-19,12.0
2012-06-20,12.2
2012-06-21,12.4
2012-06-22,12.45
2012-06-25,12.6
2012-06-26,12.649999999999999
2012-06-27,12.8
2012-06-28,12.85
2012-06-29,12.8
2012-07-02,12.9
2012-07-03,12.65
2012-07-04,12.5
2012-07-05,12.8
2012-07-06,13.25
2012-07-09,13.6
2012-07-10,13.850000000000001
2012-07-11,13.9
2012-07-12,13.9
2012-07-13,13.9
2012-07-16,14.05
2012-07-17,14.05
2012-07-18,14.05
2012-07-19,14.2
2012-07-20,14.2
2012-07-23,13.95
2012-07-24,14.0
2012-07-25,13.95
2012-07-26,13.95
2012-07-27,14.3
2012-07-30,14.35
2012-07-31,14.350000000000001
2012-08-01,14.4
2012-08-03,14.350000000000001
2012-08-06,14.4
2012-08-07,14.5
2012-08-08,14.4
2012-08-09,14.100000000000001
2012-08-10,13.9
2012-08-14,13.9
2012-08-15,13.8
2012-08-16,13.7
2012-08-17,13.75
2012-08-20,13.649999999999999
2012-08-21,13.8
2012-08-22,14.0
2012-08-23,13.95
2012-08-24,13.9
2012-08-27,13.899999999999999
2012-08-28,13.7
2012-08-29,13.7
2012-08-30,13.5
2012-08-31,13.4
2012-09-03,13.55
2012-09-04,13.75
2012-09-05,13.8
2012-09-06,14.15
2012-09-07,14.35
2012-09-10,14.350000000000001
2012-09-11,14.45
2012-09-12,14.6
2012-09-13,14.5
2012-09-14,14.2
2012-09-17,13.95
2012-09-18,13.9
2012-09-19,14.0
2012-09-20,14.2
2012-09-21,14.350000000000001
2012-09-24,14.2
2012-09-25,14.2
2012-09-26,14.1
2012-09-27,14.149999999999999
2012-09-28,14.1
2012-10-01,14.149999999999999
2012-10-02,14.4
2012-10-03,14.95
2012-10-04,15.3
2012-10-05,15.5
2012-10-08,15.35
2012-10-09,15.149999999999999
2012-10-10,15.25
2012-10-11,15.45
2012-10-12,16.049999999999997
2012-10-15,16.3
2012-10-16,16.35
2012-10-17,16.35
2012-10-18,16.5
2012-10-19,16.65
2012-10-22,16.75
2012-10-24,16.7
2012-10-25,16.5
2012-10-26,16.1
2012-10-29,15.850000000000001
2012-10-30,16.05
2012-10-31,16.55
2012-11-01,16.55
2012-11-02,16.75
2012-11-05,16.85
2012-11-06,17.2
2012-11-07,17.5
2012-11-08,17.65
2012-11-09,18.0
2012-11-12,17.5
2012-11-13,17.55
2012-11-14,17.55
2012-11-15,17.4
2012-11-16,17.25
2012-11-19,17.35
2012-11-20,17.700000000000003
2012-11-21,18.2
2012-11-22,18.35
2012-11-23,18.1
2012-11-26,18.45
2012-11-27,18.3
2012-11-28,18.0
2012-11-29,18.05
2012-11-30,17.85
2012-12-03,18.0
2012-12-04,18.45
2012-12-06,18.5
2012-12-07,18.5
2012-12-11,18.4
2012-12-12,18.55
2012-12-13,18.5
2012-12-14,18.5
2012-12-17,18.4
2012-12-18,18.200000000000003
2012-12-19,18.2
2012-12-20,18.0
2012-12-21,17.85
2012-12-24,17.9
2012-12-25,18.0
2012-12-26,17.85
2012-12-27,18.1
2012-12-28,17.950000000000003
2013-01-02,17.9
2013-01-03,18.35
2013-01-04,18.5
2013-01-07,18.75
2013-01-08,19.200000000000003
2013-01-09,19.299999999999997
2013-01-10,19.45
2013-01-11,19.45
2013-01-14,19.6
2013-01-15,19.7
2013-01-16,19.35
2013-01-17,19.0
2013-01-18,18.9
2013-01-21,18.8
2013-01-22,19.15
2013-01-23,19.35
2013-01-24,19.2
2013-01-25,19.4
2013-01-28,20.0
2013-01-29,20.1
2013-01-30,19.9
2013-01-31,20.0
2013-02-01,20.15
2013-02-04,20.15
2013-02-05,20.05
2013-02-06,20.5
2013-02-07,20.55
2013-02-08,20.95
2013-02-11,21.5
2013-02-12,21.549999999999997
2013-02-13,21.85
2013-02-14,22.15
2013-02-15,22.45
2013-02-18,22.5
2013-02-19,22.450000000000003
2013-02-20,22.15
2013-02-21,22.0
2013-02-22,22.6
2013-02-26,22.85
2013-02-27,23.2
2013-02-28,23.2
2013-03-01,23.0
2013-03-04,23.2
2013-03-05,23.299999999999997
2013-03-06,23.2
2013-03-07,23.1
2013-03-08,23.5
2013-03-11,23.4
2013-03-12,23.2
2013-03-13,23.2
2013-03-14,23.4
2013-03-15,23.5
2013-03-18,22.85
2013-03-19,22.05
2013-03-20,21.65
2013-03-21,21.65
2013-03-22,21.4
2013-03-25,21.7
2013-03-26,22.15
2013-03-27,22.4
2013-03-28,22.0
2013-03-29,22.0
2013-04-01,22.2
2013-04-02,21.8
2013-04-03,21.15
2013-04-04,20.3
2013-04-05,20.35
2013-04-09,19.75
2013-04-10,20.15
2013-04-11,20.4
2013-04-12,20.6
2013-04-17,21.0
2013-04-18,21.25
2013-04-19,21.35
2013-04-22,21.700000000000003
2013-04-23,21.75
2013-04-24,22.0
2013-04-25,22.35
2013-04-26,22.55
2013-04-29,22.2
2013-04-30,22.299999999999997
2013-05-02,22.45
2013-05-03,22.5
2013-05-07,22.4
2013-05-08,22.2
2013-05-09,21.799999999999997
2013-05-10,21.95
2013-05-13,21.95
2013-05-14,22.4
2013-05-15,22.75
2013-05-16,23.5
2013-05-17,24.8
2013-05-20,24.85
2013-05-21,24.75
2013-05-22,24.65
2013-05-23,24.65
2013-05-27,24.75
2013-05-28,24.85
2013-05-29,25.15
2013-05-30,24.75
2013-05-31,24.85
2013-06-03,23.55
2013-06-04,23.4
2013-06-05,23.049999999999997
2013-06-06,21.95
2013-06-07,21.549999999999997
2013-06-10,22.5
2013-06-11,21.9
2013-06-12,21.5
2013-06-13,21.0
2013-06-14,22.25
2013-06-17,22.95
2013-06-18,22.75
2013-06-19,22.6
2013-06-20,21.700000000000003
2013-06-21,21.4
2013-06-24,21.25
2013-06-25,21.25
2013-06-26,22.0
2013-06-27,22.5
2013-06-28,22.6
2013-07-02,22.35
2013-07-03,21.5
2013-07-04,21.25
2013-07-05,21.6
2013-07-08,20.8
2013-07-09,19.95
2013-07-10,18.95
2013-07-11,19.299999999999997
2013-07-12,20.5
2013-07-15,21.15
2013-07-16,21.1
2013-07-17,21.6
2013-07-18,22.2
2013-07-19,22.35
2013-07-23,22.45
2013-07-24,22.85
2013-07-25,22.3
2013-07-26,21.65
2013-07-29,21.2
2013-07-30,21.299999999999997
2013-07-31,21.2
2013-08-01,20.9
2013-08-02,20.4
2013-08-05,20.8
2013-08-06,21.200000000000003
2013-08-07,22.0
2013-08-08,22.5
2013-08-09,22.4
2013-08-13,22.5
2013-08-14,22.35
2013-08-15,21.9
2013-08-16,21.5
2013-08-19,21.3
2013-08-20,20.450000000000003
2013-08-21,20.0
2013-08-22,20.1
2013-08-23,20.85
2013-08-26,20.1
2013-08-27,19.9
2013-08-28,19.25
2013-08-29,19.200000000000003
2013-08-30,19.4
2013-09-02,19.6
2013-09-03,20.0
2013-09-04,19.85
2013-09-05,19.85
2013-09-06,20.0
2013-09-09,21.15
2013-09-10,21.799999999999997
2013-09-11,21.85
2013-09-12,21.8
2013-09-13,21.75
2013-09-16,22.450000000000003
2013-09-17,23.049999999999997
2013-09-18,23.2
2013-09-19,23.9
2013-09-20,23.1
2013-09-23,22.05
2013-09-24,21.85
2013-09-25,22.25
2013-09-26,22.7
2013-09-27,22.85
2013-09-30,22.2
2013-10-01,22.75
2013-10-02,23.2
2013-10-03,23.6
2013-10-04,23.6
2013-10-07,23.6
2013-10-08,23.85
2013-10-09,24.3
2013-10-10,24.85
2013-10-11,25.1
2013-10-14,24.75
2013-10-15,25.65
2013-10-16,25.7
2013-10-17,25.9
2013-10-18,25.9
2013-10-21,24.8
2013-10-22,24.450000000000003
2013-10-24,24.65
2013-10-25,24.450000000000003
2013-10-28,24.4
2013-10-29,24.55
2013-10-30,24.65
2013-10-31,24.75
2013-11-01,24.5
2013-11-04,23.65
2013-11-05,23.75
2013-11-06,24.8
2013-11-07,24.75
2013-11-08,24.05
2013-11-11,23.3
2013-11-12,23.65
2013-11-13,23.2
2013-11-14,23.4
2013-11-15,23.2
2013-11-18,23.4
2013-11-19,23.6
2013-11-20,23.549999999999997
2013-11-21,22.65
2013-11-22,22.15
2013-11-25,21.65
2013-11-26,22.0
2013-11-27,22.05
2013-11-28,22.1
2013-11-29,22.0
2013-12-02,21.55
2013-12-03,21.6
2013-12-04,21.8
2013-12-06,21.8
2013-12-09,22.049999999999997
2013-12-11,22.15
2013-12-12,21.95
2013-12-13,21.9
2013-12-16,21.2
2013-12-17,20.799999999999997
2013-12-18,21.1
2013-12-19,21.35
2013-12-20,21.5
2013-12-23,21.049999999999997
2013-12-24,20.2
2013-12-25,20.05
2013-12-26,19.85
2013-12-27,18.950000000000003
2014-01-02,18.05
2014-01-03,16.85
2014-01-06,17.85
2014-01-07,18.700000000000003
2014-01-08,18.8
2014-01-09,19.1
2014-01-10,19.25
2014-01-13,19.6
2014-01-14,20.25
2014-01-15,20.3
2014-01-16,20.049999999999997
2014-01-17,19.7
2014-01-20,19.35
2014-01-21,19.299999999999997
2014-01-22,19.25
2014-01-23,19.549999999999997
2014-01-24,19.9
2014-01-27,19.45
2014-01-28,19.049999999999997
2014-01-29,19.049999999999997
2014-01-30,18.95
2014-01-31,18.9
2014-02-03,19.5
2014-02-04,19.5
2014-02-05,19.9
2014-02-06,20.25
2014-02-07,20.3
2014-02-10,20.4
2014-02-11,20.45
2014-02-12,20.6
2014-02-13,21.200000000000003
2014-02-17,21.55
2014-02-18,21.6
2014-02-19,21.55
2014-02-20,20.9
2014-02-21,21.0
2014-02-24,20.85
2014-02-25,21.1
2014-02-26,21.4
2014-02-27,21.700000000000003
2014-02-28,22.2
2014-03-03,22.85
2014-03-04,23.0
2014-03-05,22.75
2014-03-06,22.65
2014-03-07,22.55
2014-03-10,22.35
2014-03-11,22.5
2014-03-12,22.55
2014-03-13,22.8
2014-03-14,23.2
2014-03-17,23.299999999999997
2014-03-18,23.2
2014-03-19,22.8
2014-03-20,22.35
2014-03-21,22.45
2014-03-24,22.35
2014-03-25,22.35
2014-03-26,22.5
2014-03-27,22.299999999999997
2014-03-28,22.2
2014-03-31,22.35
2014-04-01,22.85
2014-04-02,22.85
2014-04-03,22.75
2014-04-04,22.450000000000003
2014-04-08,22.35
2014-04-09,22.25
2014-04-10,22.75
2014-04-11,23.0
2014-04-16,22.85
2014-04-17,22.5
2014-04-18,22.4
2014-04-21,22.6
2014-04-22,22.6
2014-04-23,22.4
2014-04-24,22.45
2014-04-25,22.4
2014-04-28,22.2
2014-04-29,23.450000000000003
2014-04-30,22.45
2014-05-02,22.45
2014-05-06,22.25
2014-05-07,21.75
2014-05-08,21.700000000000003
2014-05-09,21.65
2014-05-12,21.9
2014-05-14,22.25
2014-05-15,22.4
2014-05-16,22.4
2014-05-19,22.6
2014-05-20,22.4
2014-05-21,22.450000000000003
2014-05-22,23.049999999999997
2014-05-23,22.85
2014-05-26,22.85
2014-05-27,22.5
2014-05-28,22.55
2014-05-29,22.6
2014-05-30,23.1
2014-06-02,23.75
2014-06-03,24.200000000000003
2014-06-04,24.05
2014-06-05,24.2
2014-06-06,24.3
2014-06-09,24.65
2014-06-10,24.85
2014-06-11,25.0
2014-06-12,25.0
2014-06-13,25.549999999999997
2014-06-16,25.9
2014-06-17,26.0
2014-06-18,25.7
2014-06-19,25.9
2014-06-20,25.7
2014-06-23,25.45
2014-06-24,25.7
2014-06-25,25.35
2014-06-26,25.549999999999997
2014-06-27,26.25
2014-06-30,26.700000000000003
2014-07-02,26.8
2014-07-03,27.35
2014-07-04,28.2
2014-07-07,28.15
2014-07-08,27.85
2014-07-09,28.4
2014-07-10,29.35
2014-07-14,29.9
2014-07-15,29.5
2014-07-16,29.3
2014-07-17,28.75
2014-07-18,28.75
2014-07-21,29.7
2014-07-22,30.2
2014-07-23,30.55
2014-07-24,30.9
2014-07-25,31.25
2014-07-28,31.849999999999998
2014-07-29,30.95
2014-07-30,30.1
2014-07-31,29.55
2014-08-01,28.549999999999997
2014-08-04,28.85
2014-08-05,29.55
2014-08-06,29.45
2014-08-07,29.65
2014-08-08,29.1
2014-08-13,29.8
2014-08-14,30.35
2014-08-15,30.0
2014-08-18,30.0
2014-08-19,29.9
2014-08-20,30.1
2014-08-21,30.35
2014-08-22,30.799999999999997
2014-08-25,31.55
2014-08-26,31.8
2014-08-27,31.8
2014-08-28,31.95
2014-08-29,31.8
2014-09-01,32.75
2014-09-02,33.2
2014-09-03,33.2
2014-09-04,32.85
2014-09-05,32.4
2014-09-08,31.95
2014-09-09,31.8
2014-09-10,31.5
2014-09-11,31.15
2014-09-12,30.9
2014-09-15,31.15
2014-09-16,31.25
2014-09-17,31.1
2014-09-18,31.6
2014-09-19,32.15
2014-09-22,32.15
2014-09-23,32.15
2014-09-24,31.9
2014-09-25,31.9
2014-09-26,32.75
2014-09-29,33.3
2014-09-30,33.5
2014-10-01,33.75
2014-10-02,33.400000000000006
2014-10-03,33.85
2014-10-06,35.55
2014-10-07,35.05
2014-10-08,34.6
2014-10-09,35.3
2014-10-10,35.1
2014-10-13,35.35
2014-10-14,34.85
2014-10-15,34.75
2014-10-16,31.35
2014-10-17,30.799999999999997
2014-10-20,30.35
2014-10-21,30.25
2014-10-22,30.9
2014-10-24,31.25
2014-10-27,31.7
2014-10-28,31.25
2014-10-29,31.5
2014-10-30,31.4
2014-10-31,31.5
2014-11-03,31.450000000000003
2014-11-04,30.7
2014-11-05,30.35
2014-11-06,29.85
2014-11-07,29.55
2014-11-10,29.55
2014-11-11,29.75
2014-11-12,30.35
2014-11-13,30.5
2014-11-14,30.7
2014-11-17,30.35
2014-11-18,30.6
2014-11-19,30.5
2014-11-20,30.7
2014-11-21,30.799999999999997
2014-11-24,30.799999999999997
2014-11-25,31.15
2014-11-26,31.7
2014-11-27,32.75
2014-11-28,32.85
2014-12-01,33.1
2014-12-02,33.3
2014-12-03,33.4
2014-12-04,34.2
2014-12-08,34.05
2014-12-09,33.5
2014-12-11,32.7
2014-12-12,31.700000000000003
2014-12-15,30.799999999999997
2014-12-16,30.1
2014-12-17,30.9
2014-12-18,31.9
2014-12-19,31.9
2014-12-22,31.6
2014-12-23,31.15
2014-12-24,30.45
2014-12-25,30.35
2014-12-26,30.1
2014-12-29,29.450000000000003
2014-12-30,29.4
2015-01-05,29.2
2015-01-06,28.049999999999997
2015-01-07,28.1
2015-01-08,29.1
2015-01-09,29.5
2015-01-12,29.0
2015-01-13,29.450000000000003
2015-01-14,30.2
2015-01-15,30.65
2015-01-16,30.6
2015-01-19,31.0
2015-01-20,30.9
2015-01-21,30.6
2015-01-22,30.799999999999997
2015-01-23,31.35
2015-01-26,31.35
2015-01-27,31.4
2015-01-28,31.6
2015-01-29,32.05
2015-01-30,33.0
2015-02-02,32.5
2015-02-03,32.25
2015-02-04,32.4
2015-02-05,32.15
2015-02-06,31.8
2015-02-09,30.8
2015-02-10,30.35
2015-02-11,30.7
2015-02-12,30.799999999999997
2015-02-13,30.45
2015-02-16,30.2
2015-02-17,30.5
2015-02-18,30.6
2015-02-19,30.7
2015-02-20,30.799999999999997
2015-02-23,31.15
2015-02-24,32.25
2015-02-25,32.25
2015-02-26,31.8
2015-02-27,31.35
2015-03-02,31.35
2015-03-03,31.15
2015-03-05,30.9
2015-03-06,30.9
2015-03-09,31.049999999999997
2015-03-10,31.25
2015-03-11,30.799999999999997
2015-03-12,30.7
2015-03-13,30.7
2015-03-16,30.6
2015-03-17,30.35
2015-03-18,30.7
2015-03-19,31.25
2015-03-20,32.05
2015-03-23,32.4
2015-03-24,31.6
2015-03-25,31.4
2015-03-26,31.1
2015-03-27,31.35
2015-03-30,31.25
2015-03-31,31.6
2015-04-01,31.9
2015-04-02,31.8
2015-04-03,31.9
2015-04-07,31.8
2015-04-08,32.15
2015-04-09,32.5
2015-04-10,32.25
2015-04-16,32.25
2015-04-17,33.5
2015-04-20,33.25
2015-04-21,32.85
2015-04-22,32.5
2015-04-23,32.5
2015-04-24,32.85
2015-04-27,33.5
2015-04-28,33.0
2015-04-29,32.5
2015-04-30,32.75
2015-05-04,33.0
2015-05-06,32.5
2015-05-07,31.5
2015-05-08,31.25
2015-05-11,31.5
2015-05-12,31.4
2015-05-13,31.65
2015-05-14,30.85
2015-05-15,29.9
2015-05-18,30.15
2015-05-19,30.75
2015-05-20,30.65
2015-05-21,30.65
2015-05-22,30.65
2015-05-25,30.9
2015-05-26,30.5
2015-05-27,30.2
2015-05-28,30.35
2015-05-29,30.25
2015-06-02,30.25
2015-06-03,29.65
2015-06-04,29.9
2015-06-05,30.25
2015-06-08,30.35
2015-06-09,29.85
2015-06-10,29.75
2015-06-11,30.1
2015-06-12,30.1
2015-06-15,30.1
2015-06-16,29.9
2015-06-17,30.35
2015-06-18,30.25
2015-06-19,28.75
2015-06-22,28.75
2015-06-23,29.35
2015-06-24,29.5
2015-06-25,30.0
2015-06-26,29.9
2015-06-29,29.4
2015-06-30,30.0
2015-07-02,30.1
2015-07-03,30.1
2015-07-06,29.9
2015-07-07,29.9
2015-07-08,29.5
2015-07-09,29.5
2015-07-10,29.75
2015-07-13,29.9
2015-07-14,29.8
2015-07-15,29.65
2015-07-16,29.35
2015-07-17,29.35
2015-07-20,29.1
2015-07-21,28.75
2015-07-22,28.85
2015-07-23,28.9
2015-07-24,28.9
2015-07-27,29.1
2015-07-28,28.9
2015-07-29,29.0
2015-07-31,29.2
2015-08-03,28.9
2015-08-04,28.5
2015-08-05,27.7
2015-08-06,26.6
2015-08-07,26.65
2015-08-10,27.0
2015-08-11,26.9
2015-08-13,26.9
2015-08-14,26.5
2015-08-17,25.75
2015-08-18,23.25
2015-08-19,24.1
2015-08-20,24.65
2015-08-21,25.049999999999997
2015-08-24,24.35
2015-08-25,24.85
2015-08-26,25.25
2015-08-27,25.65
2015-08-28,25.6
2015-08-31,26.0
2015-09-01,26.75
2015-09-02,27.25
2015-09-03,27.6
2015-09-04,27.35
2015-09-07,27.5
2015-09-08,28.0
2015-09-09,28.1
2015-09-10,28.0
2015-09-11,27.75
2015-09-14,27.5
2015-09-15,27.35
2015-09-16,27.5
2015-09-17,28.1
2015-09-18,28.1
2015-09-21,28.0
2015-09-22,28.4
2015-09-23,28.5
2015-09-24,28.35
2015-09-25,29.0
2015-09-28,28.5
2015-09-29,28.35
2015-09-30,28.8
2015-10-01,28.4
2015-10-02,27.9
2015-10-05,28.3
2015-10-06,29.5
2015-10-07,30.15
2015-10-08,30.35
2015-10-09,30.35
2015-10-12,30.65
2015-10-13,30.9
2015-10-14,30.5
2015-10-15,30.65
2015-10-16,30.8
2015-10-19,30.9
2015-10-20,30.8
2015-10-21,30.8
2015-10-22,30.5
2015-10-26,30.5
2015-10-27,31.0
2015-10-28,31.35
2015-10-29,30.85
2015-10-30,30.5
2015-11-02,31.2
2015-11-03,31.25
2015-11-04,31.85
2015-11-05,31.65
2015-11-06,32.35
2015-11-09,33.1
2015-11-10,33.0
2015-11-11,33.2
2015-11-12,33.2
2015-11-13,32.75
2015-11-16,32.75
2015-11-17,33.9
2015-11-18,33.65
2015-11-19,33.9
2015-11-20,34.0
2015-11-23,34.65
2015-11-24,35.25
2015-11-25,34.6
2015-11-26,34.35
2015-11-27,34.5
2015-11-30,35.5
2015-12-01,36.8
2015-12-02,35.5
2015-12-03,34.35
2015-12-04,35.0
2015-12-08,35.9
2015-12-09,36.7
2015-12-11,37.0
2015-12-14,36.25
2015-12-15,36.1
2015-12-16,36.2
2015-12-17,35.6
2015-12-18,34.6
2015-12-21,34.5
2015-12-22,35.6
2015-12-23,35.7
2015-12-24,35.4
2015-12-25,35.5
2015-12-28,35.5
2015-12-29,35.6
2015-12-30,36.0
2016-01-04,35.5
2016-01-05,34.5
2016-01-06,33.5
2016-01-07,32.5
2016-01-08,32.65
2016-01-11,31.6
2016-01-12,31.6
2016-01-13,32.9
2016-01-14,32.5
2016-01-15,32.3
2016-01-18,31.9
2016-01-19,32.25
2016-01-20,32.0
2016-01-21,31.700000000000003
2016-01-22,32.5
2016-01-25,32.9
2016-01-26,32.65
2016-01-27,32.65
2016-01-28,32.65
2016-01-29,33.15
2016-02-01,33.6
2016-02-02,33.0
2016-02-03,33.1
2016-02-04,34.0
2016-02-05,35.5
2016-02-08,35.6
2016-02-09,35.2
2016-02-10,35.65
2016-02-11,35.0
2016-02-12,34.5
2016-02-15,34.5
2016-02-16,35.25
2016-02-17,35.5
2016-02-18,35.1
2016-02-19,35.7
2016-02-23,36.0
2016-02-24,35.9
2016-02-25,35.9
2016-02-26,35.9
2016-02-29,36.0
2016-03-01,36.1
2016-03-02,36.1
2016-03-03,36.0
2016-03-04,36.1
2016-03-07,36.1
2016-03-08,36.1
2016-03-09,35.9
2016-03-10,35.75
2016-03-11,35.85
2016-03-14,36.35
2016-03-15,36.15
2016-03-16,35.5
2016-03-17,35.25
2016-03-18,34.5
2016-03-21,34.4
2016-03-22,35.1
2016-03-23,35.15
2016-03-24,35.4
2016-03-25,35.4
2016-03-28,35.0
2016-03-29,35.6
2016-03-30,36.5
2016-03-31,36.9
2016-04-01,36.9
2016-04-04,37.25
2016-04-05,37.5
2016-04-07,37.0
2016-04-08,36.35
2016-04-11,36.5
2016-04-12,37.85
2016-04-18,38.6
2016-04-19,39.35
2016-04-20,39.4
2016-04-21,39.0
2016-04-22,38.4
2016-04-25,38.5
2016-04-26,38.5
2016-04-27,38.0
2016-04-28,37.4
2016-04-29,37.0
2016-05-03,36.6
2016-05-04,36.3
2016-05-09,37.3
2016-05-10,37.75
2016-05-11,38.15
2016-05-12,38.1
2016-05-13,38.75
2016-05-16,38.9
2016-05-17,38.4
2016-05-18,38.25
2016-05-19,38.5
2016-05-23,38.5
2016-05-24,39.0
2016-05-25,39.1
2016-05-26,39.0
2016-05-27,39.4
2016-05-30,40.0
2016-05-31,39.6
2016-06-01,39.15
2016-06-02,39.1
2016-06-03,39.35
2016-06-06,40.25
2016-06-07,41.25
2016-06-08,40.75
2016-06-09,40.25
2016-06-10,39.5
2016-06-13,38.8
2016-06-14,38.8
2016-06-15,38.8
2016-06-16,38.0
2016-06-17,38.0
2016-06-20,38.6
2016-06-21,39.5
2016-06-22,39.85
2016-06-23,39.75
2016-06-24,38.65
2016-06-27,38.5
2016-06-28,39.1
2016-06-29,39.25
2016-06-30,39.7
2016-07-04,40.2
2016-07-05,39.6
2016-07-06,39.35
2016-07-07,39.35
2016-07-08,39.85
2016-07-11,40.6
2016-07-12,41.25
2016-07-13,41.85
2016-07-14,42.4
2016-07-15,42.15
2016-07-20,41.6
2016-07-21,42.0
2016-07-22,42.0
2016-07-25,41.5
2016-07-26,41.25
2016-07-27,41.25
2016-07-28,41.25
2016-07-29,40.9
2016-08-01,40.85
2016-08-02,40.4
2016-08-03,40.6
2016-08-04,40.9
2016-08-05,41.0
2016-08-08,41.25
2016-08-09,40.75
2016-08-10,41.3
2016-08-11,41.65
2016-08-15,40.65
2016-08-16,39.35
2016-08-17,39.15
2016-08-18,39.5
2016-08-19,39.6
2016-08-22,39.5
2016-08-23,39.75
2016-08-24,39.9
2016-08-25,40.4
2016-08-26,41.15
2016-08-29,41.5
2016-08-30,41.35
2016-08-31,41.1
2016-09-01,41.0
2016-09-02,40.4
2016-09-05,39.4
2016-09-06,38.9
2016-09-07,38.8
2016-09-08,38.25
2016-09-09,37.9
2016-09-12,37.0
2016-09-13,37.35
2016-09-14,37.65
2016-09-15,38.25
2016-09-16,38.5
2016-09-19,38.75
2016-09-20,39.0
2016-09-21,39.25
2016-09-22,39.75
2016-09-23,39.5
2016-09-26,39.1
2016-09-27,39.0
2016-09-28,38.65
2016-09-29,38.75
2016-09-30,38.6
2016-10-03,39.35
2016-10-04,39.25
2016-10-05,39.9
2016-10-06,40.35
2016-10-07,40.8
2016-10-10,39.35
2016-10-11,38.7
2016-10-12,37.35
2016-10-13,36.6
2016-10-14,39.0
2016-10-17,39.0
2016-10-18,38.8
2016-10-19,38.25
2016-10-20,38.1
2016-10-21,38.35
2016-10-25,38.5
2016-10-26,38.65
2016-10-27,38.5
2016-10-28,38.35
2016-10-31,38.35
2016-11-01,38.0
2016-11-02,37.4
2016-11-03,36.9
2016-11-04,36.5
2016-11-07,36.35
2016-11-08,36.7
2016-11-09,37.3
2016-11-10,37.5
2016-11-11,36.85
2016-11-14,35.75
2016-11-15,35.0
2016-11-16,35.1
2016-11-17,34.75
2016-11-18,34.1
2016-11-21,34.5
2016-11-22,35.0
2016-11-23,34.9
2016-11-24,34.65
2016-11-25,35.5
2016-11-28,36.2
2016-11-29,35.9
2016-11-30,36.65
2016-12-01,37.4
2016-12-02,36.8
2016-12-06,36.8
2016-12-07,36.35
2016-12-08,36.65
2016-12-09,36.8
2016-12-13,36.8
2016-12-14,36.75
2016-12-15,36.25
2016-12-16,35.5
2016-12-19,35.0
2016-12-20,35.0
2016-12-21,34.75
2016-12-22,34.35
2016-12-23,34.2
2016-12-26,34.8
2016-12-27,34.9
2016-12-28,35.1
2016-12-29,35.35
2016-12-30,35.65
2017-01-04,36.15
2017-01-05,36.35
2017-01-06,36.1
2017-01-09,36.0
2017-01-10,36.0
2017-01-11,35.65
2017-01-12,35.8
2017-01-16,35.4
2017-01-17,35.1
2017-01-18,34.9
2017-01-19,34.35
2017-01-20,34.0
2017-01-23,34.0
2017-01-24,34.25
2017-01-25,35.0
2017-01-26,35.2
2017-01-27,35.35
2017-01-30,35.0
2017-01-31,34.9
2017-02-01,34.75
2017-02-02,34.65
2017-02-03,34.5
2017-02-06,34.5
2017-02-07,34.8
2017-02-08,35.75
2017-02-09,36.1
2017-02-10,35.6
2017-02-14,35.2
2017-02-15,35.35
2017-02-16,35.0
2017-02-17,34.9
2017-02-20,34.9
2017-02-21,33.9
2017-02-22,34.0
2017-02-23,33.65
2017-02-24,33.75
2017-02-27,34.1
2017-02-28,34.35
2017-03-01,34.5
2017-03-02,34.65
2017-03-03,34.65
2017-03-06,35.0
2017-03-07,34.75
2017-03-08,34.5
2017-03-09,34.35
2017-03-10,34.2
2017-03-13,34.1
2017-03-14,34.1
2017-03-15,34.2
2017-03-16,34.65
2017-03-17,34.9
2017-03-20,35.1
2017-03-21,35.1
2017-03-22,35.25
2017-03-23,35.9
2017-03-24,35.9
2017-03-27,36.1
2017-03-28,36.35
2017-03-29,36.5
2017-03-30,36.65
2017-03-31,36.8
2017-04-03,36.9
2017-04-04,36.9
2017-04-05,37.35
2017-04-07,37.5
2017-04-10,37.1
2017-04-11,37.1
2017-04-12,37.1
2017-04-17,36.75
2017-04-18,36.9
2017-04-19,37.35
2017-04-20,37.35
2017-04-21,36.9
2017-04-24,36.65
2017-04-25,37.0
2017-04-26,37.25
2017-04-27,37.65
2017-04-28,37.35
2017-05-02,37.35
2017-05-03,37.2
2017-05-04,37.1
2017-05-08,37.0
2017-05-09,37.2
2017-05-11,37.2
2017-05-12,36.6
2017-05-15,36.0
2017-05-16,36.1
2017-05-17,35.6
2017-05-18,34.9
2017-05-19,35.65
2017-05-22,36.8
2017-05-23,37.15
2017-05-24,37.5
2017-05-25,37.35
2017-05-26,37.35
2017-05-29,37.65
2017-05-30,37.8
2017-05-31,37.65
2017-06-01,37.4
2017-06-02,36.9
2017-06-05,36.75
2017-06-06,37.15
2017-06-07,37.4
2017-06-08,37.1
2017-06-09,37.1
2017-06-12,37.0
2017-06-13,37.5
2017-06-14,37.65
2017-06-15,38.5
2017-06-16,39.25
2017-06-19,39.9
2017-06-20,39.5
2017-06-21,39.35
2017-06-22,40.15
2017-06-23,40.65
2017-06-26,40.9
2017-06-27,41.5
2017-06-28,41.5
2017-06-29,40.85
2017-06-30,40.2
2017-07-03,40.75
2017-07-04,40.85
2017-07-05,40.5
2017-07-06,40.15
2017-07-07,40.1
2017-07-11,40.6
2017-07-12,41.0
2017-07-13,41.0
2017-07-14,41.1
2017-07-17,41.15
2017-07-18,41.1
2017-07-19,41.1
2017-07-20,41.0
2017-07-21,41.1
2017-07-24,41.35
2017-07-25,41.5
2017-07-26,41.1
2017-07-27,41.25
2017-07-31,41.85
2017-08-01,41.85
2017-08-02,41.2
2017-08-03,41.1
2017-08-04,40.9
2017-08-07,40.9
2017-08-08,40.65
2017-08-09,40.0
2017-08-10,39.75
2017-08-11,39.4
2017-08-15,39.1
2017-08-16,39.4
2017-08-17,39.5
2017-08-18,38.75
2017-08-21,38.65
2017-08-22,38.9
2017-08-23,39.1
2017-08-24,39.0
2017-08-25,38.9
2017-08-28,39.2
2017-08-29,39.5
2017-08-30,39.8
2017-08-31,39.9
2017-09-01,39.9
2017-09-04,39.65
2017-09-05,39.35
2017-09-06,39.2
2017-09-07,39.2
2017-09-08,39.5
2017-09-11,39.25
2017-09-12,39.0
2017-09-13,38.75
2017-09-14,38.8
2017-09-15,38.9
2017-09-18,39.2
2017-09-19,39.65
2017-09-20,40.0
2017-09-21,40.0
2017-09-22,39.5
2017-09-25,39.1
2017-09-26,39.35
2017-09-27,40.3
2017-09-28,40.65
2017-09-29,40.65
2017-10-02,41.15
2017-10-03,41.5
2017-10-04,41.25
2017-10-05,41.25
2017-10-06,41.2
2017-10-09,41.15
2017-10-10,40.8
2017-10-11,41.25
2017-10-12,41.65
2017-10-16,41.5
2017-10-17,41.5
2017-10-18,41.25
2017-10-19,40.7
2017-10-20,40.5
2017-10-24,41.0
2017-10-25,41.5
2017-10-27,42.15
2017-10-30,43.1
2017-10-31,43.35
2017-11-01,43.35
2017-11-02,43.1
2017-11-03,43.5
2017-11-06,44.7
2017-11-07,44.9
2017-11-08,44.25
2017-11-09,43.75
2017-11-10,42.85
2017-11-13,42.5
2017-11-14,43.3
2017-11-15,43.25
2017-11-16,43.1
2017-11-17,43.85
2017-11-20,44.35
2017-11-21,45.0
2017-11-22,44.5
2017-11-23,43.8
2017-11-24,43.5
2017-11-27,43.25
2017-11-28,44.0
2017-11-29,44.15
2017-11-30,43.5
2017-12-01,43.75
2017-12-04,43.0
2017-12-06,42.0
2017-12-07,42.25
2017-12-08,42.5
2017-12-12,42.0
2017-12-13,41.75
2017-12-14,42.0
2017-12-15,42.5
2017-12-18,42.8
2017-12-19,43.0
2017-12-20,43.6
2017-12-21,43.6
2017-12-22,43.1
2017-12-25,43.35
2017-12-26,43.5
2017-12-27,44.15
2017-12-28,44.15
2017-12-29,43.9
