Date,PTT
2007-01-03,207.0
2007-01-04,201.0
2007-01-05,194.5
2007-01-08,194.5
2007-01-09,194.5
2007-01-10,193.0
2007-01-11,198.5
2007-01-12,203.0
2007-01-15,206.0
2007-01-16,209.0
2007-01-17,207.0
2007-01-18,207.0
2007-01-19,205.0
2007-01-22,205.0
2007-01-23,202.0
2007-01-24,206.0
2007-01-25,207.0
2007-01-26,204.0
2007-01-29,202.0
2007-01-30,199.0
2007-01-31,199.0
2007-02-01,199.0
2007-02-02,199.0
2007-02-05,201.0
2007-02-06,201.0
2007-02-07,202.0
2007-02-08,206.0
2007-02-09,212.0
2007-02-12,215.0
2007-02-13,214.0
2007-02-14,213.0
2007-02-15,211.0
2007-02-16,209.0
2007-02-19,208.0
2007-02-20,208.0
2007-02-21,210.0
2007-02-22,213.0
2007-02-23,213.0
2007-02-26,213.0
2007-02-27,213.0
2007-02-28,207.0
2007-03-01,210.0
2007-03-02,210.0
2007-03-06,208.0
2007-03-07,205.0
2007-03-08,204.0
2007-03-09,204.0
2007-03-12,203.0
2007-03-13,203.0
2007-03-14,202.0
2007-03-15,202.0
2007-03-16,202.0
2007-03-19,202.0
2007-03-20,204.0
2007-03-21,203.0
2007-03-22,206.0
2007-03-23,206.0
2007-03-26,207.0
2007-03-27,209.0
2007-03-28,208.0
2007-03-29,207.0
2007-03-30,208.0
2007-04-02,209.0
2007-04-03,207.0
2007-04-04,209.0
2007-04-05,208.0
2007-04-09,208.0
2007-04-10,208.0
2007-04-11,213.0
2007-04-12,216.0
2007-04-17,216.0
2007-04-18,215.0
2007-04-19,213.0
2007-04-20,212.0
2007-04-23,211.0
2007-04-24,210.0
2007-04-25,209.0
2007-04-26,213.0
2007-04-27,215.0
2007-04-30,218.0
2007-05-02,222.0
2007-05-03,228.0
2007-05-04,234.0
2007-05-08,232.0
2007-05-09,229.0
2007-05-10,228.0
2007-05-11,228.0
2007-05-14,231.0
2007-05-15,233.0
2007-05-16,235.0
2007-05-17,237.0
2007-05-18,240.0
2007-05-21,245.0
2007-05-22,246.0
2007-05-23,246.0
2007-05-24,245.0
2007-05-25,241.0
2007-05-28,246.0
2007-05-29,249.0
2007-05-30,252.0
2007-06-01,256.0
2007-06-04,265.0
2007-06-05,268.0
2007-06-06,266.0
2007-06-07,269.0
2007-06-08,265.0
2007-06-11,263.0
2007-06-12,260.0
2007-06-13,252.0
2007-06-14,253.0
2007-06-15,257.0
2007-06-18,268.0
2007-06-19,268.0
2007-06-20,270.0
2007-06-21,269.0
2007-06-22,267.0
2007-06-25,266.0
2007-06-26,268.0
2007-06-27,269.0
2007-06-28,270.0
2007-06-29,270.0
2007-07-02,275.0
2007-07-03,282.0
2007-07-04,289.0
2007-07-05,288.0
2007-07-06,289.0
2007-07-09,297.0
2007-07-10,302.0
2007-07-11,303.0
2007-07-12,301.0
2007-07-13,305.0
2007-07-16,308.0
2007-07-17,308.0
2007-07-18,309.0
2007-07-19,308.0
2007-07-20,307.0
2007-07-23,307.0
2007-07-24,322.0
2007-07-25,326.0
2007-07-26,334.0
2007-07-27,323.0
2007-07-31,318.0
2007-08-01,309.0
2007-08-02,305.0
2007-08-03,304.0
2007-08-06,293.0
2007-08-07,293.0
2007-08-08,300.0
2007-08-09,300.0
2007-08-10,287.0
2007-08-14,284.0
2007-08-15,273.0
2007-08-16,268.0
2007-08-17,273.0
2007-08-20,286.0
2007-08-21,284.0
2007-08-22,284.0
2007-08-23,290.0
2007-08-24,287.0
2007-08-27,290.0
2007-08-28,288.0
2007-08-29,286.0
2007-08-30,293.0
2007-08-31,299.0
2007-09-03,309.0
2007-09-04,309.0
2007-09-05,313.0
2007-09-06,313.0
2007-09-07,314.0
2007-09-10,310.0
2007-09-11,313.0
2007-09-12,315.0
2007-09-13,317.0
2007-09-14,323.0
2007-09-17,317.0
2007-09-18,313.0
2007-09-19,319.0
2007-09-20,319.0
2007-09-21,327.0
2007-09-24,333.0
2007-09-25,330.0
2007-09-26,333.0
2007-09-27,334.0
2007-09-28,336.0
2007-10-01,337.0
2007-10-02,335.0
2007-10-03,331.0
2007-10-04,325.0
2007-10-05,328.0
2007-10-08,332.0
2007-10-09,337.0
2007-10-10,340.0
2007-10-11,344.0
2007-10-12,351.0
2007-10-15,361.0
2007-10-16,383.0
2007-10-17,379.0
2007-10-18,373.0
2007-10-19,372.0
2007-10-22,363.0
2007-10-24,367.0
2007-10-25,383.0
2007-10-26,404.0
2007-10-29,432.0
2007-10-30,430.0
2007-10-31,414.0
2007-11-01,426.0
2007-11-02,406.0
2007-11-05,393.0
2007-11-06,395.0
2007-11-07,406.0
2007-11-08,394.0
2007-11-09,398.0
2007-11-12,388.0
2007-11-13,382.0
2007-11-14,381.0
2007-11-15,379.0
2007-11-16,373.0
2007-11-19,368.0
2007-11-20,360.0
2007-11-21,355.0
2007-11-22,355.0
2007-11-23,360.0
2007-11-26,368.0
2007-11-27,364.0
2007-11-28,364.0
2007-11-29,371.0
2007-11-30,378.0
2007-12-03,367.0
2007-12-04,356.0
2007-12-06,361.0
2007-12-07,364.0
2007-12-11,360.0
2007-12-12,359.0
2007-12-13,363.0
2007-12-14,368.0
2007-12-17,368.0
2007-12-18,359.0
2007-12-19,349.0
2007-12-20,336.0
2007-12-21,339.0
2007-12-24,346.0
2007-12-25,359.0
2007-12-26,370.0
2007-12-27,372.0
2007-12-28,373.0
2008-01-02,370.0
2008-01-03,361.0
2008-01-04,352.0
2008-01-07,337.0
2008-01-08,336.0
2008-01-09,340.0
2008-01-10,337.0
2008-01-11,330.0
2008-01-14,321.0
2008-01-15,316.0
2008-01-16,298.0
2008-01-17,310.0
2008-01-18,315.0
2008-01-21,308.0
2008-01-22,289.0
2008-01-23,299.0
2008-01-24,292.0
2008-01-25,306.0
2008-01-28,306.0
2008-01-29,310.0
2008-01-30,312.0
2008-01-31,319.0
2008-02-01,334.0
2008-02-04,336.0
2008-02-05,325.0
2008-02-06,317.0
2008-02-07,312.0
2008-02-08,315.0
2008-02-11,319.0
2008-02-12,322.0
2008-02-13,328.0
2008-02-14,334.0
2008-02-15,328.0
2008-02-18,327.0
2008-02-19,330.0
2008-02-20,336.0
2008-02-22,330.0
2008-02-25,334.0
2008-02-26,337.0
2008-02-27,335.0
2008-02-28,337.0
2008-02-29,340.0
2008-03-03,338.0
2008-03-04,334.0
2008-03-05,325.0
2008-03-06,325.0
2008-03-07,323.0
2008-03-10,319.0
2008-03-11,325.0
2008-03-12,337.0
2008-03-13,335.0
2008-03-14,335.0
2008-03-17,329.0
2008-03-18,322.0
2008-03-19,323.0
2008-03-20,314.0
2008-03-21,313.0
2008-03-24,313.0
2008-03-25,317.0
2008-03-26,319.0
2008-03-27,318.0
2008-03-28,322.0
2008-03-31,319.0
2008-04-01,319.0
2008-04-02,322.0
2008-04-03,320.0
2008-04-04,319.0
2008-04-08,319.0
2008-04-09,320.0
2008-04-10,317.0
2008-04-11,317.0
2008-04-16,320.0
2008-04-17,329.0
2008-04-18,334.0
2008-04-21,336.0
2008-04-22,341.0
2008-04-23,342.0
2008-04-24,337.0
2008-04-25,334.0
2008-04-28,337.0
2008-04-29,339.0
2008-04-30,334.0
2008-05-02,337.0
2008-05-06,342.0
2008-05-07,346.0
2008-05-08,350.0
2008-05-09,352.0
2008-05-12,349.0
2008-05-13,343.0
2008-05-14,344.0
2008-05-15,351.0
2008-05-16,361.0
2008-05-20,371.0
2008-05-21,377.0
2008-05-22,376.0
2008-05-23,372.0
2008-05-26,363.0
2008-05-27,357.0
2008-05-28,346.0
2008-05-29,341.0
2008-05-30,339.0
2008-06-02,326.0
2008-06-03,322.0
2008-06-04,320.0
2008-06-05,322.0
2008-06-06,330.0
2008-06-09,332.0
2008-06-10,326.0
2008-06-11,322.0
2008-06-12,322.0
2008-06-13,323.0
2008-06-16,319.0
2008-06-17,314.0
2008-06-18,304.0
2008-06-19,296.0
2008-06-20,299.0
2008-06-23,305.0
2008-06-24,304.0
2008-06-25,303.0
2008-06-26,306.0
2008-06-27,306.0
2008-06-30,306.0
2008-07-02,303.0
2008-07-03,299.0
2008-07-04,299.0
2008-07-07,295.0
2008-07-08,285.0
2008-07-09,287.0
2008-07-10,286.0
2008-07-11,295.0
2008-07-14,292.0
2008-07-15,275.0
2008-07-16,259.0
2008-07-18,244.0
2008-07-21,251.0
2008-07-22,261.0
2008-07-23,267.0
2008-07-24,264.0
2008-07-25,262.0
2008-07-28,259.0
2008-07-29,247.0
2008-07-30,241.0
2008-07-31,245.0
2008-08-01,246.0
2008-08-04,247.0
2008-08-05,239.0
2008-08-06,239.0
2008-08-07,253.0
2008-08-08,256.0
2008-08-11,266.0
2008-08-13,265.0
2008-08-14,267.0
2008-08-15,269.0
2008-08-18,272.0
2008-08-19,270.0
2008-08-20,268.0
2008-08-21,264.0
2008-08-22,263.0
2008-08-25,261.0
2008-08-26,254.0
2008-08-27,257.0
2008-08-28,262.0
2008-08-29,265.0
2008-09-01,262.0
2008-09-02,251.0
2008-09-03,243.0
2008-09-04,242.0
2008-09-05,240.0
2008-09-08,246.0
2008-09-09,247.0
2008-09-10,246.0
2008-09-11,242.0
2008-09-12,242.0
2008-09-15,240.0
2008-09-16,227.0
2008-09-17,221.0
2008-09-18,209.0
2008-09-19,224.0
2008-09-22,229.0
2008-09-23,229.0
2008-09-24,233.0
2008-09-25,236.0
2008-09-26,235.0
2008-09-29,233.0
2008-09-30,220.0
2008-10-01,227.0
2008-10-02,227.0
2008-10-03,225.0
2008-10-06,211.0
2008-10-07,197.0
2008-10-08,187.0
2008-10-09,189.5
2008-10-10,173.0
2008-10-13,176.0
2008-10-14,192.0
2008-10-15,184.5
2008-10-16,178.5
2008-10-17,178.0
2008-10-20,180.5
2008-10-21,183.0
2008-10-22,178.5
2008-10-24,169.5
2008-10-27,149.5
2008-10-28,146.5
2008-10-29,146.0
2008-10-30,150.0
2008-10-31,155.0
2008-11-03,172.5
2008-11-04,179.0
2008-11-05,189.0
2008-11-06,179.0
2008-11-07,181.5
2008-11-10,182.5
2008-11-11,174.0
2008-11-12,168.5
2008-11-13,163.0
2008-11-14,166.0
2008-11-17,166.0
2008-11-18,162.5
2008-11-19,154.5
2008-11-20,143.5
2008-11-21,140.5
2008-11-24,138.0
2008-11-25,139.5
2008-11-26,139.0
2008-11-27,140.0
2008-11-28,144.5
2008-12-01,146.5
2008-12-02,142.0
2008-12-03,148.0
2008-12-04,144.0
2008-12-08,149.0
2008-12-09,161.0
2008-12-11,170.0
2008-12-12,172.0
2008-12-15,176.5
2008-12-16,178.5
2008-12-17,179.5
2008-12-18,178.5
2008-12-19,177.0
2008-12-22,172.0
2008-12-23,168.5
2008-12-24,171.0
2008-12-25,171.5
2008-12-26,172.0
2008-12-29,172.5
2008-12-30,174.5
2009-01-02,175.0
2009-01-05,185.0
2009-01-06,187.5
2009-01-07,183.5
2009-01-08,180.5
2009-01-09,179.0
2009-01-12,171.5
2009-01-13,159.5
2009-01-14,159.0
2009-01-15,153.5
2009-01-16,156.5
2009-01-19,159.0
2009-01-20,156.0
2009-01-21,155.5
2009-01-22,160.0
2009-01-23,160.0
2009-01-26,160.0
2009-01-27,163.5
2009-01-28,165.0
2009-01-29,164.0
2009-01-30,159.5
2009-02-02,156.5
2009-02-03,154.5
2009-02-04,155.0
2009-02-05,155.0
2009-02-06,160.5
2009-02-10,164.0
2009-02-11,161.5
2009-02-12,160.5
2009-02-13,163.0
2009-02-16,164.0
2009-02-17,160.0
2009-02-18,158.0
2009-02-19,159.0
2009-02-20,157.0
2009-02-23,156.0
2009-02-24,155.0
2009-02-25,157.5
2009-02-26,156.5
2009-02-27,156.0
2009-03-02,152.5
2009-03-03,149.0
2009-03-04,149.5
2009-03-05,146.5
2009-03-06,144.5
2009-03-09,142.5
2009-03-10,144.5
2009-03-11,146.0
2009-03-12,144.0
2009-03-13,148.5
2009-03-16,149.0
2009-03-17,148.0
2009-03-18,148.5
2009-03-19,148.5
2009-03-20,151.5
2009-03-23,156.5
2009-03-24,161.5
2009-03-25,160.0
2009-03-26,160.5
2009-03-27,161.0
2009-03-30,154.5
2009-03-31,152.75
2009-04-01,152.5
2009-04-02,155.75
2009-04-03,160.75
2009-04-07,161.0
2009-04-08,159.0
2009-04-09,160.75
2009-04-10,164.25
2009-04-16,164.25
2009-04-17,167.0
2009-04-20,173.75
2009-04-21,175.25
2009-04-22,175.75
2009-04-23,175.25
2009-04-24,179.25
2009-04-27,180.75
2009-04-28,182.5
2009-04-29,183.75
2009-04-30,188.75
2009-05-04,194.5
2009-05-06,205.75
2009-05-07,215.0
2009-05-11,216.0
2009-05-12,218.5
2009-05-13,220.5
2009-05-14,213.0
2009-05-15,210.5
2009-05-18,204.5
2009-05-19,216.5
2009-05-20,220.0
2009-05-21,216.5
2009-05-22,214.5
2009-05-25,212.5
2009-05-26,211.5
2009-05-27,216.5
2009-05-28,216.5
2009-05-29,220.0
2009-06-01,228.0
2009-06-02,229.5
2009-06-03,228.0
2009-06-04,226.5
2009-06-05,230.5
2009-06-08,229.5
2009-06-09,230.0
2009-06-10,239.5
2009-06-11,247.0
2009-06-12,258.0
2009-06-15,251.0
2009-06-16,240.5
2009-06-17,234.5
2009-06-18,229.5
2009-06-19,230.0
2009-06-22,231.5
2009-06-23,221.0
2009-06-24,225.5
2009-06-25,232.0
2009-06-26,238.5
2009-06-29,235.5
2009-06-30,238.5
2009-07-02,231.5
2009-07-03,226.0
2009-07-06,227.0
2009-07-08,224.5
2009-07-09,224.5
2009-07-10,220.0
2009-07-13,213.5
2009-07-14,220.0
2009-07-15,223.5
2009-07-16,224.5
2009-07-17,222.0
2009-07-20,232.0
2009-07-21,234.0
2009-07-22,231.0
2009-07-23,231.0
2009-07-24,234.0
2009-07-27,236.0
2009-07-28,236.0
2009-07-29,235.5
2009-07-30,237.5
2009-07-31,241.5
2009-08-03,244.5
2009-08-04,250.0
2009-08-05,250.0
2009-08-06,251.0
2009-08-07,252.5
2009-08-10,252.5
2009-08-11,249.0
2009-08-13,252.0
2009-08-14,251.5
2009-08-17,239.0
2009-08-18,236.0
2009-08-19,235.0
2009-08-20,236.0
2009-08-21,236.5
2009-08-24,243.0
2009-08-25,244.5
2009-08-26,245.5
2009-08-27,244.5
2009-08-28,245.5
2009-08-31,245.0
2009-09-01,243.5
2009-09-02,237.0
2009-09-03,239.5
2009-09-04,240.0
2009-09-07,243.0
2009-09-08,250.0
2009-09-09,258.0
2009-09-10,264.0
2009-09-11,265.5
2009-09-14,259.0
2009-09-15,261.5
2009-09-16,267.0
2009-09-17,267.5
2009-09-18,265.5
2009-09-21,265.0
2009-09-22,265.0
2009-09-23,268.0
2009-09-24,265.0
2009-09-25,262.0
2009-09-28,259.0
2009-09-29,259.5
2009-09-30,258.0
2009-10-01,262.0
2009-10-02,260.5
2009-10-05,259.0
2009-10-06,262.0
2009-10-07,267.5
2009-10-08,267.5
2009-10-09,269.0
2009-10-12,270.0
2009-10-13,272.5
2009-10-14,271.0
2009-10-15,262.0
2009-10-16,260.0
2009-10-19,264.0
2009-10-20,264.0
2009-10-21,258.5
2009-10-22,255.5
2009-10-26,256.5
2009-10-27,255.5
2009-10-28,253.5
2009-10-29,244.5
2009-10-30,243.5
2009-11-02,233.5
2009-11-03,229.5
2009-11-04,233.0
2009-11-05,234.0
2009-11-06,240.5
2009-11-09,248.5
2009-11-10,250.0
2009-11-11,249.0
2009-11-12,242.0
2009-11-13,236.0
2009-11-16,237.5
2009-11-17,239.0
2009-11-18,240.0
2009-11-19,235.5
2009-11-20,230.5
2009-11-23,230.0
2009-11-24,224.5
2009-11-25,225.5
2009-11-26,224.5
2009-11-27,220.0
2009-11-30,224.5
2009-12-01,230.5
2009-12-02,231.5
2009-12-03,226.0
2009-12-04,224.0
2009-12-08,221.5
2009-12-09,220.0
2009-12-11,221.5
2009-12-14,223.0
2009-12-15,226.0
2009-12-16,228.0
2009-12-17,228.5
2009-12-18,227.0
2009-12-21,229.0
2009-12-22,232.5
2009-12-23,237.5
2009-12-24,240.0
2009-12-25,240.5
2009-12-28,243.5
2009-12-29,248.0
2009-12-30,247.5
2010-01-04,245.5
2010-01-05,246.0
2010-01-06,245.0
2010-01-07,245.5
2010-01-08,245.0
2010-01-11,248.5
2010-01-12,247.5
2010-01-13,245.5
2010-01-14,247.5
2010-01-15,247.5
2010-01-18,246.5
2010-01-19,244.0
2010-01-20,240.5
2010-01-21,233.5
2010-01-22,228.0
2010-01-25,226.0
2010-01-26,224.0
2010-01-27,219.5
2010-01-28,219.5
2010-01-29,220.5
2010-02-01,223.0
2010-02-02,222.0
2010-02-03,223.0
2010-02-04,223.0
2010-02-05,218.0
2010-02-08,217.0
2010-02-09,215.0
2010-02-10,215.5
2010-02-11,218.5
2010-02-12,220.5
2010-02-15,218.0
2010-02-16,216.5
2010-02-17,218.0
2010-02-18,218.0
2010-02-19,222.0
2010-02-22,226.5
2010-02-23,230.5
2010-02-24,231.5
2010-02-25,233.0
2010-02-26,231.5
2010-03-02,236.5
2010-03-03,243.0
2010-03-04,237.5
2010-03-05,234.0
2010-03-08,235.0
2010-03-09,236.5
2010-03-10,236.0
2010-03-11,237.0
2010-03-12,238.5
2010-03-15,238.5
2010-03-16,243.5
2010-03-17,249.5
2010-03-18,249.5
2010-03-19,250.0
2010-03-22,249.0
2010-03-23,254.0
2010-03-24,258.0
2010-03-25,255.0
2010-03-26,252.0
2010-03-29,249.5
2010-03-30,252.0
2010-03-31,259.0
2010-04-01,267.5
2010-04-02,271.5
2010-04-05,271.0
2010-04-07,276.0
2010-04-08,272.5
2010-04-09,266.5
2010-04-12,256.5
2010-04-16,251.5
2010-04-19,244.0
2010-04-20,254.5
2010-04-21,256.0
2010-04-22,255.5
2010-04-23,252.5
2010-04-26,257.0
2010-04-27,256.0
2010-04-28,251.5
2010-04-29,250.5
2010-04-30,255.5
2010-05-04,263.0
2010-05-06,266.0
2010-05-07,257.0
2010-05-10,257.5
2010-05-11,257.0
2010-05-12,254.0
2010-05-13,253.5
2010-05-14,250.0
2010-05-17,246.0
2010-05-18,248.5
2010-05-19,248.5
2010-05-20,251.0
2010-05-21,251.0
2010-05-24,245.0
2010-05-25,235.5
2010-05-26,236.0
2010-05-27,239.0
2010-05-31,244.0
2010-06-01,244.0
2010-06-02,243.0
2010-06-03,247.5
2010-06-04,250.5
2010-06-07,245.5
2010-06-08,245.0
2010-06-09,244.5
2010-06-10,245.0
2010-06-11,245.5
2010-06-14,246.0
2010-06-15,245.0
2010-06-16,249.0
2010-06-17,252.0
2010-06-18,251.5
2010-06-21,256.0
2010-06-22,255.5
2010-06-23,254.0
2010-06-24,252.0
2010-06-25,250.0
2010-06-28,253.5
2010-06-29,250.5
2010-06-30,247.0
2010-07-02,246.0
2010-07-05,245.0
2010-07-06,247.0
2010-07-07,248.0
2010-07-08,249.0
2010-07-09,248.5
2010-07-12,247.5
2010-07-13,247.0
2010-07-14,247.5
2010-07-15,246.5
2010-07-16,246.5
2010-07-19,246.5
2010-07-20,247.0
2010-07-21,246.0
2010-07-22,243.0
2010-07-23,246.0
2010-07-27,251.0
2010-07-28,256.5
2010-07-29,256.0
2010-07-30,255.0
2010-08-02,256.5
2010-08-03,258.5
2010-08-04,259.5
2010-08-05,261.0
2010-08-06,259.5
2010-08-09,257.5
2010-08-10,253.0
2010-08-11,250.5
2010-08-16,252.5
2010-08-17,257.0
2010-08-18,258.5
2010-08-19,263.5
2010-08-20,266.0
2010-08-23,266.5
2010-08-24,261.5
2010-08-25,258.0
2010-08-26,259.0
2010-08-27,259.0
2010-08-30,262.5
2010-08-31,264.5
2010-09-01,270.0
2010-09-02,272.0
2010-09-03,283.0
2010-09-06,300.0
2010-09-07,295.0
2010-09-08,288.5
2010-09-09,288.0
2010-09-10,287.0
2010-09-13,291.0
2010-09-14,286.5
2010-09-15,281.0
2010-09-16,283.0
2010-09-17,285.5
2010-09-20,285.0
2010-09-21,286.5
2010-09-22,291.0
2010-09-23,292.5
2010-09-24,290.5
2010-09-27,294.0
2010-09-28,292.5
2010-09-29,293.0
2010-09-30,295.0
2010-10-01,298.0
2010-10-04,299.0
2010-10-05,297.0
2010-10-06,301.0
2010-10-07,301.5
2010-10-08,302.5
2010-10-11,305.5
2010-10-12,305.0
2010-10-13,307.5
2010-10-14,312.0
2010-10-15,313.0
2010-10-18,309.5
2010-10-19,310.0
2010-10-20,306.5
2010-10-21,306.5
2010-10-22,304.0
2010-10-26,304.5
2010-10-27,303.0
2010-10-28,301.5
2010-10-29,302.5
2010-11-01,307.0
2010-11-02,308.0
2010-11-03,312.0
2010-11-04,325.5
2010-11-05,341.0
2010-11-08,341.5
2010-11-09,338.0
2010-11-10,336.5
2010-11-11,336.0
2010-11-12,330.0
2010-11-15,329.5
2010-11-16,325.5
2010-11-17,317.5
2010-11-18,318.5
2010-11-19,324.0
2010-11-22,325.0
2010-11-23,322.5
2010-11-24,316.0
2010-11-25,307.5
2010-11-26,303.5
2010-11-29,307.5
2010-11-30,311.5
2010-12-01,311.0
2010-12-02,319.0
2010-12-03,322.5
2010-12-07,325.0
2010-12-08,325.0
2010-12-09,324.5
2010-12-13,325.0
2010-12-14,325.0
2010-12-15,321.5
2010-12-16,320.0
2010-12-17,320.5
2010-12-20,320.0
2010-12-21,321.0
2010-12-22,321.5
2010-12-23,320.0
2010-12-24,319.0
2010-12-27,318.0
2010-12-28,319.0
2010-12-29,321.0
2010-12-30,320.5
2011-01-04,327.5
2011-01-05,331.0
2011-01-06,332.5
2011-01-07,326.5
2011-01-10,319.5
2011-01-11,318.5
2011-01-12,326.0
2011-01-13,333.0
2011-01-14,332.0
2011-01-17,329.5
2011-01-18,332.0
2011-01-19,339.0
2011-01-20,338.5
2011-01-21,337.0
2011-01-24,328.5
2011-01-25,322.0
2011-01-26,331.5
2011-01-27,341.0
2011-01-28,341.5
2011-01-31,336.0
2011-02-01,338.5
2011-02-02,343.5
2011-02-03,344.5
2011-02-04,348.0
2011-02-07,340.0
2011-02-08,337.0
2011-02-09,332.5
2011-02-10,323.5
2011-02-11,318.0
2011-02-14,322.0
2011-02-15,325.0
2011-02-16,327.0
2011-02-17,332.0
2011-02-18,332.75
2011-02-21,333.5
2011-02-22,330.0
2011-02-23,337.0
2011-02-24,341.5
2011-02-25,341.0
2011-02-28,338.0
2011-03-01,338.5
2011-03-02,336.0
2011-03-03,334.5
2011-03-04,334.0
2011-03-07,339.0
2011-03-08,346.5
2011-03-09,347.0
2011-03-10,345.0
2011-03-11,343.0
2011-03-14,346.0
2011-03-15,339.0
2011-03-16,339.5
2011-03-17,336.0
2011-03-21,340.5
2011-03-22,342.5
2011-03-23,343.5
2011-03-24,347.0
2011-03-25,348.5
2011-03-28,347.5
2011-03-29,346.5
2011-03-30,350.0
2011-03-31,353.5
2011-04-01,356.5
2011-04-04,364.5
2011-04-05,367.5
2011-04-07,373.5
2011-04-08,377.5
2011-04-11,373.5
2011-04-12,367.5
2011-04-18,375.0
2011-04-19,375.0
2011-04-20,382.0
2011-04-21,385.0
2011-04-22,380.5
2011-04-25,379.0
2011-04-26,376.0
2011-04-27,377.5
2011-04-28,376.0
2011-04-29,374.0
2011-05-03,369.5
2011-05-04,362.5
2011-05-06,350.0
2011-05-09,353.0
2011-05-10,360.5
2011-05-11,366.0
2011-05-12,362.5
2011-05-13,362.5
2011-05-18,360.5
2011-05-19,365.0
2011-05-20,363.5
2011-05-23,354.0
2011-05-24,351.0
2011-05-25,349.5
2011-05-26,351.0
2011-05-27,354.0
2011-05-30,357.0
2011-05-31,356.5
2011-06-01,353.0
2011-06-02,346.5
2011-06-03,347.0
2011-06-06,344.5
2011-06-07,341.0
2011-06-08,333.5
2011-06-09,331.0
2011-06-10,334.5
2011-06-13,331.5
2011-06-14,336.0
2011-06-15,336.5
2011-06-16,331.5
2011-06-17,332.0
2011-06-20,330.0
2011-06-21,332.5
2011-06-22,332.5
2011-06-23,329.0
2011-06-24,332.0
2011-06-27,326.0
2011-06-28,324.5
2011-06-29,330.0
2011-06-30,335.5
2011-07-04,349.5
2011-07-05,349.5
2011-07-06,342.5
2011-07-07,340.0
2011-07-08,337.5
2011-07-11,331.0
2011-07-12,328.5
2011-07-13,332.5
2011-07-14,332.5
2011-07-18,338.0
2011-07-19,339.0
2011-07-20,345.0
2011-07-21,348.0
2011-07-22,351.5
2011-07-25,348.5
2011-07-26,349.0
2011-07-27,349.5
2011-07-28,350.0
2011-07-29,348.5
2011-08-01,350.5
2011-08-02,349.0
2011-08-03,343.5
2011-08-04,342.0
2011-08-05,331.0
2011-08-08,322.0
2011-08-09,311.0
2011-08-10,316.5
2011-08-11,315.5
2011-08-15,324.0
2011-08-16,326.0
2011-08-17,329.5
2011-08-18,331.0
2011-08-19,320.0
2011-08-22,316.0
2011-08-23,316.0
2011-08-24,315.5
2011-08-25,313.5
2011-08-26,312.0
2011-08-29,323.5
2011-08-30,326.5
2011-08-31,327.0
2011-09-01,332.0
2011-09-02,330.0
2011-09-05,324.5
2011-09-06,318.0
2011-09-07,322.5
2011-09-08,324.5
2011-09-09,323.0
2011-09-12,315.0
2011-09-13,312.5
2011-09-14,312.5
2011-09-15,314.5
2011-09-16,314.0
2011-09-19,307.0
2011-09-20,308.0
2011-09-21,310.5
2011-09-22,304.5
2011-09-23,293.0
2011-09-26,278.0
2011-09-27,278.5
2011-09-28,275.5
2011-09-29,264.0
2011-09-30,262.0
2011-10-03,247.0
2011-10-04,243.0
2011-10-05,247.5
2011-10-06,269.5
2011-10-07,280.0
2011-10-10,275.0
2011-10-11,289.0
2011-10-12,291.5
2011-10-13,289.5
2011-10-14,287.5
2011-10-17,297.5
2011-10-18,293.0
2011-10-19,293.0
2011-10-20,280.5
2011-10-21,280.5
2011-10-25,293.5
2011-10-26,293.5
2011-10-27,302.0
2011-10-28,311.0
2011-10-31,309.0
2011-11-01,300.0
2011-11-02,296.0
2011-11-03,293.0
2011-11-04,294.0
2011-11-07,292.0
2011-11-08,299.5
2011-11-09,299.0
2011-11-10,296.5
2011-11-11,300.5
2011-11-14,305.0
2011-11-15,304.0
2011-11-16,305.5
2011-11-17,307.0
2011-11-18,303.0
2011-11-21,298.5
2011-11-22,302.5
2011-11-23,299.0
2011-11-24,300.0
2011-11-25,298.0
2011-11-28,301.0
2011-11-29,300.5
2011-11-30,304.0
2011-12-01,315.5
2011-12-02,318.0
2011-12-06,321.0
2011-12-07,324.0
2011-12-08,323.0
2011-12-09,321.0
2011-12-13,319.0
2011-12-14,316.0
2011-12-15,312.5
2011-12-16,316.0
2011-12-19,316.5
2011-12-20,316.5
2011-12-21,320.5
2011-12-22,321.5
2011-12-23,320.5
2011-12-26,318.5
2011-12-27,317.5
2011-12-28,317.5
2011-12-29,316.0
2011-12-30,318.0
2012-01-04,321.0
2012-01-05,326.0
2012-01-06,325.0
2012-01-09,323.0
2012-01-10,324.0
2012-01-11,324.0
2012-01-12,325.0
2012-01-13,322.5
2012-01-16,320.5
2012-01-17,327.0
2012-01-18,328.5
2012-01-19,332.0
2012-01-20,332.0
2012-01-23,331.0
2012-01-24,331.5
2012-01-25,329.0
2012-01-26,330.0
2012-01-27,335.0
2012-01-30,338.0
2012-01-31,341.0
2012-02-01,339.0
2012-02-02,341.0
2012-02-03,342.5
2012-02-06,343.0
2012-02-07,341.5
2012-02-08,346.0
2012-02-09,350.0
2012-02-10,349.0
2012-02-13,347.0
2012-02-14,340.5
2012-02-15,342.5
2012-02-16,342.0
2012-02-17,344.0
2012-02-20,351.5
2012-02-21,356.0
2012-02-22,358.0
2012-02-23,358.5
2012-02-24,361.5
2012-02-27,360.5
2012-02-28,357.5
2012-02-29,362.0
2012-03-01,362.5
2012-03-02,365.5
2012-03-05,358.0
2012-03-06,354.5
2012-03-08,361.5
2012-03-09,354.0
2012-03-12,349.0
2012-03-13,344.5
2012-03-14,347.0
2012-03-15,347.5
2012-03-16,352.0
2012-03-19,354.5
2012-03-20,354.0
2012-03-21,353.0
2012-03-22,351.0
2012-03-23,348.5
2012-03-26,349.5
2012-03-27,354.0
2012-03-28,358.5
2012-03-29,357.0
2012-03-30,356.0
2012-04-02,355.5
2012-04-03,359.0
2012-04-04,355.0
2012-04-05,351.5
2012-04-10,349.0
2012-04-11,344.0
2012-04-12,343.5
2012-04-17,339.5
2012-04-18,342.0
2012-04-19,347.5
2012-04-20,352.5
2012-04-23,351.0
2012-04-24,347.5
2012-04-25,347.0
2012-04-26,347.0
2012-04-27,346.0
2012-04-30,348.5
2012-05-02,354.5
2012-05-03,359.0
2012-05-04,355.5
2012-05-08,353.0
2012-05-09,347.5
2012-05-10,337.5
2012-05-11,335.0
2012-05-14,333.0
2012-05-15,332.0
2012-05-16,330.0
2012-05-17,331.5
2012-05-18,328.0
2012-05-21,324.0
2012-05-22,321.5
2012-05-23,312.0
2012-05-24,310.5
2012-05-25,308.5
2012-05-28,304.5
2012-05-29,309.0
2012-05-30,308.0
2012-05-31,308.5
2012-06-01,307.5
2012-06-05,304.0
2012-06-06,308.0
2012-06-07,309.0
2012-06-08,307.5
2012-06-11,316.5
2012-06-12,320.5
2012-06-13,326.5
2012-06-14,326.5
2012-06-15,330.5
2012-06-18,335.0
2012-06-19,333.5
2012-06-20,332.5
2012-06-21,324.0
2012-06-22,314.5
2012-06-25,310.5
2012-06-26,310.5
2012-06-27,315.0
2012-06-28,318.5
2012-06-29,322.0
2012-07-02,330.0
2012-07-03,332.5
2012-07-04,335.5
2012-07-05,337.0
2012-07-06,335.5
2012-07-09,328.5
2012-07-10,329.5
2012-07-11,332.5
2012-07-12,330.0
2012-07-13,332.0
2012-07-16,332.0
2012-07-17,334.5
2012-07-18,337.5
2012-07-19,342.0
2012-07-20,341.0
2012-07-23,328.0
2012-07-24,323.0
2012-07-25,319.0
2012-07-26,317.5
2012-07-27,321.5
2012-07-30,325.5
2012-07-31,327.0
2012-08-01,322.5
2012-08-03,321.0
2012-08-06,324.5
2012-08-07,330.0
2012-08-08,336.5
2012-08-09,338.0
2012-08-10,339.0
2012-08-14,343.0
2012-08-15,344.5
2012-08-16,343.5
2012-08-17,342.5
2012-08-20,339.5
2012-08-21,341.0
2012-08-22,339.5
2012-08-23,335.5
2012-08-24,330.5
2012-08-27,333.5
2012-08-28,333.5
2012-08-29,333.5
2012-08-30,330.0
2012-08-31,330.0
2012-09-03,335.0
2012-09-04,337.0
2012-09-05,330.5
2012-09-06,330.0
2012-09-07,331.5
2012-09-10,331.0
2012-09-11,328.0
2012-09-12,329.0
2012-09-13,327.5
2012-09-14,334.5
2012-09-17,339.5
2012-09-18,339.0
2012-09-19,339.0
2012-09-20,337.0
2012-09-21,338.0
2012-09-24,334.5
2012-09-25,333.0
2012-09-26,330.0
2012-09-27,328.5
2012-09-28,330.0
2012-10-01,329.0
2012-10-02,328.0
2012-10-03,326.5
2012-10-04,321.0
2012-10-05,322.0
2012-10-08,319.5
2012-10-09,317.0
2012-10-10,314.5
2012-10-11,314.5
2012-10-12,316.5
2012-10-15,313.5
2012-10-16,312.5
2012-10-17,313.0
2012-10-18,316.5
2012-10-19,319.5
2012-10-22,318.5
2012-10-24,316.5
2012-10-25,313.5
2012-10-26,312.5
2012-10-29,314.0
2012-10-30,316.5
2012-10-31,317.5
2012-11-01,317.5
2012-11-02,319.5
2012-11-05,320.5
2012-11-06,320.0
2012-11-07,320.0
2012-11-08,316.5
2012-11-09,317.0
2012-11-12,316.5
2012-11-13,317.5
2012-11-14,316.5
2012-11-15,314.5
2012-11-16,314.0
2012-11-19,313.5
2012-11-20,311.5
2012-11-21,310.5
2012-11-22,310.0
2012-11-23,310.5
2012-11-26,312.5
2012-11-27,314.0
2012-11-28,315.0
2012-11-29,317.5
2012-11-30,319.5
2012-12-03,323.0
2012-12-04,326.5
2012-12-06,327.0
2012-12-07,327.5
2012-12-11,327.0
2012-12-12,330.5
2012-12-13,330.5
2012-12-14,331.0
2012-12-17,331.5
2012-12-18,331.5
2012-12-19,333.0
2012-12-20,332.5
2012-12-21,331.5
2012-12-24,331.5
2012-12-25,332.0
2012-12-26,332.0
2012-12-27,333.5
2012-12-28,334.0
2013-01-02,334.5
2013-01-03,337.0
2013-01-04,335.5
2013-01-07,335.5
2013-01-08,332.0
2013-01-09,331.0
2013-01-10,330.5
2013-01-11,327.0
2013-01-14,330.5
2013-01-15,335.5
2013-01-16,335.5
2013-01-17,337.0
2013-01-18,336.5
2013-01-21,336.5
2013-01-22,335.5
2013-01-23,336.5
2013-01-24,335.5
2013-01-25,333.0
2013-01-28,332.5
2013-01-29,333.5
2013-01-30,342.0
2013-01-31,344.0
2013-02-01,350.0
2013-02-04,361.0
2013-02-05,362.5
2013-02-06,363.0
2013-02-07,356.0
2013-02-08,351.5
2013-02-11,349.0
2013-02-12,348.5
2013-02-13,355.5
2013-02-14,362.0
2013-02-15,358.5
2013-02-18,353.5
2013-02-19,355.0
2013-02-20,358.5
2013-02-21,350.0
2013-02-22,348.5
2013-02-26,346.5
2013-02-27,343.0
2013-02-28,347.0
2013-03-01,347.0
2013-03-04,344.5
2013-03-05,346.0
2013-03-06,340.0
2013-03-07,339.0
2013-03-08,337.5
2013-03-11,339.5
2013-03-12,343.0
2013-03-13,342.5
2013-03-14,338.0
2013-03-15,339.5
2013-03-18,338.5
2013-03-19,338.5
2013-03-20,335.5
2013-03-21,335.0
2013-03-22,327.0
2013-03-25,326.0
2013-03-26,326.5
2013-03-27,327.5
2013-03-28,325.5
2013-03-29,325.5
2013-04-01,323.5
2013-04-02,323.5
2013-04-03,325.0
2013-04-04,319.0
2013-04-05,316.0
2013-04-09,313.0
2013-04-10,312.5
2013-04-11,315.5
2013-04-12,315.0
2013-04-17,312.0
2013-04-18,311.0
2013-04-19,316.0
2013-04-22,315.0
2013-04-23,311.5
2013-04-24,314.5
2013-04-25,316.0
2013-04-26,319.0
2013-04-29,317.0
2013-04-30,323.0
2013-05-02,326.5
2013-05-03,327.5
2013-05-07,328.0
2013-05-08,332.0
2013-05-09,336.5
2013-05-10,339.5
2013-05-13,337.0
2013-05-14,335.0
2013-05-15,337.5
2013-05-16,338.5
2013-05-17,336.0
2013-05-20,340.0
2013-05-21,345.5
2013-05-22,346.5
2013-05-23,345.0
2013-05-27,344.5
2013-05-28,345.5
2013-05-29,346.0
2013-05-30,338.0
2013-05-31,332.5
2013-06-03,323.5
2013-06-04,326.5
2013-06-05,324.0
2013-06-06,323.5
2013-06-07,329.5
2013-06-10,336.5
2013-06-11,330.0
2013-06-12,319.0
2013-06-13,312.0
2013-06-14,320.5
2013-06-17,327.0
2013-06-18,324.5
2013-06-19,328.0
2013-06-20,328.5
2013-06-21,334.0
2013-06-24,330.5
2013-06-25,330.0
2013-06-26,335.0
2013-06-27,340.0
2013-06-28,338.5
2013-07-02,336.0
2013-07-03,336.5
2013-07-04,341.0
2013-07-05,345.5
2013-07-08,346.0
2013-07-09,345.0
2013-07-10,343.5
2013-07-11,349.0
2013-07-12,348.5
2013-07-15,342.0
2013-07-16,338.5
2013-07-17,339.5
2013-07-18,339.5
2013-07-19,343.0
2013-07-23,343.5
2013-07-24,345.0
2013-07-25,337.0
2013-07-26,336.5
2013-07-29,336.0
2013-07-30,333.5
2013-07-31,329.5
2013-08-01,332.0
2013-08-02,332.0
2013-08-05,332.0
2013-08-06,334.0
2013-08-07,330.0
2013-08-08,330.0
2013-08-09,329.5
2013-08-13,330.0
2013-08-14,330.5
2013-08-15,329.5
2013-08-16,325.5
2013-08-19,319.5
2013-08-20,316.0
2013-08-21,312.0
2013-08-22,316.5
2013-08-23,323.0
2013-08-26,321.5
2013-08-27,319.0
2013-08-28,319.5
2013-08-29,324.5
2013-08-30,328.5
2013-09-02,326.5
2013-09-03,325.5
2013-09-04,325.5
2013-09-05,328.5
2013-09-06,332.0
2013-09-09,339.0
2013-09-10,339.5
2013-09-11,338.0
2013-09-12,336.0
2013-09-13,333.5
2013-09-16,340.0
2013-09-17,340.5
2013-09-18,333.5
2013-09-19,335.0
2013-09-20,335.0
2013-09-23,334.0
2013-09-24,331.0
2013-09-25,329.0
2013-09-26,329.5
2013-09-27,327.0
2013-09-30,320.0
2013-10-01,318.0
2013-10-02,319.5
2013-10-03,320.5
2013-10-04,319.0
2013-10-07,319.5
2013-10-08,319.0
2013-10-09,320.0
2013-10-10,320.0
2013-10-11,322.0
2013-10-14,320.0
2013-10-15,319.5
2013-10-16,319.0
2013-10-17,319.0
2013-10-18,319.5
2013-10-21,321.0
2013-10-22,321.0
2013-10-24,321.0
2013-10-25,320.0
2013-10-28,318.0
2013-10-29,316.5
2013-10-30,313.5
2013-10-31,314.0
2013-11-01,314.0
2013-11-04,311.0
2013-11-05,312.0
2013-11-06,312.0
2013-11-07,311.5
2013-11-08,310.5
2013-11-11,310.0
2013-11-12,308.5
2013-11-13,308.0
2013-11-14,308.0
2013-11-15,309.0
2013-11-18,311.0
2013-11-19,309.0
2013-11-20,306.5
2013-11-21,302.5
2013-11-22,299.0
2013-11-25,292.5
2013-11-26,291.0
2013-11-27,293.0
2013-11-28,294.0
2013-11-29,293.5
2013-12-02,298.0
2013-12-03,305.0
2013-12-04,305.5
2013-12-06,304.5
2013-12-09,304.5
2013-12-11,303.5
2013-12-12,299.0
2013-12-13,295.5
2013-12-16,289.5
2013-12-17,286.5
2013-12-18,288.0
2013-12-19,289.0
2013-12-20,291.0
2013-12-23,288.0
2013-12-24,287.0
2013-12-25,288.5
2013-12-26,287.0
2013-12-27,286.0
2014-01-02,280.0
2014-01-03,269.0
2014-01-06,266.5
2014-01-07,273.5
2014-01-08,283.0
2014-01-09,285.0
2014-01-10,285.5
2014-01-13,287.5
2014-01-14,291.0
2014-01-15,288.0
2014-01-16,287.0
2014-01-17,289.0
2014-01-20,287.5
2014-01-21,287.0
2014-01-22,283.5
2014-01-23,286.5
2014-01-24,290.5
2014-01-27,285.5
2014-01-28,280.0
2014-01-29,276.5
2014-01-30,272.0
2014-01-31,274.0
2014-02-03,278.5
2014-02-04,274.5
2014-02-05,272.5
2014-02-06,274.5
2014-02-07,282.5
2014-02-10,287.5
2014-02-11,288.5
2014-02-12,291.5
2014-02-13,291.0
2014-02-17,293.0
2014-02-18,296.5
2014-02-19,295.0
2014-02-20,288.5
2014-02-21,286.5
2014-02-24,288.5
2014-02-25,290.0
2014-02-26,286.0
2014-02-27,287.0
2014-02-28,290.0
2014-03-03,298.0
2014-03-04,301.5
2014-03-05,303.5
2014-03-06,296.5
2014-03-07,294.0
2014-03-10,292.0
2014-03-11,296.0
2014-03-12,296.0
2014-03-13,298.5
2014-03-14,296.0
2014-03-17,294.5
2014-03-18,295.0
2014-03-19,292.5
2014-03-20,290.5
2014-03-21,292.5
2014-03-24,289.5
2014-03-25,291.0
2014-03-26,294.5
2014-03-27,297.5
2014-03-28,299.0
2014-03-31,299.0
2014-04-01,300.5
2014-04-02,305.0
2014-04-03,308.0
2014-04-04,307.0
2014-04-08,304.0
2014-04-09,303.5
2014-04-10,307.0
2014-04-11,306.0
2014-04-16,311.0
2014-04-17,313.0
2014-04-18,311.5
2014-04-21,311.0
2014-04-22,309.0
2014-04-23,308.0
2014-04-24,308.5
2014-04-25,306.5
2014-04-28,306.5
2014-04-29,304.0
2014-04-30,309.5
2014-05-02,311.0
2014-05-06,309.0
2014-05-07,307.5
2014-05-08,307.0
2014-05-09,304.0
2014-05-12,303.0
2014-05-14,302.5
2014-05-15,303.0
2014-05-16,303.0
2014-05-19,306.0
2014-05-20,305.5
2014-05-21,308.5
2014-05-22,310.0
2014-05-23,303.5
2014-05-26,299.5
2014-05-27,296.0
2014-05-28,295.0
2014-05-29,294.5
2014-05-30,293.5
2014-06-02,297.0
2014-06-03,302.0
2014-06-04,301.0
2014-06-05,299.5
2014-06-06,298.0
2014-06-09,297.0
2014-06-10,297.0
2014-06-11,297.0
2014-06-12,296.5
2014-06-13,293.5
2014-06-16,297.0
2014-06-17,299.0
2014-06-18,297.5
2014-06-19,296.5
2014-06-20,298.0
2014-06-23,300.0
2014-06-24,298.0
2014-06-25,298.5
2014-06-26,304.5
2014-06-27,311.0
2014-06-30,316.5
2014-07-02,318.5
2014-07-03,319.5
2014-07-04,319.5
2014-07-07,324.5
2014-07-08,323.5
2014-07-09,321.0
2014-07-10,324.5
2014-07-14,326.0
2014-07-15,325.5
2014-07-16,325.0
2014-07-17,326.5
2014-07-18,330.0
2014-07-21,332.5
2014-07-22,332.5
2014-07-23,332.0
2014-07-24,333.5
2014-07-25,334.0
2014-07-28,331.5
2014-07-29,332.0
2014-07-30,328.5
2014-07-31,321.5
2014-08-01,316.0
2014-08-04,319.0
2014-08-05,326.5
2014-08-06,326.5
2014-08-07,325.5
2014-08-08,322.5
2014-08-13,327.5
2014-08-14,332.0
2014-08-15,333.0
2014-08-18,334.5
2014-08-19,335.0
2014-08-20,334.5
2014-08-21,335.5
2014-08-22,336.5
2014-08-25,335.0
2014-08-26,333.5
2014-08-27,331.5
2014-08-28,325.0
2014-08-29,320.5
2014-09-01,320.5
2014-09-02,319.5
2014-09-03,325.0
2014-09-04,329.5
2014-09-05,331.5
2014-09-08,333.5
2014-09-09,342.0
2014-09-10,349.0
2014-09-11,352.0
2014-09-12,355.5
2014-09-15,350.0
2014-09-16,352.5
2014-09-17,351.5
2014-09-18,350.5
2014-09-19,352.5
2014-09-22,355.5
2014-09-23,358.5
2014-09-24,356.5
2014-09-25,353.0
2014-09-26,355.5
2014-09-29,355.0
2014-09-30,357.5
2014-10-01,363.5
2014-10-02,367.0
2014-10-03,365.0
2014-10-06,367.0
2014-10-07,368.0
2014-10-08,366.5
2014-10-09,373.0
2014-10-10,366.5
2014-10-13,356.5
2014-10-14,354.0
2014-10-15,351.5
2014-10-16,347.0
2014-10-17,350.5
2014-10-20,354.0
2014-10-21,353.5
2014-10-22,353.5
2014-10-24,352.0
2014-10-27,353.0
2014-10-28,355.0
2014-10-29,356.0
2014-10-30,354.5
2014-10-31,361.5
2014-11-03,366.0
2014-11-04,365.5
2014-11-05,368.5
2014-11-06,376.5
2014-11-07,389.0
2014-11-10,384.5
2014-11-11,385.875
2014-11-12,387.25
2014-11-13,388.625
2014-11-14,390.0
2014-11-17,389.25
2014-11-18,388.5
2014-11-19,387.75
2014-11-20,387.0
2014-11-21,385.5
2014-11-24,389.0
2014-11-25,392.5
2014-11-26,392.5
2014-11-27,392.5
2014-11-28,383.5
2014-12-01,371.5
2014-12-02,366.5
2014-12-03,369.5
2014-12-04,371.5
2014-12-08,370.0
2014-12-09,355.0
2014-12-11,339.0
2014-12-12,331.0
2014-12-15,315.5
2014-12-16,304.0
2014-12-17,310.0
2014-12-18,330.5
2014-12-19,333.0
2014-12-22,339.5
2014-12-23,337.5
2014-12-24,338.5
2014-12-25,331.0
2014-12-26,329.5
2014-12-29,329.0
2014-12-30,325.0
2015-01-05,319.5
2015-01-06,316.5
2015-01-07,328.0
2015-01-08,343.0
2015-01-09,340.0
2015-01-12,334.0
2015-01-13,327.5
2015-01-14,324.5
2015-01-15,322.5
2015-01-16,319.5
2015-01-19,329.0
2015-01-20,333.5
2015-01-21,332.0
2015-01-22,338.0
2015-01-23,345.0
2015-01-26,346.0
2015-01-27,348.0
2015-01-28,352.0
2015-01-29,349.5
2015-01-30,350.0
2015-02-02,352.5
2015-02-03,365.0
2015-02-04,378.0
2015-02-05,371.0
2015-02-06,378.5
2015-02-09,369.0
2015-02-10,363.0
2015-02-11,358.5
2015-02-12,357.0
2015-02-13,364.5
2015-02-16,364.5
2015-02-17,358.0
2015-02-18,356.5
2015-02-19,350.0
2015-02-20,346.0
2015-02-23,341.0
2015-02-24,339.5
2015-02-25,340.0
2015-02-26,342.5
2015-02-27,342.0
2015-03-02,346.5
2015-03-03,342.5
2015-03-05,336.0
2015-03-06,329.0
2015-03-09,329.5
2015-03-10,332.5
2015-03-11,331.5
2015-03-12,328.0
2015-03-13,326.0
2015-03-16,319.5
2015-03-17,320.5
2015-03-18,322.5
2015-03-19,328.0
2015-03-20,325.0
2015-03-23,325.5
2015-03-24,328.0
2015-03-25,328.0
2015-03-26,326.0
2015-03-27,325.5
2015-03-30,323.5
2015-03-31,322.0
2015-04-01,323.5
2015-04-02,327.0
2015-04-03,329.0
2015-04-07,335.5
2015-04-08,341.0
2015-04-09,335.5
2015-04-10,333.5
2015-04-16,344.5
2015-04-17,360.0
2015-04-20,355.0
2015-04-21,354.0
2015-04-22,349.0
2015-04-23,346.5
2015-04-24,352.5
2015-04-27,360.5
2015-04-28,363.5
2015-04-29,355.0
2015-04-30,354.5
2015-05-04,356.0
2015-05-06,359.0
2015-05-07,360.5
2015-05-08,359.0
2015-05-11,357.0
2015-05-12,349.5
2015-05-13,351.0
2015-05-14,353.5
2015-05-15,355.5
2015-05-18,359.0
2015-05-19,364.0
2015-05-20,362.5
2015-05-21,364.0
2015-05-22,363.5
2015-05-25,361.5
2015-05-26,361.5
2015-05-27,355.5
2015-05-28,353.5
2015-05-29,350.0
2015-06-02,344.5
2015-06-03,341.5
2015-06-04,338.5
2015-06-05,341.0
2015-06-08,344.0
2015-06-09,339.5
2015-06-10,342.0
2015-06-11,346.5
2015-06-12,340.5
2015-06-15,339.0
2015-06-16,343.5
2015-06-17,352.0
2015-06-18,355.5
2015-06-19,356.0
2015-06-22,356.0
2015-06-23,358.5
2015-06-24,360.0
2015-06-25,365.0
2015-06-26,364.0
2015-06-29,361.0
2015-06-30,360.5
2015-07-02,357.5
2015-07-03,355.0
2015-07-06,349.0
2015-07-07,347.5
2015-07-08,343.0
2015-07-09,339.0
2015-07-10,341.5
2015-07-13,338.0
2015-07-14,338.5
2015-07-15,338.5
2015-07-16,339.0
2015-07-17,336.0
2015-07-20,332.0
2015-07-21,326.0
2015-07-22,317.5
2015-07-23,315.5
2015-07-24,317.5
2015-07-27,314.5
2015-07-28,315.5
2015-07-29,316.5
2015-07-31,321.5
2015-08-03,326.0
2015-08-04,321.0
2015-08-05,319.5
2015-08-06,317.5
2015-08-07,315.5
2015-08-10,313.0
2015-08-11,312.0
2015-08-13,304.0
2015-08-14,300.0
2015-08-17,298.5
2015-08-18,286.0
2015-08-19,277.5
2015-08-20,264.0
2015-08-21,260.5
2015-08-24,246.0
2015-08-25,251.0
2015-08-26,248.5
2015-08-27,257.0
2015-08-28,270.0
2015-08-31,269.5
2015-09-01,267.5
2015-09-02,264.0
2015-09-03,265.5
2015-09-04,261.5
2015-09-07,259.5
2015-09-08,260.0
2015-09-09,263.5
2015-09-10,256.0
2015-09-11,254.0
2015-09-14,247.0
2015-09-15,246.5
2015-09-16,250.0
2015-09-17,254.5
2015-09-18,254.5
2015-09-21,253.0
2015-09-22,253.0
2015-09-23,251.0
2015-09-24,248.0
2015-09-25,248.5
2015-09-28,246.5
2015-09-29,242.0
2015-09-30,241.5
2015-10-01,242.0
2015-10-02,243.5
2015-10-05,250.0
2015-10-06,254.0
2015-10-07,264.0
2015-10-08,267.0
2015-10-09,272.0
2015-10-12,272.0
2015-10-13,265.5
2015-10-14,263.0
2015-10-15,264.5
2015-10-16,266.0
2015-10-19,267.0
2015-10-20,268.0
2015-10-21,270.0
2015-10-22,269.0
2015-10-26,275.0
2015-10-27,282.0
2015-10-28,283.5
2015-10-29,284.0
2015-10-30,279.0
2015-11-02,281.0
2015-11-03,287.5
2015-11-04,295.5
2015-11-05,295.0
2015-11-06,294.0
2015-11-09,289.5
2015-11-10,281.0
2015-11-11,277.5
2015-11-12,280.0
2015-11-13,277.0
2015-11-16,272.5
2015-11-17,274.5
2015-11-18,266.5
2015-11-19,267.5
2015-11-20,272.0
2015-11-23,273.0
2015-11-24,270.5
2015-11-25,270.5
2015-11-26,270.0
2015-11-27,266.0
2015-11-30,260.5
2015-12-01,255.0
2015-12-02,252.5
2015-12-03,252.5
2015-12-04,253.0
2015-12-08,246.5
2015-12-09,237.5
2015-12-11,226.0
2015-12-14,217.5
2015-12-15,231.5
2015-12-16,238.5
2015-12-17,239.5
2015-12-18,231.5
2015-12-21,229.0
2015-12-22,236.5
2015-12-23,245.0
2015-12-24,251.5
2015-12-25,249.5
2015-12-28,247.5
2015-12-29,239.5
2015-12-30,241.5
2016-01-04,241.5
2016-01-05,233.0
2016-01-06,226.5
2016-01-07,212.0
2016-01-08,214.0
2016-01-11,211.0
2016-01-12,210.0
2016-01-13,222.5
2016-01-14,220.0
2016-01-15,212.0
2016-01-18,198.5
2016-01-19,206.0
2016-01-20,201.0
2016-01-21,205.5
2016-01-22,215.0
2016-01-25,222.5
2016-01-26,218.5
2016-01-27,223.0
2016-01-28,230.5
2016-01-29,236.0
2016-02-01,237.5
2016-02-02,234.5
2016-02-03,230.0
2016-02-04,239.0
2016-02-05,241.0
2016-02-08,240.0
2016-02-09,239.0
2016-02-10,236.5
2016-02-11,230.5
2016-02-12,230.0
2016-02-15,234.5
2016-02-16,238.5
2016-02-17,239.5
2016-02-18,249.0
2016-02-19,252.5
2016-02-23,260.0
2016-02-24,258.0
2016-02-25,261.5
2016-02-26,264.0
2016-02-29,261.5
2016-03-01,265.5
2016-03-02,272.5
2016-03-03,272.5
2016-03-04,276.5
2016-03-07,282.5
2016-03-08,285.0
2016-03-09,278.5
2016-03-10,279.0
2016-03-11,280.0
2016-03-14,280.0
2016-03-15,271.0
2016-03-16,271.5
2016-03-17,278.0
2016-03-18,282.0
2016-03-21,284.5
2016-03-22,287.5
2016-03-23,289.0
2016-03-24,285.5
2016-03-25,284.0
2016-03-28,283.5
2016-03-29,285.0
2016-03-30,286.5
2016-03-31,282.5
2016-04-01,278.0
2016-04-04,279.0
2016-04-05,275.0
2016-04-07,273.5
2016-04-08,276.5
2016-04-11,284.0
2016-04-12,286.5
2016-04-18,287.0
2016-04-19,294.0
2016-04-20,300.5
2016-04-21,311.5
2016-04-22,312.0
2016-04-25,305.5
2016-04-26,302.0
2016-04-27,304.0
2016-04-28,304.5
2016-04-29,304.0
2016-05-03,300.5
2016-05-04,293.5
2016-05-09,296.0
2016-05-10,293.5
2016-05-11,294.5
2016-05-12,299.5
2016-05-13,303.0
2016-05-16,306.5
2016-05-17,311.0
2016-05-18,313.0
2016-05-19,306.0
2016-05-23,301.0
2016-05-24,296.5
2016-05-25,300.5
2016-05-26,303.5
2016-05-27,305.0
2016-05-30,310.0
2016-05-31,306.0
2016-06-01,300.0
2016-06-02,303.0
2016-06-03,307.5
2016-06-06,308.0
2016-06-07,309.0
2016-06-08,314.0
2016-06-09,319.5
2016-06-10,317.5
2016-06-13,313.5
2016-06-14,315.5
2016-06-15,317.5
2016-06-16,314.5
2016-06-17,315.5
2016-06-20,319.0
2016-06-21,318.0
2016-06-22,319.5
2016-06-23,322.0
2016-06-24,312.5
2016-06-27,308.5
2016-06-28,311.0
2016-06-29,313.0
2016-06-30,313.5
2016-07-04,313.5
2016-07-05,313.0
2016-07-06,310.0
2016-07-07,313.5
2016-07-08,312.0
2016-07-11,311.0
2016-07-12,312.0
2016-07-13,314.5
2016-07-14,319.5
2016-07-15,326.0
2016-07-20,333.0
2016-07-21,336.0
2016-07-22,337.5
2016-07-25,339.0
2016-07-26,333.5
2016-07-27,331.0
2016-07-28,331.0
2016-07-29,332.0
2016-08-01,329.5
2016-08-02,321.0
2016-08-03,320.5
2016-08-04,329.0
2016-08-05,335.0
2016-08-08,338.5
2016-08-09,338.0
2016-08-10,337.5
2016-08-11,337.0
2016-08-15,341.0
2016-08-16,344.5
2016-08-17,343.0
2016-08-18,345.5
2016-08-19,349.0
2016-08-22,348.5
2016-08-23,344.5
2016-08-24,346.5
2016-08-25,347.5
2016-08-26,349.0
2016-08-29,352.0
2016-08-30,353.5
2016-08-31,348.5
2016-09-01,346.5
2016-09-02,340.5
2016-09-05,335.5
2016-09-06,333.5
2016-09-07,334.0
2016-09-08,334.5
2016-09-09,330.0
2016-09-12,315.0
2016-09-13,319.5
2016-09-14,321.0
2016-09-15,319.0
2016-09-16,324.0
2016-09-19,328.0
2016-09-20,326.0
2016-09-21,331.0
2016-09-22,336.5
2016-09-23,335.0
2016-09-26,330.0
2016-09-27,331.5
2016-09-28,329.5
2016-09-29,340.0
2016-09-30,340.5
2016-10-03,345.0
2016-10-04,347.0
2016-10-05,348.0
2016-10-06,348.0
2016-10-07,347.0
2016-10-10,335.0
2016-10-11,338.5
2016-10-12,337.0
2016-10-13,336.0
2016-10-14,350.5
2016-10-17,353.0
2016-10-18,353.5
2016-10-19,354.0
2016-10-20,358.5
2016-10-21,354.0
2016-10-25,353.0
2016-10-26,350.0
2016-10-27,349.0
2016-10-28,349.5
2016-10-31,346.0
2016-11-01,346.0
2016-11-02,343.0
2016-11-03,340.0
2016-11-04,338.0
2016-11-07,343.5
2016-11-08,347.5
2016-11-09,344.5
2016-11-10,344.0
2016-11-11,337.0
2016-11-14,326.5
2016-11-15,333.0
2016-11-16,340.0
2016-11-17,339.5
2016-11-18,341.5
2016-11-21,343.0
2016-11-22,345.0
2016-11-23,348.0
2016-11-24,349.5
2016-11-25,349.0
2016-11-28,346.0
2016-11-29,344.5
2016-11-30,345.5
2016-12-01,359.5
2016-12-02,361.5
2016-12-06,361.5
2016-12-07,365.5
2016-12-08,364.0
2016-12-09,368.5
2016-12-13,368.5
2016-12-14,366.5
2016-12-15,362.0
2016-12-16,363.0
2016-12-19,365.5
2016-12-20,363.0
2016-12-21,363.5
2016-12-22,363.0
2016-12-23,364.0
2016-12-26,365.5
2016-12-27,365.0
2016-12-28,367.0
2016-12-29,371.0
2016-12-30,373.0
2017-01-04,376.0
2017-01-05,384.5
2017-01-06,388.0
2017-01-09,386.0
2017-01-10,385.5
2017-01-11,385.0
2017-01-12,386.0
2017-01-16,387.0
2017-01-17,387.5
2017-01-18,386.0
2017-01-19,385.0
2017-01-20,386.5
2017-01-23,388.0
2017-01-24,398.5
2017-01-25,409.0
2017-01-26,420.0
2017-01-27,419.0
2017-01-30,417.0
2017-01-31,410.0
2017-02-01,404.0
2017-02-02,403.0
2017-02-03,407.0
2017-02-06,413.0
2017-02-07,411.0
2017-02-08,409.0
2017-02-09,402.0
2017-02-10,397.0
2017-02-14,391.0
2017-02-15,392.0
2017-02-16,395.5
2017-02-17,395.5
2017-02-20,397.0
2017-02-21,397.5
2017-02-22,400.5
2017-02-23,399.0
2017-02-24,398.0
2017-02-27,398.5
2017-02-28,398.5
2017-03-01,398.5
2017-03-02,399.0
2017-03-03,395.5
2017-03-06,391.5
2017-03-07,388.5
2017-03-08,391.5
2017-03-09,390.5
2017-03-10,390.0
2017-03-13,392.0
2017-03-14,395.5
2017-03-15,396.0
2017-03-16,398.5
2017-03-17,397.0
2017-03-20,401.0
2017-03-21,405.0
2017-03-22,405.0
2017-03-23,405.0
2017-03-24,406.0
2017-03-27,406.0
2017-03-28,404.0
2017-03-29,395.5
2017-03-30,395.0
2017-03-31,392.0
2017-04-03,391.0
2017-04-04,391.5
2017-04-05,391.5
2017-04-07,391.0
2017-04-10,394.0
2017-04-11,395.0
2017-04-12,396.0
2017-04-17,395.0
2017-04-18,393.0
2017-04-19,392.5
2017-04-20,393.0
2017-04-21,391.5
2017-04-24,391.0
2017-04-25,389.5
2017-04-26,389.5
2017-04-27,387.5
2017-04-28,390.0
2017-05-02,389.0
2017-05-03,388.5
2017-05-04,390.0
2017-05-08,389.0
2017-05-09,388.5
2017-05-11,386.5
2017-05-12,384.5
2017-05-15,386.0
2017-05-16,391.5
2017-05-17,390.5
2017-05-18,392.0
2017-05-19,392.5
2017-05-22,393.5
2017-05-23,393.5
2017-05-24,394.0
2017-05-25,395.0
2017-05-26,392.5
2017-05-29,393.5
2017-05-30,393.0
2017-05-31,393.0
2017-06-01,391.0
2017-06-02,390.5
2017-06-05,387.5
2017-06-06,385.0
2017-06-07,385.5
2017-06-08,383.0
2017-06-09,383.0
2017-06-12,382.5
2017-06-13,383.5
2017-06-14,384.5
2017-06-15,381.5
2017-06-16,379.5
2017-06-19,380.0
2017-06-20,382.5
2017-06-21,379.5
2017-06-22,377.5
2017-06-23,379.0
2017-06-26,379.5
2017-06-27,380.0
2017-06-28,378.5
2017-06-29,376.5
2017-06-30,372.5
2017-07-03,372.5
2017-07-04,374.5
2017-07-05,373.5
2017-07-06,370.5
2017-07-07,370.5
2017-07-11,373.5
2017-07-12,373.0
2017-07-13,374.5
2017-07-14,375.0
2017-07-17,376.0
2017-07-18,378.0
2017-07-19,380.0
2017-07-20,380.0
2017-07-21,378.0
2017-07-24,378.0
2017-07-25,382.0
2017-07-26,387.0
2017-07-27,388.5
2017-07-31,388.0
2017-08-01,386.5
2017-08-02,383.0
2017-08-03,380.5
2017-08-04,380.5
2017-08-07,381.5
2017-08-08,382.5
2017-08-09,383.0
2017-08-10,383.0
2017-08-11,381.0
2017-08-15,382.5
2017-08-16,383.5
2017-08-17,385.0
2017-08-18,387.0
2017-08-21,391.5
2017-08-22,392.5
2017-08-23,393.5
2017-08-24,393.5
2017-08-25,393.5
2017-08-28,394.0
2017-08-29,397.0
2017-08-30,403.0
2017-08-31,397.0
2017-09-01,401.0
2017-09-04,398.5
2017-09-05,400.0
2017-09-06,400.0
2017-09-07,403.0
2017-09-08,406.0
2017-09-11,405.0
2017-09-12,406.0
2017-09-13,406.0
2017-09-14,408.0
2017-09-15,411.0
2017-09-18,415.0
2017-09-19,419.0
2017-09-20,418.0
2017-09-21,416.0
2017-09-22,410.0
2017-09-25,410.0
2017-09-26,417.0
2017-09-27,418.0
2017-09-28,416.0
2017-09-29,410.0
2017-10-02,413.0
2017-10-03,421.0
2017-10-04,423.0
2017-10-05,420.0
2017-10-06,420.0
2017-10-09,419.0
2017-10-10,424.0
2017-10-11,432.0
2017-10-12,428.0
2017-10-16,429.0
2017-10-17,428.0
2017-10-18,425.0
2017-10-19,419.0
2017-10-20,413.0
2017-10-24,410.0
2017-10-25,411.0
2017-10-27,413.0
2017-10-30,420.0
2017-10-31,420.0
2017-11-01,422.0
2017-11-02,417.0
2017-11-03,417.0
2017-11-06,420.0
2017-11-07,424.0
2017-11-08,422.0
2017-11-09,417.0
2017-11-10,415.0
2017-11-13,414.0
2017-11-14,415.0
2017-11-15,414.0
2017-11-16,411.0
2017-11-17,415.0
2017-11-20,418.0
2017-11-21,414.0
2017-11-22,414.0
2017-11-23,414.0
2017-11-24,413.0
2017-11-27,414.0
2017-11-28,414.0
2017-11-29,412.0
2017-11-30,412.0
2017-12-01,418.0
2017-12-04,421.0
2017-12-06,421.0
2017-12-07,421.0
2017-12-08,420.0
2017-12-12,425.0
2017-12-13,427.0
2017-12-14,429.0
2017-12-15,430.0
2017-12-18,434.0
2017-12-19,437.0
2017-12-20,439.0
2017-12-21,439.0
2017-12-22,443.0
2017-12-25,448.0
2017-12-26,443.0
2017-12-27,442.0
2017-12-28,439.0
2017-12-29,441.0
