Date,PTTEP
2007-01-03,90.65
2007-01-04,92.1
2007-01-05,90.6
2007-01-08,89.95
2007-01-09,89.9
2007-01-10,87.45
2007-01-11,89.65
2007-01-12,91.6
2007-01-15,92.1
2007-01-16,92.6
2007-01-17,91.1
2007-01-18,91.35
2007-01-19,91.35
2007-01-22,91.1
2007-01-23,89.45
2007-01-24,91.35
2007-01-25,92.35
2007-01-26,91.6
2007-01-29,91.35
2007-01-30,90.6
2007-01-31,91.85
2007-02-01,91.85
2007-02-02,92.6
2007-02-05,94.5
2007-02-06,94.3
2007-02-07,94.05
2007-02-08,95.05
2007-02-09,96.5
2007-02-12,95.75
2007-02-13,95.5
2007-02-14,96.0
2007-02-15,95.5
2007-02-16,94.05
2007-02-19,92.85
2007-02-20,93.1
2007-02-21,93.35
2007-02-22,93.6
2007-02-23,94.3
2007-02-26,95.0
2007-02-27,95.25
2007-02-28,94.3
2007-03-01,94.75
2007-03-02,94.3
2007-03-06,92.85
2007-03-07,91.6
2007-03-08,91.1
2007-03-09,91.1
2007-03-12,90.6
2007-03-13,90.4
2007-03-14,89.2
2007-03-15,88.7
2007-03-16,87.95
2007-03-19,87.2
2007-03-20,86.25
2007-03-21,84.55
2007-03-22,85.3
2007-03-23,86.3
2007-03-26,86.25
2007-03-27,86.5
2007-03-28,85.55
2007-03-29,85.05
2007-03-30,87.0
2007-04-02,88.95
2007-04-03,90.9
2007-04-04,91.1
2007-04-05,90.15
2007-04-09,89.45
2007-04-10,88.7
2007-04-11,89.2
2007-04-12,89.7
2007-04-17,89.2
2007-04-18,88.45
2007-04-19,87.45
2007-04-20,87.2
2007-04-23,87.7
2007-04-24,87.45
2007-04-25,87.95
2007-04-26,89.2
2007-04-27,89.9
2007-04-30,91.1
2007-05-02,91.6
2007-05-03,91.35
2007-05-04,91.85
2007-05-08,90.4
2007-05-09,90.15
2007-05-10,89.2
2007-05-11,89.2
2007-05-14,89.7
2007-05-15,89.7
2007-05-16,92.1
2007-05-17,96.0
2007-05-18,97.5
2007-05-21,98.4
2007-05-22,98.9
2007-05-23,98.9
2007-05-24,97.45
2007-05-25,96.25
2007-05-28,99.9
2007-05-29,100.4
2007-05-30,100.4
2007-06-01,102.8
2007-06-04,105.25
2007-06-05,104.25
2007-06-06,102.35
2007-06-07,102.3
2007-06-08,101.85
2007-06-11,102.8
2007-06-12,102.8
2007-06-13,100.85
2007-06-14,100.4
2007-06-15,101.35
2007-06-18,106.25
2007-06-19,107.7
2007-06-20,108.2
2007-06-21,107.7
2007-06-22,106.7
2007-06-25,105.3
2007-06-26,106.2
2007-06-27,106.7
2007-06-28,106.7
2007-06-29,106.25
2007-07-02,106.7
2007-07-03,110.65
2007-07-04,114.5
2007-07-05,114.55
2007-07-06,115.0
2007-07-09,119.85
2007-07-10,122.8
2007-07-11,120.85
2007-07-12,120.4
2007-07-13,122.3
2007-07-16,123.3
2007-07-17,122.8
2007-07-18,120.85
2007-07-19,119.4
2007-07-20,118.45
2007-07-23,119.4
2007-07-24,123.3
2007-07-25,125.25
2007-07-26,132.55
2007-07-27,127.2
2007-07-31,126.25
2007-08-01,121.85
2007-08-02,118.95
2007-08-03,119.4
2007-08-06,114.05
2007-08-07,113.55
2007-08-08,116.45
2007-08-09,116.95
2007-08-10,112.05
2007-08-14,111.6
2007-08-15,107.7
2007-08-16,104.25
2007-08-17,106.2
2007-08-20,111.1
2007-08-21,107.69999999999999
2007-08-22,106.25
2007-08-23,109.65
2007-08-24,109.65
2007-08-27,111.6
2007-08-28,112.1
2007-08-29,112.05
2007-08-30,115.5
2007-08-31,117.45
2007-09-03,119.85
2007-09-04,119.4
2007-09-05,120.4
2007-09-06,119.9
2007-09-07,119.4
2007-09-10,116.95
2007-09-11,120.85
2007-09-12,122.8
2007-09-13,123.3
2007-09-14,124.3
2007-09-17,123.3
2007-09-18,121.8
2007-09-19,127.19999999999999
2007-09-20,129.6
2007-09-21,131.1
2007-09-24,132.1
2007-09-25,133.05
2007-09-26,133.5
2007-09-27,132.1
2007-09-28,133.05
2007-10-01,131.6
2007-10-02,132.1
2007-10-03,131.6
2007-10-04,130.6
2007-10-05,130.6
2007-10-08,132.55
2007-10-09,135.0
2007-10-10,137.9
2007-10-11,143.8
2007-10-12,151.55
2007-10-15,158.4
2007-10-16,166.14999999999998
2007-10-17,159.35000000000002
2007-10-18,155.95
2007-10-19,158.4
2007-10-22,153.5
2007-10-24,154.45
2007-10-25,159.35
2007-10-26,165.2
2007-10-29,167.14999999999998
2007-10-30,160.3
2007-10-31,154.95
2007-11-01,159.85000000000002
2007-11-02,154.5
2007-11-05,151.1
2007-11-06,148.64999999999998
2007-11-07,149.6
2007-11-08,144.2
2007-11-09,144.7
2007-11-12,141.8
2007-11-13,141.8
2007-11-14,141.35000000000002
2007-11-15,138.4
2007-11-16,136.5
2007-11-19,135.0
2007-11-20,130.64999999999998
2007-11-21,130.1
2007-11-22,133.55
2007-11-23,140.35000000000002
2007-11-26,146.2
2007-11-27,142.3
2007-11-28,139.85000000000002
2007-11-29,144.7
2007-11-30,147.64999999999998
2007-12-03,147.14999999999998
2007-12-04,148.64999999999998
2007-12-06,154.0
2007-12-07,154.0
2007-12-11,151.55
2007-12-12,151.55
2007-12-13,153.0
2007-12-14,153.5
2007-12-17,149.1
2007-12-18,144.2
2007-12-19,142.3
2007-12-20,136.45
2007-12-21,139.85
2007-12-24,144.725
2007-12-25,149.6
2007-12-26,153.0
2007-12-27,155.45
2007-12-28,157.4
2008-01-02,153.5
2008-01-03,153.05
2008-01-04,153.05
2008-01-07,148.1
2008-01-08,149.1
2008-01-09,150.6
2008-01-10,150.55
2008-01-11,148.14999999999998
2008-01-14,147.14999999999998
2008-01-15,148.64999999999998
2008-01-16,147.14999999999998
2008-01-17,150.05
2008-01-18,148.6
2008-01-21,144.75
2008-01-22,133.55
2008-01-23,135.45
2008-01-24,130.6
2008-01-25,133.05
2008-01-28,132.55
2008-01-29,135.0
2008-01-30,137.45
2008-01-31,141.35000000000002
2008-02-01,147.64999999999998
2008-02-04,147.64999999999998
2008-02-05,143.75
2008-02-06,140.85000000000002
2008-02-07,138.9
2008-02-08,139.4
2008-02-11,141.8
2008-02-12,143.75
2008-02-13,146.2
2008-02-14,149.6
2008-02-15,148.64999999999998
2008-02-18,148.64999999999998
2008-02-19,151.05
2008-02-20,154.95
2008-02-22,150.6
2008-02-25,153.0
2008-02-26,153.95
2008-02-27,152.05
2008-02-28,153.5
2008-02-29,156.4
2008-03-03,155.45
2008-03-04,151.55
2008-03-05,148.1
2008-03-06,149.1
2008-03-07,148.14999999999998
2008-03-10,146.7
2008-03-11,151.05
2008-03-12,156.9
2008-03-13,153.95
2008-03-14,154.0
2008-03-17,152.55
2008-03-18,152.05
2008-03-19,152.05
2008-03-20,147.2
2008-03-21,146.7
2008-03-24,147.2
2008-03-25,149.1
2008-03-26,149.6
2008-03-27,149.6
2008-03-28,149.6
2008-03-31,148.14999999999998
2008-04-01,148.6
2008-04-02,149.6
2008-04-03,148.14999999999998
2008-04-04,147.64999999999998
2008-04-08,149.6
2008-04-09,151.55
2008-04-10,150.55
2008-04-11,151.05
2008-04-16,154.95
2008-04-17,160.35000000000002
2008-04-18,161.8
2008-04-21,161.75
2008-04-22,163.75
2008-04-23,166.14999999999998
2008-04-24,164.25
2008-04-25,162.8
2008-04-28,166.14999999999998
2008-04-29,167.14999999999998
2008-04-30,162.3
2008-05-02,163.75
2008-05-06,168.6
2008-05-07,172.55
2008-05-08,179.35000000000002
2008-05-09,180.3
2008-05-12,183.25
2008-05-13,181.3
2008-05-14,181.75
2008-05-15,182.75
2008-05-16,184.7
2008-05-20,193.0
2008-05-21,197.85
2008-05-22,205.64999999999998
2008-05-23,198.8
2008-05-26,191.05
2008-05-27,189.1
2008-05-28,182.25
2008-05-29,182.75
2008-05-30,181.8
2008-06-02,176.9
2008-06-03,174.95
2008-06-04,172.05
2008-06-05,172.0
2008-06-06,177.85000000000002
2008-06-09,180.8
2008-06-10,176.45
2008-06-11,175.45
2008-06-12,176.9
2008-06-13,177.9
2008-06-16,175.95
2008-06-17,170.55
2008-06-18,165.7
2008-06-19,164.7
2008-06-20,167.15
2008-06-23,173.0
2008-06-24,178.85000000000002
2008-06-25,181.75
2008-06-26,180.35000000000002
2008-06-27,180.8
2008-06-30,187.14999999999998
2008-07-02,187.14999999999998
2008-07-03,180.3
2008-07-04,177.9
2008-07-07,173.5
2008-07-08,165.7
2008-07-09,162.75
2008-07-10,158.4
2008-07-11,160.8
2008-07-14,162.3
2008-07-15,157.4
2008-07-16,150.1
2008-07-18,143.3
2008-07-21,142.8
2008-07-22,143.3
2008-07-23,143.75
2008-07-24,139.85000000000002
2008-07-25,142.8
2008-07-28,150.05
2008-07-29,148.6
2008-07-30,145.2
2008-07-31,145.2
2008-08-01,144.7
2008-08-04,146.2
2008-08-05,141.3
2008-08-06,140.85000000000002
2008-08-07,146.65
2008-08-08,147.14999999999998
2008-08-11,147.64999999999998
2008-08-13,139.4
2008-08-14,142.75
2008-08-15,143.25
2008-08-18,142.3
2008-08-19,141.35000000000002
2008-08-20,144.2
2008-08-21,143.75
2008-08-22,145.7
2008-08-25,142.8
2008-08-26,139.4
2008-08-27,142.3
2008-08-28,144.7
2008-08-29,145.7
2008-09-01,143.25
2008-09-02,137.45
2008-09-03,132.55
2008-09-04,130.14999999999998
2008-09-05,128.7
2008-09-08,133.55
2008-09-09,134.0
2008-09-10,132.6
2008-09-11,131.1
2008-09-12,132.05
2008-09-15,131.6
2008-09-16,125.7
2008-09-17,122.80000000000001
2008-09-18,118.9
2008-09-19,129.65
2008-09-22,132.55
2008-09-23,133.05
2008-09-24,133.5
2008-09-25,133.05
2008-09-26,132.1
2008-09-29,129.15
2008-09-30,120.85
2008-10-01,124.25
2008-10-02,123.8
2008-10-03,120.9
2008-10-06,112.1
2008-10-07,102.8
2008-10-08,98.95
2008-10-09,102.85
2008-10-10,93.85
2008-10-13,97.95
2008-10-14,107.7
2008-10-15,103.3
2008-10-16,98.95
2008-10-17,96.7
2008-10-20,97.95
2008-10-21,100.9
2008-10-22,96.95
2008-10-24,90.65
2008-10-27,79.19999999999999
2008-10-28,77.2
2008-10-29,77.75
2008-10-30,80.65
2008-10-31,82.35
2008-11-03,92.6
2008-11-04,95.05
2008-11-05,100.4
2008-11-06,96.0
2008-11-07,97.95
2008-11-10,99.4
2008-11-11,95.05
2008-11-12,92.85
2008-11-13,91.15
2008-11-14,94.8
2008-11-17,93.35
2008-11-18,90.9
2008-11-19,87.0
2008-11-20,82.4
2008-11-21,81.4
2008-11-24,79.45
2008-11-25,80.4
2008-11-26,80.65
2008-11-27,81.6
2008-11-28,87.69999999999999
2008-12-01,90.65
2008-12-02,88.45
2008-12-03,95.0
2008-12-04,96.0
2008-12-08,100.4
2008-12-09,102.35
2008-12-11,102.35
2008-12-12,101.85
2008-12-15,105.75
2008-12-16,106.25
2008-12-17,107.7
2008-12-18,105.3
2008-12-19,102.35
2008-12-22,99.45
2008-12-23,98.45
2008-12-24,99.4
2008-12-25,99.9
2008-12-26,99.9
2008-12-29,99.9
2008-12-30,103.3
2009-01-02,104.3
2009-01-05,114.05000000000001
2009-01-06,119.4
2009-01-07,116.0
2009-01-08,111.1
2009-01-09,110.6
2009-01-12,106.75
2009-01-13,99.9
2009-01-14,100.9
2009-01-15,97.0
2009-01-16,98.95
2009-01-19,101.35
2009-01-20,98.4
2009-01-21,97.25
2009-01-22,98.9
2009-01-23,97.7
2009-01-26,97.95
2009-01-27,98.4
2009-01-28,97.95
2009-01-29,96.95
2009-01-30,95.5
2009-02-02,95.5
2009-02-03,94.5
2009-02-04,95.0
2009-02-05,94.5
2009-02-06,96.75
2009-02-10,97.45
2009-02-11,96.25
2009-02-12,94.55
2009-02-13,94.1
2009-02-16,94.5
2009-02-17,92.35
2009-02-18,90.15
2009-02-19,90.6
2009-02-20,89.65
2009-02-23,88.7
2009-02-24,86.7
2009-02-25,87.95
2009-02-26,87.7
2009-02-27,86.95
2009-03-02,83.35
2009-03-03,80.15
2009-03-04,81.15
2009-03-05,82.8
2009-03-06,82.85
2009-03-09,82.85
2009-03-10,86.0
2009-03-11,89.45
2009-03-12,88.7
2009-03-13,93.05
2009-03-16,93.35
2009-03-17,92.6
2009-03-18,93.1
2009-03-19,92.85
2009-03-20,95.0
2009-03-23,95.5
2009-03-24,95.75
2009-03-25,96.0
2009-03-26,97.0
2009-03-27,97.95
2009-03-30,94.44999999999999
2009-03-31,94.05
2009-04-01,94.15
2009-04-02,94.8
2009-04-03,96.75
2009-04-07,95.55
2009-04-08,93.69999999999999
2009-04-09,94.55
2009-04-10,95.9
2009-04-16,96.25
2009-04-17,97.25
2009-04-20,98.30000000000001
2009-04-21,97.1
2009-04-22,96.15
2009-04-23,95.3
2009-04-24,96.75
2009-04-27,96.6
2009-04-28,96.5
2009-04-29,97.45
2009-04-30,100.9
2009-05-04,103.55000000000001
2009-05-06,107.2
2009-05-07,113.55
2009-05-11,114.0
2009-05-12,114.8
2009-05-13,119.15
2009-05-14,114.75
2009-05-15,114.5
2009-05-18,112.8
2009-05-19,121.35
2009-05-20,125.7
2009-05-21,122.80000000000001
2009-05-22,122.05
2009-05-25,120.65
2009-05-26,118.95
2009-05-27,121.35
2009-05-28,121.35
2009-05-29,126.45
2009-06-01,135.5
2009-06-02,136.95
2009-06-03,135.5
2009-06-04,134.5
2009-06-05,137.65
2009-06-08,136.2
2009-06-09,136.2
2009-06-10,140.85000000000002
2009-06-11,141.3
2009-06-12,143.25
2009-06-15,139.10000000000002
2009-06-16,133.3
2009-06-17,129.64999999999998
2009-06-18,127.15
2009-06-19,128.15
2009-06-22,127.9
2009-06-23,119.4
2009-06-24,121.85
2009-06-25,125.5
2009-06-26,130.1
2009-06-29,128.64999999999998
2009-06-30,131.55
2009-07-02,127.9
2009-07-03,123.55
2009-07-06,123.8
2009-07-08,122.55
2009-07-09,120.85
2009-07-10,118.7
2009-07-13,116.95
2009-07-14,121.85
2009-07-15,123.8
2009-07-16,124.75
2009-07-17,125.25
2009-07-20,130.85
2009-07-21,133.3
2009-07-22,133.05
2009-07-23,133.55
2009-07-24,136.0
2009-07-27,137.2
2009-07-28,135.0
2009-07-29,133.55
2009-07-30,133.05
2009-07-31,135.5
2009-08-03,137.45
2009-08-04,138.9
2009-08-05,138.15
2009-08-06,138.65
2009-08-07,138.9
2009-08-10,138.9
2009-08-11,136.9
2009-08-13,138.15
2009-08-14,138.65
2009-08-17,133.55
2009-08-18,134.55
2009-08-19,135.45
2009-08-20,136.7
2009-08-21,137.4
2009-08-24,139.15
2009-08-25,138.65
2009-08-26,138.9
2009-08-27,136.95
2009-08-28,137.45
2009-08-31,136.2
2009-09-01,135.5
2009-09-02,134.75
2009-09-03,135.75
2009-09-04,135.5
2009-09-07,136.95
2009-09-08,139.15
2009-09-09,141.8
2009-09-10,144.25
2009-09-11,144.7
2009-09-14,141.10000000000002
2009-09-15,140.85000000000002
2009-09-16,142.8
2009-09-17,143.25
2009-09-18,142.55
2009-09-21,142.05
2009-09-22,141.60000000000002
2009-09-23,144.75
2009-09-24,143.8
2009-09-25,142.55
2009-09-28,141.8
2009-09-29,141.60000000000002
2009-09-30,140.10000000000002
2009-10-01,142.3
2009-10-02,141.05
2009-10-05,141.10000000000002
2009-10-06,140.85000000000002
2009-10-07,143.05
2009-10-08,143.55
2009-10-09,146.64999999999998
2009-10-12,151.1
2009-10-13,152.3
2009-10-14,152.05
2009-10-15,148.35
2009-10-16,148.89999999999998
2009-10-19,155.2
2009-10-20,157.45
2009-10-21,153.5
2009-10-22,151.8
2009-10-26,151.8
2009-10-27,150.35
2009-10-28,149.39999999999998
2009-10-29,142.8
2009-10-30,143.25
2009-11-02,134.5
2009-11-03,129.85
2009-11-04,130.1
2009-11-05,130.85
2009-11-06,133.5
2009-11-09,135.5
2009-11-10,136.7
2009-11-11,138.9
2009-11-12,136.0
2009-11-13,132.35
2009-11-16,133.75
2009-11-17,133.55
2009-11-18,133.75
2009-11-19,132.05
2009-11-20,128.4
2009-11-23,126.7
2009-11-24,124.0
2009-11-25,126.25
2009-11-26,126.2
2009-11-27,123.55
2009-11-30,126.7
2009-12-01,131.35
2009-12-02,132.1
2009-12-03,130.35
2009-12-04,130.35
2009-12-08,129.15
2009-12-09,127.2
2009-12-11,129.65
2009-12-14,132.05
2009-12-15,132.55
2009-12-16,134.25
2009-12-17,135.75
2009-12-18,134.5
2009-12-21,137.15
2009-12-22,139.15
2009-12-23,139.9
2009-12-24,140.60000000000002
2009-12-25,141.05
2009-12-28,142.05
2009-12-29,144.75
2009-12-30,144.5
2010-01-04,142.8
2010-01-05,144.0
2010-01-06,144.95
2010-01-07,144.75
2010-01-08,144.45
2010-01-11,146.2
2010-01-12,145.45
2010-01-13,144.25
2010-01-14,145.95
2010-01-15,145.45
2010-01-18,144.7
2010-01-19,144.0
2010-01-20,141.60000000000002
2010-01-21,137.7
2010-01-22,133.5
2010-01-25,132.35
2010-01-26,131.05
2010-01-27,127.9
2010-01-28,127.94999999999999
2010-01-29,127.19999999999999
2010-02-01,129.65
2010-02-02,131.6
2010-02-03,133.05
2010-02-04,131.55
2010-02-05,127.69999999999999
2010-02-08,128.2
2010-02-09,126.95
2010-02-10,127.94999999999999
2010-02-11,127.94999999999999
2010-02-12,128.7
2010-02-15,127.19999999999999
2010-02-16,126.45
2010-02-17,128.89999999999998
2010-02-18,128.7
2010-02-19,130.1
2010-02-22,132.1
2010-02-23,132.55
2010-02-24,132.3
2010-02-25,132.8
2010-02-26,131.85
2010-03-02,133.75
2010-03-03,136.45
2010-03-04,136.7
2010-03-05,135.75
2010-03-08,136.5
2010-03-09,135.75
2010-03-10,133.75
2010-03-11,134.75
2010-03-12,135.0
2010-03-15,134.25
2010-03-16,137.2
2010-03-17,142.75
2010-03-18,143.75
2010-03-19,144.25
2010-03-22,143.8
2010-03-23,145.45
2010-03-24,147.14999999999998
2010-03-25,144.75
2010-03-26,143.05
2010-03-29,141.35000000000002
2010-03-30,142.75
2010-03-31,144.7
2010-04-01,146.95
2010-04-02,148.85
2010-04-05,147.89999999999998
2010-04-07,149.85
2010-04-08,145.5
2010-04-09,143.25
2010-04-12,140.60000000000002
2010-04-16,140.15
2010-04-19,137.9
2010-04-20,141.35000000000002
2010-04-21,142.05
2010-04-22,143.0
2010-04-23,142.55
2010-04-26,145.2
2010-04-27,145.7
2010-04-28,144.7
2010-04-29,145.2
2010-04-30,147.39999999999998
2010-05-04,153.0
2010-05-06,150.1
2010-05-07,144.95
2010-05-10,146.2
2010-05-11,145.7
2010-05-12,143.5
2010-05-13,143.75
2010-05-14,141.35000000000002
2010-05-17,139.15
2010-05-18,140.85000000000002
2010-05-19,141.60000000000002
2010-05-20,141.10000000000002
2010-05-21,140.60000000000002
2010-05-24,140.10000000000002
2010-05-25,135.5
2010-05-26,137.65
2010-05-27,138.15
2010-05-31,140.85000000000002
2010-06-01,141.10000000000002
2010-06-02,141.05
2010-06-03,143.05
2010-06-04,143.8
2010-06-07,140.60000000000002
2010-06-08,139.9
2010-06-09,140.15
2010-06-10,141.05
2010-06-11,141.55
2010-06-14,141.10000000000002
2010-06-15,139.9
2010-06-16,141.55
2010-06-17,144.0
2010-06-18,143.05
2010-06-21,144.7
2010-06-22,144.7
2010-06-23,144.45
2010-06-24,142.3
2010-06-25,139.9
2010-06-28,142.05
2010-06-29,141.10000000000002
2010-06-30,139.65
2010-07-02,139.9
2010-07-05,140.60000000000002
2010-07-06,141.60000000000002
2010-07-07,141.55
2010-07-08,141.8
2010-07-09,141.10000000000002
2010-07-12,140.85000000000002
2010-07-13,140.4
2010-07-14,141.10000000000002
2010-07-15,140.35000000000002
2010-07-16,140.15
2010-07-19,140.10000000000002
2010-07-20,140.60000000000002
2010-07-21,140.60000000000002
2010-07-22,138.4
2010-07-23,138.65
2010-07-27,142.10000000000002
2010-07-28,145.2
2010-07-29,145.2
2010-07-30,145.45
2010-08-02,146.95
2010-08-03,148.6
2010-08-04,149.6
2010-08-05,149.1
2010-08-06,148.6
2010-08-09,148.35
2010-08-10,145.45
2010-08-11,144.7
2010-08-16,143.75
2010-08-17,144.45
2010-08-18,145.45
2010-08-19,147.2
2010-08-20,146.7
2010-08-23,145.7
2010-08-24,141.10000000000002
2010-08-25,139.65
2010-08-26,139.4
2010-08-27,137.65
2010-08-30,138.65
2010-08-31,138.9
2010-09-01,139.4
2010-09-02,138.9
2010-09-03,140.60000000000002
2010-09-06,143.3
2010-09-07,141.85000000000002
2010-09-08,140.15
2010-09-09,142.8
2010-09-10,143.05
2010-09-13,143.55
2010-09-14,142.55
2010-09-15,140.85000000000002
2010-09-16,140.60000000000002
2010-09-17,139.65
2010-09-20,139.15
2010-09-21,140.10000000000002
2010-09-22,141.3
2010-09-23,142.8
2010-09-24,143.3
2010-09-27,146.2
2010-09-28,146.2
2010-09-29,147.64999999999998
2010-09-30,149.6
2010-10-01,153.0
2010-10-04,156.65
2010-10-05,156.9
2010-10-06,162.05
2010-10-07,163.0
2010-10-08,161.3
2010-10-11,164.0
2010-10-12,165.2
2010-10-13,166.89999999999998
2010-10-14,168.6
2010-10-15,169.35
2010-10-18,166.14999999999998
2010-10-19,166.2
2010-10-20,163.75
2010-10-21,165.7
2010-10-22,166.2
2010-10-26,167.39999999999998
2010-10-27,166.14999999999998
2010-10-28,166.2
2010-10-29,166.45
2010-11-01,171.3
2010-11-02,174.5
2010-11-03,176.15
2010-11-04,178.4
2010-11-05,182.5
2010-11-08,185.39999999999998
2010-11-09,184.7
2010-11-10,186.14999999999998
2010-11-11,185.64999999999998
2010-11-12,179.60000000000002
2010-11-15,176.9
2010-11-16,174.7
2010-11-17,172.0
2010-11-18,174.2
2010-11-19,177.15
2010-11-22,178.15
2010-11-23,176.4
2010-11-24,171.05
2010-11-25,166.64999999999998
2010-11-26,164.2
2010-11-29,164.5
2010-11-30,164.5
2010-12-01,163.95
2010-12-02,167.64999999999998
2010-12-03,169.6
2010-12-07,170.85
2010-12-08,171.8
2010-12-09,174.25
2010-12-13,174.7
2010-12-14,173.0
2010-12-15,169.85
2010-12-16,165.45
2010-12-17,166.64999999999998
2010-12-20,167.39999999999998
2010-12-21,165.2
2010-12-22,165.95
2010-12-23,164.0
2010-12-24,162.25
2010-12-27,161.55
2010-12-28,163.75
2010-12-29,164.25
2010-12-30,163.5
2011-01-04,164.0
2011-01-05,163.5
2011-01-06,163.5
2011-01-07,160.8
2011-01-10,155.7
2011-01-11,150.8
2011-01-12,153.25
2011-01-13,158.15
2011-01-14,159.60000000000002
2011-01-17,160.55
2011-01-18,160.10000000000002
2011-01-19,162.3
2011-01-20,160.35000000000002
2011-01-21,157.65
2011-01-24,153.0
2011-01-25,150.85
2011-01-26,154.75
2011-01-27,156.4
2011-01-28,154.75
2011-01-31,154.7
2011-02-01,159.60000000000002
2011-02-02,162.55
2011-02-03,163.25
2011-02-04,174.0
2011-02-07,172.0
2011-02-08,170.35
2011-02-09,168.35
2011-02-10,161.55
2011-02-11,161.8
2011-02-14,165.7
2011-02-15,165.45
2011-02-16,166.14999999999998
2011-02-17,169.85
2011-02-18,169.975
2011-02-21,170.1
2011-02-22,169.6
2011-02-23,173.7
2011-02-24,179.10000000000002
2011-02-25,175.95
2011-02-28,175.2
2011-03-01,176.65
2011-03-02,177.15
2011-03-03,174.2
2011-03-04,173.25
2011-03-07,176.4
2011-03-08,180.55
2011-03-09,181.0
2011-03-10,179.35000000000002
2011-03-11,177.15
2011-03-14,175.2
2011-03-15,173.25
2011-03-16,173.25
2011-03-17,175.2
2011-03-21,177.4
2011-03-22,175.45
2011-03-23,176.9
2011-03-24,178.60000000000002
2011-03-25,177.65
2011-03-28,177.15
2011-03-29,176.4
2011-03-30,177.15
2011-03-31,176.9
2011-04-01,178.60000000000002
2011-04-04,186.14999999999998
2011-04-05,187.85
2011-04-07,190.55
2011-04-08,191.5
2011-04-11,190.3
2011-04-12,185.64999999999998
2011-04-18,186.14999999999998
2011-04-19,182.95
2011-04-20,185.7
2011-04-21,187.6
2011-04-22,186.14999999999998
2011-04-25,184.45
2011-04-26,181.55
2011-04-27,182.3
2011-04-28,183.95
2011-04-29,181.3
2011-05-03,178.35000000000002
2011-05-04,174.25
2011-05-06,166.45
2011-05-09,168.89999999999998
2011-05-10,171.55
2011-05-11,173.5
2011-05-12,170.8
2011-05-13,171.05
2011-05-18,170.8
2011-05-19,172.75
2011-05-20,173.75
2011-05-23,170.3
2011-05-24,168.85
2011-05-25,167.39999999999998
2011-05-26,167.89999999999998
2011-05-27,167.85
2011-05-30,171.05
2011-05-31,173.75
2011-06-01,174.25
2011-06-02,172.5
2011-06-03,172.5
2011-06-06,170.1
2011-06-07,167.64999999999998
2011-06-08,164.95
2011-06-09,164.95
2011-06-10,164.95
2011-06-13,161.8
2011-06-14,164.7
2011-06-15,166.89999999999998
2011-06-16,164.2
2011-06-17,163.75
2011-06-20,162.3
2011-06-21,164.7
2011-06-22,164.25
2011-06-23,161.55
2011-06-24,161.55
2011-06-27,159.60000000000002
2011-06-28,161.05
2011-06-29,163.25
2011-06-30,165.7
2011-07-04,173.5
2011-07-05,173.75
2011-07-06,171.05
2011-07-07,171.55
2011-07-08,173.75
2011-07-11,172.75
2011-07-12,170.8
2011-07-13,173.0
2011-07-14,175.2
2011-07-18,177.9
2011-07-19,178.35000000000002
2011-07-20,179.85000000000002
2011-07-21,178.4
2011-07-22,180.55
2011-07-25,178.15
2011-07-26,178.85000000000002
2011-07-27,180.3
2011-07-28,180.05
2011-07-29,179.55
2011-08-01,180.55
2011-08-02,180.05
2011-08-03,176.9
2011-08-04,173.45
2011-08-05,164.75
2011-08-08,161.3
2011-08-09,157.15
2011-08-10,158.4
2011-08-11,157.15
2011-08-15,158.85000000000002
2011-08-16,160.10000000000002
2011-08-17,161.3
2011-08-18,163.05
2011-08-19,158.15
2011-08-22,159.35000000000002
2011-08-23,161.3
2011-08-24,160.10000000000002
2011-08-25,161.05
2011-08-26,159.10000000000002
2011-08-29,163.5
2011-08-30,168.35
2011-08-31,170.6
2011-09-01,171.3
2011-09-02,165.0
2011-09-05,158.9
2011-09-06,158.9
2011-09-07,161.8
2011-09-08,162.05
2011-09-09,160.85000000000002
2011-09-12,156.4
2011-09-13,157.4
2011-09-14,158.15
2011-09-15,158.10000000000002
2011-09-16,158.60000000000002
2011-09-19,156.2
2011-09-20,157.9
2011-09-21,158.4
2011-09-22,155.2
2011-09-23,149.14999999999998
2011-09-26,142.3
2011-09-27,145.95
2011-09-28,144.45
2011-09-29,143.3
2011-09-30,138.65
2011-10-03,129.35
2011-10-04,131.85
2011-10-05,135.7
2011-10-06,143.75
2011-10-07,143.55
2011-10-10,140.10000000000002
2011-10-11,144.7
2011-10-12,144.0
2011-10-13,142.55
2011-10-14,143.75
2011-10-17,149.85
2011-10-18,147.89999999999998
2011-10-19,150.6
2011-10-20,148.6
2011-10-21,150.55
2011-10-25,153.25
2011-10-26,152.25
2011-10-27,153.0
2011-10-28,156.45
2011-10-31,157.9
2011-11-01,152.3
2011-11-02,149.85
2011-11-03,148.6
2011-11-04,149.14999999999998
2011-11-07,148.6
2011-11-08,152.55
2011-11-09,155.7
2011-11-10,153.95
2011-11-11,156.65
2011-11-14,160.3
2011-11-15,160.10000000000002
2011-11-16,159.35000000000002
2011-11-17,161.3
2011-11-18,158.4
2011-11-21,154.95
2011-11-22,154.2
2011-11-23,154.75
2011-11-24,155.25
2011-11-25,153.25
2011-11-28,154.0
2011-11-29,152.8
2011-11-30,152.05
2011-12-01,157.65
2011-12-02,160.60000000000002
2011-12-06,161.05
2011-12-07,163.25
2011-12-08,164.7
2011-12-09,162.3
2011-12-13,164.0
2011-12-14,167.64999999999998
2011-12-15,164.0
2011-12-16,163.3
2011-12-19,162.5
2011-12-20,161.55
2011-12-21,166.2
2011-12-22,167.39999999999998
2011-12-23,167.2
2011-12-26,166.14999999999998
2011-12-27,164.2
2011-12-28,163.95
2011-12-29,163.75
2011-12-30,164.2
2012-01-04,167.64999999999998
2012-01-05,171.55
2012-01-06,171.55
2012-01-09,172.8
2012-01-10,175.7
2012-01-11,174.5
2012-01-12,174.25
2012-01-13,171.55
2012-01-16,166.89999999999998
2012-01-17,169.6
2012-01-18,172.25
2012-01-19,172.25
2012-01-20,172.0
2012-01-23,170.85
2012-01-24,172.25
2012-01-25,170.8
2012-01-26,171.05
2012-01-27,172.5
2012-01-30,171.8
2012-01-31,172.75
2012-02-01,172.75
2012-02-02,172.75
2012-02-03,172.25
2012-02-06,172.75
2012-02-07,172.0
2012-02-08,175.2
2012-02-09,176.9
2012-02-10,175.45
2012-02-13,172.25
2012-02-14,169.85
2012-02-15,171.3
2012-02-16,171.5
2012-02-17,173.5
2012-02-20,177.35000000000002
2012-02-21,180.05
2012-02-22,178.85000000000002
2012-02-23,176.9
2012-02-24,178.85000000000002
2012-02-27,177.85000000000002
2012-02-28,177.65
2012-02-29,179.8
2012-03-01,179.10000000000002
2012-03-02,180.3
2012-03-05,178.85000000000002
2012-03-06,176.9
2012-03-08,179.35000000000002
2012-03-09,176.7
2012-03-12,175.45
2012-03-13,174.0
2012-03-14,172.55
2012-03-15,169.1
2012-03-16,169.85
2012-03-19,170.55
2012-03-20,170.35
2012-03-21,172.05
2012-03-22,171.3
2012-03-23,170.1
2012-03-26,170.6
2012-03-27,173.75
2012-03-28,174.5
2012-03-29,174.0
2012-03-30,172.3
2012-04-02,171.3
2012-04-03,174.0
2012-04-04,174.5
2012-04-05,172.3
2012-04-10,170.35
2012-04-11,168.85
2012-04-12,170.35
2012-04-17,169.35
2012-04-18,170.6
2012-04-19,170.6
2012-04-20,171.1
2012-04-23,170.55
2012-04-24,171.55
2012-04-25,173.5
2012-04-26,171.8
2012-04-27,170.6
2012-04-30,172.25
2012-05-02,173.75
2012-05-03,175.0
2012-05-04,172.5
2012-05-08,172.0
2012-05-09,170.05
2012-05-10,167.89999999999998
2012-05-11,168.85
2012-05-14,167.64999999999998
2012-05-15,167.39999999999998
2012-05-16,166.89999999999998
2012-05-17,166.95
2012-05-18,165.45
2012-05-21,161.55
2012-05-22,158.60000000000002
2012-05-23,152.05
2012-05-24,150.55
2012-05-25,151.55
2012-05-28,151.55
2012-05-29,153.0
2012-05-30,150.35
2012-05-31,150.8
2012-06-01,151.55
2012-06-05,150.85
2012-06-06,153.0
2012-06-07,155.7
2012-06-08,154.95
2012-06-11,161.3
2012-06-12,165.2
2012-06-13,166.39999999999998
2012-06-14,163.25
2012-06-15,168.39999999999998
2012-06-18,169.8
2012-06-19,167.89999999999998
2012-06-20,167.39999999999998
2012-06-21,165.2
2012-06-22,164.45
2012-06-25,163.05
2012-06-26,163.05
2012-06-27,162.3
2012-06-28,164.2
2012-06-29,164.2
2012-07-02,169.1
2012-07-03,171.55
2012-07-04,173.25
2012-07-05,173.0
2012-07-06,173.5
2012-07-09,169.35
2012-07-10,170.1
2012-07-11,171.05
2012-07-12,169.85
2012-07-13,167.85
2012-07-16,168.6
2012-07-17,168.14999999999998
2012-07-18,164.5
2012-07-19,162.8
2012-07-20,161.8
2012-07-23,152.55
2012-07-24,152.3
2012-07-25,149.6
2012-07-26,148.64999999999998
2012-07-27,149.35
2012-07-30,148.85
2012-07-31,148.35
2012-08-01,146.7
2012-08-03,145.95
2012-08-06,147.14999999999998
2012-08-07,148.85
2012-08-08,149.35
2012-08-09,149.6
2012-08-10,148.35
2012-08-14,149.35
2012-08-15,149.85
2012-08-16,149.1
2012-08-17,148.6
2012-08-20,148.6
2012-08-21,148.6
2012-08-22,148.1
2012-08-23,147.39999999999998
2012-08-24,144.95
2012-08-27,146.2
2012-08-28,145.95
2012-08-29,145.95
2012-08-30,145.7
2012-08-31,145.45
2012-09-03,146.45
2012-09-04,146.95
2012-09-05,146.2
2012-09-06,146.45
2012-09-07,146.7
2012-09-10,146.7
2012-09-11,146.7
2012-09-12,147.64999999999998
2012-09-13,147.89999999999998
2012-09-14,149.85
2012-09-17,154.0
2012-09-18,154.25
2012-09-19,154.95
2012-09-20,154.95
2012-09-21,154.95
2012-09-24,152.55
2012-09-25,152.75
2012-09-26,152.5
2012-09-27,155.2
2012-09-28,158.9
2012-10-01,156.2
2012-10-02,155.45
2012-10-03,155.0
2012-10-04,154.5
2012-10-05,155.25
2012-10-08,153.25
2012-10-09,152.55
2012-10-10,150.1
2012-10-11,151.3
2012-10-12,153.75
2012-10-15,152.5
2012-10-16,153.75
2012-10-17,152.75
2012-10-18,153.25
2012-10-19,153.0
2012-10-22,152.5
2012-10-24,152.5
2012-10-25,152.5
2012-10-26,152.25
2012-10-29,154.95
2012-10-30,159.60000000000002
2012-10-31,161.55
2012-11-01,160.05
2012-11-02,163.0
2012-11-05,164.2
2012-11-06,165.45
2012-11-07,165.2
2012-11-08,163.75
2012-11-09,165.0
2012-11-12,165.0
2012-11-13,165.5
2012-11-14,164.25
2012-11-15,161.25
2012-11-16,161.0
2012-11-19,160.75
2012-11-20,161.0
2012-11-21,159.5
2012-11-22,157.75
2012-11-23,158.0
2012-11-26,157.5
2012-11-27,155.5
2012-11-28,154.25
2012-11-29,153.75
2012-11-30,158.0
2012-12-03,159.25
2012-12-04,158.0
2012-12-06,156.0
2012-12-07,154.5
2012-12-11,153.25
2012-12-12,156.5
2012-12-13,157.25
2012-12-14,157.5
2012-12-17,158.0
2012-12-18,158.0
2012-12-19,160.0
2012-12-20,161.25
2012-12-21,160.0
2012-12-24,159.25
2012-12-25,160.0
2012-12-26,159.75
2012-12-27,161.75
2012-12-28,164.5
2013-01-02,165.25
2013-01-03,167.75
2013-01-04,169.25
2013-01-07,168.5
2013-01-08,165.75
2013-01-09,167.25
2013-01-10,168.75
2013-01-11,168.5
2013-01-14,168.25
2013-01-15,166.5
2013-01-16,162.75
2013-01-17,162.5
2013-01-18,163.0
2013-01-21,163.0
2013-01-22,161.75
2013-01-23,161.5
2013-01-24,161.5
2013-01-25,161.75
2013-01-28,162.5
2013-01-29,162.75
2013-01-30,165.25
2013-01-31,166.25
2013-02-01,168.0
2013-02-04,170.5
2013-02-05,169.5
2013-02-06,168.0
2013-02-07,166.0
2013-02-08,165.75
2013-02-11,165.75
2013-02-12,161.5
2013-02-13,162.25
2013-02-14,163.75
2013-02-15,162.75
2013-02-18,161.0
2013-02-19,161.0
2013-02-20,161.0
2013-02-21,158.25
2013-02-22,157.5
2013-02-26,156.75
2013-02-27,155.25
2013-02-28,157.0
2013-03-01,156.25
2013-03-04,154.0
2013-03-05,154.0
2013-03-06,154.5
2013-03-07,155.5
2013-03-08,157.0
2013-03-11,157.0
2013-03-12,155.75
2013-03-13,153.75
2013-03-14,152.5
2013-03-15,152.5
2013-03-18,152.25
2013-03-19,152.25
2013-03-20,151.0
2013-03-21,147.75
2013-03-22,143.0
2013-03-25,143.75
2013-03-26,145.5
2013-03-27,148.0
2013-03-28,149.25
2013-03-29,148.75
2013-04-01,147.0
2013-04-02,146.0
2013-04-03,146.25
2013-04-04,144.75
2013-04-05,144.0
2013-04-09,143.5
2013-04-10,145.5
2013-04-11,148.25
2013-04-12,147.5
2013-04-17,146.0
2013-04-18,144.0
2013-04-19,144.75
2013-04-22,144.5
2013-04-23,143.75
2013-04-24,144.0
2013-04-25,145.75
2013-04-26,146.5
2013-04-29,148.5
2013-04-30,152.25
2013-05-02,154.5
2013-05-03,154.25
2013-05-07,154.75
2013-05-08,157.0
2013-05-09,157.75
2013-05-10,162.0
2013-05-13,162.25
2013-05-14,161.75
2013-05-15,162.75
2013-05-16,161.0
2013-05-17,158.75
2013-05-20,162.75
2013-05-21,163.25
2013-05-22,162.5
2013-05-23,158.5
2013-05-27,156.25
2013-05-28,157.25
2013-05-29,157.0
2013-05-30,155.0
2013-05-31,153.5
2013-06-03,150.0
2013-06-04,152.5
2013-06-05,152.75
2013-06-06,152.0
2013-06-07,154.0
2013-06-10,157.0
2013-06-11,153.25
2013-06-12,148.5
2013-06-13,145.25
2013-06-14,150.0
2013-06-17,153.25
2013-06-18,149.75
2013-06-19,150.5
2013-06-20,151.5
2013-06-21,155.5
2013-06-24,155.25
2013-06-25,155.25
2013-06-26,155.0
2013-06-27,156.5
2013-06-28,159.25
2013-07-02,157.75
2013-07-03,157.5
2013-07-04,158.75
2013-07-05,161.0
2013-07-08,161.5
2013-07-09,161.75
2013-07-10,163.0
2013-07-11,165.5
2013-07-12,164.75
2013-07-15,163.25
2013-07-16,163.0
2013-07-17,161.5
2013-07-18,159.75
2013-07-19,161.25
2013-07-23,161.0
2013-07-24,161.0
2013-07-25,159.75
2013-07-26,161.5
2013-07-29,160.25
2013-07-30,158.75
2013-07-31,156.25
2013-08-01,158.5
2013-08-02,160.75
2013-08-05,159.75
2013-08-06,157.5
2013-08-07,155.75
2013-08-08,155.75
2013-08-09,155.75
2013-08-13,158.0
2013-08-14,160.75
2013-08-15,159.5
2013-08-16,159.0
2013-08-19,158.75
2013-08-20,158.75
2013-08-21,157.25
2013-08-22,161.0
2013-08-23,164.0
2013-08-26,163.0
2013-08-27,161.25
2013-08-28,168.0
2013-08-29,170.25
2013-08-30,168.25
2013-09-02,166.0
2013-09-03,165.25
2013-09-04,164.75
2013-09-05,165.75
2013-09-06,168.5
2013-09-09,173.25
2013-09-10,170.25
2013-09-11,169.75
2013-09-12,171.25
2013-09-13,167.75
2013-09-16,173.25
2013-09-17,173.25
2013-09-18,170.25
2013-09-19,170.5
2013-09-20,170.25
2013-09-23,167.75
2013-09-24,168.5
2013-09-25,170.5
2013-09-26,170.5
2013-09-27,171.0
2013-09-30,166.75
2013-10-01,166.5
2013-10-02,168.5
2013-10-03,169.75
2013-10-04,168.75
2013-10-07,167.5
2013-10-08,166.75
2013-10-09,169.25
2013-10-10,169.0
2013-10-11,170.25
2013-10-14,169.25
2013-10-15,170.5
2013-10-16,170.0
2013-10-17,169.25
2013-10-18,171.25
2013-10-21,170.25
2013-10-22,169.0
2013-10-24,170.0
2013-10-25,168.75
2013-10-28,169.5
2013-10-29,168.25
2013-10-30,167.75
2013-10-31,167.0
2013-11-01,167.5
2013-11-04,165.0
2013-11-05,165.0
2013-11-06,168.0
2013-11-07,167.75
2013-11-08,164.75
2013-11-11,162.5
2013-11-12,166.75
2013-11-13,165.25
2013-11-14,167.0
2013-11-15,168.5
2013-11-18,169.5
2013-11-19,167.5
2013-11-20,167.75
2013-11-21,166.0
2013-11-22,163.5
2013-11-25,158.25
2013-11-26,156.25
2013-11-27,160.0
2013-11-28,160.75
2013-11-29,159.0
2013-12-02,164.0
2013-12-03,168.75
2013-12-04,168.75
2013-12-06,166.0
2013-12-09,166.0
2013-12-11,167.5
2013-12-12,168.5
2013-12-13,167.5
2013-12-16,164.5
2013-12-17,165.25
2013-12-18,165.0
2013-12-19,164.5
2013-12-20,165.75
2013-12-23,169.0
2013-12-24,168.5
2013-12-25,167.75
2013-12-26,165.75
2013-12-27,165.0
2014-01-02,160.75
2014-01-03,152.0
2014-01-06,150.0
2014-01-07,151.0
2014-01-08,155.75
2014-01-09,157.25
2014-01-10,157.0
2014-01-13,161.75
2014-01-14,162.5
2014-01-15,159.75
2014-01-16,158.75
2014-01-17,159.75
2014-01-20,158.75
2014-01-21,159.0
2014-01-22,158.25
2014-01-23,159.75
2014-01-24,163.75
2014-01-27,161.75
2014-01-28,157.25
2014-01-29,157.0
2014-01-30,156.25
2014-01-31,154.5
2014-02-03,155.5
2014-02-04,154.5
2014-02-05,155.25
2014-02-06,157.25
2014-02-07,156.25
2014-02-10,154.5
2014-02-11,150.75
2014-02-12,151.75
2014-02-13,152.5
2014-02-17,152.75
2014-02-18,151.75
2014-02-19,153.25
2014-02-20,152.0
2014-02-21,153.0
2014-02-24,151.5
2014-02-25,152.25
2014-02-26,152.0
2014-02-27,152.25
2014-02-28,153.0
2014-03-03,154.75
2014-03-04,154.5
2014-03-05,153.75
2014-03-06,153.75
2014-03-07,154.5
2014-03-10,154.25
2014-03-11,155.5
2014-03-12,155.5
2014-03-13,156.75
2014-03-14,156.0
2014-03-17,157.25
2014-03-18,156.75
2014-03-19,154.75
2014-03-20,152.5
2014-03-21,152.0
2014-03-24,151.75
2014-03-25,152.25
2014-03-26,154.25
2014-03-27,154.75
2014-03-28,155.75
2014-03-31,157.0
2014-04-01,158.5
2014-04-02,159.5
2014-04-03,159.5
2014-04-04,157.5
2014-04-08,157.0
2014-04-09,157.75
2014-04-10,156.0
2014-04-11,156.25
2014-04-16,157.0
2014-04-17,158.0
2014-04-18,158.0
2014-04-21,159.0
2014-04-22,159.25
2014-04-23,160.5
2014-04-24,161.0
2014-04-25,159.0
2014-04-28,161.0
2014-04-29,158.5
2014-04-30,159.75
2014-05-02,160.25
2014-05-06,160.25
2014-05-07,157.25
2014-05-08,156.0
2014-05-09,155.25
2014-05-12,154.75
2014-05-14,153.5
2014-05-15,153.75
2014-05-16,154.5
2014-05-19,155.5
2014-05-20,154.5
2014-05-21,155.0
2014-05-22,156.75
2014-05-23,156.25
2014-05-26,157.5
2014-05-27,156.0
2014-05-28,155.75
2014-05-29,153.5
2014-05-30,154.0
2014-06-02,155.5
2014-06-03,156.75
2014-06-04,157.75
2014-06-05,157.0
2014-06-06,155.75
2014-06-09,154.75
2014-06-10,154.75
2014-06-11,157.5
2014-06-12,158.0
2014-06-13,159.25
2014-06-16,164.5
2014-06-17,166.5
2014-06-18,165.25
2014-06-19,164.75
2014-06-20,166.75
2014-06-23,168.25
2014-06-24,168.0
2014-06-25,166.0
2014-06-26,165.75
2014-06-27,165.5
2014-06-30,167.0
2014-07-02,166.0
2014-07-03,162.5
2014-07-04,160.25
2014-07-07,160.5
2014-07-08,162.0
2014-07-09,161.75
2014-07-10,162.75
2014-07-14,163.5
2014-07-15,165.0
2014-07-16,165.5
2014-07-17,165.0
2014-07-18,167.0
2014-07-21,168.5
2014-07-22,167.75
2014-07-23,168.5
2014-07-24,168.75
2014-07-25,171.0
2014-07-28,169.75
2014-07-29,168.0
2014-07-30,167.25
2014-07-31,164.25
2014-08-01,162.0
2014-08-04,164.25
2014-08-05,163.25
2014-08-06,166.5
2014-08-07,167.0
2014-08-08,166.75
2014-08-13,169.25
2014-08-14,171.25
2014-08-15,168.75
2014-08-18,168.0
2014-08-19,168.25
2014-08-20,167.0
2014-08-21,166.75
2014-08-22,167.5
2014-08-25,165.75
2014-08-26,166.0
2014-08-27,166.0
2014-08-28,164.5
2014-08-29,163.5
2014-09-01,164.0
2014-09-02,163.0
2014-09-03,163.5
2014-09-04,164.75
2014-09-05,164.5
2014-09-08,164.75
2014-09-09,165.75
2014-09-10,164.25
2014-09-11,162.0
2014-09-12,162.75
2014-09-15,163.75
2014-09-16,162.75
2014-09-17,162.75
2014-09-18,163.5
2014-09-19,163.5
2014-09-22,163.0
2014-09-23,162.5
2014-09-24,163.25
2014-09-25,163.75
2014-09-26,163.75
2014-09-29,163.25
2014-09-30,161.25
2014-10-01,158.75
2014-10-02,156.5
2014-10-03,156.5
2014-10-06,155.25
2014-10-07,155.25
2014-10-08,153.5
2014-10-09,152.5
2014-10-10,151.0
2014-10-13,150.25
2014-10-14,150.25
2014-10-15,148.0
2014-10-16,145.25
2014-10-17,146.0
2014-10-20,145.5
2014-10-21,144.5
2014-10-22,143.75
2014-10-24,143.5
2014-10-27,143.5
2014-10-28,143.5
2014-10-29,143.25
2014-10-30,145.25
2014-10-31,146.75
2014-11-03,146.25
2014-11-04,144.0
2014-11-05,144.5
2014-11-06,145.0
2014-11-07,145.75
2014-11-10,147.0
2014-11-11,146.5
2014-11-12,145.5
2014-11-13,145.25
2014-11-14,143.875
2014-11-17,142.5
2014-11-18,144.125
2014-11-19,145.75
2014-11-20,145.625
2014-11-21,145.5
2014-11-24,145.375
2014-11-25,145.25
2014-11-26,144.5
2014-11-27,143.75
2014-11-28,137.75
2014-12-01,131.0
2014-12-02,133.0
2014-12-03,133.25
2014-12-04,132.25
2014-12-08,129.5
2014-12-09,123.5
2014-12-11,118.5
2014-12-12,113.5
2014-12-15,107.75
2014-12-16,101.75
2014-12-17,106.0
2014-12-18,117.25
2014-12-19,117.75
2014-12-22,120.5
2014-12-23,118.75
2014-12-24,119.25
2014-12-25,115.5
2014-12-26,115.25
2014-12-29,116.0
2014-12-30,113.0
2015-01-05,109.5
2015-01-06,105.75
2015-01-07,105.75
2015-01-08,109.5
2015-01-09,112.25
2015-01-12,110.5
2015-01-13,107.75
2015-01-14,106.5
2015-01-15,107.25
2015-01-16,104.5
2015-01-19,105.25
2015-01-20,105.25
2015-01-21,104.75
2015-01-22,107.75
2015-01-23,111.75
2015-01-26,111.25
2015-01-27,111.25
2015-01-28,112.0
2015-01-29,111.5
2015-01-30,111.0
2015-02-02,111.5
2015-02-03,118.5
2015-02-04,123.0
2015-02-05,118.25
2015-02-06,120.25
2015-02-09,119.5
2015-02-10,117.0
2015-02-11,115.75
2015-02-12,115.25
2015-02-13,117.75
2015-02-16,117.75
2015-02-17,116.0
2015-02-18,115.75
2015-02-19,114.0
2015-02-20,113.75
2015-02-23,113.0
2015-02-24,112.5
2015-02-25,112.5
2015-02-26,114.25
2015-02-27,113.5
2015-03-02,114.75
2015-03-03,112.25
2015-03-05,111.25
2015-03-06,112.75
2015-03-09,111.75
2015-03-10,108.5
2015-03-11,107.0
2015-03-12,108.5
2015-03-13,107.5
2015-03-16,104.0
2015-03-17,103.75
2015-03-18,104.5
2015-03-19,107.75
2015-03-20,107.0
2015-03-23,106.75
2015-03-24,106.75
2015-03-25,106.5
2015-03-26,109.5
2015-03-27,109.75
2015-03-30,108.75
2015-03-31,108.25
2015-04-01,110.5
2015-04-02,113.0
2015-04-03,113.0
2015-04-07,114.75
2015-04-08,116.0
2015-04-09,114.75
2015-04-10,114.5
2015-04-16,118.0
2015-04-17,122.25
2015-04-20,120.5
2015-04-21,121.25
2015-04-22,119.75
2015-04-23,119.0
2015-04-24,121.25
2015-04-27,120.75
2015-04-28,120.0
2015-04-29,116.25
2015-04-30,116.75
2015-05-04,117.0
2015-05-06,118.5
2015-05-07,119.5
2015-05-08,118.25
2015-05-11,117.75
2015-05-12,116.25
2015-05-13,118.0
2015-05-14,117.0
2015-05-15,116.25
2015-05-18,117.0
2015-05-19,116.0
2015-05-20,114.25
2015-05-21,114.0
2015-05-22,113.75
2015-05-25,113.0
2015-05-26,111.25
2015-05-27,110.25
2015-05-28,109.5
2015-05-29,108.25
2015-06-02,107.0
2015-06-03,107.25
2015-06-04,106.75
2015-06-05,106.75
2015-06-08,107.75
2015-06-09,106.75
2015-06-10,109.75
2015-06-11,112.25
2015-06-12,110.25
2015-06-15,110.25
2015-06-16,110.25
2015-06-17,110.75
2015-06-18,110.0
2015-06-19,109.0
2015-06-22,109.25
2015-06-23,111.25
2015-06-24,112.25
2015-06-25,113.25
2015-06-26,112.5
2015-06-29,110.25
2015-06-30,109.5
2015-07-02,108.0
2015-07-03,107.25
2015-07-06,106.25
2015-07-07,106.25
2015-07-08,104.25
2015-07-09,101.5
2015-07-10,102.0
2015-07-13,101.25
2015-07-14,100.75
2015-07-15,100.75
2015-07-16,99.35
2015-07-17,97.1
2015-07-20,96.25
2015-07-21,95.7
2015-07-22,93.1
2015-07-23,91.8
2015-07-24,90.5
2015-07-27,88.35
2015-07-28,89.1
2015-07-29,90.5
2015-07-31,92.15
2015-08-03,91.5
2015-08-04,88.65
2015-08-05,89.9
2015-08-06,89.4
2015-08-07,87.6
2015-08-10,85.15
2015-08-11,82.75
2015-08-13,82.0
2015-08-14,82.9
2015-08-17,82.0
2015-08-18,79.4
2015-08-19,81.1
2015-08-20,78.2
2015-08-21,76.7
2015-08-24,71.5
2015-08-25,71.15
2015-08-26,69.0
2015-08-27,72.5
2015-08-28,80.75
2015-08-31,80.0
2015-09-01,78.5
2015-09-02,74.25
2015-09-03,74.25
2015-09-04,73.5
2015-09-07,74.9
2015-09-08,76.1
2015-09-09,77.9
2015-09-10,76.4
2015-09-11,76.0
2015-09-14,73.25
2015-09-15,72.25
2015-09-16,72.2
2015-09-17,73.9
2015-09-18,73.3
2015-09-21,73.0
2015-09-22,73.2
2015-09-23,72.25
2015-09-24,72.15
2015-09-25,73.3
2015-09-28,72.25
2015-09-29,70.25
2015-09-30,70.4
2015-10-01,70.25
2015-10-02,70.1
2015-10-05,71.25
2015-10-06,70.65
2015-10-07,74.5
2015-10-08,75.15
2015-10-09,76.9
2015-10-12,76.3
2015-10-13,73.5
2015-10-14,73.25
2015-10-15,74.15
2015-10-16,75.0
2015-10-19,74.0
2015-10-20,72.3
2015-10-21,72.7
2015-10-22,72.9
2015-10-26,73.9
2015-10-27,74.0
2015-10-28,74.0
2015-10-29,73.9
2015-10-30,73.0
2015-11-02,74.0
2015-11-03,75.2
2015-11-04,76.9
2015-11-05,75.4
2015-11-06,74.9
2015-11-09,74.25
2015-11-10,73.5
2015-11-11,73.0
2015-11-12,72.75
2015-11-13,72.25
2015-11-16,72.1
2015-11-17,72.25
2015-11-18,71.3
2015-11-19,70.9
2015-11-20,71.5
2015-11-23,71.3
2015-11-24,70.6
2015-11-25,70.9
2015-11-26,70.1
2015-11-27,68.5
2015-11-30,66.6
2015-12-01,63.7
2015-12-02,62.4
2015-12-03,62.3
2015-12-04,62.15
2015-12-08,59.8
2015-12-09,56.4
2015-12-11,55.5
2015-12-14,56.4
2015-12-15,58.5
2015-12-16,59.1
2015-12-17,59.5
2015-12-18,58.1
2015-12-21,57.4
2015-12-22,58.5
2015-12-23,59.35
2015-12-24,61.0
2015-12-25,60.5
2015-12-28,59.75
2015-12-29,57.9
2015-12-30,57.6
2016-01-04,56.8
2016-01-05,55.5
2016-01-06,54.25
2016-01-07,49.9
2016-01-08,49.7
2016-01-11,49.15
2016-01-12,47.65
2016-01-13,49.9
2016-01-14,48.25
2016-01-15,46.0
2016-01-18,42.65
2016-01-19,44.1
2016-01-20,43.0
2016-01-21,43.3
2016-01-22,46.5
2016-01-25,50.25
2016-01-26,49.7
2016-01-27,52.15
2016-01-28,54.9
2016-01-29,57.0
2016-02-01,56.75
2016-02-02,55.4
2016-02-03,55.0
2016-02-04,58.25
2016-02-05,58.0
2016-02-08,57.75
2016-02-09,57.5
2016-02-10,57.5
2016-02-11,55.25
2016-02-12,56.425
2016-02-15,57.6
2016-02-16,60.5
2016-02-17,62.4
2016-02-18,67.15
2016-02-19,68.75
2016-02-23,70.6
2016-02-24,66.85
2016-02-25,67.275
2016-02-26,67.7
2016-02-29,67.3
2016-03-01,70.0
2016-03-02,73.0
2016-03-03,74.6
2016-03-04,73.5
2016-03-07,76.25
2016-03-08,77.8
2016-03-09,77.0
2016-03-10,76.6
2016-03-11,75.725
2016-03-14,74.85
2016-03-15,70.9
2016-03-16,70.4625
2016-03-17,70.025
2016-03-18,69.5875
2016-03-21,69.15
2016-03-22,68.9
2016-03-23,68.75
2016-03-24,67.0
2016-03-25,66.85
2016-03-28,67.125
2016-03-29,67.39999999999999
2016-03-30,67.675
2016-03-31,67.95
2016-04-01,68.225
2016-04-04,68.5
2016-04-05,66.75
2016-04-07,67.9
2016-04-08,68.4
2016-04-11,68.65
2016-04-12,68.9
2016-04-18,69.15
2016-04-19,70.15
2016-04-20,72.2
2016-04-21,74.25
2016-04-22,74.08333333333333
2016-04-25,73.91666666666667
2016-04-26,73.75
2016-04-27,74.1125
2016-04-28,74.475
2016-04-29,74.8375
2016-05-03,75.2
2016-05-04,72.0
2016-05-09,71.2
2016-05-10,72.275
2016-05-11,73.35
2016-05-12,74.33
2016-05-13,75.31
2016-05-16,76.28999999999999
2016-05-17,77.27
2016-05-18,78.25
2016-05-19,78.28
2016-05-23,78.31
2016-05-24,78.34
2016-05-25,78.37
2016-05-26,78.4
2016-05-27,79.85
2016-05-30,81.35
2016-05-31,79.3
2016-06-01,77.1
2016-06-02,78.4
2016-06-03,79.8
2016-06-06,81.0
2016-06-07,82.25
2016-06-08,83.0
2016-06-09,84.1
2016-06-10,82.6
2016-06-13,80.4
2016-06-14,80.9
2016-06-15,81.9
2016-06-16,81.4
2016-06-17,80.25
2016-06-20,81.85
2016-06-21,82.5
2016-06-22,83.0
2016-06-23,83.75
2016-06-24,80.4
2016-06-27,79.35
2016-06-28,80.6
2016-06-29,82.5
2016-06-30,83.9
2016-07-04,83.9
2016-07-05,83.35
2016-07-06,82.35
2016-07-07,83.9
2016-07-08,82.5
2016-07-11,82.15
2016-07-12,82.5
2016-07-13,82.5
2016-07-14,82.6
2016-07-15,83.35
2016-07-20,83.85
2016-07-21,84.85
2016-07-22,85.15
2016-07-25,84.25
2016-07-26,82.65
2016-07-27,82.1
2016-07-28,82.6
2016-07-29,82.35
2016-08-01,82.5
2016-08-02,79.5
2016-08-03,78.2
2016-08-04,79.5
2016-08-05,80.75
2016-08-08,81.75
2016-08-09,81.85
2016-08-10,81.7
2016-08-11,81.1
2016-08-15,81.5
2016-08-16,82.5
2016-08-17,82.25
2016-08-18,82.25
2016-08-19,82.6
2016-08-22,81.9
2016-08-23,81.0
2016-08-24,80.9
2016-08-25,81.25
2016-08-26,80.9
2016-08-29,81.15
2016-08-30,81.8
2016-08-31,81.5
2016-09-01,80.9
2016-09-02,79.85
2016-09-05,79.65
2016-09-06,79.65
2016-09-07,79.25
2016-09-08,79.0
2016-09-09,79.2
2016-09-12,76.35
2016-09-13,77.1
2016-09-14,76.75
2016-09-15,76.25
2016-09-16,78.4
2016-09-19,78.7
2016-09-20,79.0
2016-09-21,80.0
2016-09-22,81.1
2016-09-23,80.5
2016-09-26,79.5
2016-09-27,79.4
2016-09-28,79.8
2016-09-29,82.4
2016-09-30,81.5
2016-10-03,82.0
2016-10-04,82.65
2016-10-05,82.35
2016-10-06,82.75
2016-10-07,83.25
2016-10-10,80.25
2016-10-11,82.15
2016-10-12,80.5
2016-10-13,80.15
2016-10-14,82.75
2016-10-17,82.5
2016-10-18,83.0
2016-10-19,82.85
2016-10-20,85.25
2016-10-21,85.5
2016-10-25,84.85
2016-10-26,83.0
2016-10-27,82.5
2016-10-28,83.65
2016-10-31,83.0
2016-11-01,83.5
2016-11-02,82.65
2016-11-03,81.85
2016-11-04,82.0
2016-11-07,83.0
2016-11-08,82.8
2016-11-09,81.6
2016-11-10,81.75
2016-11-11,80.9
2016-11-14,78.85
2016-11-15,80.0
2016-11-16,81.85
2016-11-17,81.1
2016-11-18,80.9
2016-11-21,81.6
2016-11-22,83.2
2016-11-23,83.0
2016-11-24,82.65
2016-11-25,82.5
2016-11-28,82.25
2016-11-29,81.85
2016-11-30,81.75
2016-12-01,87.0
2016-12-02,89.5
2016-12-06,90.35
2016-12-07,90.5
2016-12-08,90.8
2016-12-09,91.8
2016-12-13,92.8
2016-12-14,93.0
2016-12-15,91.9
2016-12-16,91.7
2016-12-19,92.0
2016-12-20,91.0
2016-12-21,90.65
2016-12-22,91.15
2016-12-23,91.25
2016-12-26,91.15
2016-12-27,91.65
2016-12-28,93.65
2016-12-29,94.85
2016-12-30,95.7
2017-01-04,97.35
2017-01-05,98.25
2017-01-06,98.25
2017-01-09,98.15
2017-01-10,96.5
2017-01-11,96.0
2017-01-12,97.15
2017-01-16,96.8
2017-01-17,96.4
2017-01-18,95.35
2017-01-19,94.35
2017-01-20,96.0
2017-01-23,96.75
2017-01-24,95.25
2017-01-25,94.85
2017-01-26,96.85
2017-01-27,98.4
2017-01-30,99.75
2017-01-31,99.5
2017-02-01,98.0
2017-02-02,98.15
2017-02-03,97.8
2017-02-06,98.25
2017-02-07,96.1
2017-02-08,95.85
2017-02-09,95.15
2017-02-10,94.35
2017-02-14,92.5
2017-02-15,92.25
2017-02-16,92.75
2017-02-17,92.15
2017-02-20,92.9
2017-02-21,93.5
2017-02-22,94.25
2017-02-23,93.25
2017-02-24,92.6
2017-02-27,92.35
2017-02-28,92.9
2017-03-01,93.1
2017-03-02,93.35
2017-03-03,92.75
2017-03-06,91.6
2017-03-07,91.1
2017-03-08,91.35
2017-03-09,89.75
2017-03-10,88.9
2017-03-13,89.0
2017-03-14,89.35
2017-03-15,89.15
2017-03-16,91.1
2017-03-17,90.6
2017-03-20,90.25
2017-03-21,90.85
2017-03-22,90.85
2017-03-23,91.2
2017-03-24,92.0
2017-03-27,92.0
2017-03-28,92.75
2017-03-29,92.35
2017-03-30,92.9
2017-03-31,93.4
2017-04-03,94.5
2017-04-04,96.25
2017-04-05,97.0
2017-04-07,96.9
2017-04-10,97.75
2017-04-11,98.5
2017-04-12,99.0
2017-04-17,97.85
2017-04-18,96.9
2017-04-19,96.8
2017-04-20,96.0
2017-04-21,95.9
2017-04-24,96.35
2017-04-25,96.85
2017-04-26,96.9
2017-04-27,97.15
2017-04-28,97.6
2017-05-02,96.6
2017-05-03,96.6
2017-05-04,96.5
2017-05-08,94.25
2017-05-09,94.5
2017-05-11,94.6
2017-05-12,94.0
2017-05-15,94.8
2017-05-16,95.8
2017-05-17,95.85
2017-05-18,94.7
2017-05-19,94.1
2017-05-22,94.5
2017-05-23,94.35
2017-05-24,94.35
2017-05-25,94.1
2017-05-26,92.75
2017-05-29,92.3
2017-05-30,91.65
2017-05-31,90.6
2017-06-01,89.9
2017-06-02,90.1
2017-06-05,88.4
2017-06-06,86.7
2017-06-07,87.15
2017-06-08,87.35
2017-06-09,87.1
2017-06-12,87.2
2017-06-13,88.25
2017-06-14,89.25
2017-06-15,88.0
2017-06-16,87.8
2017-06-19,88.25
2017-06-20,88.75
2017-06-21,87.65
2017-06-22,86.5
2017-06-23,86.65
2017-06-26,87.1
2017-06-27,87.15
2017-06-28,87.0
2017-06-29,87.15
2017-06-30,86.5
2017-07-03,87.0
2017-07-04,87.1
2017-07-05,86.9
2017-07-06,85.35
2017-07-07,84.25
2017-07-11,83.65
2017-07-12,83.65
2017-07-13,84.5
2017-07-14,84.9
2017-07-17,84.9
2017-07-18,84.8
2017-07-19,84.5
2017-07-20,84.5
2017-07-21,84.65
2017-07-24,84.1
2017-07-25,85.25
2017-07-26,87.2
2017-07-27,87.5
2017-07-31,87.9
2017-08-01,87.6
2017-08-02,87.15
2017-08-03,87.5
2017-08-04,87.5
2017-08-07,87.35
2017-08-08,86.5
2017-08-09,86.5
2017-08-10,86.25
2017-08-11,85.5
2017-08-15,85.6
2017-08-16,85.3
2017-08-17,84.5
2017-08-18,84.35
2017-08-21,85.5
2017-08-22,85.5
2017-08-23,85.5
2017-08-24,85.8
2017-08-25,85.5
2017-08-28,85.8
2017-08-29,86.65
2017-08-30,87.65
2017-08-31,87.65
2017-09-01,88.1
2017-09-04,87.9
2017-09-05,87.65
2017-09-06,88.2
2017-09-07,89.5
2017-09-08,90.4
2017-09-11,89.4
2017-09-12,88.4
2017-09-13,87.6
2017-09-14,88.35
2017-09-15,88.9
2017-09-18,89.5
2017-09-19,91.0
2017-09-20,91.1
2017-09-21,91.0
2017-09-22,89.65
2017-09-25,89.25
2017-09-26,90.65
2017-09-27,90.15
2017-09-28,90.0
2017-09-29,89.65
2017-10-02,90.3
2017-10-03,90.5
2017-10-04,89.85
2017-10-05,89.9
2017-10-06,89.85
2017-10-09,89.5
2017-10-10,90.35
2017-10-11,91.9
2017-10-12,92.25
2017-10-16,93.0
2017-10-17,93.1
2017-10-18,92.4
2017-10-19,90.85
2017-10-20,88.2
2017-10-24,86.0
2017-10-25,85.9
2017-10-27,85.75
2017-10-30,86.65
2017-10-31,86.5
2017-11-01,86.15
2017-11-02,87.4
2017-11-03,88.9
2017-11-06,90.9
2017-11-07,93.75
2017-11-08,94.5
2017-11-09,94.15
2017-11-10,93.8
2017-11-13,93.5
2017-11-14,93.6
2017-11-15,92.25
2017-11-16,92.25
2017-11-17,92.25
2017-11-20,92.1
2017-11-21,92.8
2017-11-22,93.0
2017-11-23,93.75
2017-11-24,93.6
2017-11-27,93.3
2017-11-28,93.5
2017-11-29,92.5
2017-11-30,91.2
2017-12-01,92.0
2017-12-04,92.75
2017-12-06,93.1
2017-12-07,92.85
2017-12-08,93.35
2017-12-12,93.85
2017-12-13,93.75
2017-12-14,93.75
2017-12-15,94.15
2017-12-18,96.25
2017-12-19,98.25
2017-12-20,99.0
2017-12-21,99.15
2017-12-22,99.4
2017-12-25,100.25
2017-12-26,100.25
2017-12-27,101.75
2017-12-28,100.85
2017-12-29,99.9
