Date,SCB
2007-01-03,57.0
2007-01-04,56.0
2007-01-05,54.75
2007-01-08,53.0
2007-01-09,51.25
2007-01-10,51.15
2007-01-11,54.25
2007-01-12,56.5
2007-01-15,57.75
2007-01-16,59.0
2007-01-17,58.75
2007-01-18,59.25
2007-01-19,60.25
2007-01-22,59.5
2007-01-23,58.5
2007-01-24,59.75
2007-01-25,60.0
2007-01-26,59.5
2007-01-29,59.5
2007-01-30,59.25
2007-01-31,59.5
2007-02-01,59.75
2007-02-02,61.75
2007-02-05,63.75
2007-02-06,63.25
2007-02-07,62.75
2007-02-08,64.25
2007-02-09,65.5
2007-02-12,66.0
2007-02-13,66.25
2007-02-14,67.0
2007-02-15,67.75
2007-02-16,67.5
2007-02-19,67.25
2007-02-20,67.5
2007-02-21,68.0
2007-02-22,69.25
2007-02-23,68.25
2007-02-26,67.0
2007-02-27,66.25
2007-02-28,65.0
2007-03-01,66.5
2007-03-02,67.25
2007-03-06,67.25
2007-03-07,68.75
2007-03-08,68.0
2007-03-09,67.25
2007-03-12,68.0
2007-03-13,68.75
2007-03-14,68.75
2007-03-15,69.75
2007-03-16,69.5
2007-03-19,68.75
2007-03-20,68.75
2007-03-21,68.5
2007-03-22,69.0
2007-03-23,70.0
2007-03-26,70.5
2007-03-27,70.0
2007-03-28,68.25
2007-03-29,67.0
2007-03-30,67.75
2007-04-02,68.25
2007-04-03,69.0
2007-04-04,70.5
2007-04-05,71.25
2007-04-09,70.75
2007-04-10,71.25
2007-04-11,69.5
2007-04-12,68.5
2007-04-17,67.75
2007-04-18,68.25
2007-04-19,67.75
2007-04-20,67.5
2007-04-23,67.5
2007-04-24,67.75
2007-04-25,67.25
2007-04-26,67.0
2007-04-27,66.5
2007-04-30,66.5
2007-05-02,66.75
2007-05-03,67.0
2007-05-04,67.0
2007-05-08,66.5
2007-05-09,65.5
2007-05-10,64.75
2007-05-11,64.5
2007-05-14,65.25
2007-05-15,66.0
2007-05-16,66.25
2007-05-17,67.0
2007-05-18,67.25
2007-05-21,67.0
2007-05-22,67.5
2007-05-23,67.25
2007-05-24,65.5
2007-05-25,65.0
2007-05-28,65.5
2007-05-29,66.0
2007-05-30,67.5
2007-06-01,71.25
2007-06-04,73.25
2007-06-05,71.5
2007-06-06,70.25
2007-06-07,69.5
2007-06-08,68.75
2007-06-11,68.75
2007-06-12,69.25
2007-06-13,67.75
2007-06-14,68.25
2007-06-15,69.5
2007-06-18,71.5
2007-06-19,71.5
2007-06-20,72.75
2007-06-21,74.5
2007-06-22,74.5
2007-06-25,72.25
2007-06-26,71.0
2007-06-27,71.25
2007-06-28,73.0
2007-06-29,73.25
2007-07-02,74.25
2007-07-03,78.5
2007-07-04,80.75
2007-07-05,81.0
2007-07-06,80.0
2007-07-09,81.5
2007-07-10,83.75
2007-07-11,82.75
2007-07-12,82.75
2007-07-13,84.25
2007-07-16,83.5
2007-07-17,82.25
2007-07-18,81.5
2007-07-19,80.5
2007-07-20,82.25
2007-07-23,82.75
2007-07-24,84.75
2007-07-25,84.25
2007-07-26,83.75
2007-07-27,80.5
2007-07-31,81.25
2007-08-01,80.0
2007-08-02,79.75
2007-08-03,80.75
2007-08-06,79.25
2007-08-07,79.5
2007-08-08,79.0
2007-08-09,78.25
2007-08-10,74.5
2007-08-14,74.5
2007-08-15,73.0
2007-08-16,69.0
2007-08-17,69.5
2007-08-20,74.0
2007-08-21,74.25
2007-08-22,75.0
2007-08-23,77.0
2007-08-24,75.5
2007-08-27,76.5
2007-08-28,76.25
2007-08-29,76.5
2007-08-30,78.0
2007-08-31,77.75
2007-09-03,78.75
2007-09-04,79.0
2007-09-05,79.0
2007-09-06,78.0
2007-09-07,76.5
2007-09-10,74.0
2007-09-11,74.5
2007-09-12,74.75
2007-09-13,74.5
2007-09-14,74.5
2007-09-17,74.0
2007-09-18,72.5
2007-09-19,74.5
2007-09-20,74.75
2007-09-21,76.0
2007-09-24,78.5
2007-09-25,79.0
2007-09-26,79.5
2007-09-27,79.75
2007-09-28,79.25
2007-10-01,78.75
2007-10-02,81.0
2007-10-03,81.5
2007-10-04,80.5
2007-10-05,81.25
2007-10-08,82.25
2007-10-09,82.5
2007-10-10,83.0
2007-10-11,83.5
2007-10-12,83.25
2007-10-15,83.25
2007-10-16,82.5
2007-10-17,80.75
2007-10-18,80.75
2007-10-19,81.5
2007-10-22,78.75
2007-10-24,80.25
2007-10-25,83.25
2007-10-26,84.75
2007-10-29,85.75
2007-10-30,88.25
2007-10-31,92.0
2007-11-01,94.25
2007-11-02,90.5
2007-11-05,87.0
2007-11-06,86.5
2007-11-07,87.5
2007-11-08,85.0
2007-11-09,84.25
2007-11-12,83.75
2007-11-13,85.0
2007-11-14,86.75
2007-11-15,86.5
2007-11-16,86.25
2007-11-19,86.5
2007-11-20,84.0
2007-11-21,82.25
2007-11-22,82.0
2007-11-23,82.5
2007-11-26,84.0
2007-11-27,82.25
2007-11-28,82.5
2007-11-29,84.75
2007-11-30,85.75
2007-12-03,84.5
2007-12-04,82.25
2007-12-06,82.75
2007-12-07,83.75
2007-12-11,83.75
2007-12-12,83.0
2007-12-13,81.5
2007-12-14,81.0
2007-12-17,79.75
2007-12-18,78.75
2007-12-19,80.0
2007-12-20,79.25
2007-12-21,80.5
2007-12-24,81.0
2007-12-25,83.25
2007-12-26,85.25
2007-12-27,85.75
2007-12-28,85.75
2008-01-02,84.5
2008-01-03,82.0
2008-01-04,80.75
2008-01-07,80.0
2008-01-08,81.0
2008-01-09,81.0
2008-01-10,80.75
2008-01-11,79.75
2008-01-14,78.75
2008-01-15,78.5
2008-01-16,76.0
2008-01-17,78.5
2008-01-18,79.75
2008-01-21,81.0
2008-01-22,76.75
2008-01-23,75.75
2008-01-24,72.5
2008-01-25,74.75
2008-01-28,74.5
2008-01-29,75.25
2008-01-30,75.5
2008-01-31,75.75
2008-02-01,79.75
2008-02-04,84.0
2008-02-05,85.25
2008-02-06,84.5
2008-02-07,85.0
2008-02-08,85.5
2008-02-11,86.25
2008-02-12,88.0
2008-02-13,89.5
2008-02-14,89.25
2008-02-15,86.5
2008-02-18,87.75
2008-02-19,88.5
2008-02-20,87.75
2008-02-22,87.0
2008-02-25,88.5
2008-02-26,89.0
2008-02-27,88.25
2008-02-28,86.75
2008-02-29,86.75
2008-03-03,87.5
2008-03-04,86.5
2008-03-05,86.0
2008-03-06,88.0
2008-03-07,87.75
2008-03-10,87.25
2008-03-11,88.0
2008-03-12,89.5
2008-03-13,87.75
2008-03-14,87.25
2008-03-17,84.75
2008-03-18,86.0
2008-03-19,88.25
2008-03-20,87.75
2008-03-21,88.5
2008-03-24,89.0
2008-03-25,91.25
2008-03-26,93.0
2008-03-27,93.0
2008-03-28,94.0
2008-03-31,92.25
2008-04-01,91.25
2008-04-02,93.5
2008-04-03,92.25
2008-04-04,91.0
2008-04-08,90.5
2008-04-09,89.0
2008-04-10,89.75
2008-04-11,91.0
2008-04-16,92.5
2008-04-17,94.5
2008-04-18,94.0
2008-04-21,93.5
2008-04-22,92.25
2008-04-23,91.0
2008-04-24,90.0
2008-04-25,89.5
2008-04-28,88.25
2008-04-29,88.75
2008-04-30,89.0
2008-05-02,90.25
2008-05-06,91.75
2008-05-07,91.25
2008-05-08,90.0
2008-05-09,89.25
2008-05-12,88.5
2008-05-13,90.25
2008-05-14,91.5
2008-05-15,91.5
2008-05-16,92.0
2008-05-20,93.0
2008-05-21,95.25
2008-05-22,98.0
2008-05-23,98.75
2008-05-26,95.0
2008-05-27,94.0
2008-05-28,92.0
2008-05-29,90.5
2008-05-30,90.0
2008-06-02,90.0
2008-06-03,87.75
2008-06-04,86.5
2008-06-05,85.0
2008-06-06,85.0
2008-06-09,82.0
2008-06-10,81.0
2008-06-11,80.5
2008-06-12,78.5
2008-06-13,77.75
2008-06-16,79.0
2008-06-17,78.75
2008-06-18,77.5
2008-06-19,76.75
2008-06-20,77.75
2008-06-23,77.75
2008-06-24,77.5
2008-06-25,79.25
2008-06-26,81.0
2008-06-27,79.25
2008-06-30,78.75
2008-07-02,76.25
2008-07-03,73.5
2008-07-04,74.0
2008-07-07,74.5
2008-07-08,74.25
2008-07-09,74.0
2008-07-10,72.5
2008-07-11,74.0
2008-07-14,74.5
2008-07-15,72.25
2008-07-16,69.75
2008-07-18,70.0
2008-07-21,73.75
2008-07-22,75.0
2008-07-23,76.75
2008-07-24,76.25
2008-07-25,75.25
2008-07-28,75.75
2008-07-29,75.0
2008-07-30,75.5
2008-07-31,74.5
2008-08-01,75.5
2008-08-04,75.75
2008-08-05,75.25
2008-08-06,77.0
2008-08-07,79.5
2008-08-08,79.5
2008-08-11,82.5
2008-08-13,83.0
2008-08-14,82.75
2008-08-15,83.25
2008-08-18,81.5
2008-08-19,78.25
2008-08-20,77.25
2008-08-21,75.25
2008-08-22,74.75
2008-08-25,76.0
2008-08-26,75.5
2008-08-27,76.75
2008-08-28,77.75
2008-08-29,78.5
2008-09-01,77.5
2008-09-02,74.75
2008-09-03,74.5
2008-09-04,74.5
2008-09-05,73.25
2008-09-08,75.5
2008-09-09,75.25
2008-09-10,74.0
2008-09-11,73.0
2008-09-12,74.25
2008-09-15,73.5
2008-09-16,69.5
2008-09-17,68.75
2008-09-18,65.75
2008-09-19,70.25
2008-09-22,69.75
2008-09-23,67.5
2008-09-24,69.75
2008-09-25,70.75
2008-09-26,70.25
2008-09-29,69.5
2008-09-30,67.25
2008-10-01,68.5
2008-10-02,69.5
2008-10-03,69.25
2008-10-06,67.25
2008-10-07,65.75
2008-10-08,63.75
2008-10-09,63.75
2008-10-10,54.5
2008-10-13,55.5
2008-10-14,62.5
2008-10-15,61.0
2008-10-16,59.5
2008-10-17,59.0
2008-10-20,60.5
2008-10-21,60.5
2008-10-22,57.75
2008-10-24,54.0
2008-10-27,48.0
2008-10-28,48.5
2008-10-29,50.9
2008-10-30,52.0
2008-10-31,52.75
2008-11-03,57.25
2008-11-04,57.75
2008-11-05,60.0
2008-11-06,57.25
2008-11-07,60.25
2008-11-10,60.0
2008-11-11,57.0
2008-11-12,55.5
2008-11-13,52.75
2008-11-14,53.25
2008-11-17,51.75
2008-11-18,51.25
2008-11-19,50.5
2008-11-20,49.0
2008-11-21,49.0
2008-11-24,48.6
2008-11-25,50.15
2008-11-26,49.5
2008-11-27,48.5
2008-11-28,48.1
2008-12-01,46.35
2008-12-02,42.6
2008-12-03,43.5
2008-12-04,41.85
2008-12-08,42.2
2008-12-09,44.3
2008-12-11,46.0
2008-12-12,46.5
2008-12-15,47.7
2008-12-16,48.6
2008-12-17,50.5
2008-12-18,52.5
2008-12-19,52.25
2008-12-22,49.75
2008-12-23,47.5
2008-12-24,48.0
2008-12-25,48.65
2008-12-26,48.9
2008-12-29,48.9
2008-12-30,48.7
2009-01-02,48.2
2009-01-05,51.25
2009-01-06,54.0
2009-01-07,53.25
2009-01-08,51.75
2009-01-09,53.0
2009-01-12,52.75
2009-01-13,50.4
2009-01-14,50.75
2009-01-15,49.6
2009-01-16,50.0
2009-01-19,51.0
2009-01-20,50.5
2009-01-21,50.25
2009-01-22,52.0
2009-01-23,52.25
2009-01-26,53.0
2009-01-27,54.25
2009-01-28,54.0
2009-01-29,53.75
2009-01-30,52.25
2009-02-02,51.0
2009-02-03,50.75
2009-02-04,52.5
2009-02-05,52.5
2009-02-06,53.25
2009-02-10,53.75
2009-02-11,53.75
2009-02-12,55.0
2009-02-13,56.0
2009-02-16,56.0
2009-02-17,53.75
2009-02-18,53.0
2009-02-19,54.0
2009-02-20,53.25
2009-02-23,52.75
2009-02-24,52.5
2009-02-25,54.0
2009-02-26,54.25
2009-02-27,55.5
2009-03-02,53.0
2009-03-03,51.25
2009-03-04,52.25
2009-03-05,54.5
2009-03-06,55.5
2009-03-09,54.5
2009-03-10,54.0
2009-03-11,54.0
2009-03-12,52.25
2009-03-13,53.5
2009-03-16,54.0
2009-03-17,53.75
2009-03-18,54.0
2009-03-19,54.0
2009-03-20,54.0
2009-03-23,54.5
2009-03-24,55.75
2009-03-25,55.0
2009-03-26,55.0
2009-03-27,55.5
2009-03-30,53.9
2009-03-31,54.25
2009-04-01,55.65
2009-04-02,57.6
2009-04-03,59.1
2009-04-07,59.0
2009-04-08,57.5
2009-04-09,57.25
2009-04-10,56.15
2009-04-16,55.75
2009-04-17,54.85
2009-04-20,55.25
2009-04-21,55.5
2009-04-22,55.5
2009-04-23,55.35
2009-04-24,56.5
2009-04-27,57.5
2009-04-28,58.5
2009-04-29,59.2
2009-04-30,60.2
2009-05-04,61.5
2009-05-06,63.9
2009-05-07,67.3
2009-05-11,67.0
2009-05-12,67.35
2009-05-13,67.4
2009-05-14,65.65
2009-05-15,68.35
2009-05-18,70.25
2009-05-19,71.7
2009-05-20,70.75
2009-05-21,69.75
2009-05-22,69.35
2009-05-25,68.25
2009-05-26,67.7
2009-05-27,67.75
2009-05-28,67.0
2009-05-29,67.5
2009-06-01,68.35
2009-06-02,69.15
2009-06-03,73.15
2009-06-04,76.6
2009-06-05,77.5
2009-06-08,76.65
2009-06-09,75.35
2009-06-10,77.9
2009-06-11,80.15
2009-06-12,79.25
2009-06-15,76.0
2009-06-16,72.5
2009-06-17,71.2
2009-06-18,71.0
2009-06-19,71.9
2009-06-22,73.0
2009-06-23,70.5
2009-06-24,73.25
2009-06-25,74.6
2009-06-26,74.4
2009-06-29,74.5
2009-06-30,74.6
2009-07-02,71.35
2009-07-03,69.65
2009-07-06,70.5
2009-07-08,69.35
2009-07-09,68.2
2009-07-10,66.75
2009-07-13,64.6
2009-07-14,67.1
2009-07-15,70.4
2009-07-16,72.0
2009-07-17,72.6
2009-07-20,74.4
2009-07-21,75.0
2009-07-22,74.2
2009-07-23,74.65
2009-07-24,75.1
2009-07-27,75.85
2009-07-28,76.9
2009-07-29,77.0
2009-07-30,76.15
2009-07-31,77.2
2009-08-03,79.0
2009-08-04,80.25
2009-08-05,80.65
2009-08-06,80.6
2009-08-07,79.75
2009-08-10,79.1
2009-08-11,77.65
2009-08-13,78.3
2009-08-14,78.8
2009-08-17,76.9
2009-08-18,77.65
2009-08-19,77.2
2009-08-20,77.25
2009-08-21,77.9
2009-08-24,78.6
2009-08-25,77.15
2009-08-26,76.65
2009-08-27,76.25
2009-08-28,76.4
2009-08-31,76.5
2009-09-01,76.9
2009-09-02,76.4
2009-09-03,77.0
2009-09-04,76.85
2009-09-07,78.0
2009-09-08,80.75
2009-09-09,81.9
2009-09-10,82.5
2009-09-11,82.15
2009-09-14,81.0
2009-09-15,80.5
2009-09-16,80.5
2009-09-17,81.0
2009-09-18,81.15
2009-09-21,81.25
2009-09-22,81.75
2009-09-23,83.0
2009-09-24,83.9
2009-09-25,84.0
2009-09-28,83.15
2009-09-29,84.0
2009-09-30,84.75
2009-10-01,86.9
2009-10-02,86.6
2009-10-05,86.0
2009-10-06,87.25
2009-10-07,89.4
2009-10-08,89.85
2009-10-09,90.0
2009-10-12,90.65
2009-10-13,90.8
2009-10-14,88.6
2009-10-15,84.4
2009-10-16,83.5
2009-10-19,85.0
2009-10-20,85.5
2009-10-21,84.5
2009-10-22,82.15
2009-10-26,81.75
2009-10-27,81.75
2009-10-28,81.15
2009-10-29,78.6
2009-10-30,78.6
2009-11-02,76.9
2009-11-03,76.65
2009-11-04,78.5
2009-11-05,78.8
2009-11-06,81.4
2009-11-09,83.35
2009-11-10,83.15
2009-11-11,83.5
2009-11-12,82.65
2009-11-13,82.0
2009-11-16,82.3
2009-11-17,83.25
2009-11-18,84.1
2009-11-19,83.5
2009-11-20,81.75
2009-11-23,79.9
2009-11-24,78.9
2009-11-25,80.4
2009-11-26,79.6
2009-11-27,78.0
2009-11-30,82.4
2009-12-01,83.75
2009-12-02,83.0
2009-12-03,84.65
2009-12-04,85.5
2009-12-08,85.3
2009-12-09,84.6
2009-12-11,84.9
2009-12-14,85.4
2009-12-15,85.65
2009-12-16,85.5
2009-12-17,85.25
2009-12-18,84.4
2009-12-21,83.75
2009-12-22,84.75
2009-12-23,85.85
2009-12-24,86.25
2009-12-25,86.0
2009-12-28,85.85
2009-12-29,86.0
2009-12-30,86.4
2010-01-04,86.0
2010-01-05,85.4
2010-01-06,85.65
2010-01-07,86.4
2010-01-08,87.5
2010-01-11,87.7
2010-01-12,87.2
2010-01-13,87.3
2010-01-14,87.6
2010-01-15,86.35
2010-01-18,85.2
2010-01-19,84.6
2010-01-20,82.85
2010-01-21,81.25
2010-01-22,80.1
2010-01-25,80.85
2010-01-26,81.8
2010-01-27,80.25
2010-01-28,79.85
2010-01-29,79.3
2010-02-01,79.1
2010-02-02,79.75
2010-02-03,80.6
2010-02-04,81.0
2010-02-05,79.25
2010-02-08,78.5
2010-02-09,78.0
2010-02-10,79.5
2010-02-11,79.85
2010-02-12,80.2
2010-02-15,79.2
2010-02-16,79.35
2010-02-17,81.0
2010-02-18,80.25
2010-02-19,79.25
2010-02-22,79.75
2010-02-23,80.0
2010-02-24,81.5
2010-02-25,83.5
2010-02-26,83.6
2010-03-02,84.9
2010-03-03,86.5
2010-03-04,86.15
2010-03-05,85.9
2010-03-08,85.15
2010-03-09,84.15
2010-03-10,84.0
2010-03-11,84.75
2010-03-12,85.6
2010-03-15,86.15
2010-03-16,88.0
2010-03-17,90.0
2010-03-18,89.5
2010-03-19,91.25
2010-03-22,92.0
2010-03-23,91.7
2010-03-24,93.25
2010-03-25,94.1
2010-03-26,93.75
2010-03-29,92.6
2010-03-30,92.8
2010-03-31,92.75
2010-04-01,92.4
2010-04-02,92.15
2010-04-05,92.25
2010-04-07,92.9
2010-04-08,90.4
2010-04-09,86.5
2010-04-12,83.75
2010-04-16,83.25
2010-04-19,81.6
2010-04-20,84.6
2010-04-21,85.75
2010-04-22,85.15
2010-04-23,82.85
2010-04-26,83.6
2010-04-27,82.1
2010-04-28,80.25
2010-04-29,79.85
2010-04-30,82.0
2010-05-04,85.25
2010-05-06,87.35
2010-05-07,83.85
2010-05-10,84.9
2010-05-11,85.2
2010-05-12,84.6
2010-05-13,84.85
2010-05-14,83.5
2010-05-17,80.5
2010-05-18,81.0
2010-05-19,81.65
2010-05-20,82.5
2010-05-21,82.5
2010-05-24,81.0
2010-05-25,79.2
2010-05-26,79.15
2010-05-27,79.15
2010-05-31,80.65
2010-06-01,80.9
2010-06-02,80.85
2010-06-03,82.6
2010-06-04,83.4
2010-06-07,81.85
2010-06-08,81.9
2010-06-09,82.1
2010-06-10,82.35
2010-06-11,82.75
2010-06-14,82.65
2010-06-15,82.1
2010-06-16,82.9
2010-06-17,83.25
2010-06-18,83.0
2010-06-21,84.5
2010-06-22,84.85
2010-06-23,84.0
2010-06-24,83.0
2010-06-25,82.0
2010-06-28,82.5
2010-06-29,82.25
2010-06-30,81.35
2010-07-02,81.35
2010-07-05,81.8
2010-07-06,82.5
2010-07-07,82.75
2010-07-08,83.5
2010-07-09,83.6
2010-07-12,83.15
2010-07-13,83.75
2010-07-14,84.25
2010-07-15,83.9
2010-07-16,84.4
2010-07-19,84.1
2010-07-20,83.9
2010-07-21,83.9
2010-07-22,84.0
2010-07-23,85.5
2010-07-27,88.6
2010-07-28,91.75
2010-07-29,90.5
2010-07-30,89.4
2010-08-02,90.0
2010-08-03,90.5
2010-08-04,91.3
2010-08-05,92.5
2010-08-06,93.25
2010-08-09,93.3
2010-08-10,91.2
2010-08-11,90.4
2010-08-16,90.0
2010-08-17,90.4
2010-08-18,92.0
2010-08-19,93.35
2010-08-20,93.2
2010-08-23,93.75
2010-08-24,93.9
2010-08-25,93.25
2010-08-26,92.5
2010-08-27,91.9
2010-08-30,93.6
2010-08-31,94.6
2010-09-01,97.0
2010-09-02,97.6
2010-09-03,97.1
2010-09-06,97.75
2010-09-07,97.25
2010-09-08,95.85
2010-09-09,95.5
2010-09-10,94.35
2010-09-13,95.4
2010-09-14,95.35
2010-09-15,92.75
2010-09-16,92.15
2010-09-17,91.4
2010-09-20,92.4
2010-09-21,94.0
2010-09-22,96.15
2010-09-23,99.35
2010-09-24,99.1
2010-09-27,100.25
2010-09-28,101.5
2010-09-29,104.0
2010-09-30,103.75
2010-10-01,104.5
2010-10-04,104.0
2010-10-05,103.0
2010-10-06,104.75
2010-10-07,104.75
2010-10-08,103.0
2010-10-11,103.25
2010-10-12,103.5
2010-10-13,106.0
2010-10-14,107.25
2010-10-15,107.0
2010-10-18,106.25
2010-10-19,106.0
2010-10-20,104.75
2010-10-21,105.0
2010-10-22,103.75
2010-10-26,104.0
2010-10-27,104.5
2010-10-28,103.5
2010-10-29,102.5
2010-11-01,104.0
2010-11-02,103.5
2010-11-03,104.75
2010-11-04,108.75
2010-11-05,112.75
2010-11-08,112.75
2010-11-09,110.0
2010-11-10,108.25
2010-11-11,107.0
2010-11-12,103.75
2010-11-15,104.5
2010-11-16,104.75
2010-11-17,102.0
2010-11-18,105.25
2010-11-19,108.0
2010-11-22,108.0
2010-11-23,106.0
2010-11-24,106.25
2010-11-25,106.5
2010-11-26,105.0
2010-11-29,105.25
2010-11-30,104.75
2010-12-01,104.25
2010-12-02,108.25
2010-12-03,109.25
2010-12-07,109.5
2010-12-08,108.0
2010-12-09,106.75
2010-12-13,105.5
2010-12-14,104.75
2010-12-15,105.25
2010-12-16,105.0
2010-12-17,104.25
2010-12-20,102.25
2010-12-21,102.75
2010-12-22,104.25
2010-12-23,104.75
2010-12-24,104.5
2010-12-27,104.5
2010-12-28,104.25
2010-12-29,104.75
2010-12-30,104.5
2011-01-04,104.75
2011-01-05,105.75
2011-01-06,106.5
2011-01-07,104.0
2011-01-10,101.0
2011-01-11,98.5
2011-01-12,98.6
2011-01-13,100.1
2011-01-14,99.75
2011-01-17,99.25
2011-01-18,99.1
2011-01-19,100.75
2011-01-20,99.9
2011-01-21,98.35
2011-01-24,96.0
2011-01-25,96.75
2011-01-26,98.0
2011-01-27,97.75
2011-01-28,96.25
2011-01-31,94.4
2011-02-01,94.7
2011-02-02,97.25
2011-02-03,97.25
2011-02-04,96.7
2011-02-07,95.5
2011-02-08,94.5
2011-02-09,94.25
2011-02-10,93.0
2011-02-11,94.9
2011-02-14,96.7
2011-02-15,97.6
2011-02-16,100.0
2011-02-17,102.0
2011-02-18,102.375
2011-02-21,102.75
2011-02-22,101.5
2011-02-23,101.75
2011-02-24,100.25
2011-02-25,100.0
2011-02-28,100.75
2011-03-01,103.0
2011-03-02,101.5
2011-03-03,102.75
2011-03-04,103.75
2011-03-07,103.25
2011-03-08,104.0
2011-03-09,104.75
2011-03-10,104.0
2011-03-11,102.75
2011-03-14,103.0
2011-03-15,101.5
2011-03-16,101.25
2011-03-17,100.25
2011-03-21,102.75
2011-03-22,103.75
2011-03-23,103.5
2011-03-24,104.25
2011-03-25,105.25
2011-03-28,104.75
2011-03-29,104.75
2011-03-30,106.75
2011-03-31,108.5
2011-04-01,111.0
2011-04-04,114.5
2011-04-05,115.0
2011-04-07,116.0
2011-04-08,116.25
2011-04-11,115.25
2011-04-12,115.25
2011-04-18,115.25
2011-04-19,114.25
2011-04-20,115.75
2011-04-21,116.25
2011-04-22,116.25
2011-04-25,117.5
2011-04-26,117.75
2011-04-27,117.5
2011-04-28,117.0
2011-04-29,116.0
2011-05-03,113.75
2011-05-04,114.25
2011-05-06,112.75
2011-05-09,113.75
2011-05-10,116.0
2011-05-11,117.25
2011-05-12,115.25
2011-05-13,115.5
2011-05-18,114.75
2011-05-19,114.25
2011-05-20,113.0
2011-05-23,110.25
2011-05-24,110.75
2011-05-25,111.5
2011-05-26,113.25
2011-05-27,113.75
2011-05-30,114.0
2011-05-31,114.75
2011-06-01,114.25
2011-06-02,111.0
2011-06-03,110.75
2011-06-06,108.0
2011-06-07,105.5
2011-06-08,103.75
2011-06-09,104.0
2011-06-10,106.0
2011-06-13,104.25
2011-06-14,105.25
2011-06-15,106.5
2011-06-16,105.25
2011-06-17,104.75
2011-06-20,104.75
2011-06-21,105.5
2011-06-22,106.5
2011-06-23,104.75
2011-06-24,104.5
2011-06-27,104.25
2011-06-28,106.0
2011-06-29,109.0
2011-06-30,111.25
2011-07-04,119.5
2011-07-05,119.25
2011-07-06,118.0
2011-07-07,118.0
2011-07-08,120.0
2011-07-11,117.75
2011-07-12,115.5
2011-07-13,117.0
2011-07-14,116.5
2011-07-18,116.5
2011-07-19,119.0
2011-07-20,120.5
2011-07-21,118.5
2011-07-22,121.0
2011-07-25,123.75
2011-07-26,124.75
2011-07-27,125.75
2011-07-28,126.25
2011-07-29,127.0
2011-08-01,128.0
2011-08-02,125.75
2011-08-03,123.75
2011-08-04,123.25
2011-08-05,118.0
2011-08-08,116.75
2011-08-09,115.75
2011-08-10,118.0
2011-08-11,117.5
2011-08-15,119.0
2011-08-16,118.0
2011-08-17,117.5
2011-08-18,118.0
2011-08-19,116.75
2011-08-22,116.75
2011-08-23,116.5
2011-08-24,115.5
2011-08-25,115.25
2011-08-26,113.75
2011-08-29,115.5
2011-08-30,116.25
2011-08-31,117.75
2011-09-01,119.25
2011-09-02,118.25
2011-09-05,117.0
2011-09-06,116.5
2011-09-07,118.5
2011-09-08,119.25
2011-09-09,119.5
2011-09-12,115.0
2011-09-13,113.5
2011-09-14,112.0
2011-09-15,111.75
2011-09-16,113.25
2011-09-19,111.5
2011-09-20,112.5
2011-09-21,113.75
2011-09-22,110.75
2011-09-23,107.75
2011-09-26,105.0
2011-09-27,108.0
2011-09-28,108.5
2011-09-29,107.0
2011-09-30,107.0
2011-10-03,101.5
2011-10-04,99.9
2011-10-05,97.5
2011-10-06,102.0
2011-10-07,106.5
2011-10-10,107.75
2011-10-11,111.25
2011-10-12,111.5
2011-10-13,112.0
2011-10-14,111.0
2011-10-17,114.0
2011-10-18,110.75
2011-10-19,107.75
2011-10-20,102.0
2011-10-21,101.25
2011-10-25,107.25
2011-10-26,108.5
2011-10-27,112.0
2011-10-28,116.5
2011-10-31,117.25
2011-11-01,116.5
2011-11-02,115.5
2011-11-03,115.25
2011-11-04,116.5
2011-11-07,114.75
2011-11-08,113.75
2011-11-09,112.5
2011-11-10,109.75
2011-11-11,110.0
2011-11-14,111.25
2011-11-15,110.5
2011-11-16,109.25
2011-11-17,108.5
2011-11-18,107.0
2011-11-21,104.25
2011-11-22,104.25
2011-11-23,104.5
2011-11-24,105.25
2011-11-25,103.25
2011-11-28,104.0
2011-11-29,107.25
2011-11-30,108.75
2011-12-01,113.5
2011-12-02,113.75
2011-12-06,113.5
2011-12-07,115.0
2011-12-08,114.5
2011-12-09,112.5
2011-12-13,113.0
2011-12-14,113.0
2011-12-15,111.0
2011-12-16,112.75
2011-12-19,113.0
2011-12-20,114.5
2011-12-21,117.25
2011-12-22,117.25
2011-12-23,116.0
2011-12-26,115.25
2011-12-27,115.0
2011-12-28,115.5
2011-12-29,115.75
2011-12-30,116.25
2012-01-04,115.5
2012-01-05,111.75
2012-01-06,111.0
2012-01-09,111.0
2012-01-10,112.5
2012-01-11,111.0
2012-01-12,111.5
2012-01-13,112.5
2012-01-16,112.25
2012-01-17,114.0
2012-01-18,116.0
2012-01-19,118.75
2012-01-20,119.0
2012-01-23,119.5
2012-01-24,119.75
2012-01-25,118.75
2012-01-26,119.0
2012-01-27,120.75
2012-01-30,119.5
2012-01-31,120.25
2012-02-01,121.25
2012-02-02,123.5
2012-02-03,123.25
2012-02-06,123.0
2012-02-07,123.0
2012-02-08,123.5
2012-02-09,123.75
2012-02-10,125.0
2012-02-13,126.75
2012-02-14,128.25
2012-02-15,131.0
2012-02-16,131.0
2012-02-17,130.25
2012-02-20,128.75
2012-02-21,128.5
2012-02-22,128.75
2012-02-23,128.75
2012-02-24,129.25
2012-02-27,128.0
2012-02-28,126.5
2012-02-29,128.25
2012-03-01,130.25
2012-03-02,131.0
2012-03-05,129.25
2012-03-06,129.0
2012-03-08,133.25
2012-03-09,134.5
2012-03-12,132.0
2012-03-13,132.25
2012-03-14,135.5
2012-03-15,138.5
2012-03-16,142.75
2012-03-19,146.25
2012-03-20,148.5
2012-03-21,151.5
2012-03-22,149.25
2012-03-23,146.25
2012-03-26,143.75
2012-03-27,146.25
2012-03-28,146.25
2012-03-29,145.25
2012-03-30,145.25
2012-04-02,143.0
2012-04-03,146.75
2012-04-04,147.5
2012-04-05,145.75
2012-04-10,143.25
2012-04-11,140.0
2012-04-12,141.75
2012-04-17,141.5
2012-04-18,141.0
2012-04-19,145.5
2012-04-20,146.75
2012-04-23,147.0
2012-04-24,147.25
2012-04-25,145.25
2012-04-26,145.75
2012-04-27,147.5
2012-04-30,152.25
2012-05-02,153.75
2012-05-03,153.5
2012-05-04,153.0
2012-05-08,152.5
2012-05-09,150.75
2012-05-10,148.0
2012-05-11,145.25
2012-05-14,143.0
2012-05-15,144.0
2012-05-16,143.25
2012-05-17,144.25
2012-05-18,142.0
2012-05-21,140.75
2012-05-22,139.0
2012-05-23,135.75
2012-05-24,136.5
2012-05-25,138.0
2012-05-28,138.0
2012-05-29,139.25
2012-05-30,139.5
2012-05-31,139.0
2012-06-01,137.25
2012-06-05,133.75
2012-06-06,134.25
2012-06-07,136.0
2012-06-08,134.25
2012-06-11,137.5
2012-06-12,137.75
2012-06-13,139.0
2012-06-14,138.5
2012-06-15,142.75
2012-06-18,143.0
2012-06-19,143.0
2012-06-20,144.5
2012-06-21,142.75
2012-06-22,141.25
2012-06-25,142.0
2012-06-26,141.25
2012-06-27,144.0
2012-06-28,145.5
2012-06-29,147.0
2012-07-02,149.0
2012-07-03,151.0
2012-07-04,151.5
2012-07-05,151.75
2012-07-06,152.25
2012-07-09,149.75
2012-07-10,150.5
2012-07-11,151.75
2012-07-12,150.75
2012-07-13,153.0
2012-07-16,156.25
2012-07-17,157.75
2012-07-18,158.0
2012-07-19,156.0
2012-07-20,151.75
2012-07-23,147.75
2012-07-24,148.0
2012-07-25,151.25
2012-07-26,151.25
2012-07-27,153.5
2012-07-30,155.75
2012-07-31,159.5
2012-08-01,159.75
2012-08-03,158.25
2012-08-06,158.0
2012-08-07,157.0
2012-08-08,157.25
2012-08-09,158.25
2012-08-10,158.75
2012-08-14,159.0
2012-08-15,158.75
2012-08-16,158.25
2012-08-17,156.0
2012-08-20,153.75
2012-08-21,154.0
2012-08-22,153.75
2012-08-23,154.0
2012-08-24,153.5
2012-08-27,153.5
2012-08-28,153.75
2012-08-29,152.5
2012-08-30,148.75
2012-08-31,149.0
2012-09-03,150.5
2012-09-04,151.5
2012-09-05,150.75
2012-09-06,153.25
2012-09-07,154.25
2012-09-10,155.25
2012-09-11,154.5
2012-09-12,156.0
2012-09-13,157.25
2012-09-14,160.25
2012-09-17,162.25
2012-09-18,160.75
2012-09-19,161.25
2012-09-20,162.75
2012-09-21,164.0
2012-09-24,164.25
2012-09-25,165.5
2012-09-26,164.75
2012-09-27,165.5
2012-09-28,169.5
2012-10-01,167.5
2012-10-02,169.5
2012-10-03,170.5
2012-10-04,170.75
2012-10-05,170.75
2012-10-08,166.75
2012-10-09,165.5
2012-10-10,164.75
2012-10-11,167.75
2012-10-12,168.75
2012-10-15,166.75
2012-10-16,166.0
2012-10-17,164.0
2012-10-18,162.25
2012-10-19,161.25
2012-10-22,161.25
2012-10-24,159.75
2012-10-25,158.75
2012-10-26,158.75
2012-10-29,158.0
2012-10-30,159.0
2012-10-31,160.75
2012-11-01,160.0
2012-11-02,162.0
2012-11-05,161.0
2012-11-06,157.75
2012-11-07,157.75
2012-11-08,158.0
2012-11-09,159.25
2012-11-12,160.25
2012-11-13,158.25
2012-11-14,157.5
2012-11-15,157.0
2012-11-16,158.0
2012-11-19,156.5
2012-11-20,156.5
2012-11-21,156.25
2012-11-22,158.5
2012-11-23,157.75
2012-11-26,157.75
2012-11-27,159.75
2012-11-28,160.0
2012-11-29,162.0
2012-11-30,162.75
2012-12-03,163.75
2012-12-04,165.0
2012-12-06,166.5
2012-12-07,170.5
2012-12-11,173.25
2012-12-12,175.0
2012-12-13,176.0
2012-12-14,175.0
2012-12-17,176.25
2012-12-18,176.5
2012-12-19,177.5
2012-12-20,178.75
2012-12-21,178.0
2012-12-24,177.0
2012-12-25,177.0
2012-12-26,177.5
2012-12-27,178.5
2012-12-28,181.25
2013-01-02,183.0
2013-01-03,183.25
2013-01-04,182.5
2013-01-07,182.75
2013-01-08,182.75
2013-01-09,183.75
2013-01-10,182.0
2013-01-11,177.0
2013-01-14,176.0
2013-01-15,176.25
2013-01-16,174.0
2013-01-17,172.75
2013-01-18,173.75
2013-01-21,175.5
2013-01-22,176.25
2013-01-23,176.0
2013-01-24,176.0
2013-01-25,177.0
2013-01-28,179.75
2013-01-29,180.5
2013-01-30,180.0
2013-01-31,179.0
2013-02-01,180.25
2013-02-04,181.0
2013-02-05,179.5
2013-02-06,179.75
2013-02-07,177.75
2013-02-08,174.75
2013-02-11,172.25
2013-02-12,169.75
2013-02-13,172.5
2013-02-14,173.75
2013-02-15,172.75
2013-02-18,172.25
2013-02-19,172.75
2013-02-20,174.75
2013-02-21,175.5
2013-02-22,177.0
2013-02-26,178.0
2013-02-27,175.25
2013-02-28,176.5
2013-03-01,178.5
2013-03-04,178.75
2013-03-05,178.5
2013-03-06,179.0
2013-03-07,178.5
2013-03-08,179.0
2013-03-11,178.0
2013-03-12,178.0
2013-03-13,179.5
2013-03-14,180.5
2013-03-15,185.25
2013-03-18,185.75
2013-03-19,184.25
2013-03-20,177.75
2013-03-21,174.25
2013-03-22,171.5
2013-03-25,174.5
2013-03-26,176.5
2013-03-27,179.5
2013-03-28,178.75
2013-03-29,179.5
2013-04-01,180.0
2013-04-02,181.75
2013-04-03,183.5
2013-04-04,181.75
2013-04-05,180.0
2013-04-09,176.5
2013-04-10,175.5
2013-04-11,175.75
2013-04-12,177.0
2013-04-17,173.25
2013-04-18,170.25
2013-04-19,175.25
2013-04-22,182.75
2013-04-23,183.25
2013-04-24,188.0
2013-04-25,189.0
2013-04-26,186.75
2013-04-29,187.0
2013-04-30,186.75
2013-05-02,185.75
2013-05-03,185.75
2013-05-07,186.75
2013-05-08,189.5
2013-05-09,189.5
2013-05-10,187.75
2013-05-13,187.75
2013-05-14,191.0
2013-05-15,195.75
2013-05-16,194.75
2013-05-17,192.25
2013-05-20,194.75
2013-05-21,196.75
2013-05-22,194.5
2013-05-23,188.25
2013-05-27,186.0
2013-05-28,186.0
2013-05-29,183.5
2013-05-30,178.25
2013-05-31,175.75
2013-06-03,172.25
2013-06-04,173.75
2013-06-05,175.0
2013-06-06,172.0
2013-06-07,172.5
2013-06-10,176.0
2013-06-11,170.75
2013-06-12,165.0
2013-06-13,162.0
2013-06-14,171.5
2013-06-17,173.5
2013-06-18,170.0
2013-06-19,169.75
2013-06-20,163.0
2013-06-21,159.5
2013-06-24,155.25
2013-06-25,155.5
2013-06-26,163.5
2013-06-27,171.25
2013-06-28,172.25
2013-07-02,170.0
2013-07-03,164.25
2013-07-04,162.25
2013-07-05,162.5
2013-07-08,158.0
2013-07-09,155.5
2013-07-10,153.5
2013-07-11,160.5
2013-07-12,166.25
2013-07-15,166.5
2013-07-16,163.5
2013-07-17,164.5
2013-07-18,166.5
2013-07-19,166.0
2013-07-23,166.0
2013-07-24,166.0
2013-07-25,163.25
2013-07-26,161.75
2013-07-29,160.5
2013-07-30,161.5
2013-07-31,159.75
2013-08-01,160.5
2013-08-02,160.25
2013-08-05,156.75
2013-08-06,155.25
2013-08-07,155.0
2013-08-08,155.5
2013-08-09,154.0
2013-08-13,156.0
2013-08-14,161.25
2013-08-15,163.25
2013-08-16,161.25
2013-08-19,157.5
2013-08-20,151.75
2013-08-21,148.5
2013-08-22,143.25
2013-08-23,143.0
2013-08-26,141.5
2013-08-27,138.5
2013-08-28,135.25
2013-08-29,136.5
2013-08-30,135.75
2013-09-02,138.25
2013-09-03,139.0
2013-09-04,137.25
2013-09-05,138.0
2013-09-06,139.0
2013-09-09,148.25
2013-09-10,153.75
2013-09-11,155.5
2013-09-12,157.5
2013-09-13,156.75
2013-09-16,163.5
2013-09-17,164.75
2013-09-18,163.0
2013-09-19,172.75
2013-09-20,169.75
2013-09-23,164.25
2013-09-24,159.75
2013-09-25,159.25
2013-09-26,157.25
2013-09-27,155.75
2013-09-30,150.0
2013-10-01,152.0
2013-10-02,152.0
2013-10-03,154.25
2013-10-04,154.5
2013-10-07,153.5
2013-10-08,154.0
2013-10-09,156.0
2013-10-10,159.0
2013-10-11,162.75
2013-10-14,161.0
2013-10-15,164.75
2013-10-16,164.5
2013-10-17,163.0
2013-10-18,163.25
2013-10-21,161.25
2013-10-22,160.0
2013-10-24,161.0
2013-10-25,161.75
2013-10-28,160.75
2013-10-29,161.25
2013-10-30,161.75
2013-10-31,162.5
2013-11-01,161.75
2013-11-04,159.0
2013-11-05,159.25
2013-11-06,164.25
2013-11-07,166.5
2013-11-08,165.75
2013-11-11,165.25
2013-11-12,168.5
2013-11-13,166.0
2013-11-14,165.5
2013-11-15,167.25
2013-11-18,167.5
2013-11-19,166.25
2013-11-20,165.5
2013-11-21,159.5
2013-11-22,157.5
2013-11-25,157.5
2013-11-26,159.25
2013-11-27,159.0
2013-11-28,158.75
2013-11-29,157.0
2013-12-02,154.75
2013-12-03,157.0
2013-12-04,157.25
2013-12-06,155.5
2013-12-09,155.25
2013-12-11,154.25
2013-12-12,154.0
2013-12-13,153.5
2013-12-16,153.25
2013-12-17,155.75
2013-12-18,157.75
2013-12-19,156.75
2013-12-20,153.25
2013-12-23,152.25
2013-12-24,151.75
2013-12-25,152.25
2013-12-26,149.75
2013-12-27,144.5
2014-01-02,137.5
2014-01-03,132.25
2014-01-06,136.0
2014-01-07,142.5
2014-01-08,142.0
2014-01-09,141.25
2014-01-10,141.25
2014-01-13,143.25
2014-01-14,147.25
2014-01-15,145.25
2014-01-16,146.25
2014-01-17,147.5
2014-01-20,146.5
2014-01-21,147.0
2014-01-22,148.0
2014-01-23,154.0
2014-01-24,155.75
2014-01-27,151.25
2014-01-28,147.75
2014-01-29,146.5
2014-01-30,145.25
2014-01-31,147.75
2014-02-03,150.0
2014-02-04,147.0
2014-02-05,146.5
2014-02-06,147.0
2014-02-07,148.0
2014-02-10,147.0
2014-02-11,147.0
2014-02-12,148.75
2014-02-13,149.5
2014-02-17,151.25
2014-02-18,152.0
2014-02-19,152.0
2014-02-20,148.75
2014-02-21,148.0
2014-02-24,147.5
2014-02-25,147.25
2014-02-26,147.5
2014-02-27,149.75
2014-02-28,151.5
2014-03-03,153.0
2014-03-04,154.5
2014-03-05,156.25
2014-03-06,157.5
2014-03-07,158.5
2014-03-10,157.25
2014-03-11,156.5
2014-03-12,156.5
2014-03-13,157.0
2014-03-14,156.75
2014-03-17,158.0
2014-03-18,158.5
2014-03-19,158.25
2014-03-20,156.25
2014-03-21,155.25
2014-03-24,152.75
2014-03-25,153.5
2014-03-26,155.5
2014-03-27,154.0
2014-03-28,155.25
2014-03-31,157.25
2014-04-01,158.25
2014-04-02,160.5
2014-04-03,160.5
2014-04-04,161.5
2014-04-08,162.0
2014-04-09,162.0
2014-04-10,161.5
2014-04-11,159.0
2014-04-16,160.25
2014-04-17,161.75
2014-04-18,164.0
2014-04-21,164.75
2014-04-22,167.0
2014-04-23,168.5
2014-04-24,167.5
2014-04-25,164.5
2014-04-28,165.0
2014-04-29,165.5
2014-04-30,165.75
2014-05-02,166.5
2014-05-06,166.75
2014-05-07,164.25
2014-05-08,162.0
2014-05-09,160.25
2014-05-12,160.5
2014-05-14,163.25
2014-05-15,165.25
2014-05-16,166.25
2014-05-19,168.0
2014-05-20,164.5
2014-05-21,163.0
2014-05-22,161.75
2014-05-23,156.75
2014-05-26,157.75
2014-05-27,157.75
2014-05-28,159.5
2014-05-29,160.25
2014-05-30,160.0
2014-06-02,163.25
2014-06-03,168.25
2014-06-04,166.75
2014-06-05,167.25
2014-06-06,168.0
2014-06-09,167.25
2014-06-10,168.5
2014-06-11,170.0
2014-06-12,169.25
2014-06-13,168.25
2014-06-16,168.25
2014-06-17,168.25
2014-06-18,167.0
2014-06-19,166.75
2014-06-20,167.0
2014-06-23,167.25
2014-06-24,166.25
2014-06-25,166.75
2014-06-26,167.25
2014-06-27,167.75
2014-06-30,168.25
2014-07-02,171.0
2014-07-03,174.25
2014-07-04,177.0
2014-07-07,178.0
2014-07-08,178.75
2014-07-09,178.75
2014-07-10,181.0
2014-07-14,184.25
2014-07-15,185.5
2014-07-16,185.25
2014-07-17,184.5
2014-07-18,182.25
2014-07-21,181.0
2014-07-22,182.0
2014-07-23,182.0
2014-07-24,183.25
2014-07-25,183.0
2014-07-28,180.75
2014-07-29,178.5
2014-07-30,178.75
2014-07-31,178.25
2014-08-01,178.0
2014-08-04,182.5
2014-08-05,183.5
2014-08-06,181.5
2014-08-07,182.0
2014-08-08,181.0
2014-08-13,183.75
2014-08-14,186.75
2014-08-15,186.75
2014-08-18,188.0
2014-08-19,189.25
2014-08-20,189.5
2014-08-21,189.75
2014-08-22,189.5
2014-08-25,189.75
2014-08-26,190.5
2014-08-27,190.5
2014-08-28,190.25
2014-08-29,187.5
2014-09-01,189.25
2014-09-02,191.25
2014-09-03,193.75
2014-09-04,193.0
2014-09-05,191.75
2014-09-08,192.0
2014-09-09,190.25
2014-09-10,188.25
2014-09-11,186.0
2014-09-12,186.25
2014-09-15,186.75
2014-09-16,186.5
2014-09-17,187.0
2014-09-18,189.0
2014-09-19,189.75
2014-09-22,188.0
2014-09-23,187.5
2014-09-24,187.0
2014-09-25,186.75
2014-09-26,186.25
2014-09-29,184.5
2014-09-30,182.5
2014-10-01,183.0
2014-10-02,180.25
2014-10-03,180.75
2014-10-06,179.5
2014-10-07,177.25
2014-10-08,176.75
2014-10-09,178.75
2014-10-10,176.75
2014-10-13,176.75
2014-10-14,176.75
2014-10-15,176.25
2014-10-16,173.75
2014-10-17,173.25
2014-10-20,174.5
2014-10-21,173.5
2014-10-22,171.5
2014-10-24,171.5
2014-10-27,172.25
2014-10-28,173.5
2014-10-29,176.25
2014-10-30,176.75
2014-10-31,176.75
2014-11-03,180.25
2014-11-04,183.0
2014-11-05,184.25
2014-11-06,185.5
2014-11-07,184.75
2014-11-10,184.0
2014-11-11,183.25
2014-11-12,182.75
2014-11-13,184.125
2014-11-14,185.5
2014-11-17,185.5
2014-11-18,185.5
2014-11-19,185.5
2014-11-20,186.0
2014-11-21,186.5
2014-11-24,187.875
2014-11-25,189.25
2014-11-26,190.625
2014-11-27,192.0
2014-11-28,194.25
2014-12-01,197.25
2014-12-02,196.25
2014-12-03,194.75
2014-12-04,191.5
2014-12-08,191.5
2014-12-09,190.0
2014-12-11,187.25
2014-12-12,184.75
2014-12-15,183.75
2014-12-16,179.75
2014-12-17,179.75
2014-12-18,182.5
2014-12-19,181.75
2014-12-22,181.75
2014-12-23,184.0
2014-12-24,184.75
2014-12-25,182.75
2014-12-26,183.25
2014-12-29,184.0
2014-12-30,183.5
2015-01-05,180.5
2015-01-06,175.5
2015-01-07,176.75
2015-01-08,181.5
2015-01-09,183.75
2015-01-12,182.5
2015-01-13,181.0
2015-01-14,181.5
2015-01-15,181.25
2015-01-16,180.5
2015-01-19,181.25
2015-01-20,178.75
2015-01-21,179.25
2015-01-22,180.75
2015-01-23,185.0
2015-01-26,186.0
2015-01-27,186.75
2015-01-28,186.25
2015-01-29,184.25
2015-01-30,179.75
2015-02-02,179.0
2015-02-03,180.75
2015-02-04,183.25
2015-02-05,182.5
2015-02-06,183.5
2015-02-09,179.5
2015-02-10,177.75
2015-02-11,179.0
2015-02-12,179.75
2015-02-13,179.5
2015-02-16,178.5
2015-02-17,177.5
2015-02-18,176.5
2015-02-19,176.75
2015-02-20,176.5
2015-02-23,176.5
2015-02-24,175.75
2015-02-25,176.25
2015-02-26,173.5
2015-02-27,170.0
2015-03-02,168.75
2015-03-03,168.5
2015-03-05,172.25
2015-03-06,176.75
2015-03-09,177.75
2015-03-10,177.0
2015-03-11,176.5
2015-03-12,177.5
2015-03-13,176.0
2015-03-16,174.0
2015-03-17,173.5
2015-03-18,173.5
2015-03-19,174.5
2015-03-20,174.75
2015-03-23,175.0
2015-03-24,174.25
2015-03-25,174.25
2015-03-26,173.75
2015-03-27,174.25
2015-03-30,176.5
2015-03-31,178.25
2015-04-01,177.5
2015-04-02,177.75
2015-04-03,177.75
2015-04-07,177.5
2015-04-08,179.0
2015-04-09,180.75
2015-04-10,178.0
2015-04-16,177.5
2015-04-17,176.25
2015-04-20,172.25
2015-04-21,175.0
2015-04-22,174.75
2015-04-23,170.75
2015-04-24,169.25
2015-04-27,167.5
2015-04-28,164.0
2015-04-29,160.75
2015-04-30,159.5
2015-05-04,159.0
2015-05-06,159.25
2015-05-07,159.75
2015-05-08,163.25
2015-05-11,164.5
2015-05-12,163.0
2015-05-13,163.25
2015-05-14,162.5
2015-05-15,163.0
2015-05-18,163.75
2015-05-19,164.0
2015-05-20,161.5
2015-05-21,160.25
2015-05-22,161.25
2015-05-25,161.0
2015-05-26,160.5
2015-05-27,159.75
2015-05-28,160.5
2015-05-29,159.5
2015-06-02,156.25
2015-06-03,155.0
2015-06-04,157.5
2015-06-05,159.75
2015-06-08,160.5
2015-06-09,159.5
2015-06-10,159.5
2015-06-11,160.75
2015-06-12,160.75
2015-06-15,160.0
2015-06-16,159.75
2015-06-17,160.25
2015-06-18,160.75
2015-06-19,159.25
2015-06-22,159.0
2015-06-23,159.75
2015-06-24,160.75
2015-06-25,162.0
2015-06-26,161.5
2015-06-29,160.25
2015-06-30,157.75
2015-07-02,152.75
2015-07-03,151.0
2015-07-06,150.75
2015-07-07,151.5
2015-07-08,149.25
2015-07-09,148.25
2015-07-10,151.75
2015-07-13,154.0
2015-07-14,153.5
2015-07-15,152.0
2015-07-16,151.5
2015-07-17,150.75
2015-07-20,150.0
2015-07-21,149.0
2015-07-22,149.0
2015-07-23,149.5
2015-07-24,148.5
2015-07-27,147.0
2015-07-28,146.25
2015-07-29,147.0
2015-07-31,149.5
2015-08-03,152.5
2015-08-04,153.0
2015-08-05,152.5
2015-08-06,150.25
2015-08-07,148.75
2015-08-10,147.5
2015-08-11,147.25
2015-08-13,145.0
2015-08-14,144.5
2015-08-17,144.75
2015-08-18,140.75
2015-08-19,141.75
2015-08-20,141.25
2015-08-21,139.5
2015-08-24,132.25
2015-08-25,135.0
2015-08-26,135.75
2015-08-27,142.5
2015-08-28,145.0
2015-08-31,143.0
2015-09-01,141.0
2015-09-02,140.25
2015-09-03,141.0
2015-09-04,138.25
2015-09-07,136.5
2015-09-08,138.0
2015-09-09,142.0
2015-09-10,141.5
2015-09-11,141.25
2015-09-14,141.0
2015-09-15,141.25
2015-09-16,143.5
2015-09-17,145.25
2015-09-18,145.0
2015-09-21,140.75
2015-09-22,141.0
2015-09-23,136.5
2015-09-24,138.75
2015-09-25,139.75
2015-09-28,136.25
2015-09-29,134.25
2015-09-30,135.0
2015-10-01,134.75
2015-10-02,134.5
2015-10-05,138.25
2015-10-06,139.5
2015-10-07,140.5
2015-10-08,142.25
2015-10-09,144.75
2015-10-12,145.75
2015-10-13,144.75
2015-10-14,143.25
2015-10-15,144.5
2015-10-16,146.0
2015-10-19,145.25
2015-10-20,142.75
2015-10-21,142.75
2015-10-22,143.0
2015-10-26,142.5
2015-10-27,141.0
2015-10-28,138.5
2015-10-29,134.75
2015-10-30,134.0
2015-11-02,136.25
2015-11-03,138.75
2015-11-04,138.75
2015-11-05,137.25
2015-11-06,137.0
2015-11-09,135.5
2015-11-10,133.75
2015-11-11,133.0
2015-11-12,134.5
2015-11-13,134.0
2015-11-16,133.25
2015-11-17,133.75
2015-11-18,131.75
2015-11-19,131.0
2015-11-20,131.75
2015-11-23,133.25
2015-11-24,133.25
2015-11-25,134.25
2015-11-26,134.25
2015-11-27,133.25
2015-11-30,131.75
2015-12-01,132.75
2015-12-02,131.25
2015-12-03,130.25
2015-12-04,129.5
2015-12-08,128.25
2015-12-09,128.0
2015-12-11,125.5
2015-12-14,121.25
2015-12-15,124.0
2015-12-16,125.25
2015-12-17,126.75
2015-12-18,123.5
2015-12-21,121.25
2015-12-22,121.0
2015-12-23,120.5
2015-12-24,120.75
2015-12-25,120.0
2015-12-28,120.25
2015-12-29,120.0
2015-12-30,119.5
2016-01-04,118.5
2016-01-05,117.25
2016-01-06,117.25
2016-01-07,114.5
2016-01-08,114.5
2016-01-11,113.75
2016-01-12,116.0
2016-01-13,122.25
2016-01-14,119.75
2016-01-15,116.75
2016-01-18,113.5
2016-01-19,116.25
2016-01-20,116.5
2016-01-21,117.0
2016-01-22,118.5
2016-01-25,120.5
2016-01-26,119.0
2016-01-27,122.0
2016-01-28,126.0
2016-01-29,128.25
2016-02-01,131.25
2016-02-02,129.5
2016-02-03,127.0
2016-02-04,130.25
2016-02-05,131.75
2016-02-08,133.25
2016-02-09,131.75
2016-02-10,131.5
2016-02-11,130.25
2016-02-12,129.75
2016-02-15,131.75
2016-02-16,132.5
2016-02-17,130.25
2016-02-18,131.75
2016-02-19,133.25
2016-02-23,136.25
2016-02-24,139.0
2016-02-25,140.0
2016-02-26,139.75
2016-02-29,139.25
2016-03-01,139.0
2016-03-02,141.0
2016-03-03,143.25
2016-03-04,143.5
2016-03-07,143.75
2016-03-08,143.25
2016-03-09,143.0
2016-03-10,141.5
2016-03-11,141.5
2016-03-14,143.5
2016-03-15,143.5
2016-03-16,142.0
2016-03-17,141.25
2016-03-18,141.5
2016-03-21,142.5
2016-03-22,143.75
2016-03-23,145.0
2016-03-24,145.25
2016-03-25,143.25
2016-03-28,140.0
2016-03-29,137.0
2016-03-30,139.5
2016-03-31,140.25
2016-04-01,139.25
2016-04-04,138.75
2016-04-05,133.0
2016-04-07,129.5
2016-04-08,129.25
2016-04-11,131.5
2016-04-12,134.25
2016-04-18,134.0
2016-04-19,133.75
2016-04-20,133.25
2016-04-21,134.5
2016-04-22,132.25
2016-04-25,132.5
2016-04-26,132.5
2016-04-27,133.0
2016-04-28,132.0
2016-04-29,132.5
2016-05-03,132.5
2016-05-04,131.75
2016-05-09,131.0
2016-05-10,129.0
2016-05-11,127.25
2016-05-12,126.25
2016-05-13,125.75
2016-05-16,126.0
2016-05-17,127.0
2016-05-18,127.0
2016-05-19,125.75
2016-05-23,124.75
2016-05-24,125.0
2016-05-25,127.0
2016-05-26,128.25
2016-05-27,128.25
2016-05-30,131.75
2016-05-31,133.5
2016-06-01,135.5
2016-06-02,137.0
2016-06-03,138.75
2016-06-06,140.25
2016-06-07,143.25
2016-06-08,141.75
2016-06-09,139.5
2016-06-10,136.5
2016-06-13,134.25
2016-06-14,134.75
2016-06-15,135.5
2016-06-16,132.75
2016-06-17,133.5
2016-06-20,134.25
2016-06-21,133.5
2016-06-22,132.25
2016-06-23,133.25
2016-06-24,131.5
2016-06-27,132.75
2016-06-28,135.0
2016-06-29,138.5
2016-06-30,140.0
2016-07-04,141.5
2016-07-05,144.0
2016-07-06,142.25
2016-07-07,144.5
2016-07-08,145.0
2016-07-11,148.25
2016-07-12,149.0
2016-07-13,149.75
2016-07-14,150.25
2016-07-15,151.25
2016-07-20,152.5
2016-07-21,151.5
2016-07-22,149.5
2016-07-25,151.0
2016-07-26,151.5
2016-07-27,152.5
2016-07-28,155.75
2016-07-29,159.0
2016-08-01,159.75
2016-08-02,156.5
2016-08-03,156.0
2016-08-04,155.25
2016-08-05,156.0
2016-08-08,162.0
2016-08-09,164.0
2016-08-10,164.75
2016-08-11,163.0
2016-08-15,161.5
2016-08-16,159.75
2016-08-17,157.0
2016-08-18,159.0
2016-08-19,158.75
2016-08-22,158.0
2016-08-23,157.0
2016-08-24,157.5
2016-08-25,158.0
2016-08-26,159.25
2016-08-29,159.75
2016-08-30,160.5
2016-08-31,160.0
2016-09-01,160.5
2016-09-02,156.75
2016-09-05,153.25
2016-09-06,149.25
2016-09-07,149.25
2016-09-08,148.25
2016-09-09,146.5
2016-09-12,143.75
2016-09-13,149.25
2016-09-14,152.5
2016-09-15,153.0
2016-09-16,153.25
2016-09-19,153.5
2016-09-20,152.0
2016-09-21,152.25
2016-09-22,154.0
2016-09-23,153.5
2016-09-26,150.75
2016-09-27,151.0
2016-09-28,150.25
2016-09-29,150.25
2016-09-30,148.25
2016-10-03,149.5
2016-10-04,151.0
2016-10-05,151.75
2016-10-06,151.75
2016-10-07,151.5
2016-10-10,145.0
2016-10-11,144.75
2016-10-12,140.5
2016-10-13,140.25
2016-10-14,149.0
2016-10-17,147.25
2016-10-18,147.0
2016-10-19,143.75
2016-10-20,146.0
2016-10-21,146.0
2016-10-25,145.75
2016-10-26,144.25
2016-10-27,144.0
2016-10-28,144.5
2016-10-31,143.25
2016-11-01,143.5
2016-11-02,143.5
2016-11-03,143.0
2016-11-04,140.75
2016-11-07,142.5
2016-11-08,145.25
2016-11-09,144.0
2016-11-10,145.75
2016-11-11,142.75
2016-11-14,138.5
2016-11-15,140.25
2016-11-16,141.25
2016-11-17,142.5
2016-11-18,144.0
2016-11-21,143.0
2016-11-22,143.75
2016-11-23,145.0
2016-11-24,143.75
2016-11-25,144.25
2016-11-28,144.75
2016-11-29,145.75
2016-11-30,145.75
2016-12-01,146.0
2016-12-02,145.25
2016-12-06,145.5
2016-12-07,146.75
2016-12-08,149.0
2016-12-09,150.5
2016-12-13,149.75
2016-12-14,147.75
2016-12-15,146.0
2016-12-16,147.25
2016-12-19,146.75
2016-12-20,146.25
2016-12-21,145.75
2016-12-22,145.75
2016-12-23,146.5
2016-12-26,147.5
2016-12-27,148.5
2016-12-28,149.0
2016-12-29,150.0
2016-12-30,152.0
2017-01-04,154.25
2017-01-05,156.5
2017-01-06,156.5
2017-01-09,156.5
2017-01-10,156.75
2017-01-11,157.5
2017-01-12,157.0
2017-01-16,155.75
2017-01-17,155.0
2017-01-18,155.75
2017-01-19,155.0
2017-01-20,151.0
2017-01-23,150.75
2017-01-24,150.25
2017-01-25,151.5
2017-01-26,153.5
2017-01-27,153.0
2017-01-30,152.5
2017-01-31,151.5
2017-02-01,151.25
2017-02-02,151.5
2017-02-03,152.0
2017-02-06,154.25
2017-02-07,154.25
2017-02-08,153.75
2017-02-09,154.25
2017-02-10,154.25
2017-02-14,154.0
2017-02-15,154.0
2017-02-16,154.0
2017-02-17,154.0
2017-02-20,154.0
2017-02-21,153.0
2017-02-22,152.5
2017-02-23,152.0
2017-02-24,152.0
2017-02-27,152.25
2017-02-28,153.5
2017-03-01,154.5
2017-03-02,155.75
2017-03-03,155.25
2017-03-06,154.0
2017-03-07,153.0
2017-03-08,154.0
2017-03-09,155.25
2017-03-10,155.0
2017-03-13,155.0
2017-03-14,155.25
2017-03-15,154.5
2017-03-16,156.0
2017-03-17,157.5
2017-03-20,158.25
2017-03-21,159.0
2017-03-22,158.0
2017-03-23,159.5
2017-03-24,160.25
2017-03-27,161.25
2017-03-28,162.0
2017-03-29,162.5
2017-03-30,162.75
2017-03-31,163.0
2017-04-03,163.0
2017-04-04,162.0
2017-04-05,162.75
2017-04-07,163.5
2017-04-10,163.25
2017-04-11,164.0
2017-04-12,164.75
2017-04-17,164.25
2017-04-18,163.75
2017-04-19,161.5
2017-04-20,159.5
2017-04-21,159.75
2017-04-24,156.0
2017-04-25,155.5
2017-04-26,156.5
2017-04-27,156.75
2017-04-28,156.0
2017-05-02,155.5
2017-05-03,155.25
2017-05-04,156.0
2017-05-08,157.0
2017-05-09,157.0
2017-05-11,156.25
2017-05-12,155.0
2017-05-15,152.0
2017-05-16,151.25
2017-05-17,151.5
2017-05-18,151.0
2017-05-19,151.5
2017-05-22,153.5
2017-05-23,155.5
2017-05-24,156.0
2017-05-25,154.75
2017-05-26,154.5
2017-05-29,154.0
2017-05-30,154.5
2017-05-31,154.0
2017-06-01,154.0
2017-06-02,156.0
2017-06-05,156.5
2017-06-06,155.75
2017-06-07,155.0
2017-06-08,155.5
2017-06-09,154.5
2017-06-12,154.25
2017-06-13,154.75
2017-06-14,155.0
2017-06-15,154.25
2017-06-16,155.0
2017-06-19,155.75
2017-06-20,155.25
2017-06-21,154.25
2017-06-22,154.0
2017-06-23,154.0
2017-06-26,154.25
2017-06-27,155.0
2017-06-28,155.25
2017-06-29,155.75
2017-06-30,155.5
2017-07-03,156.5
2017-07-04,156.0
2017-07-05,156.0
2017-07-06,154.75
2017-07-07,154.0
2017-07-11,155.0
2017-07-12,156.5
2017-07-13,158.0
2017-07-14,157.0
2017-07-17,157.25
2017-07-18,155.25
2017-07-19,154.0
2017-07-20,152.5
2017-07-21,151.75
2017-07-24,151.75
2017-07-25,152.0
2017-07-26,152.0
2017-07-27,151.25
2017-07-31,148.75
2017-08-01,145.75
2017-08-02,145.75
2017-08-03,145.25
2017-08-04,144.0
2017-08-07,141.75
2017-08-08,143.0
2017-08-09,144.0
2017-08-10,143.75
2017-08-11,143.0
2017-08-15,143.75
2017-08-16,142.0
2017-08-17,141.75
2017-08-18,142.25
2017-08-21,142.75
2017-08-22,143.25
2017-08-23,144.75
2017-08-24,145.25
2017-08-25,144.25
2017-08-28,144.5
2017-08-29,146.5
2017-08-30,150.5
2017-08-31,150.5
2017-09-01,151.0
2017-09-04,149.75
2017-09-05,148.5
2017-09-06,147.5
2017-09-07,147.25
2017-09-08,149.0
2017-09-11,149.75
2017-09-12,151.0
2017-09-13,152.0
2017-09-14,152.75
2017-09-15,154.5
2017-09-18,156.0
2017-09-19,155.25
2017-09-20,154.5
2017-09-21,153.75
2017-09-22,153.5
2017-09-25,154.25
2017-09-26,154.25
2017-09-27,154.0
2017-09-28,153.75
2017-09-29,153.25
2017-10-02,154.25
2017-10-03,154.75
2017-10-04,153.75
2017-10-05,152.0
2017-10-06,151.5
2017-10-09,150.75
2017-10-10,150.25
2017-10-11,150.75
2017-10-12,151.75
2017-10-16,151.0
2017-10-17,150.75
2017-10-18,149.0
2017-10-19,148.25
2017-10-20,147.75
2017-10-24,146.25
2017-10-25,146.75
2017-10-27,147.0
2017-10-30,146.75
2017-10-31,146.5
2017-11-01,147.0
2017-11-02,146.25
2017-11-03,146.5
2017-11-06,146.75
2017-11-07,146.75
2017-11-08,149.5
2017-11-09,149.5
2017-11-10,149.0
2017-11-13,149.75
2017-11-14,150.75
2017-11-15,148.5
2017-11-16,147.5
2017-11-17,149.0
2017-11-20,150.0
2017-11-21,149.0
2017-11-22,149.5
2017-11-23,150.0
2017-11-24,148.75
2017-11-27,147.5
2017-11-28,147.5
2017-11-29,148.5
2017-11-30,151.25
2017-12-01,153.5
2017-12-04,153.75
2017-12-06,153.25
2017-12-07,152.0
2017-12-08,151.0
2017-12-12,151.75
2017-12-13,151.5
2017-12-14,151.25
2017-12-15,149.5
2017-12-18,149.75
2017-12-19,150.5
2017-12-20,151.0
2017-12-21,151.25
2017-12-22,150.75
2017-12-25,151.5
2017-12-26,150.5
2017-12-27,149.5
2017-12-28,148.75
2017-12-29,149.0
