Date,TCAP
2007-01-03,13.7
2007-01-04,13.3
2007-01-05,12.85
2007-01-08,12.2
2007-01-09,11.8
2007-01-10,11.65
2007-01-11,12.05
2007-01-12,12.1
2007-01-15,12.25
2007-01-16,12.45
2007-01-17,12.3
2007-01-18,12.3
2007-01-19,12.3
2007-01-22,12.0
2007-01-23,11.2
2007-01-24,11.0
2007-01-25,11.05
2007-01-26,11.2
2007-01-29,11.45
2007-01-30,11.15
2007-01-31,11.149999999999999
2007-02-01,11.25
2007-02-02,11.600000000000001
2007-02-05,12.1
2007-02-06,12.2
2007-02-07,12.45
2007-02-08,13.05
2007-02-09,13.5
2007-02-12,13.25
2007-02-13,13.149999999999999
2007-02-14,13.350000000000001
2007-02-15,13.350000000000001
2007-02-16,13.100000000000001
2007-02-19,12.95
2007-02-20,13.1
2007-02-21,13.05
2007-02-22,13.350000000000001
2007-02-23,13.25
2007-02-26,13.2
2007-02-27,13.05
2007-02-28,12.35
2007-03-01,12.649999999999999
2007-03-02,12.8
2007-03-06,12.5
2007-03-07,12.4
2007-03-08,12.350000000000001
2007-03-09,12.4
2007-03-12,12.5
2007-03-13,12.6
2007-03-14,12.4
2007-03-15,12.45
2007-03-16,12.45
2007-03-19,12.3
2007-03-20,12.25
2007-03-21,12.100000000000001
2007-03-22,11.75
2007-03-23,11.850000000000001
2007-03-26,12.100000000000001
2007-03-27,12.55
2007-03-28,12.75
2007-03-29,12.7
2007-03-30,14.05
2007-04-02,14.35
2007-04-03,14.7
2007-04-04,14.7
2007-04-05,14.5
2007-04-09,14.3
2007-04-10,14.3
2007-04-11,14.55
2007-04-12,14.649999999999999
2007-04-17,14.7
2007-04-18,14.8
2007-04-19,14.5
2007-04-20,14.350000000000001
2007-04-23,14.45
2007-04-24,14.45
2007-04-25,14.4
2007-04-26,14.4
2007-04-27,14.4
2007-04-30,14.45
2007-05-02,14.5
2007-05-03,14.4
2007-05-04,14.45
2007-05-08,14.45
2007-05-09,14.4
2007-05-10,13.75
2007-05-11,13.4
2007-05-14,13.350000000000001
2007-05-15,13.45
2007-05-16,13.25
2007-05-17,13.4
2007-05-18,13.45
2007-05-21,13.45
2007-05-22,13.45
2007-05-23,13.25
2007-05-24,13.100000000000001
2007-05-25,12.95
2007-05-28,13.1
2007-05-29,13.0
2007-05-30,13.0
2007-06-01,13.35
2007-06-04,14.0
2007-06-05,14.05
2007-06-06,13.8
2007-06-07,13.7
2007-06-08,13.6
2007-06-11,13.55
2007-06-12,13.6
2007-06-13,13.2
2007-06-14,13.149999999999999
2007-06-15,13.399999999999999
2007-06-18,13.75
2007-06-19,13.65
2007-06-20,13.75
2007-06-21,14.100000000000001
2007-06-22,14.649999999999999
2007-06-25,14.45
2007-06-26,14.45
2007-06-27,14.45
2007-06-28,14.5
2007-06-29,14.5
2007-07-02,14.55
2007-07-03,15.15
2007-07-04,15.850000000000001
2007-07-05,16.05
2007-07-06,16.15
2007-07-09,16.299999999999997
2007-07-10,16.45
2007-07-11,16.15
2007-07-12,16.1
2007-07-13,16.45
2007-07-16,16.299999999999997
2007-07-17,16.3
2007-07-18,16.4
2007-07-19,16.299999999999997
2007-07-20,16.4
2007-07-23,16.6
2007-07-24,17.9
2007-07-25,17.85
2007-07-26,17.55
2007-07-27,16.75
2007-07-31,16.6
2007-08-01,16.15
2007-08-02,15.8
2007-08-03,15.8
2007-08-06,15.4
2007-08-07,15.4
2007-08-08,15.6
2007-08-09,15.75
2007-08-10,15.15
2007-08-14,15.25
2007-08-15,14.8
2007-08-16,14.2
2007-08-17,14.3
2007-08-20,15.15
2007-08-21,15.100000000000001
2007-08-22,15.100000000000001
2007-08-23,15.55
2007-08-24,15.25
2007-08-27,15.3
2007-08-28,15.1
2007-08-29,15.15
2007-08-30,15.3
2007-08-31,15.3
2007-09-03,15.350000000000001
2007-09-04,15.3
2007-09-05,15.25
2007-09-06,15.149999999999999
2007-09-07,15.149999999999999
2007-09-10,15.0
2007-09-11,15.0
2007-09-12,15.1
2007-09-13,15.2
2007-09-14,15.3
2007-09-17,15.15
2007-09-18,14.95
2007-09-19,15.05
2007-09-20,15.1
2007-09-21,15.25
2007-09-24,15.55
2007-09-25,15.6
2007-09-26,15.8
2007-09-27,15.85
2007-09-28,15.75
2007-10-01,15.649999999999999
2007-10-02,15.649999999999999
2007-10-03,15.649999999999999
2007-10-04,15.6
2007-10-05,15.7
2007-10-08,15.75
2007-10-09,15.850000000000001
2007-10-10,16.3
2007-10-11,16.8
2007-10-12,16.9
2007-10-15,16.5
2007-10-16,16.2
2007-10-17,16.1
2007-10-18,16.25
2007-10-19,16.05
2007-10-22,15.75
2007-10-24,15.85
2007-10-25,16.299999999999997
2007-10-26,16.6
2007-10-29,16.6
2007-10-30,16.35
2007-10-31,16.35
2007-11-01,16.35
2007-11-02,15.9
2007-11-05,15.75
2007-11-06,15.4
2007-11-07,15.25
2007-11-08,15.0
2007-11-09,15.1
2007-11-12,15.0
2007-11-13,14.8
2007-11-14,14.9
2007-11-15,14.850000000000001
2007-11-16,14.6
2007-11-19,14.5
2007-11-20,14.25
2007-11-21,14.05
2007-11-22,14.05
2007-11-23,14.05
2007-11-26,14.5
2007-11-27,14.600000000000001
2007-11-28,14.7
2007-11-29,14.850000000000001
2007-11-30,14.65
2007-12-03,14.5
2007-12-04,14.45
2007-12-06,14.350000000000001
2007-12-07,14.5
2007-12-11,14.35
2007-12-12,14.0
2007-12-13,13.95
2007-12-14,14.05
2007-12-17,13.95
2007-12-18,13.850000000000001
2007-12-19,14.0
2007-12-20,13.8
2007-12-21,13.8
2007-12-24,13.9
2007-12-25,14.0
2007-12-26,14.1
2007-12-27,14.25
2007-12-28,14.45
2008-01-02,14.2
2008-01-03,14.05
2008-01-04,13.95
2008-01-07,13.9
2008-01-08,13.9
2008-01-09,13.9
2008-01-10,13.9
2008-01-11,13.95
2008-01-14,13.9
2008-01-15,13.7
2008-01-16,13.4
2008-01-17,13.350000000000001
2008-01-18,13.4
2008-01-21,13.55
2008-01-22,13.05
2008-01-23,13.0
2008-01-24,12.850000000000001
2008-01-25,13.25
2008-01-28,13.25
2008-01-29,13.6
2008-01-30,13.8
2008-01-31,14.0
2008-02-01,14.45
2008-02-04,14.649999999999999
2008-02-05,14.5
2008-02-06,14.149999999999999
2008-02-07,14.25
2008-02-08,14.55
2008-02-11,14.7
2008-02-12,15.100000000000001
2008-02-13,15.5
2008-02-14,15.55
2008-02-15,15.35
2008-02-18,15.5
2008-02-19,15.6
2008-02-20,15.55
2008-02-22,15.350000000000001
2008-02-25,15.4
2008-02-26,15.45
2008-02-27,15.5
2008-02-28,15.6
2008-02-29,15.5
2008-03-03,15.3
2008-03-04,15.149999999999999
2008-03-05,15.1
2008-03-06,15.1
2008-03-07,15.0
2008-03-10,14.75
2008-03-11,14.649999999999999
2008-03-12,14.7
2008-03-13,14.6
2008-03-14,14.6
2008-03-17,14.5
2008-03-18,14.600000000000001
2008-03-19,15.0
2008-03-20,14.9
2008-03-21,15.25
2008-03-24,15.3
2008-03-25,15.350000000000001
2008-03-26,15.25
2008-03-27,15.350000000000001
2008-03-28,15.4
2008-03-31,15.5
2008-04-01,15.4
2008-04-02,15.5
2008-04-03,15.45
2008-04-04,15.350000000000001
2008-04-08,15.3
2008-04-09,15.4
2008-04-10,15.4
2008-04-11,15.350000000000001
2008-04-16,15.65
2008-04-17,16.1
2008-04-18,16.15
2008-04-21,17.65
2008-04-22,17.799999999999997
2008-04-23,17.15
2008-04-24,16.6
2008-04-25,16.75
2008-04-28,16.950000000000003
2008-04-29,16.85
2008-04-30,16.85
2008-05-02,17.2
2008-05-06,17.55
2008-05-07,17.700000000000003
2008-05-08,16.9
2008-05-09,16.9
2008-05-12,16.65
2008-05-13,16.4
2008-05-14,16.65
2008-05-15,16.95
2008-05-16,17.25
2008-05-20,16.950000000000003
2008-05-21,16.8
2008-05-22,16.8
2008-05-23,16.8
2008-05-26,16.6
2008-05-27,16.5
2008-05-28,16.25
2008-05-29,16.25
2008-05-30,15.899999999999999
2008-06-02,15.15
2008-06-03,14.850000000000001
2008-06-04,14.850000000000001
2008-06-05,14.75
2008-06-06,15.0
2008-06-09,14.649999999999999
2008-06-10,14.7
2008-06-11,14.6
2008-06-12,14.45
2008-06-13,14.25
2008-06-16,13.95
2008-06-17,13.9
2008-06-18,13.8
2008-06-19,13.6
2008-06-20,13.5
2008-06-23,13.350000000000001
2008-06-24,13.4
2008-06-25,13.5
2008-06-26,13.850000000000001
2008-06-27,13.6
2008-06-30,13.5
2008-07-02,13.4
2008-07-03,13.3
2008-07-04,13.55
2008-07-07,13.55
2008-07-08,13.4
2008-07-09,13.4
2008-07-10,13.4
2008-07-11,13.4
2008-07-14,13.350000000000001
2008-07-15,13.1
2008-07-16,13.15
2008-07-18,12.95
2008-07-21,12.9
2008-07-22,12.55
2008-07-23,12.55
2008-07-24,12.5
2008-07-25,12.149999999999999
2008-07-28,12.05
2008-07-29,11.9
2008-07-30,11.95
2008-07-31,11.8
2008-08-01,11.55
2008-08-04,11.45
2008-08-05,11.55
2008-08-06,11.649999999999999
2008-08-07,11.899999999999999
2008-08-08,11.75
2008-08-11,12.05
2008-08-13,12.35
2008-08-14,12.75
2008-08-15,12.75
2008-08-18,12.45
2008-08-19,12.05
2008-08-20,12.0
2008-08-21,11.899999999999999
2008-08-22,11.75
2008-08-25,11.7
2008-08-26,11.4
2008-08-27,11.45
2008-08-28,11.55
2008-08-29,11.75
2008-09-01,11.55
2008-09-02,11.25
2008-09-03,11.25
2008-09-04,11.3
2008-09-05,11.25
2008-09-08,11.55
2008-09-09,11.6
2008-09-10,11.45
2008-09-11,11.3
2008-09-12,11.350000000000001
2008-09-15,11.25
2008-09-16,10.75
2008-09-17,10.7
2008-09-18,10.3
2008-09-19,10.85
2008-09-22,10.75
2008-09-23,10.5
2008-09-24,10.75
2008-09-25,10.850000000000001
2008-09-26,10.9
2008-09-29,10.75
2008-09-30,10.35
2008-10-01,10.75
2008-10-02,11.05
2008-10-03,10.95
2008-10-06,10.45
2008-10-07,9.9
2008-10-08,9.0
2008-10-09,8.8
2008-10-10,7.7
2008-10-13,7.6
2008-10-14,8.1
2008-10-15,7.8
2008-10-16,7.2
2008-10-17,7.05
2008-10-20,7.0
2008-10-21,7.1
2008-10-22,6.95
2008-10-24,6.45
2008-10-27,5.449999999999999
2008-10-28,5.2
2008-10-29,5.75
2008-10-30,6.800000000000001
2008-10-31,7.1
2008-11-03,7.35
2008-11-04,7.35
2008-11-05,7.5
2008-11-06,7.1
2008-11-07,7.35
2008-11-10,7.25
2008-11-11,6.8
2008-11-12,6.3
2008-11-13,5.75
2008-11-14,5.8
2008-11-17,6.0
2008-11-18,6.0
2008-11-19,6.1
2008-11-20,6.0
2008-11-21,5.95
2008-11-24,6.05
2008-11-25,6.449999999999999
2008-11-26,6.4
2008-11-27,6.4
2008-11-28,6.699999999999999
2008-12-01,6.800000000000001
2008-12-02,6.6
2008-12-03,6.699999999999999
2008-12-04,6.550000000000001
2008-12-08,6.7
2008-12-09,6.95
2008-12-11,6.85
2008-12-12,6.7
2008-12-15,6.699999999999999
2008-12-16,6.699999999999999
2008-12-17,6.85
2008-12-18,6.8
2008-12-19,6.75
2008-12-22,6.65
2008-12-23,6.699999999999999
2008-12-24,6.9
2008-12-25,7.0
2008-12-26,7.05
2008-12-29,7.0
2008-12-30,7.0
2009-01-02,7.0
2009-01-05,7.300000000000001
2009-01-06,7.4
2009-01-07,7.3
2009-01-08,6.9
2009-01-09,7.0
2009-01-12,7.15
2009-01-13,7.0
2009-01-14,7.0
2009-01-15,6.9
2009-01-16,7.0
2009-01-19,7.05
2009-01-20,7.05
2009-01-21,7.1
2009-01-22,7.15
2009-01-23,7.05
2009-01-26,7.05
2009-01-27,7.2
2009-01-28,7.2
2009-01-29,7.2
2009-01-30,7.300000000000001
2009-02-02,7.4
2009-02-03,7.4
2009-02-04,7.65
2009-02-05,7.8
2009-02-06,7.8
2009-02-10,7.8
2009-02-11,7.75
2009-02-12,7.699999999999999
2009-02-13,7.75
2009-02-16,7.9
2009-02-17,7.9
2009-02-18,7.9
2009-02-19,8.0
2009-02-20,7.9
2009-02-23,7.85
2009-02-24,7.8
2009-02-25,7.9
2009-02-26,8.0
2009-02-27,8.0
2009-03-02,7.95
2009-03-03,7.85
2009-03-04,7.8
2009-03-05,7.85
2009-03-06,7.8
2009-03-09,7.85
2009-03-10,8.0
2009-03-11,8.05
2009-03-12,8.05
2009-03-13,8.25
2009-03-16,8.399999999999999
2009-03-17,8.5
2009-03-18,8.75
2009-03-19,9.1
2009-03-20,9.3
2009-03-23,9.649999999999999
2009-03-24,10.05
2009-03-25,9.9
2009-03-26,9.7
2009-03-27,9.75
2009-03-30,9.649999999999999
2009-03-31,9.6
2009-04-01,9.6
2009-04-02,9.8
2009-04-03,9.9
2009-04-07,9.8
2009-04-08,9.8
2009-04-09,9.850000000000001
2009-04-10,10.0
2009-04-16,10.35
2009-04-17,10.6
2009-04-20,10.7
2009-04-21,10.9
2009-04-22,10.85
2009-04-23,10.85
2009-04-24,11.05
2009-04-27,11.0
2009-04-28,10.85
2009-04-29,11.05
2009-04-30,11.35
2009-05-04,11.45
2009-05-06,12.35
2009-05-07,13.4
2009-05-11,12.850000000000001
2009-05-12,12.4
2009-05-13,12.5
2009-05-14,11.85
2009-05-15,12.0
2009-05-18,12.2
2009-05-19,12.75
2009-05-20,12.850000000000001
2009-05-21,12.7
2009-05-22,12.7
2009-05-25,12.850000000000001
2009-05-26,12.8
2009-05-27,12.9
2009-05-28,12.850000000000001
2009-05-29,12.9
2009-06-01,13.1
2009-06-02,13.05
2009-06-03,13.149999999999999
2009-06-04,13.45
2009-06-05,13.7
2009-06-08,13.55
2009-06-09,13.6
2009-06-10,13.75
2009-06-11,13.95
2009-06-12,14.1
2009-06-15,13.75
2009-06-16,13.2
2009-06-17,13.2
2009-06-18,13.3
2009-06-19,13.3
2009-06-22,13.45
2009-06-23,13.149999999999999
2009-06-24,13.2
2009-06-25,13.4
2009-06-26,13.350000000000001
2009-06-29,13.7
2009-06-30,14.05
2009-07-02,13.5
2009-07-03,13.3
2009-07-06,13.3
2009-07-08,13.4
2009-07-09,13.5
2009-07-10,13.3
2009-07-13,12.85
2009-07-14,12.95
2009-07-15,13.149999999999999
2009-07-16,13.2
2009-07-17,13.350000000000001
2009-07-20,13.55
2009-07-21,13.7
2009-07-22,13.600000000000001
2009-07-23,13.7
2009-07-24,13.75
2009-07-27,13.8
2009-07-28,13.7
2009-07-29,13.7
2009-07-30,13.75
2009-07-31,13.850000000000001
2009-08-03,13.9
2009-08-04,13.9
2009-08-05,13.75
2009-08-06,13.75
2009-08-07,13.75
2009-08-10,13.8
2009-08-11,14.1
2009-08-13,14.3
2009-08-14,14.4
2009-08-17,14.2
2009-08-18,14.1
2009-08-19,14.2
2009-08-20,14.149999999999999
2009-08-21,14.1
2009-08-24,14.2
2009-08-25,14.149999999999999
2009-08-26,14.2
2009-08-27,14.399999999999999
2009-08-28,14.45
2009-08-31,14.45
2009-09-01,14.55
2009-09-02,14.65
2009-09-03,15.350000000000001
2009-09-04,15.9
2009-09-07,16.3
2009-09-08,16.4
2009-09-09,16.25
2009-09-10,16.299999999999997
2009-09-11,16.35
2009-09-14,16.299999999999997
2009-09-15,16.15
2009-09-16,16.3
2009-09-17,16.200000000000003
2009-09-18,16.1
2009-09-21,16.25
2009-09-22,16.299999999999997
2009-09-23,16.9
2009-09-24,17.0
2009-09-25,17.05
2009-09-28,17.1
2009-09-29,17.299999999999997
2009-09-30,17.4
2009-10-01,17.85
2009-10-02,17.9
2009-10-05,18.2
2009-10-06,18.4
2009-10-07,18.950000000000003
2009-10-08,19.6
2009-10-09,20.65
2009-10-12,21.6
2009-10-13,21.05
2009-10-14,20.5
2009-10-15,19.299999999999997
2009-10-16,19.25
2009-10-19,20.35
2009-10-20,21.0
2009-10-21,20.5
2009-10-22,20.25
2009-10-26,20.25
2009-10-27,20.299999999999997
2009-10-28,20.450000000000003
2009-10-29,19.9
2009-10-30,20.0
2009-11-02,19.35
2009-11-03,19.1
2009-11-04,19.4
2009-11-05,19.5
2009-11-06,20.0
2009-11-09,20.2
2009-11-10,20.1
2009-11-11,20.15
2009-11-12,19.85
2009-11-13,19.55
2009-11-16,19.85
2009-11-17,19.9
2009-11-18,20.35
2009-11-19,20.4
2009-11-20,20.200000000000003
2009-11-23,20.2
2009-11-24,19.8
2009-11-25,20.0
2009-11-26,20.45
2009-11-27,20.75
2009-11-30,21.75
2009-12-01,22.200000000000003
2009-12-02,22.55
2009-12-03,22.85
2009-12-04,22.6
2009-12-08,22.5
2009-12-09,22.2
2009-12-11,21.9
2009-12-14,22.35
2009-12-15,22.4
2009-12-16,22.35
2009-12-17,22.450000000000003
2009-12-18,22.299999999999997
2009-12-21,22.4
2009-12-22,22.5
2009-12-23,22.5
2009-12-24,22.35
2009-12-25,22.35
2009-12-28,22.4
2009-12-29,22.4
2009-12-30,22.25
2010-01-04,22.0
2010-01-05,21.75
2010-01-06,21.3
2010-01-07,21.0
2010-01-08,21.0
2010-01-11,21.15
2010-01-12,20.85
2010-01-13,21.15
2010-01-14,21.6
2010-01-15,21.45
2010-01-18,21.15
2010-01-19,21.25
2010-01-20,21.0
2010-01-21,20.75
2010-01-22,20.55
2010-01-25,20.35
2010-01-26,20.35
2010-01-27,19.799999999999997
2010-01-28,19.2
2010-01-29,18.95
2010-02-01,20.25
2010-02-02,21.049999999999997
2010-02-03,20.95
2010-02-04,21.05
2010-02-05,20.5
2010-02-08,20.3
2010-02-09,20.1
2010-02-10,20.0
2010-02-11,20.0
2010-02-12,20.2
2010-02-15,20.0
2010-02-16,19.85
2010-02-17,20.15
2010-02-18,19.9
2010-02-19,19.8
2010-02-22,19.799999999999997
2010-02-23,19.799999999999997
2010-02-24,19.95
2010-02-25,20.1
2010-02-26,20.1
2010-03-02,20.3
2010-03-03,20.8
2010-03-04,20.799999999999997
2010-03-05,20.65
2010-03-08,20.35
2010-03-09,20.0
2010-03-10,20.35
2010-03-11,21.0
2010-03-12,21.25
2010-03-15,21.3
2010-03-16,21.45
2010-03-17,22.25
2010-03-18,23.4
2010-03-19,24.4
2010-03-22,25.05
2010-03-23,25.9
2010-03-24,26.0
2010-03-25,25.75
2010-03-26,24.75
2010-03-29,24.4
2010-03-30,25.0
2010-03-31,25.3
2010-04-01,25.1
2010-04-02,25.049999999999997
2010-04-05,24.700000000000003
2010-04-07,24.9
2010-04-08,24.65
2010-04-09,24.4
2010-04-12,23.5
2010-04-16,23.25
2010-04-19,21.5
2010-04-20,22.4
2010-04-21,22.7
2010-04-22,22.75
2010-04-23,22.4
2010-04-26,22.7
2010-04-27,22.6
2010-04-28,22.35
2010-04-29,22.35
2010-04-30,22.65
2010-05-04,23.4
2010-05-06,23.950000000000003
2010-05-07,23.3
2010-05-10,23.6
2010-05-11,23.7
2010-05-12,23.45
2010-05-13,23.35
2010-05-14,23.1
2010-05-17,22.65
2010-05-18,22.85
2010-05-19,23.0
2010-05-20,23.3
2010-05-21,23.3
2010-05-24,22.75
2010-05-25,21.75
2010-05-26,22.450000000000003
2010-05-27,22.85
2010-05-31,23.65
2010-06-01,23.65
2010-06-02,23.65
2010-06-03,24.65
2010-06-04,25.0
2010-06-07,24.549999999999997
2010-06-08,24.75
2010-06-09,25.3
2010-06-10,25.9
2010-06-11,26.0
2010-06-14,26.4
2010-06-15,26.5
2010-06-16,26.4
2010-06-17,26.0
2010-06-18,26.0
2010-06-21,27.25
2010-06-22,28.6
2010-06-23,29.35
2010-06-24,28.7
2010-06-25,28.0
2010-06-28,29.0
2010-06-29,29.2
2010-06-30,29.0
2010-07-02,29.0
2010-07-05,29.1
2010-07-06,29.7
2010-07-07,29.6
2010-07-08,29.9
2010-07-09,30.0
2010-07-12,30.6
2010-07-13,31.1
2010-07-14,31.0
2010-07-15,30.65
2010-07-16,30.65
2010-07-19,31.0
2010-07-20,30.6
2010-07-21,30.1
2010-07-22,29.9
2010-07-23,29.9
2010-07-27,29.8
2010-07-28,29.65
2010-07-29,29.75
2010-07-30,30.1
2010-08-02,29.9
2010-08-03,29.5
2010-08-04,29.25
2010-08-05,29.2
2010-08-06,29.5
2010-08-09,30.5
2010-08-10,30.6
2010-08-11,30.35
2010-08-16,30.2
2010-08-17,31.15
2010-08-18,32.4
2010-08-19,32.75
2010-08-20,32.8
2010-08-23,32.65
2010-08-24,32.65
2010-08-25,32.75
2010-08-26,33.35
2010-08-27,34.0
2010-08-30,35.0
2010-08-31,34.75
2010-09-01,35.0
2010-09-02,35.1
2010-09-03,34.6
2010-09-06,33.7
2010-09-07,33.85
2010-09-08,35.6
2010-09-09,36.0
2010-09-10,36.75
2010-09-13,38.25
2010-09-14,38.9
2010-09-15,38.6
2010-09-16,37.85
2010-09-17,37.4
2010-09-20,37.4
2010-09-21,37.7
2010-09-22,38.5
2010-09-23,39.0
2010-09-24,39.1
2010-09-27,39.35
2010-09-28,39.65
2010-09-29,39.9
2010-09-30,40.7
2010-10-01,41.1
2010-10-04,40.65
2010-10-05,40.1
2010-10-06,40.65
2010-10-07,40.3
2010-10-08,39.15
2010-10-11,39.4
2010-10-12,40.15
2010-10-13,40.8
2010-10-14,40.85
2010-10-15,40.25
2010-10-18,39.4
2010-10-19,38.8
2010-10-20,38.85
2010-10-21,39.9
2010-10-22,39.75
2010-10-26,39.65
2010-10-27,39.3
2010-10-28,38.8
2010-10-29,39.25
2010-11-01,39.8
2010-11-02,39.25
2010-11-03,39.2
2010-11-04,39.8
2010-11-05,39.9
2010-11-08,40.0
2010-11-09,40.4
2010-11-10,40.3
2010-11-11,39.75
2010-11-12,38.85
2010-11-15,38.75
2010-11-16,37.85
2010-11-17,37.0
2010-11-18,37.4
2010-11-19,37.85
2010-11-22,38.0
2010-11-23,37.75
2010-11-24,37.65
2010-11-25,37.65
2010-11-26,37.25
2010-11-29,37.15
2010-11-30,37.35
2010-12-01,37.5
2010-12-02,38.85
2010-12-03,39.0
2010-12-07,38.5
2010-12-08,37.7
2010-12-09,37.65
2010-12-13,37.35
2010-12-14,37.1
2010-12-15,37.1
2010-12-16,37.0
2010-12-17,37.15
2010-12-20,35.85
2010-12-21,35.5
2010-12-22,35.25
2010-12-23,35.5
2010-12-24,35.6
2010-12-27,35.35
2010-12-28,35.65
2010-12-29,36.1
2010-12-30,36.1
2011-01-04,36.75
2011-01-05,37.15
2011-01-06,37.5
2011-01-07,37.0
2011-01-10,35.85
2011-01-11,34.85
2011-01-12,34.75
2011-01-13,35.25
2011-01-14,35.1
2011-01-17,34.7
2011-01-18,33.85
2011-01-19,33.8
2011-01-20,33.35
2011-01-21,32.7
2011-01-24,31.3
2011-01-25,30.8
2011-01-26,31.25
2011-01-27,31.9
2011-01-28,31.8
2011-01-31,30.6
2011-02-01,30.4
2011-02-02,30.65
2011-02-03,30.9
2011-02-04,31.3
2011-02-07,31.6
2011-02-08,31.5
2011-02-09,30.6
2011-02-10,28.85
2011-02-11,29.15
2011-02-14,30.0
2011-02-15,29.9
2011-02-16,30.65
2011-02-17,31.25
2011-02-18,31.25
2011-02-21,31.25
2011-02-22,30.35
2011-02-23,30.2
2011-02-24,29.85
2011-02-25,29.9
2011-02-28,29.65
2011-03-01,30.1
2011-03-02,30.0
2011-03-03,30.1
2011-03-04,30.2
2011-03-07,30.6
2011-03-08,32.35
2011-03-09,33.3
2011-03-10,32.65
2011-03-11,31.85
2011-03-14,31.6
2011-03-15,31.0
2011-03-16,31.1
2011-03-17,30.8
2011-03-21,31.4
2011-03-22,31.5
2011-03-23,31.5
2011-03-24,32.25
2011-03-25,32.65
2011-03-28,32.5
2011-03-29,32.2
2011-03-30,32.65
2011-03-31,32.85
2011-04-01,33.15
2011-04-04,33.8
2011-04-05,34.0
2011-04-07,34.65
2011-04-08,34.4
2011-04-11,33.85
2011-04-12,33.6
2011-04-18,33.35
2011-04-19,32.9
2011-04-20,33.0
2011-04-21,32.15
2011-04-22,31.65
2011-04-25,31.0
2011-04-26,30.5
2011-04-27,30.5
2011-04-28,30.5
2011-04-29,30.25
2011-05-03,30.15
2011-05-04,29.9
2011-05-06,29.65
2011-05-09,29.9
2011-05-10,30.6
2011-05-11,31.2
2011-05-12,30.9
2011-05-13,30.9
2011-05-18,30.5
2011-05-19,30.65
2011-05-20,30.8
2011-05-23,30.5
2011-05-24,30.75
2011-05-25,31.1
2011-05-26,31.1
2011-05-27,30.9
2011-05-30,31.0
2011-05-31,30.75
2011-06-01,30.5
2011-06-02,29.9
2011-06-03,30.0
2011-06-06,29.75
2011-06-07,29.25
2011-06-08,28.75
2011-06-09,28.35
2011-06-10,28.4
2011-06-13,27.9
2011-06-14,28.4
2011-06-15,28.5
2011-06-16,27.65
2011-06-17,27.9
2011-06-20,27.9
2011-06-21,28.0
2011-06-22,28.1
2011-06-23,28.0
2011-06-24,28.1
2011-06-27,28.1
2011-06-28,28.0
2011-06-29,28.35
2011-06-30,28.5
2011-07-04,30.0
2011-07-05,30.4
2011-07-06,29.6
2011-07-07,29.5
2011-07-08,29.8
2011-07-11,29.5
2011-07-12,29.0
2011-07-13,29.1
2011-07-14,29.1
2011-07-18,29.0
2011-07-19,29.5
2011-07-20,29.75
2011-07-21,30.1
2011-07-22,30.65
2011-07-25,30.85
2011-07-26,31.1
2011-07-27,31.0
2011-07-28,31.0
2011-07-29,30.65
2011-08-01,30.8
2011-08-02,30.65
2011-08-03,30.0
2011-08-04,30.5
2011-08-05,29.35
2011-08-08,29.1
2011-08-09,28.1
2011-08-10,29.1
2011-08-11,29.5
2011-08-15,30.35
2011-08-16,30.5
2011-08-17,30.5
2011-08-18,30.65
2011-08-19,30.0
2011-08-22,30.5
2011-08-23,30.65
2011-08-24,30.15
2011-08-25,29.6
2011-08-26,29.25
2011-08-29,30.0
2011-08-30,30.35
2011-08-31,30.85
2011-09-01,31.65
2011-09-02,31.25
2011-09-05,30.5
2011-09-06,30.25
2011-09-07,30.6
2011-09-08,31.0
2011-09-09,31.1
2011-09-12,30.5
2011-09-13,30.15
2011-09-14,29.7
2011-09-15,29.9
2011-09-16,30.2
2011-09-19,30.0
2011-09-20,30.4
2011-09-21,30.65
2011-09-22,29.7
2011-09-23,28.25
2011-09-26,27.3
2011-09-27,27.75
2011-09-28,27.9
2011-09-29,27.2
2011-09-30,27.35
2011-10-03,26.25
2011-10-04,25.5
2011-10-05,25.35
2011-10-06,25.75
2011-10-07,26.0
2011-10-10,25.75
2011-10-11,26.5
2011-10-12,26.8
2011-10-13,26.5
2011-10-14,26.1
2011-10-17,26.2
2011-10-18,25.8
2011-10-19,25.45
2011-10-20,23.95
2011-10-21,23.85
2011-10-25,24.1
2011-10-26,23.700000000000003
2011-10-27,23.85
2011-10-28,24.45
2011-10-31,24.75
2011-11-01,24.15
2011-11-02,23.85
2011-11-03,23.75
2011-11-04,23.9
2011-11-07,23.85
2011-11-08,24.15
2011-11-09,24.1
2011-11-10,23.85
2011-11-11,23.8
2011-11-14,24.0
2011-11-15,24.65
2011-11-16,25.75
2011-11-17,26.1
2011-11-18,25.35
2011-11-21,24.75
2011-11-22,24.75
2011-11-23,24.75
2011-11-24,25.0
2011-11-25,25.049999999999997
2011-11-28,25.25
2011-11-29,25.65
2011-11-30,25.4
2011-12-01,26.1
2011-12-02,26.5
2011-12-06,26.9
2011-12-07,27.6
2011-12-08,28.0
2011-12-09,28.1
2011-12-13,28.0
2011-12-14,27.0
2011-12-15,26.4
2011-12-16,26.9
2011-12-19,27.25
2011-12-20,27.65
2011-12-21,27.75
2011-12-22,27.65
2011-12-23,27.65
2011-12-26,27.25
2011-12-27,26.75
2011-12-28,26.8
2011-12-29,26.65
2011-12-30,26.8
2012-01-04,26.5
2012-01-05,26.2
2012-01-06,26.1
2012-01-09,26.25
2012-01-10,26.0
2012-01-11,25.6
2012-01-12,25.2
2012-01-13,25.0
2012-01-16,24.75
2012-01-17,25.1
2012-01-18,25.049999999999997
2012-01-19,25.2
2012-01-20,25.5
2012-01-23,25.65
2012-01-24,25.8
2012-01-25,25.65
2012-01-26,25.8
2012-01-27,26.0
2012-01-30,25.9
2012-01-31,26.0
2012-02-01,26.4
2012-02-02,26.8
2012-02-03,26.65
2012-02-06,26.35
2012-02-07,26.5
2012-02-08,26.9
2012-02-09,27.5
2012-02-10,27.5
2012-02-13,27.65
2012-02-14,27.15
2012-02-15,27.1
2012-02-16,27.0
2012-02-17,27.0
2012-02-20,27.1
2012-02-21,27.0
2012-02-22,27.1
2012-02-23,27.1
2012-02-24,26.9
2012-02-27,26.75
2012-02-28,26.9
2012-02-29,27.75
2012-03-01,28.5
2012-03-02,28.35
2012-03-05,28.2
2012-03-06,28.7
2012-03-08,28.7
2012-03-09,29.2
2012-03-12,28.85
2012-03-13,28.5
2012-03-14,28.65
2012-03-15,28.5
2012-03-16,29.15
2012-03-19,29.9
2012-03-20,30.75
2012-03-21,32.5
2012-03-22,32.4
2012-03-23,32.3
2012-03-26,32.5
2012-03-27,32.8
2012-03-28,32.65
2012-03-29,33.35
2012-03-30,34.0
2012-04-02,33.65
2012-04-03,33.65
2012-04-04,33.25
2012-04-05,32.5
2012-04-10,31.6
2012-04-11,30.5
2012-04-12,31.0
2012-04-17,31.15
2012-04-18,31.1
2012-04-19,31.5
2012-04-20,31.5
2012-04-23,30.85
2012-04-24,31.15
2012-04-25,31.25
2012-04-26,31.1
2012-04-27,31.1
2012-04-30,31.4
2012-05-02,31.5
2012-05-03,31.35
2012-05-04,31.25
2012-05-08,30.5
2012-05-09,29.3
2012-05-10,28.65
2012-05-11,28.65
2012-05-14,28.15
2012-05-15,28.0
2012-05-16,27.5
2012-05-17,27.65
2012-05-18,27.1
2012-05-21,27.0
2012-05-22,27.25
2012-05-23,26.6
2012-05-24,26.85
2012-05-25,27.25
2012-05-28,27.5
2012-05-29,27.6
2012-05-30,27.35
2012-05-31,27.0
2012-06-01,27.0
2012-06-05,26.4
2012-06-06,26.5
2012-06-07,26.9
2012-06-08,26.65
2012-06-11,27.5
2012-06-12,27.6
2012-06-13,27.9
2012-06-14,27.9
2012-06-15,28.1
2012-06-18,28.5
2012-06-19,28.75
2012-06-20,29.0
2012-06-21,28.65
2012-06-22,28.5
2012-06-25,28.35
2012-06-26,28.1
2012-06-27,28.2
2012-06-28,28.5
2012-06-29,28.5
2012-07-02,29.0
2012-07-03,29.35
2012-07-04,29.4
2012-07-05,29.1
2012-07-06,29.1
2012-07-09,29.0
2012-07-10,29.35
2012-07-11,29.5
2012-07-12,29.1
2012-07-13,29.1
2012-07-16,30.15
2012-07-17,30.9
2012-07-18,31.15
2012-07-19,31.15
2012-07-20,31.25
2012-07-23,30.5
2012-07-24,30.65
2012-07-25,30.85
2012-07-26,31.35
2012-07-27,31.3
2012-07-30,31.1
2012-07-31,31.85
2012-08-01,32.0
2012-08-03,32.0
2012-08-06,32.35
2012-08-07,32.35
2012-08-08,32.5
2012-08-09,32.8
2012-08-10,32.9
2012-08-14,33.4
2012-08-15,33.75
2012-08-16,34.1
2012-08-17,34.1
2012-08-20,34.15
2012-08-21,34.75
2012-08-22,34.9
2012-08-23,34.9
2012-08-24,34.35
2012-08-27,34.8
2012-08-28,34.8
2012-08-29,33.9
2012-08-30,32.5
2012-08-31,33.15
2012-09-03,34.4
2012-09-04,34.8
2012-09-05,34.85
2012-09-06,35.35
2012-09-07,35.6
2012-09-10,35.8
2012-09-11,35.4
2012-09-12,35.65
2012-09-13,35.9
2012-09-14,36.5
2012-09-17,36.65
2012-09-18,36.65
2012-09-19,37.0
2012-09-20,37.35
2012-09-21,37.75
2012-09-24,37.9
2012-09-25,38.0
2012-09-26,37.4
2012-09-27,37.5
2012-09-28,37.9
2012-10-01,38.15
2012-10-02,38.75
2012-10-03,39.4
2012-10-04,39.0
2012-10-05,38.9
2012-10-08,39.85
2012-10-09,41.0
2012-10-10,40.1
2012-10-11,40.2
2012-10-12,40.0
2012-10-15,39.15
2012-10-16,38.9
2012-10-17,38.5
2012-10-18,37.4
2012-10-19,36.5
2012-10-22,36.85
2012-10-24,37.25
2012-10-25,37.1
2012-10-26,36.4
2012-10-29,36.0
2012-10-30,36.6
2012-10-31,37.0
2012-11-01,37.0
2012-11-02,37.35
2012-11-05,38.65
2012-11-06,37.0
2012-11-07,36.35
2012-11-08,36.0
2012-11-09,36.2
2012-11-12,36.2
2012-11-13,36.0
2012-11-14,35.15
2012-11-15,34.1
2012-11-16,34.7
2012-11-19,35.1
2012-11-20,34.85
2012-11-21,34.0
2012-11-22,33.9
2012-11-23,34.0
2012-11-26,34.0
2012-11-27,35.1
2012-11-28,35.7
2012-11-29,36.35
2012-11-30,36.0
2012-12-03,36.25
2012-12-04,36.75
2012-12-06,37.1
2012-12-07,37.1
2012-12-11,37.25
2012-12-12,37.35
2012-12-13,37.25
2012-12-14,37.0
2012-12-17,37.1
2012-12-18,36.85
2012-12-19,36.8
2012-12-20,37.0
2012-12-21,37.0
2012-12-24,37.6
2012-12-25,38.0
2012-12-26,37.9
2012-12-27,37.9
2012-12-28,37.8
2013-01-02,37.9
2013-01-03,38.1
2013-01-04,38.2
2013-01-07,38.6
2013-01-08,38.9
2013-01-09,38.8
2013-01-10,38.5
2013-01-11,37.9
2013-01-14,38.1
2013-01-15,38.15
2013-01-16,37.5
2013-01-17,37.5
2013-01-18,38.0
2013-01-21,38.0
2013-01-22,38.1
2013-01-23,38.0
2013-01-24,38.4
2013-01-25,39.75
2013-01-28,40.6
2013-01-29,40.0
2013-01-30,39.5
2013-01-31,38.9
2013-02-01,39.5
2013-02-04,40.75
2013-02-05,40.5
2013-02-06,40.5
2013-02-07,40.1
2013-02-08,40.1
2013-02-11,39.65
2013-02-12,40.15
2013-02-13,41.3
2013-02-14,42.4
2013-02-15,42.8
2013-02-18,42.7
2013-02-19,43.0
2013-02-20,44.5
2013-02-21,44.8
2013-02-22,44.35
2013-02-26,44.0
2013-02-27,44.0
2013-02-28,44.9
2013-03-01,44.9
2013-03-04,44.5
2013-03-05,44.9
2013-03-06,45.65
2013-03-07,45.25
2013-03-08,45.9
2013-03-11,46.5
2013-03-12,45.75
2013-03-13,45.35
2013-03-14,45.6
2013-03-15,46.5
2013-03-18,46.6
2013-03-19,46.65
2013-03-20,45.4
2013-03-21,44.9
2013-03-22,43.15
2013-03-25,43.75
2013-03-26,43.75
2013-03-27,44.35
2013-03-28,44.8
2013-03-29,44.75
2013-04-01,44.25
2013-04-02,43.7
2013-04-03,43.0
2013-04-04,42.6
2013-04-05,42.85
2013-04-09,41.75
2013-04-10,41.65
2013-04-11,41.1
2013-04-12,41.6
2013-04-17,41.6
2013-04-18,41.5
2013-04-19,42.0
2013-04-22,45.0
2013-04-23,44.3
2013-04-24,44.1
2013-04-25,44.25
2013-04-26,45.15
2013-04-29,46.65
2013-04-30,47.5
2013-05-02,47.65
2013-05-03,47.35
2013-05-07,47.1
2013-05-08,47.65
2013-05-09,47.9
2013-05-10,47.9
2013-05-13,48.1
2013-05-14,48.6
2013-05-15,49.25
2013-05-16,48.75
2013-05-17,48.35
2013-05-20,48.5
2013-05-21,48.65
2013-05-22,48.25
2013-05-23,47.25
2013-05-27,46.75
2013-05-28,46.5
2013-05-29,47.15
2013-05-30,46.5
2013-05-31,46.15
2013-06-03,44.4
2013-06-04,44.35
2013-06-05,44.1
2013-06-06,43.0
2013-06-07,42.75
2013-06-10,43.25
2013-06-11,42.0
2013-06-12,40.35
2013-06-13,39.25
2013-06-14,41.8
2013-06-17,42.85
2013-06-18,41.25
2013-06-19,40.25
2013-06-20,38.3
2013-06-21,36.75
2013-06-24,36.35
2013-06-25,37.15
2013-06-26,38.9
2013-06-27,40.15
2013-06-28,39.5
2013-07-02,39.0
2013-07-03,38.75
2013-07-04,38.65
2013-07-05,39.2
2013-07-08,37.9
2013-07-09,36.5
2013-07-10,36.15
2013-07-11,37.25
2013-07-12,38.25
2013-07-15,38.2
2013-07-16,38.0
2013-07-17,37.9
2013-07-18,38.35
2013-07-19,38.25
2013-07-23,38.1
2013-07-24,38.1
2013-07-25,37.15
2013-07-26,36.75
2013-07-29,36.0
2013-07-30,35.6
2013-07-31,34.35
2013-08-01,34.0
2013-08-02,33.75
2013-08-05,34.0
2013-08-06,34.6
2013-08-07,35.0
2013-08-08,35.2
2013-08-09,35.15
2013-08-13,35.15
2013-08-14,35.65
2013-08-15,35.65
2013-08-16,35.35
2013-08-19,34.5
2013-08-20,33.0
2013-08-21,32.35
2013-08-22,32.1
2013-08-23,32.15
2013-08-26,31.75
2013-08-27,31.0
2013-08-28,30.1
2013-08-29,30.5
2013-08-30,31.5
2013-09-02,31.8
2013-09-03,31.75
2013-09-04,31.0
2013-09-05,31.4
2013-09-06,32.0
2013-09-09,32.35
2013-09-10,32.9
2013-09-11,33.3
2013-09-12,33.75
2013-09-13,33.4
2013-09-16,34.65
2013-09-17,34.65
2013-09-18,35.0
2013-09-19,36.25
2013-09-20,35.5
2013-09-23,34.25
2013-09-24,33.65
2013-09-25,33.8
2013-09-26,33.5
2013-09-27,33.8
2013-09-30,33.35
2013-10-01,33.9
2013-10-02,34.0
2013-10-03,33.65
2013-10-04,33.65
2013-10-07,33.2
2013-10-08,33.65
2013-10-09,33.65
2013-10-10,34.0
2013-10-11,34.5
2013-10-14,34.1
2013-10-15,34.5
2013-10-16,34.35
2013-10-17,34.65
2013-10-18,34.35
2013-10-21,34.8
2013-10-22,34.65
2013-10-24,34.8
2013-10-25,34.5
2013-10-28,34.5
2013-10-29,34.65
2013-10-30,34.65
2013-10-31,34.35
2013-11-01,34.5
2013-11-04,34.35
2013-11-05,34.5
2013-11-06,34.65
2013-11-07,34.8
2013-11-08,34.5
2013-11-11,34.1
2013-11-12,34.65
2013-11-13,34.5
2013-11-14,34.8
2013-11-15,35.0
2013-11-18,34.85
2013-11-19,34.65
2013-11-20,34.4
2013-11-21,33.75
2013-11-22,33.0
2013-11-25,32.5
2013-11-26,32.25
2013-11-27,32.4
2013-11-28,32.9
2013-11-29,32.8
2013-12-02,33.0
2013-12-03,33.5
2013-12-04,33.35
2013-12-06,33.15
2013-12-09,32.75
2013-12-11,32.35
2013-12-12,32.1
2013-12-13,32.1
2013-12-16,32.1
2013-12-17,32.0
2013-12-18,31.8
2013-12-19,32.1
2013-12-20,32.1
2013-12-23,32.0
2013-12-24,32.0
2013-12-25,31.8
2013-12-26,31.65
2013-12-27,31.85
2014-01-02,31.5
2014-01-03,30.6
2014-01-06,31.15
2014-01-07,32.0
2014-01-08,32.0
2014-01-09,32.5
2014-01-10,32.1
2014-01-13,32.1
2014-01-14,32.35
2014-01-15,32.5
2014-01-16,32.5
2014-01-17,32.65
2014-01-20,32.5
2014-01-21,32.4
2014-01-22,31.8
2014-01-23,31.35
2014-01-24,31.65
2014-01-27,31.1
2014-01-28,30.75
2014-01-29,30.8
2014-01-30,30.5
2014-01-31,30.9
2014-02-03,31.2
2014-02-04,30.9
2014-02-05,31.1
2014-02-06,31.5
2014-02-07,31.5
2014-02-10,31.15
2014-02-11,31.1
2014-02-12,31.35
2014-02-13,31.5
2014-02-17,31.75
2014-02-18,31.8
2014-02-19,31.8
2014-02-20,31.35
2014-02-21,31.35
2014-02-24,31.1
2014-02-25,31.2
2014-02-26,31.35
2014-02-27,31.35
2014-02-28,31.75
2014-03-03,32.1
2014-03-04,32.1
2014-03-05,33.0
2014-03-06,34.4
2014-03-07,34.65
2014-03-10,34.25
2014-03-11,34.4
2014-03-12,34.65
2014-03-13,35.4
2014-03-14,36.0
2014-03-17,36.35
2014-03-18,36.0
2014-03-19,35.8
2014-03-20,35.85
2014-03-21,36.35
2014-03-24,36.35
2014-03-25,35.65
2014-03-26,35.5
2014-03-27,35.65
2014-03-28,35.75
2014-03-31,36.0
2014-04-01,36.0
2014-04-02,35.9
2014-04-03,35.9
2014-04-04,36.1
2014-04-08,36.0
2014-04-09,35.6
2014-04-10,35.75
2014-04-11,34.5
2014-04-16,34.35
2014-04-17,34.65
2014-04-18,34.65
2014-04-21,34.35
2014-04-22,34.35
2014-04-23,34.5
2014-04-24,34.1
2014-04-25,34.0
2014-04-28,33.8
2014-04-29,33.8
2014-04-30,34.3
2014-05-02,34.5
2014-05-06,34.1
2014-05-07,34.0
2014-05-08,33.75
2014-05-09,33.1
2014-05-12,33.25
2014-05-14,33.5
2014-05-15,33.5
2014-05-16,33.5
2014-05-19,33.5
2014-05-20,33.2
2014-05-21,33.2
2014-05-22,33.1
2014-05-23,33.15
2014-05-26,33.1
2014-05-27,33.0
2014-05-28,33.1
2014-05-29,33.2
2014-05-30,33.75
2014-06-02,34.85
2014-06-03,35.9
2014-06-04,35.5
2014-06-05,35.25
2014-06-06,35.65
2014-06-09,35.5
2014-06-10,35.65
2014-06-11,35.9
2014-06-12,35.9
2014-06-13,35.9
2014-06-16,35.65
2014-06-17,35.5
2014-06-18,35.0
2014-06-19,34.8
2014-06-20,34.8
2014-06-23,35.1
2014-06-24,35.0
2014-06-25,35.1
2014-06-26,35.0
2014-06-27,35.0
2014-06-30,35.1
2014-07-02,35.35
2014-07-03,35.5
2014-07-04,35.65
2014-07-07,35.9
2014-07-08,35.8
2014-07-09,35.8
2014-07-10,35.9
2014-07-14,36.0
2014-07-15,35.9
2014-07-16,35.8
2014-07-17,35.8
2014-07-18,35.9
2014-07-21,35.65
2014-07-22,35.35
2014-07-23,35.35
2014-07-24,35.8
2014-07-25,35.65
2014-07-28,35.35
2014-07-29,35.35
2014-07-30,35.25
2014-07-31,35.25
2014-08-01,34.75
2014-08-04,34.65
2014-08-05,34.65
2014-08-06,34.5
2014-08-07,34.65
2014-08-08,34.1
2014-08-13,34.35
2014-08-14,34.65
2014-08-15,34.9
2014-08-18,34.8
2014-08-19,34.8
2014-08-20,34.75
2014-08-21,34.65
2014-08-22,34.8
2014-08-25,35.0
2014-08-26,35.2
2014-08-27,35.35
2014-08-28,35.5
2014-08-29,35.1
2014-09-01,35.35
2014-09-02,35.35
2014-09-03,35.2
2014-09-04,35.65
2014-09-05,36.0
2014-09-08,36.7
2014-09-09,37.35
2014-09-10,37.1
2014-09-11,37.0
2014-09-12,36.8
2014-09-15,36.75
2014-09-16,36.6
2014-09-17,36.5
2014-09-18,36.75
2014-09-19,37.5
2014-09-22,38.15
2014-09-23,38.5
2014-09-24,38.1
2014-09-25,38.0
2014-09-26,37.65
2014-09-29,37.5
2014-09-30,37.2
2014-10-01,37.2
2014-10-02,36.25
2014-10-03,35.65
2014-10-06,35.25
2014-10-07,34.8
2014-10-08,34.85
2014-10-09,35.2
2014-10-10,35.0
2014-10-13,35.0
2014-10-14,34.8
2014-10-15,35.1
2014-10-16,35.0
2014-10-17,35.1
2014-10-20,35.5
2014-10-21,34.75
2014-10-22,34.4
2014-10-24,33.75
2014-10-27,33.75
2014-10-28,34.1
2014-10-29,34.35
2014-10-30,34.35
2014-10-31,34.75
2014-11-03,35.1
2014-11-04,35.1
2014-11-05,34.9
2014-11-06,34.9
2014-11-07,34.5
2014-11-10,33.9
2014-11-11,33.9
2014-11-12,33.9
2014-11-13,33.9
2014-11-14,33.9
2014-11-17,33.9
2014-11-18,33.9
2014-11-19,33.65
2014-11-20,33.675
2014-11-21,33.699999999999996
2014-11-24,33.724999999999994
2014-11-25,33.75
2014-11-26,33.775
2014-11-27,33.8
2014-11-28,33.65
2014-12-01,33.65
2014-12-02,33.8
2014-12-03,33.8
2014-12-04,33.8
2014-12-08,33.4
2014-12-09,33.0
2014-12-11,32.75
2014-12-12,32.35
2014-12-15,31.8
2014-12-16,31.35
2014-12-17,31.75
2014-12-18,31.9
2014-12-19,31.9
2014-12-22,32.0
2014-12-23,32.1
2014-12-24,32.25
2014-12-25,32.5
2014-12-26,32.35
2014-12-29,32.25
2014-12-30,31.9
2015-01-05,31.8
2015-01-06,31.85
2015-01-07,32.2
2015-01-08,32.2
2015-01-09,32.35
2015-01-12,32.35
2015-01-13,32.35
2015-01-14,32.5
2015-01-15,32.75
2015-01-16,33.0
2015-01-19,33.0
2015-01-20,33.35
2015-01-21,33.5
2015-01-22,33.8
2015-01-23,33.65
2015-01-26,33.3
2015-01-27,33.35
2015-01-28,33.65
2015-01-29,33.5
2015-01-30,33.35
2015-02-02,33.2
2015-02-03,34.15
2015-02-04,34.9
2015-02-05,35.1
2015-02-06,35.2
2015-02-09,35.1
2015-02-10,35.75
2015-02-11,36.2
2015-02-12,36.1
2015-02-13,36.2
2015-02-16,36.2
2015-02-17,36.0
2015-02-18,35.9
2015-02-19,35.65
2015-02-20,35.65
2015-02-23,35.9
2015-02-24,36.1
2015-02-25,36.1
2015-02-26,35.65
2015-02-27,35.25
2015-03-02,35.1
2015-03-03,35.0
2015-03-05,34.9
2015-03-06,35.35
2015-03-09,35.35
2015-03-10,34.85
2015-03-11,34.6
2015-03-12,35.2
2015-03-13,34.9
2015-03-16,34.2
2015-03-17,34.1
2015-03-18,34.1
2015-03-19,34.5
2015-03-20,34.5
2015-03-23,34.2
2015-03-24,34.5
2015-03-25,35.0
2015-03-26,34.75
2015-03-27,34.5
2015-03-30,34.65
2015-03-31,35.0
2015-04-01,34.65
2015-04-02,34.65
2015-04-03,35.0
2015-04-07,34.9
2015-04-08,34.9
2015-04-09,33.5
2015-04-10,33.75
2015-04-16,34.1
2015-04-17,34.0
2015-04-20,34.0
2015-04-21,34.2
2015-04-22,34.1
2015-04-23,34.0
2015-04-24,34.1
2015-04-27,34.1
2015-04-28,34.1
2015-04-29,34.1
2015-04-30,34.0
2015-05-04,34.0
2015-05-06,34.0
2015-05-07,34.1
2015-05-08,34.5
2015-05-11,34.35
2015-05-12,34.0
2015-05-13,33.8
2015-05-14,33.3
2015-05-15,32.75
2015-05-18,32.9
2015-05-19,33.25
2015-05-20,33.75
2015-05-21,33.9
2015-05-22,34.1
2015-05-25,33.9
2015-05-26,33.8
2015-05-27,33.9
2015-05-28,34.0
2015-05-29,34.1
2015-06-02,34.0
2015-06-03,33.9
2015-06-04,33.9
2015-06-05,34.1
2015-06-08,34.1
2015-06-09,34.2
2015-06-10,34.1
2015-06-11,34.6
2015-06-12,34.6
2015-06-15,33.75
2015-06-16,33.35
2015-06-17,33.1
2015-06-18,33.15
2015-06-19,33.0
2015-06-22,33.0
2015-06-23,32.9
2015-06-24,32.9
2015-06-25,32.65
2015-06-26,32.65
2015-06-29,33.0
2015-06-30,33.2
2015-07-02,33.1
2015-07-03,33.1
2015-07-06,33.1
2015-07-07,33.1
2015-07-08,32.9
2015-07-09,33.0
2015-07-10,33.0
2015-07-13,33.0
2015-07-14,33.1
2015-07-15,33.2
2015-07-16,32.9
2015-07-17,32.8
2015-07-20,32.9
2015-07-21,32.8
2015-07-22,32.65
2015-07-23,32.75
2015-07-24,32.75
2015-07-27,32.35
2015-07-28,31.6
2015-07-29,30.75
2015-07-31,30.85
2015-08-03,31.25
2015-08-04,31.1
2015-08-05,31.1
2015-08-06,31.0
2015-08-07,30.5
2015-08-10,30.65
2015-08-11,30.6
2015-08-13,30.1
2015-08-14,30.2
2015-08-17,30.2
2015-08-18,29.9
2015-08-19,29.9
2015-08-20,30.0
2015-08-21,29.5
2015-08-24,28.8
2015-08-25,28.65
2015-08-26,28.65
2015-08-27,29.1
2015-08-28,29.35
2015-08-31,29.35
2015-09-01,29.35
2015-09-02,29.35
2015-09-03,29.35
2015-09-04,29.5
2015-09-07,29.65
2015-09-08,29.5
2015-09-09,30.3
2015-09-10,30.75
2015-09-11,31.1
2015-09-14,31.1
2015-09-15,31.0
2015-09-16,31.1
2015-09-17,31.5
2015-09-18,31.75
2015-09-21,31.8
2015-09-22,32.1
2015-09-23,32.1
2015-09-24,32.0
2015-09-25,32.1
2015-09-28,31.75
2015-09-29,31.35
2015-09-30,31.65
2015-10-01,31.1
2015-10-02,31.0
2015-10-05,31.1
2015-10-06,31.0
2015-10-07,31.1
2015-10-08,31.65
2015-10-09,32.0
2015-10-12,32.5
2015-10-13,32.25
2015-10-14,32.5
2015-10-15,32.9
2015-10-16,33.1
2015-10-19,33.0
2015-10-20,33.1
2015-10-21,33.0
2015-10-22,33.4
2015-10-26,34.0
2015-10-27,34.0
2015-10-28,33.9
2015-10-29,33.5
2015-10-30,33.5
2015-11-02,33.9
2015-11-03,34.1
2015-11-04,34.35
2015-11-05,34.5
2015-11-06,35.0
2015-11-09,34.75
2015-11-10,34.75
2015-11-11,34.75
2015-11-12,34.35
2015-11-13,34.25
2015-11-16,34.5
2015-11-17,35.0
2015-11-18,34.6
2015-11-19,34.9
2015-11-20,35.0
2015-11-23,35.1
2015-11-24,35.4
2015-11-25,35.9
2015-11-26,35.4
2015-11-27,35.1
2015-11-30,35.1
2015-12-01,35.15
2015-12-02,34.6
2015-12-03,34.5
2015-12-04,34.35
2015-12-08,34.15
2015-12-09,33.5
2015-12-11,33.2
2015-12-14,32.65
2015-12-15,32.9
2015-12-16,33.35
2015-12-17,33.65
2015-12-18,33.5
2015-12-21,33.7
2015-12-22,34.35
2015-12-23,35.0
2015-12-24,36.3
2015-12-25,36.65
2015-12-28,36.5
2015-12-29,36.1
2015-12-30,36.5
2016-01-04,36.15
2016-01-05,35.9
2016-01-06,35.9
2016-01-07,35.25
2016-01-08,35.25
2016-01-11,36.0
2016-01-12,36.65
2016-01-13,37.6
2016-01-14,38.0
2016-01-15,38.0
2016-01-18,37.25
2016-01-19,37.5
2016-01-20,37.35
2016-01-21,37.1
2016-01-22,37.25
2016-01-25,37.3
2016-01-26,36.9
2016-01-27,37.4
2016-01-28,37.65
2016-01-29,37.65
2016-02-01,37.75
2016-02-02,37.3
2016-02-03,36.65
2016-02-04,36.8
2016-02-05,37.1
2016-02-08,36.8
2016-02-09,36.65
2016-02-10,36.35
2016-02-11,36.1
2016-02-12,36.1
2016-02-15,37.0
2016-02-16,37.35
2016-02-17,37.0
2016-02-18,37.0
2016-02-19,37.25
2016-02-23,37.35
2016-02-24,37.9
2016-02-25,38.5
2016-02-26,38.65
2016-02-29,38.4
2016-03-01,38.0
2016-03-02,38.0
2016-03-03,37.7
2016-03-04,37.2
2016-03-07,37.5
2016-03-08,37.35
2016-03-09,37.4
2016-03-10,37.35
2016-03-11,37.35
2016-03-14,37.5
2016-03-15,37.75
2016-03-16,37.5
2016-03-17,37.1
2016-03-18,37.5
2016-03-21,37.9
2016-03-22,37.8
2016-03-23,37.8
2016-03-24,37.8
2016-03-25,37.65
2016-03-28,37.25
2016-03-29,37.4
2016-03-30,37.65
2016-03-31,37.65
2016-04-01,37.25
2016-04-04,37.2
2016-04-05,37.0
2016-04-07,36.4
2016-04-08,35.9
2016-04-11,36.15
2016-04-12,35.35
2016-04-18,35.75
2016-04-19,36.0
2016-04-20,35.9
2016-04-21,36.25
2016-04-22,36.35
2016-04-25,36.0
2016-04-26,35.9
2016-04-27,35.8
2016-04-28,35.65
2016-04-29,35.15
2016-05-03,34.5
2016-05-04,34.5
2016-05-09,34.35
2016-05-10,34.1
2016-05-11,33.9
2016-05-12,34.15
2016-05-13,34.35
2016-05-16,34.8
2016-05-17,34.65
2016-05-18,34.5
2016-05-19,34.0
2016-05-23,33.65
2016-05-24,33.8
2016-05-25,34.0
2016-05-26,33.6
2016-05-27,33.35
2016-05-30,33.5
2016-05-31,33.9
2016-06-01,34.0
2016-06-02,34.0
2016-06-03,34.2
2016-06-06,34.5
2016-06-07,34.5
2016-06-08,34.35
2016-06-09,34.35
2016-06-10,34.35
2016-06-13,34.1
2016-06-14,34.4
2016-06-15,34.9
2016-06-16,34.4
2016-06-17,34.4
2016-06-20,34.8
2016-06-21,35.0
2016-06-22,34.75
2016-06-23,34.9
2016-06-24,34.4
2016-06-27,34.65
2016-06-28,35.0
2016-06-29,35.5
2016-06-30,35.4
2016-07-04,35.25
2016-07-05,35.85
2016-07-06,36.4
2016-07-07,37.25
2016-07-08,37.9
2016-07-11,38.5
2016-07-12,38.9
2016-07-13,38.75
2016-07-14,38.35
2016-07-15,38.85
2016-07-20,39.4
2016-07-21,39.4
2016-07-22,39.0
2016-07-25,39.2
2016-07-26,39.75
2016-07-27,40.15
2016-07-28,40.25
2016-07-29,40.4
2016-08-01,40.5
2016-08-02,40.0
2016-08-03,39.9
2016-08-04,40.5
2016-08-05,40.5
2016-08-08,40.9
2016-08-09,40.8
2016-08-10,40.8
2016-08-11,40.65
2016-08-15,40.35
2016-08-16,39.75
2016-08-17,38.75
2016-08-18,38.9
2016-08-19,38.75
2016-08-22,38.75
2016-08-23,38.9
2016-08-24,39.25
2016-08-25,39.2
2016-08-26,39.2
2016-08-29,39.35
2016-08-30,39.5
2016-08-31,39.9
2016-09-01,39.9
2016-09-02,39.35
2016-09-05,38.7
2016-09-06,38.35
2016-09-07,38.65
2016-09-08,38.6
2016-09-09,38.35
2016-09-12,38.0
2016-09-13,38.75
2016-09-14,39.0
2016-09-15,39.5
2016-09-16,40.0
2016-09-19,40.1
2016-09-20,39.85
2016-09-21,40.15
2016-09-22,41.3
2016-09-23,42.0
2016-09-26,42.3
2016-09-27,42.0
2016-09-28,41.5
2016-09-29,41.8
2016-09-30,41.0
2016-10-03,41.4
2016-10-04,41.5
2016-10-05,41.35
2016-10-06,40.35
2016-10-07,40.5
2016-10-10,39.75
2016-10-11,38.85
2016-10-12,38.1
2016-10-13,38.3
2016-10-14,40.0
2016-10-17,39.8
2016-10-18,39.75
2016-10-19,39.65
2016-10-20,39.9
2016-10-21,40.0
2016-10-25,40.1
2016-10-26,39.75
2016-10-27,39.65
2016-10-28,39.5
2016-10-31,39.35
2016-11-01,39.9
2016-11-02,40.0
2016-11-03,39.9
2016-11-04,39.65
2016-11-07,40.5
2016-11-08,41.3
2016-11-09,42.25
2016-11-10,43.6
2016-11-11,43.6
2016-11-14,42.35
2016-11-15,42.25
2016-11-16,42.9
2016-11-17,42.75
2016-11-18,42.8
2016-11-21,42.4
2016-11-22,42.4
2016-11-23,42.75
2016-11-24,43.2
2016-11-25,43.1
2016-11-28,42.9
2016-11-29,42.9
2016-11-30,43.4
2016-12-01,43.4
2016-12-02,43.0
2016-12-06,43.25
2016-12-07,43.0
2016-12-08,43.4
2016-12-09,44.1
2016-12-13,44.5
2016-12-14,44.5
2016-12-15,44.25
2016-12-16,44.5
2016-12-19,43.85
2016-12-20,43.65
2016-12-21,43.65
2016-12-22,43.65
2016-12-23,43.35
2016-12-26,43.35
2016-12-27,43.2
2016-12-28,43.6
2016-12-29,44.0
2016-12-30,44.1
2017-01-04,44.4
2017-01-05,45.0
2017-01-06,45.35
2017-01-09,45.4
2017-01-10,44.75
2017-01-11,45.3
2017-01-12,46.1
2017-01-16,46.1
2017-01-17,45.6
2017-01-18,45.0
2017-01-19,45.0
2017-01-20,45.6
2017-01-23,47.0
2017-01-24,47.25
2017-01-25,47.35
2017-01-26,47.65
2017-01-27,47.5
2017-01-30,47.75
2017-01-31,47.65
2017-02-01,47.65
2017-02-02,47.8
2017-02-03,47.9
2017-02-06,48.25
2017-02-07,48.75
2017-02-08,48.8
2017-02-09,48.9
2017-02-10,49.0
2017-02-14,48.75
2017-02-15,48.9
2017-02-16,49.0
2017-02-17,48.75
2017-02-20,48.5
2017-02-21,48.65
2017-02-22,48.35
2017-02-23,48.0
2017-02-24,47.9
2017-02-27,47.8
2017-02-28,48.15
2017-03-01,49.0
2017-03-02,49.35
2017-03-03,48.9
2017-03-06,48.25
2017-03-07,48.2
2017-03-08,48.1
2017-03-09,47.85
2017-03-10,47.15
2017-03-13,46.65
2017-03-14,46.6
2017-03-15,47.15
2017-03-16,48.25
2017-03-17,48.85
2017-03-20,49.15
2017-03-21,48.9
2017-03-22,48.1
2017-03-23,48.1
2017-03-24,48.0
2017-03-27,48.1
2017-03-28,48.0
2017-03-29,48.0
2017-03-30,48.25
2017-03-31,48.35
2017-04-03,48.65
2017-04-04,48.5
2017-04-05,48.35
2017-04-07,48.35
2017-04-10,48.1
2017-04-11,48.25
2017-04-12,48.75
2017-04-17,48.4
2017-04-18,47.5
2017-04-19,46.75
2017-04-20,46.8
2017-04-21,47.0
2017-04-24,47.0
2017-04-25,46.6
2017-04-26,46.5
2017-04-27,46.65
2017-04-28,46.85
2017-05-02,47.1
2017-05-03,46.8
2017-05-04,47.0
2017-05-08,47.65
2017-05-09,47.35
2017-05-11,47.2
2017-05-12,47.0
2017-05-15,46.8
2017-05-16,46.5
2017-05-17,47.0
2017-05-18,47.5
2017-05-19,47.8
2017-05-22,47.4
2017-05-23,47.5
2017-05-24,47.5
2017-05-25,47.35
2017-05-26,47.2
2017-05-29,47.1
2017-05-30,47.2
2017-05-31,47.1
2017-06-01,46.9
2017-06-02,46.9
2017-06-05,46.9
2017-06-06,46.9
2017-06-07,46.5
2017-06-08,46.35
2017-06-09,45.6
2017-06-12,45.2
2017-06-13,44.9
2017-06-14,45.75
2017-06-15,46.65
2017-06-16,46.65
2017-06-19,46.8
2017-06-20,47.0
2017-06-21,46.75
2017-06-22,46.75
2017-06-23,46.9
2017-06-26,46.65
2017-06-27,46.35
2017-06-28,46.1
2017-06-29,46.1
2017-06-30,46.0
2017-07-03,46.35
2017-07-04,46.5
2017-07-05,46.15
2017-07-06,46.0
2017-07-07,45.9
2017-07-11,45.9
2017-07-12,46.6
2017-07-13,47.5
2017-07-14,48.0
2017-07-17,47.85
2017-07-18,47.5
2017-07-19,47.15
2017-07-20,47.0
2017-07-21,47.0
2017-07-24,46.9
2017-07-25,46.9
2017-07-26,46.8
2017-07-27,47.25
2017-07-31,47.65
2017-08-01,47.65
2017-08-02,47.35
2017-08-03,46.6
2017-08-04,46.65
2017-08-07,46.9
2017-08-08,46.4
2017-08-09,45.8
2017-08-10,46.0
2017-08-11,46.25
2017-08-15,46.25
2017-08-16,46.35
2017-08-17,46.35
2017-08-18,46.2
2017-08-21,46.2
2017-08-22,46.1
2017-08-23,46.2
2017-08-24,46.2
2017-08-25,46.1
2017-08-28,46.2
2017-08-29,46.5
2017-08-30,46.8
2017-08-31,46.8
2017-09-01,47.1
2017-09-04,47.2
2017-09-05,47.35
2017-09-06,47.1
2017-09-07,46.9
2017-09-08,47.0
2017-09-11,47.1
2017-09-12,47.0
2017-09-13,47.2
2017-09-14,47.35
2017-09-15,47.5
2017-09-18,47.75
2017-09-19,47.9
2017-09-20,47.8
2017-09-21,47.65
2017-09-22,47.75
2017-09-25,48.0
2017-09-26,48.1
2017-09-27,48.0
2017-09-28,48.35
2017-09-29,48.8
2017-10-02,49.0
2017-10-03,49.1
2017-10-04,49.5
2017-10-05,49.0
2017-10-06,49.1
2017-10-09,49.1
2017-10-10,50.2
2017-10-11,51.75
2017-10-12,52.5
2017-10-16,53.0
2017-10-17,52.65
2017-10-18,52.25
2017-10-19,51.6
2017-10-20,51.35
2017-10-24,52.75
2017-10-25,54.35
2017-10-27,54.35
2017-10-30,54.2
2017-10-31,54.5
2017-11-01,54.4
2017-11-02,53.25
2017-11-03,52.25
2017-11-06,53.0
2017-11-07,54.1
2017-11-08,54.0
2017-11-09,54.0
2017-11-10,53.4
2017-11-13,53.0
2017-11-14,53.3
2017-11-15,53.2
2017-11-16,53.6
2017-11-17,55.35
2017-11-20,56.5
2017-11-21,55.8
2017-11-22,56.3
2017-11-23,55.85
2017-11-24,55.35
2017-11-27,54.5
2017-11-28,53.8
2017-11-29,54.75
2017-11-30,55.85
2017-12-01,56.0
2017-12-04,55.9
2017-12-06,56.0
2017-12-07,56.0
2017-12-08,55.65
2017-12-12,55.4
2017-12-13,55.25
2017-12-14,56.3
2017-12-15,56.5
2017-12-18,56.25
2017-12-19,56.6
2017-12-20,57.0
2017-12-21,56.65
2017-12-22,56.5
2017-12-25,57.0
2017-12-26,57.2
2017-12-27,56.9
2017-12-28,56.5
2017-12-29,56.35
