Date,TOP
2007-01-03,50.5
2007-01-04,50.75
2007-01-05,49.25
2007-01-08,48.65
2007-01-09,47.65
2007-01-10,46.35
2007-01-11,49.6
2007-01-12,54.5
2007-01-15,55.0
2007-01-16,55.25
2007-01-17,54.25
2007-01-18,54.25
2007-01-19,54.25
2007-01-22,55.0
2007-01-23,55.25
2007-01-24,57.0
2007-01-25,58.0
2007-01-26,57.25
2007-01-29,58.25
2007-01-30,57.5
2007-01-31,57.75
2007-02-01,58.25
2007-02-02,58.5
2007-02-05,59.0
2007-02-06,59.0
2007-02-07,58.75
2007-02-08,58.5
2007-02-09,58.5
2007-02-12,56.75
2007-02-13,56.0
2007-02-14,56.0
2007-02-15,55.75
2007-02-16,55.0
2007-02-19,55.25
2007-02-20,56.25
2007-02-21,57.0
2007-02-22,57.25
2007-02-23,57.0
2007-02-26,56.75
2007-02-27,56.5
2007-02-28,55.25
2007-03-01,56.0
2007-03-02,56.0
2007-03-06,55.75
2007-03-07,56.5
2007-03-08,57.0
2007-03-09,57.5
2007-03-12,57.75
2007-03-13,58.5
2007-03-14,58.25
2007-03-15,59.0
2007-03-16,57.0
2007-03-19,56.5
2007-03-20,56.5
2007-03-21,56.5
2007-03-22,56.25
2007-03-23,56.75
2007-03-26,57.25
2007-03-27,57.5
2007-03-28,57.25
2007-03-29,57.0
2007-03-30,58.25
2007-04-02,59.25
2007-04-03,59.75
2007-04-04,60.25
2007-04-05,61.5
2007-04-09,62.0
2007-04-10,61.25
2007-04-11,61.25
2007-04-12,61.5
2007-04-17,61.5
2007-04-18,61.25
2007-04-19,61.5
2007-04-20,61.5
2007-04-23,61.75
2007-04-24,62.25
2007-04-25,63.75
2007-04-26,64.75
2007-04-27,64.5
2007-04-30,65.0
2007-05-02,65.5
2007-05-03,65.25
2007-05-04,65.75
2007-05-08,65.0
2007-05-09,65.0
2007-05-10,65.75
2007-05-11,65.5
2007-05-14,65.5
2007-05-15,65.5
2007-05-16,66.25
2007-05-17,67.25
2007-05-18,68.25
2007-05-21,69.25
2007-05-22,69.5
2007-05-23,69.25
2007-05-24,67.25
2007-05-25,66.25
2007-05-28,67.5
2007-05-29,68.0
2007-05-30,67.25
2007-06-01,68.75
2007-06-04,71.0
2007-06-05,71.75
2007-06-06,70.25
2007-06-07,69.5
2007-06-08,69.0
2007-06-11,69.25
2007-06-12,69.0
2007-06-13,67.25
2007-06-14,68.75
2007-06-15,69.25
2007-06-18,70.75
2007-06-19,71.25
2007-06-20,72.0
2007-06-21,71.75
2007-06-22,71.25
2007-06-25,70.5
2007-06-26,70.0
2007-06-27,70.0
2007-06-28,70.75
2007-06-29,70.75
2007-07-02,71.25
2007-07-03,74.5
2007-07-04,77.5
2007-07-05,76.5
2007-07-06,76.5
2007-07-09,79.0
2007-07-10,80.25
2007-07-11,80.25
2007-07-12,80.0
2007-07-13,81.5
2007-07-16,82.0
2007-07-17,81.25
2007-07-18,80.75
2007-07-19,80.25
2007-07-20,79.5
2007-07-23,81.0
2007-07-24,86.0
2007-07-25,89.25
2007-07-26,92.75
2007-07-27,89.5
2007-07-31,88.75
2007-08-01,84.25
2007-08-02,80.5
2007-08-03,79.5
2007-08-06,76.75
2007-08-07,76.25
2007-08-08,77.75
2007-08-09,78.0
2007-08-10,75.0
2007-08-14,75.75
2007-08-15,74.25
2007-08-16,73.0
2007-08-17,73.25
2007-08-20,76.0
2007-08-21,74.75
2007-08-22,74.75
2007-08-23,76.0
2007-08-24,75.5
2007-08-27,76.25
2007-08-28,76.75
2007-08-29,77.0
2007-08-30,79.75
2007-08-31,81.0
2007-09-03,83.0
2007-09-04,83.0
2007-09-05,83.0
2007-09-06,81.5
2007-09-07,79.75
2007-09-10,77.75
2007-09-11,79.0
2007-09-12,79.0
2007-09-13,78.75
2007-09-14,79.25
2007-09-17,79.25
2007-09-18,80.25
2007-09-19,81.75
2007-09-20,83.0
2007-09-21,86.0
2007-09-24,87.75
2007-09-25,85.5
2007-09-26,86.75
2007-09-27,86.5
2007-09-28,86.5
2007-10-01,87.25
2007-10-02,89.0
2007-10-03,87.5
2007-10-04,86.25
2007-10-05,86.75
2007-10-08,88.0
2007-10-09,88.75
2007-10-10,90.5
2007-10-11,91.25
2007-10-12,90.25
2007-10-15,91.25
2007-10-16,92.5
2007-10-17,91.0
2007-10-18,90.75
2007-10-19,89.5
2007-10-22,86.25
2007-10-24,87.25
2007-10-25,89.25
2007-10-26,92.0
2007-10-29,95.75
2007-10-30,97.25
2007-10-31,95.75
2007-11-01,97.25
2007-11-02,94.75
2007-11-05,93.25
2007-11-06,91.25
2007-11-07,94.25
2007-11-08,92.5
2007-11-09,91.0
2007-11-12,87.75
2007-11-13,88.25
2007-11-14,88.5
2007-11-15,87.25
2007-11-16,85.75
2007-11-19,86.0
2007-11-20,84.25
2007-11-21,84.0
2007-11-22,83.5
2007-11-23,84.25
2007-11-26,85.25
2007-11-27,83.25
2007-11-28,82.0
2007-11-29,83.5
2007-11-30,85.0
2007-12-03,84.25
2007-12-04,83.0
2007-12-06,84.75
2007-12-07,87.25
2007-12-11,86.75
2007-12-12,86.5
2007-12-13,86.25
2007-12-14,86.0
2007-12-17,84.25
2007-12-18,82.0
2007-12-19,83.25
2007-12-20,81.25
2007-12-21,82.0
2007-12-24,83.875
2007-12-25,85.75
2007-12-26,87.5
2007-12-27,87.25
2007-12-28,86.25
2008-01-02,86.5
2008-01-03,83.5
2008-01-04,82.75
2008-01-07,79.75
2008-01-08,81.0
2008-01-09,81.75
2008-01-10,81.25
2008-01-11,79.75
2008-01-14,78.5
2008-01-15,77.25
2008-01-16,74.0
2008-01-17,74.0
2008-01-18,73.5
2008-01-21,73.5
2008-01-22,69.0
2008-01-23,71.75
2008-01-24,71.0
2008-01-25,72.25
2008-01-28,71.25
2008-01-29,71.0
2008-01-30,72.25
2008-01-31,75.0
2008-02-01,77.5
2008-02-04,78.5
2008-02-05,77.0
2008-02-06,75.5
2008-02-07,75.0
2008-02-08,75.75
2008-02-11,77.0
2008-02-12,77.5
2008-02-13,78.5
2008-02-14,78.25
2008-02-15,76.75
2008-02-18,78.25
2008-02-19,79.0
2008-02-20,79.0
2008-02-22,77.5
2008-02-25,78.25
2008-02-26,78.25
2008-02-27,78.25
2008-02-28,78.0
2008-02-29,78.5
2008-03-03,78.5
2008-03-04,78.0
2008-03-05,76.5
2008-03-06,76.5
2008-03-07,75.75
2008-03-10,75.25
2008-03-11,72.75
2008-03-12,73.5
2008-03-13,73.0
2008-03-14,72.75
2008-03-17,71.25
2008-03-18,71.75
2008-03-19,72.0
2008-03-20,69.25
2008-03-21,68.25
2008-03-24,68.0
2008-03-25,68.25
2008-03-26,68.5
2008-03-27,67.75
2008-03-28,69.5
2008-03-31,70.5
2008-04-01,69.75
2008-04-02,69.75
2008-04-03,69.5
2008-04-04,70.5
2008-04-08,71.0
2008-04-09,70.75
2008-04-10,70.75
2008-04-11,70.75
2008-04-16,71.5
2008-04-17,74.5
2008-04-18,76.0
2008-04-21,76.25
2008-04-22,75.5
2008-04-23,75.25
2008-04-24,73.75
2008-04-25,72.75
2008-04-28,73.25
2008-04-29,72.75
2008-04-30,71.5
2008-05-02,72.25
2008-05-06,71.75
2008-05-07,71.0
2008-05-08,70.5
2008-05-09,70.25
2008-05-12,68.75
2008-05-13,68.25
2008-05-14,67.75
2008-05-15,68.25
2008-05-16,69.5
2008-05-20,70.75
2008-05-21,69.0
2008-05-22,68.0
2008-05-23,67.75
2008-05-26,64.25
2008-05-27,63.0
2008-05-28,62.25
2008-05-29,60.75
2008-05-30,62.25
2008-06-02,60.75
2008-06-03,59.5
2008-06-04,59.75
2008-06-05,59.5
2008-06-06,60.5
2008-06-09,59.25
2008-06-10,58.75
2008-06-11,57.75
2008-06-12,56.75
2008-06-13,56.5
2008-06-16,56.5
2008-06-17,56.0
2008-06-18,54.0
2008-06-19,50.75
2008-06-20,53.5
2008-06-23,56.25
2008-06-24,56.75
2008-06-25,55.75
2008-06-26,55.75
2008-06-27,53.25
2008-06-30,52.75
2008-07-02,52.25
2008-07-03,51.0
2008-07-04,51.25
2008-07-07,50.75
2008-07-08,51.25
2008-07-09,53.0
2008-07-10,53.0
2008-07-11,53.75
2008-07-14,52.5
2008-07-15,51.0
2008-07-16,50.75
2008-07-18,51.0
2008-07-21,51.75
2008-07-22,51.75
2008-07-23,51.25
2008-07-24,49.25
2008-07-25,48.0
2008-07-28,49.0
2008-07-29,49.15
2008-07-30,49.75
2008-07-31,49.1
2008-08-01,48.85
2008-08-04,49.5
2008-08-05,49.6
2008-08-06,50.0
2008-08-07,52.25
2008-08-08,53.25
2008-08-11,53.75
2008-08-13,52.25
2008-08-14,52.0
2008-08-15,52.0
2008-08-18,52.0
2008-08-19,51.0
2008-08-20,51.0
2008-08-21,50.5
2008-08-22,50.0
2008-08-25,49.9
2008-08-26,48.8
2008-08-27,49.25
2008-08-28,49.8
2008-08-29,49.9
2008-09-01,49.35
2008-09-02,48.65
2008-09-03,46.9
2008-09-04,46.5
2008-09-05,46.25
2008-09-08,47.6
2008-09-09,48.0
2008-09-10,47.65
2008-09-11,47.0
2008-09-12,47.0
2008-09-15,46.4
2008-09-16,44.25
2008-09-17,44.3
2008-09-18,42.25
2008-09-19,44.0
2008-09-22,44.0
2008-09-23,43.0
2008-09-24,43.4
2008-09-25,43.65
2008-09-26,43.5
2008-09-29,42.8
2008-09-30,40.15
2008-10-01,41.4
2008-10-02,40.5
2008-10-03,40.0
2008-10-06,37.9
2008-10-07,35.25
2008-10-08,31.1
2008-10-09,30.75
2008-10-10,26.6
2008-10-13,29.0
2008-10-14,32.25
2008-10-15,30.2
2008-10-16,28.75
2008-10-17,28.4
2008-10-20,28.35
2008-10-21,28.9
2008-10-22,27.6
2008-10-24,25.35
2008-10-27,22.2
2008-10-28,20.700000000000003
2008-10-29,19.8
2008-10-30,19.25
2008-10-31,19.9
2008-11-03,21.75
2008-11-04,22.1
2008-11-05,23.05
2008-11-06,22.1
2008-11-07,22.8
2008-11-10,22.8
2008-11-11,21.65
2008-11-12,21.85
2008-11-13,21.65
2008-11-14,21.700000000000003
2008-11-17,21.6
2008-11-18,21.200000000000003
2008-11-19,20.200000000000003
2008-11-20,18.95
2008-11-21,18.8
2008-11-24,18.75
2008-11-25,18.85
2008-11-26,18.65
2008-11-27,18.6
2008-11-28,19.0
2008-12-01,18.65
2008-12-02,18.1
2008-12-03,18.75
2008-12-04,18.9
2008-12-08,19.65
2008-12-09,20.95
2008-12-11,22.5
2008-12-12,23.0
2008-12-15,24.8
2008-12-16,25.35
2008-12-17,25.15
2008-12-18,24.8
2008-12-19,24.45
2008-12-22,23.5
2008-12-23,22.950000000000003
2008-12-24,23.25
2008-12-25,23.4
2008-12-26,23.5
2008-12-29,23.35
2008-12-30,23.65
2009-01-02,23.6
2009-01-05,25.65
2009-01-06,26.4
2009-01-07,25.85
2009-01-08,25.3
2009-01-09,25.15
2009-01-12,23.9
2009-01-13,22.5
2009-01-14,22.45
2009-01-15,21.55
2009-01-16,21.95
2009-01-19,22.5
2009-01-20,22.05
2009-01-21,22.5
2009-01-22,23.7
2009-01-23,23.55
2009-01-26,23.55
2009-01-27,24.45
2009-01-28,25.2
2009-01-29,24.9
2009-01-30,24.25
2009-02-02,23.9
2009-02-03,23.6
2009-02-04,24.0
2009-02-05,24.2
2009-02-06,25.05
2009-02-10,25.75
2009-02-11,25.5
2009-02-12,25.25
2009-02-13,25.85
2009-02-16,26.6
2009-02-17,26.25
2009-02-18,26.0
2009-02-19,26.1
2009-02-20,25.85
2009-02-23,25.65
2009-02-24,25.6
2009-02-25,26.0
2009-02-26,24.65
2009-02-27,24.15
2009-03-02,23.25
2009-03-03,22.65
2009-03-04,23.35
2009-03-05,23.5
2009-03-06,23.1
2009-03-09,23.2
2009-03-10,23.45
2009-03-11,23.75
2009-03-12,23.75
2009-03-13,24.75
2009-03-16,25.15
2009-03-17,25.5
2009-03-18,26.2
2009-03-19,26.5
2009-03-20,26.65
2009-03-23,27.15
2009-03-24,27.5
2009-03-25,27.0
2009-03-26,26.65
2009-03-27,26.65
2009-03-30,25.6
2009-03-31,25.5
2009-04-01,25.25
2009-04-02,26.5
2009-04-03,27.1
2009-04-07,27.0
2009-04-08,26.7
2009-04-09,27.35
2009-04-10,28.9
2009-04-16,29.65
2009-04-17,30.15
2009-04-20,31.15
2009-04-21,31.25
2009-04-22,31.25
2009-04-23,31.0
2009-04-24,32.0
2009-04-27,31.75
2009-04-28,31.3
2009-04-29,31.65
2009-04-30,32.35
2009-05-04,32.6
2009-05-06,33.9
2009-05-07,35.15
2009-05-11,36.0
2009-05-12,37.4
2009-05-13,40.1
2009-05-14,39.5
2009-05-15,38.5
2009-05-18,37.5
2009-05-19,40.1
2009-05-20,41.1
2009-05-21,40.25
2009-05-22,40.0
2009-05-25,39.9
2009-05-26,40.15
2009-05-27,40.75
2009-05-28,40.2
2009-05-29,40.9
2009-06-01,42.35
2009-06-02,42.25
2009-06-03,41.6
2009-06-04,41.5
2009-06-05,42.25
2009-06-08,41.25
2009-06-09,41.35
2009-06-10,42.35
2009-06-11,42.65
2009-06-12,43.0
2009-06-15,41.5
2009-06-16,39.0
2009-06-17,37.75
2009-06-18,37.0
2009-06-19,36.5
2009-06-22,36.0
2009-06-23,33.0
2009-06-24,33.5
2009-06-25,34.4
2009-06-26,35.25
2009-06-29,35.0
2009-06-30,36.0
2009-07-02,34.5
2009-07-03,33.25
2009-07-06,33.5
2009-07-08,32.85
2009-07-09,32.35
2009-07-10,31.35
2009-07-13,30.4
2009-07-14,32.35
2009-07-15,34.0
2009-07-16,34.35
2009-07-17,34.5
2009-07-20,36.4
2009-07-21,36.35
2009-07-22,35.8
2009-07-23,36.0
2009-07-24,36.9
2009-07-27,37.35
2009-07-28,37.5
2009-07-29,37.5
2009-07-30,37.15
2009-07-31,37.75
2009-08-03,38.6
2009-08-04,39.5
2009-08-05,39.4
2009-08-06,39.9
2009-08-07,40.1
2009-08-10,40.4
2009-08-11,39.35
2009-08-13,39.7
2009-08-14,40.0
2009-08-17,38.3
2009-08-18,38.3
2009-08-19,38.4
2009-08-20,38.9
2009-08-21,39.5
2009-08-24,40.25
2009-08-25,40.1
2009-08-26,40.5
2009-08-27,40.25
2009-08-28,40.5
2009-08-31,40.5
2009-09-01,39.2
2009-09-02,39.25
2009-09-03,39.9
2009-09-04,40.6
2009-09-07,42.3
2009-09-08,44.5
2009-09-09,46.0
2009-09-10,47.0
2009-09-11,47.2
2009-09-14,45.5
2009-09-15,45.5
2009-09-16,46.6
2009-09-17,46.4
2009-09-18,46.0
2009-09-21,46.1
2009-09-22,46.4
2009-09-23,46.9
2009-09-24,46.1
2009-09-25,45.9
2009-09-28,45.65
2009-09-29,45.5
2009-09-30,45.0
2009-10-01,45.5
2009-10-02,45.0
2009-10-05,44.85
2009-10-06,44.75
2009-10-07,45.85
2009-10-08,46.35
2009-10-09,46.65
2009-10-12,46.4
2009-10-13,45.85
2009-10-14,45.4
2009-10-15,43.25
2009-10-16,42.75
2009-10-19,44.4
2009-10-20,44.85
2009-10-21,43.85
2009-10-22,43.1
2009-10-26,43.6
2009-10-27,44.15
2009-10-28,44.3
2009-10-29,42.5
2009-10-30,42.2
2009-11-02,40.65
2009-11-03,40.5
2009-11-04,41.4
2009-11-05,41.15
2009-11-06,42.0
2009-11-09,43.65
2009-11-10,43.85
2009-11-11,43.75
2009-11-12,42.8
2009-11-13,42.0
2009-11-16,42.75
2009-11-17,43.0
2009-11-18,42.85
2009-11-19,42.15
2009-11-20,41.35
2009-11-23,41.4
2009-11-24,40.7
2009-11-25,41.0
2009-11-26,40.6
2009-11-27,39.65
2009-11-30,39.85
2009-12-01,41.2
2009-12-02,41.5
2009-12-03,41.3
2009-12-04,41.5
2009-12-08,41.35
2009-12-09,41.25
2009-12-11,41.1
2009-12-14,41.4
2009-12-15,41.75
2009-12-16,42.15
2009-12-17,42.25
2009-12-18,41.8
2009-12-21,41.9
2009-12-22,42.35
2009-12-23,43.0
2009-12-24,43.4
2009-12-25,43.2
2009-12-28,43.5
2009-12-29,43.65
2009-12-30,43.3
2010-01-04,42.8
2010-01-05,43.65
2010-01-06,44.0
2010-01-07,44.15
2010-01-08,44.1
2010-01-11,45.3
2010-01-12,45.5
2010-01-13,45.25
2010-01-14,45.4
2010-01-15,45.0
2010-01-18,44.5
2010-01-19,44.0
2010-01-20,43.65
2010-01-21,42.5
2010-01-22,41.5
2010-01-25,40.9
2010-01-26,40.5
2010-01-27,40.1
2010-01-28,40.1
2010-01-29,40.15
2010-02-01,40.5
2010-02-02,40.7
2010-02-03,41.15
2010-02-04,41.5
2010-02-05,40.4
2010-02-08,40.35
2010-02-09,40.0
2010-02-10,40.35
2010-02-11,40.6
2010-02-12,41.1
2010-02-15,40.6
2010-02-16,40.35
2010-02-17,40.6
2010-02-18,40.65
2010-02-19,41.3
2010-02-22,41.75
2010-02-23,41.85
2010-02-24,42.5
2010-02-25,43.0
2010-02-26,43.1
2010-03-02,43.75
2010-03-03,44.35
2010-03-04,43.1
2010-03-05,43.1
2010-03-08,42.5
2010-03-09,41.75
2010-03-10,42.2
2010-03-11,44.25
2010-03-12,45.2
2010-03-15,44.75
2010-03-16,45.7
2010-03-17,46.65
2010-03-18,46.15
2010-03-19,46.3
2010-03-22,47.1
2010-03-23,49.6
2010-03-24,50.65
2010-03-25,49.85
2010-03-26,48.5
2010-03-29,47.5
2010-03-30,47.8
2010-03-31,49.6
2010-04-01,51.75
2010-04-02,52.0
2010-04-05,51.4
2010-04-07,52.5
2010-04-08,50.35
2010-04-09,49.35
2010-04-12,47.15
2010-04-16,45.85
2010-04-19,44.1
2010-04-20,47.1
2010-04-21,48.35
2010-04-22,47.9
2010-04-23,46.75
2010-04-26,47.9
2010-04-27,47.5
2010-04-28,46.75
2010-04-29,46.1
2010-04-30,46.75
2010-05-04,49.6
2010-05-06,48.9
2010-05-07,47.65
2010-05-10,48.5
2010-05-11,48.5
2010-05-12,47.8
2010-05-13,47.3
2010-05-14,46.5
2010-05-17,45.0
2010-05-18,46.0
2010-05-19,46.5
2010-05-20,46.2
2010-05-21,45.9
2010-05-24,45.6
2010-05-25,43.35
2010-05-26,43.0
2010-05-27,43.15
2010-05-31,44.65
2010-06-01,44.75
2010-06-02,44.0
2010-06-03,44.75
2010-06-04,45.0
2010-06-07,43.9
2010-06-08,44.0
2010-06-09,44.0
2010-06-10,43.9
2010-06-11,43.85
2010-06-14,43.8
2010-06-15,43.8
2010-06-16,44.35
2010-06-17,44.5
2010-06-18,44.1
2010-06-21,44.9
2010-06-22,44.75
2010-06-23,44.0
2010-06-24,43.75
2010-06-25,43.8
2010-06-28,44.6
2010-06-29,44.8
2010-06-30,44.2
2010-07-02,43.65
2010-07-05,43.8
2010-07-06,43.5
2010-07-07,43.0
2010-07-08,43.0
2010-07-09,43.1
2010-07-12,43.2
2010-07-13,43.35
2010-07-14,43.65
2010-07-15,43.5
2010-07-16,43.5
2010-07-19,42.9
2010-07-20,42.6
2010-07-21,41.7
2010-07-22,40.5
2010-07-23,41.35
2010-07-27,43.35
2010-07-28,44.4
2010-07-29,44.25
2010-07-30,44.0
2010-08-02,44.75
2010-08-03,45.25
2010-08-04,45.5
2010-08-05,45.35
2010-08-06,44.9
2010-08-09,44.4
2010-08-10,43.9
2010-08-11,43.1
2010-08-16,42.6
2010-08-17,42.85
2010-08-18,44.0
2010-08-19,44.5
2010-08-20,44.1
2010-08-23,44.1
2010-08-24,43.5
2010-08-25,43.1
2010-08-26,43.35
2010-08-27,44.15
2010-08-30,44.4
2010-08-31,44.0
2010-09-01,44.0
2010-09-02,44.15
2010-09-03,45.5
2010-09-06,48.35
2010-09-07,49.5
2010-09-08,48.85
2010-09-09,49.15
2010-09-10,49.8
2010-09-13,51.65
2010-09-14,50.5
2010-09-15,49.65
2010-09-16,50.9
2010-09-17,50.65
2010-09-20,50.25
2010-09-21,50.75
2010-09-22,51.0
2010-09-23,50.35
2010-09-24,50.35
2010-09-27,51.0
2010-09-28,50.5
2010-09-29,51.15
2010-09-30,52.4
2010-10-01,53.6
2010-10-04,55.25
2010-10-05,55.65
2010-10-06,56.3
2010-10-07,55.9
2010-10-08,54.25
2010-10-11,54.9
2010-10-12,55.25
2010-10-13,55.1
2010-10-14,55.65
2010-10-15,56.3
2010-10-18,55.5
2010-10-19,55.25
2010-10-20,54.1
2010-10-21,54.3
2010-10-22,53.85
2010-10-26,54.65
2010-10-27,54.4
2010-10-28,53.15
2010-10-29,52.75
2010-11-01,54.4
2010-11-02,55.75
2010-11-03,57.4
2010-11-04,58.5
2010-11-05,59.5
2010-11-08,60.5
2010-11-09,62.5
2010-11-10,64.1
2010-11-11,63.5
2010-11-12,61.5
2010-11-15,61.5
2010-11-16,60.15
2010-11-17,58.9
2010-11-18,60.75
2010-11-19,62.5
2010-11-22,64.2
2010-11-23,65.35
2010-11-24,67.0
2010-11-25,67.5
2010-11-26,66.25
2010-11-29,66.15
2010-11-30,67.2
2010-12-01,68.0
2010-12-02,69.65
2010-12-03,69.75
2010-12-07,70.85
2010-12-08,70.3
2010-12-09,71.25
2010-12-13,73.4
2010-12-14,75.15
2010-12-15,78.0
2010-12-16,76.8
2010-12-17,73.5
2010-12-20,72.4
2010-12-21,73.8
2010-12-22,74.85
2010-12-23,75.65
2010-12-24,75.5
2010-12-27,75.1
2010-12-28,76.1
2010-12-29,77.65
2010-12-30,77.85
2011-01-04,79.5
2011-01-05,79.0
2011-01-06,77.8
2011-01-07,74.0
2011-01-10,72.3
2011-01-11,71.4
2011-01-12,72.4
2011-01-13,75.0
2011-01-14,75.3
2011-01-17,73.8
2011-01-18,73.0
2011-01-19,74.5
2011-01-20,74.5
2011-01-21,73.35
2011-01-24,71.75
2011-01-25,69.75
2011-01-26,69.3
2011-01-27,70.25
2011-01-28,69.5
2011-01-31,68.4
2011-02-01,67.65
2011-02-02,67.9
2011-02-03,68.75
2011-02-04,69.8
2011-02-07,70.5
2011-02-08,72.25
2011-02-09,71.85
2011-02-10,69.85
2011-02-11,69.35
2011-02-14,69.9
2011-02-15,69.5
2011-02-16,71.0
2011-02-17,73.6
2011-02-18,73.875
2011-02-21,74.15
2011-02-22,72.75
2011-02-23,74.0
2011-02-24,73.7
2011-02-25,73.5
2011-02-28,73.5
2011-03-01,74.5
2011-03-02,74.9
2011-03-03,74.1
2011-03-04,74.5
2011-03-07,75.15
2011-03-08,75.8
2011-03-09,75.85
2011-03-10,76.0
2011-03-11,76.9
2011-03-14,80.5
2011-03-15,79.9
2011-03-16,80.65
2011-03-17,80.5
2011-03-21,81.5
2011-03-22,81.15
2011-03-23,80.85
2011-03-24,80.9
2011-03-25,82.9
2011-03-28,83.65
2011-03-29,83.6
2011-03-30,84.65
2011-03-31,84.1
2011-04-01,84.6
2011-04-04,86.4
2011-04-05,86.65
2011-04-07,86.65
2011-04-08,85.0
2011-04-11,83.5
2011-04-12,82.2
2011-04-18,83.15
2011-04-19,82.4
2011-04-20,83.75
2011-04-21,85.75
2011-04-22,85.4
2011-04-25,85.75
2011-04-26,85.9
2011-04-27,86.0
2011-04-28,85.0
2011-04-29,84.25
2011-05-03,82.35
2011-05-04,81.5
2011-05-06,78.2
2011-05-09,78.5
2011-05-10,80.2
2011-05-11,81.9
2011-05-12,81.75
2011-05-13,81.0
2011-05-18,79.15
2011-05-19,79.0
2011-05-20,78.0
2011-05-23,76.6
2011-05-24,76.5
2011-05-25,76.0
2011-05-26,76.5
2011-05-27,77.3
2011-05-30,79.35
2011-05-31,81.0
2011-06-01,80.2
2011-06-02,77.3
2011-06-03,76.25
2011-06-06,75.0
2011-06-07,74.0
2011-06-08,72.1
2011-06-09,71.85
2011-06-10,73.1
2011-06-13,73.35
2011-06-14,74.9
2011-06-15,74.25
2011-06-16,72.6
2011-06-17,71.35
2011-06-20,70.5
2011-06-21,71.5
2011-06-22,73.1
2011-06-23,72.5
2011-06-24,71.9
2011-06-27,71.35
2011-06-28,71.6
2011-06-29,72.4
2011-06-30,74.5
2011-07-04,77.9
2011-07-05,78.15
2011-07-06,76.75
2011-07-07,76.4
2011-07-08,75.35
2011-07-11,73.15
2011-07-12,71.65
2011-07-13,73.0
2011-07-14,73.25
2011-07-18,73.65
2011-07-19,73.85
2011-07-20,75.0
2011-07-21,75.35
2011-07-22,77.25
2011-07-25,78.0
2011-07-26,78.0
2011-07-27,77.9
2011-07-28,77.6
2011-07-29,77.15
2011-08-01,78.4
2011-08-02,78.9
2011-08-03,78.1
2011-08-04,78.2
2011-08-05,74.9
2011-08-08,72.0
2011-08-09,68.35
2011-08-10,70.25
2011-08-11,69.75
2011-08-15,70.85
2011-08-16,70.4
2011-08-17,70.5
2011-08-18,70.75
2011-08-19,68.35
2011-08-22,67.9
2011-08-23,66.4
2011-08-24,65.0
2011-08-25,65.0
2011-08-26,62.9
2011-08-29,66.15
2011-08-30,67.0
2011-08-31,67.0
2011-09-01,67.6
2011-09-02,67.25
2011-09-05,65.5
2011-09-06,65.4
2011-09-07,66.7
2011-09-08,67.85
2011-09-09,68.0
2011-09-12,65.5
2011-09-13,65.25
2011-09-14,63.4
2011-09-15,63.6
2011-09-16,64.4
2011-09-19,62.5
2011-09-20,60.8
2011-09-21,60.2
2011-09-22,57.0
2011-09-23,52.35
2011-09-26,49.5
2011-09-27,52.7
2011-09-28,52.4
2011-09-29,51.4
2011-09-30,51.5
2011-10-03,49.0
2011-10-04,50.0
2011-10-05,51.75
2011-10-06,55.5
2011-10-07,54.35
2011-10-10,53.25
2011-10-11,55.8
2011-10-12,55.4
2011-10-13,55.25
2011-10-14,54.85
2011-10-17,56.0
2011-10-18,54.85
2011-10-19,54.9
2011-10-20,52.1
2011-10-21,51.25
2011-10-25,52.75
2011-10-26,53.6
2011-10-27,55.7
2011-10-28,57.75
2011-10-31,58.5
2011-11-01,57.0
2011-11-02,56.0
2011-11-03,55.5
2011-11-04,56.0
2011-11-07,55.5
2011-11-08,57.3
2011-11-09,58.0
2011-11-10,57.0
2011-11-11,57.1
2011-11-14,58.5
2011-11-15,59.8
2011-11-16,61.1
2011-11-17,61.9
2011-11-18,61.75
2011-11-21,60.1
2011-11-22,60.65
2011-11-23,59.8
2011-11-24,60.1
2011-11-25,59.9
2011-11-28,61.0
2011-11-29,60.9
2011-11-30,61.2
2011-12-01,62.5
2011-12-02,62.5
2011-12-06,62.5
2011-12-07,63.9
2011-12-08,64.0
2011-12-09,62.9
2011-12-13,62.3
2011-12-14,61.25
2011-12-15,60.0
2011-12-16,60.85
2011-12-19,60.9
2011-12-20,60.15
2011-12-21,60.25
2011-12-22,59.9
2011-12-23,59.6
2011-12-26,59.5
2011-12-27,59.1
2011-12-28,59.1
2011-12-29,58.8
2011-12-30,58.65
2012-01-04,59.35
2012-01-05,60.35
2012-01-06,60.35
2012-01-09,60.5
2012-01-10,61.5
2012-01-11,62.5
2012-01-12,62.15
2012-01-13,61.0
2012-01-16,59.5
2012-01-17,60.75
2012-01-18,61.25
2012-01-19,61.35
2012-01-20,61.35
2012-01-23,61.25
2012-01-24,61.65
2012-01-25,61.75
2012-01-26,62.25
2012-01-27,63.1
2012-01-30,63.7
2012-01-31,64.35
2012-02-01,64.1
2012-02-02,64.4
2012-02-03,64.2
2012-02-06,64.5
2012-02-07,64.5
2012-02-08,67.65
2012-02-09,70.5
2012-02-10,71.25
2012-02-13,72.0
2012-02-14,70.8
2012-02-15,71.5
2012-02-16,72.15
2012-02-17,74.9
2012-02-20,76.5
2012-02-21,76.1
2012-02-22,76.25
2012-02-23,74.0
2012-02-24,75.3
2012-02-27,75.85
2012-02-28,75.65
2012-02-29,75.9
2012-03-01,75.65
2012-03-02,74.9
2012-03-05,73.5
2012-03-06,72.4
2012-03-08,73.6
2012-03-09,72.25
2012-03-12,70.5
2012-03-13,69.25
2012-03-14,70.0
2012-03-15,69.2
2012-03-16,69.75
2012-03-19,71.75
2012-03-20,71.25
2012-03-21,72.0
2012-03-22,72.0
2012-03-23,71.5
2012-03-26,71.6
2012-03-27,72.85
2012-03-28,72.9
2012-03-29,72.2
2012-03-30,72.5
2012-04-02,72.15
2012-04-03,72.15
2012-04-04,71.0
2012-04-05,69.5
2012-04-10,69.25
2012-04-11,68.0
2012-04-12,68.15
2012-04-17,68.35
2012-04-18,68.9
2012-04-19,69.4
2012-04-20,69.65
2012-04-23,69.4
2012-04-24,68.85
2012-04-25,68.6
2012-04-26,68.2
2012-04-27,67.85
2012-04-30,67.65
2012-05-02,68.4
2012-05-03,69.7
2012-05-04,69.4
2012-05-08,68.5
2012-05-09,67.4
2012-05-10,65.25
2012-05-11,64.65
2012-05-14,63.4
2012-05-15,62.85
2012-05-16,62.4
2012-05-17,62.0
2012-05-18,59.5
2012-05-21,58.5
2012-05-22,57.75
2012-05-23,55.35
2012-05-24,54.9
2012-05-25,54.65
2012-05-28,54.1
2012-05-29,55.2
2012-05-30,54.75
2012-05-31,55.0
2012-06-01,54.75
2012-06-05,54.0
2012-06-06,55.4
2012-06-07,57.5
2012-06-08,58.35
2012-06-11,62.25
2012-06-12,61.25
2012-06-13,60.0
2012-06-14,57.75
2012-06-15,58.9
2012-06-18,60.65
2012-06-19,60.2
2012-06-20,60.0
2012-06-21,59.0
2012-06-22,57.75
2012-06-25,57.75
2012-06-26,57.25
2012-06-27,57.65
2012-06-28,57.75
2012-06-29,57.75
2012-07-02,59.2
2012-07-03,59.65
2012-07-04,60.15
2012-07-05,60.3
2012-07-06,60.0
2012-07-09,58.6
2012-07-10,59.0
2012-07-11,59.1
2012-07-12,58.25
2012-07-13,58.15
2012-07-16,58.75
2012-07-17,60.0
2012-07-18,60.9
2012-07-19,62.0
2012-07-20,61.85
2012-07-23,59.65
2012-07-24,59.4
2012-07-25,59.35
2012-07-26,58.75
2012-07-27,58.7
2012-07-30,59.15
2012-07-31,59.4
2012-08-01,59.5
2012-08-03,59.6
2012-08-06,61.25
2012-08-07,62.85
2012-08-08,65.5
2012-08-09,67.6
2012-08-10,67.9
2012-08-14,68.0
2012-08-15,68.0
2012-08-16,68.65
2012-08-17,68.1
2012-08-20,66.5
2012-08-21,66.85
2012-08-22,67.1
2012-08-23,67.35
2012-08-24,66.5
2012-08-27,68.5
2012-08-28,68.15
2012-08-29,67.4
2012-08-30,65.25
2012-08-31,65.0
2012-09-03,65.75
2012-09-04,66.15
2012-09-05,65.4
2012-09-06,65.5
2012-09-07,65.9
2012-09-10,65.35
2012-09-11,66.0
2012-09-12,67.85
2012-09-13,67.7
2012-09-14,69.15
2012-09-17,69.25
2012-09-18,68.5
2012-09-19,68.4
2012-09-20,67.6
2012-09-21,67.25
2012-09-24,65.6
2012-09-25,65.35
2012-09-26,65.0
2012-09-27,65.1
2012-09-28,65.6
2012-10-01,64.75
2012-10-02,64.9
2012-10-03,64.25
2012-10-04,62.75
2012-10-05,63.15
2012-10-08,62.9
2012-10-09,63.0
2012-10-10,62.35
2012-10-11,63.65
2012-10-12,64.6
2012-10-15,63.75
2012-10-16,63.9
2012-10-17,65.1
2012-10-18,67.25
2012-10-19,68.0
2012-10-22,67.1
2012-10-24,67.0
2012-10-25,66.25
2012-10-26,65.85
2012-10-29,65.5
2012-10-30,66.9
2012-10-31,66.9
2012-11-01,66.5
2012-11-02,66.5
2012-11-05,66.85
2012-11-06,67.9
2012-11-07,67.7
2012-11-08,66.0
2012-11-09,65.1
2012-11-12,65.0
2012-11-13,63.25
2012-11-14,62.65
2012-11-15,61.75
2012-11-16,61.6
2012-11-19,63.1
2012-11-20,63.15
2012-11-21,63.0
2012-11-22,63.15
2012-11-23,63.35
2012-11-26,64.1
2012-11-27,64.4
2012-11-28,64.35
2012-11-29,64.7
2012-11-30,65.6
2012-12-03,66.4
2012-12-04,66.5
2012-12-06,67.15
2012-12-07,66.6
2012-12-11,66.4
2012-12-12,67.5
2012-12-13,67.5
2012-12-14,67.15
2012-12-17,66.9
2012-12-18,67.0
2012-12-19,67.65
2012-12-20,67.5
2012-12-21,67.25
2012-12-24,67.8
2012-12-25,67.5
2012-12-26,67.25
2012-12-27,67.65
2012-12-28,67.85
2013-01-02,68.5
2013-01-03,69.15
2013-01-04,68.7
2013-01-07,69.0
2013-01-08,67.7
2013-01-09,68.4
2013-01-10,68.5
2013-01-11,70.25
2013-01-14,73.0
2013-01-15,73.25
2013-01-16,71.7
2013-01-17,71.65
2013-01-18,71.5
2013-01-21,71.5
2013-01-22,71.75
2013-01-23,72.0
2013-01-24,72.75
2013-01-25,73.25
2013-01-28,72.5
2013-01-29,72.35
2013-01-30,74.35
2013-01-31,74.3
2013-02-01,74.7
2013-02-04,76.0
2013-02-05,74.9
2013-02-06,74.9
2013-02-07,73.4
2013-02-08,72.35
2013-02-11,71.4
2013-02-12,71.1
2013-02-13,72.6
2013-02-14,73.5
2013-02-15,72.7
2013-02-18,72.6
2013-02-19,73.25
2013-02-20,73.65
2013-02-21,72.8
2013-02-22,72.8
2013-02-26,72.8
2013-02-27,70.0
2013-02-28,70.1
2013-03-01,69.6
2013-03-04,68.8
2013-03-05,69.9
2013-03-06,70.6
2013-03-07,70.3
2013-03-08,69.35
2013-03-11,68.4
2013-03-12,68.4
2013-03-13,68.1
2013-03-14,68.5
2013-03-15,68.6
2013-03-18,67.7
2013-03-19,67.5
2013-03-20,67.1
2013-03-21,66.2
2013-03-22,64.8
2013-03-25,65.6
2013-03-26,66.5
2013-03-27,66.5
2013-03-28,65.0
2013-03-29,65.0
2013-04-01,64.9
2013-04-02,65.75
2013-04-03,66.65
2013-04-04,65.25
2013-04-05,64.75
2013-04-09,63.75
2013-04-10,63.5
2013-04-11,64.7
2013-04-12,64.65
2013-04-17,64.15
2013-04-18,62.5
2013-04-19,62.5
2013-04-22,63.8
2013-04-23,64.6
2013-04-24,65.6
2013-04-25,66.65
2013-04-26,66.5
2013-04-29,66.0
2013-04-30,66.0
2013-05-02,65.75
2013-05-03,65.0
2013-05-07,64.85
2013-05-08,66.15
2013-05-09,66.0
2013-05-10,65.5
2013-05-13,66.5
2013-05-14,67.3
2013-05-15,66.5
2013-05-16,65.25
2013-05-17,64.75
2013-05-20,66.15
2013-05-21,66.1
2013-05-22,65.8
2013-05-23,65.25
2013-05-27,65.1
2013-05-28,65.4
2013-05-29,65.5
2013-05-30,64.65
2013-05-31,64.0
2013-06-03,63.4
2013-06-04,63.5
2013-06-05,63.85
2013-06-06,64.0
2013-06-07,64.8
2013-06-10,66.1
2013-06-11,64.15
2013-06-12,63.4
2013-06-13,62.25
2013-06-14,63.5
2013-06-17,63.9
2013-06-18,63.4
2013-06-19,64.8
2013-06-20,64.65
2013-06-21,65.5
2013-06-24,64.5
2013-06-25,63.5
2013-06-26,62.75
2013-06-27,62.9
2013-06-28,63.25
2013-07-02,63.25
2013-07-03,64.0
2013-07-04,64.9
2013-07-05,66.75
2013-07-08,66.5
2013-07-09,65.2
2013-07-10,64.5
2013-07-11,66.5
2013-07-12,67.3
2013-07-15,66.3
2013-07-16,65.5
2013-07-17,64.85
2013-07-18,64.2
2013-07-19,64.85
2013-07-23,65.35
2013-07-24,65.25
2013-07-25,63.75
2013-07-26,63.1
2013-07-29,62.85
2013-07-30,62.75
2013-07-31,61.5
2013-08-01,62.5
2013-08-02,62.25
2013-08-05,61.25
2013-08-06,61.5
2013-08-07,60.75
2013-08-08,60.9
2013-08-09,61.65
2013-08-13,62.15
2013-08-14,61.7
2013-08-15,61.1
2013-08-16,61.3
2013-08-19,60.2
2013-08-20,58.25
2013-08-21,56.65
2013-08-22,58.0
2013-08-23,60.5
2013-08-26,59.35
2013-08-27,57.0
2013-08-28,55.4
2013-08-29,55.75
2013-08-30,55.15
2013-09-02,54.65
2013-09-03,55.1
2013-09-04,57.4
2013-09-05,59.2
2013-09-06,59.65
2013-09-09,61.5
2013-09-10,62.3
2013-09-11,61.25
2013-09-12,60.35
2013-09-13,60.0
2013-09-16,60.65
2013-09-17,59.35
2013-09-18,59.25
2013-09-19,61.0
2013-09-20,61.1
2013-09-23,60.7
2013-09-24,59.9
2013-09-25,60.35
2013-09-26,60.7
2013-09-27,60.2
2013-09-30,58.4
2013-10-01,58.7
2013-10-02,59.1
2013-10-03,60.0
2013-10-04,59.9
2013-10-07,59.5
2013-10-08,60.35
2013-10-09,61.1
2013-10-10,62.0
2013-10-11,63.75
2013-10-14,64.0
2013-10-15,64.65
2013-10-16,64.5
2013-10-17,64.5
2013-10-18,64.8
2013-10-21,64.25
2013-10-22,63.5
2013-10-24,64.5
2013-10-25,64.3
2013-10-28,63.4
2013-10-29,63.25
2013-10-30,63.0
2013-10-31,62.25
2013-11-01,62.3
2013-11-04,62.2
2013-11-05,62.2
2013-11-06,62.9
2013-11-07,62.8
2013-11-08,61.85
2013-11-11,61.3
2013-11-12,61.7
2013-11-13,61.1
2013-11-14,62.65
2013-11-15,63.75
2013-11-18,64.1
2013-11-19,64.2
2013-11-20,64.5
2013-11-21,62.65
2013-11-22,61.8
2013-11-25,61.35
2013-11-26,61.9
2013-11-27,62.8
2013-11-28,63.6
2013-11-29,62.75
2013-12-02,62.85
2013-12-03,63.5
2013-12-04,62.5
2013-12-06,62.25
2013-12-09,63.0
2013-12-11,62.3
2013-12-12,61.5
2013-12-13,61.2
2013-12-16,59.75
2013-12-17,58.75
2013-12-18,58.15
2013-12-19,57.65
2013-12-20,58.0
2013-12-23,58.75
2013-12-24,59.2
2013-12-25,59.2
2013-12-26,58.2
2013-12-27,56.5
2014-01-02,55.1
2014-01-03,50.85
2014-01-06,50.35
2014-01-07,51.9
2014-01-08,52.75
2014-01-09,53.5
2014-01-10,53.1
2014-01-13,53.65
2014-01-14,54.4
2014-01-15,54.4
2014-01-16,54.2
2014-01-17,54.9
2014-01-20,54.5
2014-01-21,54.75
2014-01-22,54.25
2014-01-23,54.5
2014-01-24,54.75
2014-01-27,53.6
2014-01-28,53.85
2014-01-29,53.35
2014-01-30,52.5
2014-01-31,52.65
2014-02-03,53.2
2014-02-04,52.4
2014-02-05,52.4
2014-02-06,52.0
2014-02-07,52.2
2014-02-10,52.8
2014-02-11,53.6
2014-02-12,54.1
2014-02-13,53.5
2014-02-17,53.7
2014-02-18,53.9
2014-02-19,54.5
2014-02-20,54.25
2014-02-21,53.85
2014-02-24,53.35
2014-02-25,53.65
2014-02-26,52.1
2014-02-27,51.5
2014-02-28,51.6
2014-03-03,52.5
2014-03-04,52.8
2014-03-05,52.65
2014-03-06,52.65
2014-03-07,52.9
2014-03-10,52.35
2014-03-11,52.65
2014-03-12,52.5
2014-03-13,53.15
2014-03-14,53.65
2014-03-17,53.9
2014-03-18,53.4
2014-03-19,53.0
2014-03-20,52.25
2014-03-21,52.1
2014-03-24,51.65
2014-03-25,51.75
2014-03-26,51.8
2014-03-27,51.9
2014-03-28,52.35
2014-03-31,53.0
2014-04-01,53.0
2014-04-02,52.9
2014-04-03,52.6
2014-04-04,52.1
2014-04-08,51.9
2014-04-09,52.2
2014-04-10,52.65
2014-04-11,52.5
2014-04-16,52.5
2014-04-17,52.9
2014-04-18,52.75
2014-04-21,53.0
2014-04-22,53.9
2014-04-23,53.65
2014-04-24,53.5
2014-04-25,53.1
2014-04-28,52.75
2014-04-29,52.5
2014-04-30,52.35
2014-05-02,52.35
2014-05-06,52.35
2014-05-07,52.1
2014-05-08,52.0
2014-05-09,51.5
2014-05-12,51.0
2014-05-14,50.8
2014-05-15,51.1
2014-05-16,51.4
2014-05-19,51.75
2014-05-20,51.2
2014-05-21,51.1
2014-05-22,51.5
2014-05-23,50.6
2014-05-26,50.9
2014-05-27,50.15
2014-05-28,50.0
2014-05-29,50.0
2014-05-30,49.9
2014-06-02,50.5
2014-06-03,51.1
2014-06-04,51.0
2014-06-05,50.5
2014-06-06,50.2
2014-06-09,50.1
2014-06-10,50.0
2014-06-11,50.35
2014-06-12,50.5
2014-06-13,50.8
2014-06-16,51.0
2014-06-17,52.0
2014-06-18,52.5
2014-06-19,52.1
2014-06-20,52.65
2014-06-23,52.8
2014-06-24,52.15
2014-06-25,52.0
2014-06-26,52.35
2014-06-27,52.35
2014-06-30,52.25
2014-07-02,52.0
2014-07-03,52.0
2014-07-04,52.0
2014-07-07,52.1
2014-07-08,51.75
2014-07-09,51.8
2014-07-10,51.65
2014-07-14,52.5
2014-07-15,53.5
2014-07-16,52.7
2014-07-17,52.5
2014-07-18,52.35
2014-07-21,52.5
2014-07-22,52.35
2014-07-23,52.65
2014-07-24,52.8
2014-07-25,52.65
2014-07-28,52.5
2014-07-29,52.35
2014-07-30,51.9
2014-07-31,51.65
2014-08-01,51.1
2014-08-04,51.5
2014-08-05,51.8
2014-08-06,51.9
2014-08-07,51.65
2014-08-08,51.65
2014-08-13,51.9
2014-08-14,52.35
2014-08-15,52.1
2014-08-18,52.35
2014-08-19,52.65
2014-08-20,52.35
2014-08-21,52.25
2014-08-22,52.2
2014-08-25,52.5
2014-08-26,52.35
2014-08-27,52.5
2014-08-28,52.35
2014-08-29,52.0
2014-09-01,52.1
2014-09-02,52.2
2014-09-03,52.25
2014-09-04,52.0
2014-09-05,52.5
2014-09-08,53.0
2014-09-09,53.0
2014-09-10,52.9
2014-09-11,52.1
2014-09-12,52.1
2014-09-15,52.35
2014-09-16,52.2
2014-09-17,52.25
2014-09-18,52.6
2014-09-19,53.0
2014-09-22,52.6
2014-09-23,52.2
2014-09-24,52.0
2014-09-25,52.1
2014-09-26,52.0
2014-09-29,51.75
2014-09-30,51.5
2014-10-01,51.8
2014-10-02,51.35
2014-10-03,51.1
2014-10-06,50.7
2014-10-07,49.6
2014-10-08,49.1
2014-10-09,48.85
2014-10-10,48.6
2014-10-13,48.4
2014-10-14,48.1
2014-10-15,47.6
2014-10-16,46.5
2014-10-17,44.9
2014-10-20,44.3
2014-10-21,43.3
2014-10-22,42.75
2014-10-24,42.65
2014-10-27,43.1
2014-10-28,42.75
2014-10-29,43.4
2014-10-30,44.4
2014-10-31,44.8
2014-11-03,45.65
2014-11-04,45.8
2014-11-05,44.6
2014-11-06,44.4
2014-11-07,45.1
2014-11-10,44.9
2014-11-11,44.7
2014-11-12,44.5
2014-11-13,44.0
2014-11-14,43.5
2014-11-17,43.0
2014-11-18,42.88333333333333
2014-11-19,42.766666666666666
2014-11-20,42.65
2014-11-21,42.9
2014-11-24,43.15
2014-11-25,43.4
2014-11-26,43.7
2014-11-27,44.0
2014-11-28,43.1
2014-12-01,42.6
2014-12-02,43.0
2014-12-03,43.0
2014-12-04,43.5
2014-12-08,44.0
2014-12-09,44.1
2014-12-11,43.4
2014-12-12,43.15
2014-12-15,42.6
2014-12-16,42.1
2014-12-17,43.2
2014-12-18,44.7
2014-12-19,44.0
2014-12-22,43.35
2014-12-23,43.1
2014-12-24,42.75
2014-12-25,42.2
2014-12-26,42.1
2014-12-29,42.0
2014-12-30,42.25
2015-01-05,42.4
2015-01-06,42.6
2015-01-07,43.6
2015-01-08,45.5
2015-01-09,46.0
2015-01-12,45.25
2015-01-13,44.75
2015-01-14,44.75
2015-01-15,45.25
2015-01-16,44.5
2015-01-19,44.85
2015-01-20,44.8
2015-01-21,44.9
2015-01-22,46.7
2015-01-23,49.3
2015-01-26,49.1
2015-01-27,48.5
2015-01-28,48.85
2015-01-29,49.75
2015-01-30,50.7
2015-02-02,52.0
2015-02-03,52.65
2015-02-04,52.2
2015-02-05,50.2
2015-02-06,51.6
2015-02-09,51.5
2015-02-10,52.25
2015-02-11,51.75
2015-02-12,51.8
2015-02-13,52.65
2015-02-16,53.0
2015-02-17,52.75
2015-02-18,52.65
2015-02-19,52.0
2015-02-20,52.0
2015-02-23,51.75
2015-02-24,51.5
2015-02-25,51.5
2015-02-26,51.5
2015-02-27,52.15
2015-03-02,53.4
2015-03-03,53.9
2015-03-05,54.15
2015-03-06,55.65
2015-03-09,55.4
2015-03-10,53.85
2015-03-11,52.5
2015-03-12,52.35
2015-03-13,52.35
2015-03-16,51.5
2015-03-17,52.15
2015-03-18,53.75
2015-03-19,54.0
2015-03-20,53.35
2015-03-23,52.6
2015-03-24,51.9
2015-03-25,51.6
2015-03-26,51.1
2015-03-27,51.25
2015-03-30,51.75
2015-03-31,52.0
2015-04-01,51.8
2015-04-02,53.0
2015-04-03,54.0
2015-04-07,54.9
2015-04-08,55.5
2015-04-09,54.9
2015-04-10,55.0
2015-04-16,56.5
2015-04-17,58.8
2015-04-20,58.0
2015-04-21,57.0
2015-04-22,57.0
2015-04-23,56.1
2015-04-24,55.9
2015-04-27,55.6
2015-04-28,55.8
2015-04-29,56.4
2015-04-30,57.75
2015-05-04,58.5
2015-05-06,58.65
2015-05-07,57.0
2015-05-08,55.7
2015-05-11,55.65
2015-05-12,53.75
2015-05-13,52.5
2015-05-14,51.9
2015-05-15,52.0
2015-05-18,52.1
2015-05-19,53.35
2015-05-20,53.15
2015-05-21,53.25
2015-05-22,54.1
2015-05-25,53.2
2015-05-26,52.65
2015-05-27,52.5
2015-05-28,52.65
2015-05-29,53.0
2015-06-02,53.15
2015-06-03,53.0
2015-06-04,53.3
2015-06-05,53.35
2015-06-08,53.2
2015-06-09,52.6
2015-06-10,52.75
2015-06-11,53.25
2015-06-12,52.9
2015-06-15,52.5
2015-06-16,53.0
2015-06-17,52.9
2015-06-18,52.8
2015-06-19,52.8
2015-06-22,53.4
2015-06-23,54.2
2015-06-24,55.75
2015-06-25,56.65
2015-06-26,56.4
2015-06-29,55.1
2015-06-30,55.1
2015-07-02,55.0
2015-07-03,54.9
2015-07-06,54.0
2015-07-07,54.1
2015-07-08,53.3
2015-07-09,53.6
2015-07-10,54.5
2015-07-13,54.65
2015-07-14,54.35
2015-07-15,54.2
2015-07-16,54.65
2015-07-17,54.35
2015-07-20,54.25
2015-07-21,53.5
2015-07-22,53.1
2015-07-23,52.65
2015-07-24,52.4
2015-07-27,50.9
2015-07-28,49.5
2015-07-29,48.35
2015-07-31,47.7
2015-08-03,48.5
2015-08-04,48.5
2015-08-05,48.65
2015-08-06,48.5
2015-08-07,48.35
2015-08-10,47.75
2015-08-11,48.0
2015-08-13,47.35
2015-08-14,48.15
2015-08-17,49.15
2015-08-18,48.35
2015-08-19,49.25
2015-08-20,49.1
2015-08-21,48.25
2015-08-24,45.8
2015-08-25,46.5
2015-08-26,47.3
2015-08-27,48.9
2015-08-28,50.6
2015-08-31,51.15
2015-09-01,50.1
2015-09-02,49.1
2015-09-03,49.5
2015-09-04,49.0
2015-09-07,48.9
2015-09-08,48.9
2015-09-09,50.35
2015-09-10,51.1
2015-09-11,52.8
2015-09-14,52.85
2015-09-15,51.5
2015-09-16,52.2
2015-09-17,52.65
2015-09-18,53.25
2015-09-21,52.25
2015-09-22,51.9
2015-09-23,52.25
2015-09-24,52.4
2015-09-25,52.9
2015-09-28,52.2
2015-09-29,51.85
2015-09-30,52.4
2015-10-01,52.85
2015-10-02,52.7
2015-10-05,54.35
2015-10-06,55.9
2015-10-07,57.1
2015-10-08,56.4
2015-10-09,56.6
2015-10-12,55.75
2015-10-13,55.0
2015-10-14,54.5
2015-10-15,54.65
2015-10-16,55.8
2015-10-19,56.75
2015-10-20,56.5
2015-10-21,56.75
2015-10-22,56.0
2015-10-26,56.3
2015-10-27,56.25
2015-10-28,55.35
2015-10-29,54.6
2015-10-30,54.1
2015-11-02,55.25
2015-11-03,56.0
2015-11-04,56.0
2015-11-05,55.25
2015-11-06,55.25
2015-11-09,55.3
2015-11-10,54.85
2015-11-11,56.15
2015-11-12,57.6
2015-11-13,58.65
2015-11-16,60.35
2015-11-17,61.85
2015-11-18,61.65
2015-11-19,62.15
2015-11-20,62.35
2015-11-23,62.0
2015-11-24,61.4
2015-11-25,61.6
2015-11-26,60.15
2015-11-27,60.0
2015-11-30,59.25
2015-12-01,59.6
2015-12-02,60.4
2015-12-03,59.65
2015-12-04,59.0
2015-12-08,58.0
2015-12-09,57.6
2015-12-11,58.25
2015-12-14,57.7
2015-12-15,59.0
2015-12-16,61.0
2015-12-17,61.15
2015-12-18,60.5
2015-12-21,61.1
2015-12-22,62.75
2015-12-23,64.15
2015-12-24,64.5
2015-12-25,63.65
2015-12-28,63.85
2015-12-29,63.85
2015-12-30,65.25
2016-01-04,63.9
2016-01-05,64.15
2016-01-06,64.5
2016-01-07,63.65
2016-01-08,63.75
2016-01-11,64.15
2016-01-12,65.0
2016-01-13,66.0
2016-01-14,66.25
2016-01-15,67.1
2016-01-18,66.7
2016-01-19,65.5
2016-01-20,64.8
2016-01-21,64.75
2016-01-22,65.5
2016-01-25,66.0
2016-01-26,64.85
2016-01-27,66.25
2016-01-28,65.4
2016-01-29,64.1
2016-02-01,64.25
2016-02-02,63.85
2016-02-03,64.0
2016-02-04,64.3
2016-02-05,64.8
2016-02-08,64.75
2016-02-09,64.2
2016-02-10,63.5
2016-02-11,62.1
2016-02-12,59.0
2016-02-15,59.0
2016-02-16,60.3
2016-02-17,61.75
2016-02-18,63.5
2016-02-19,63.65
2016-02-23,63.75
2016-02-24,62.35
2016-02-25,63.25
2016-02-26,64.1
2016-02-29,63.75
2016-03-01,64.9
2016-03-02,65.85
2016-03-03,66.2
2016-03-04,65.9
2016-03-07,66.6
2016-03-08,67.5
2016-03-09,68.75
2016-03-10,68.0
2016-03-11,68.0
2016-03-14,67.9
2016-03-15,67.25
2016-03-16,67.0
2016-03-17,68.65
2016-03-18,69.5
2016-03-21,69.6
2016-03-22,68.65
2016-03-23,68.9
2016-03-24,68.0
2016-03-25,67.0
2016-03-28,67.0
2016-03-29,68.15
2016-03-30,68.75
2016-03-31,69.35
2016-04-01,69.5
2016-04-04,69.5
2016-04-05,68.15
2016-04-07,68.15
2016-04-08,69.0
2016-04-11,69.2
2016-04-12,69.9
2016-04-18,71.0
2016-04-19,69.65
2016-04-20,67.5
2016-04-21,67.2
2016-04-22,67.25
2016-04-25,66.5
2016-04-26,66.5
2016-04-27,66.5
2016-04-28,65.75
2016-04-29,65.1
2016-05-03,66.1
2016-05-04,64.5
2016-05-09,62.9
2016-05-10,63.0
2016-05-11,64.0
2016-05-12,64.35
2016-05-13,65.6
2016-05-16,67.4
2016-05-17,67.15
2016-05-18,66.2
2016-05-19,64.3
2016-05-23,62.8
2016-05-24,63.4
2016-05-25,63.85
2016-05-26,63.35
2016-05-27,63.65
2016-05-30,63.6
2016-05-31,63.5
2016-06-01,63.15
2016-06-02,63.6
2016-06-03,65.5
2016-06-06,65.25
2016-06-07,64.5
2016-06-08,63.9
2016-06-09,64.25
2016-06-10,64.1
2016-06-13,63.2
2016-06-14,63.1
2016-06-15,63.5
2016-06-16,62.6
2016-06-17,61.75
2016-06-20,61.8
2016-06-21,60.8
2016-06-22,59.15
2016-06-23,58.8
2016-06-24,57.65
2016-06-27,57.75
2016-06-28,59.15
2016-06-29,59.9
2016-06-30,60.0
2016-07-04,60.6
2016-07-05,59.85
2016-07-06,59.15
2016-07-07,59.5
2016-07-08,59.25
2016-07-11,60.2
2016-07-12,60.2
2016-07-13,60.5
2016-07-14,61.15
2016-07-15,62.6
2016-07-20,62.25
2016-07-21,61.5
2016-07-22,61.35
2016-07-25,61.1
2016-07-26,61.65
2016-07-27,61.65
2016-07-28,61.0
2016-07-29,60.8
2016-08-01,60.9
2016-08-02,60.0
2016-08-03,60.1
2016-08-04,60.7
2016-08-05,61.35
2016-08-08,62.0
2016-08-09,63.8
2016-08-10,65.5
2016-08-11,65.65
2016-08-15,66.4
2016-08-16,67.75
2016-08-17,67.25
2016-08-18,68.2
2016-08-19,67.2
2016-08-22,67.6
2016-08-23,67.5
2016-08-24,67.9
2016-08-25,68.75
2016-08-26,69.1
2016-08-29,69.4
2016-08-30,70.75
2016-08-31,71.15
2016-09-01,71.5
2016-09-02,71.0
2016-09-05,70.25
2016-09-06,69.2
2016-09-07,69.1
2016-09-08,66.5
2016-09-09,65.65
2016-09-12,64.65
2016-09-13,66.1
2016-09-14,66.4
2016-09-15,65.85
2016-09-16,66.5
2016-09-19,68.4
2016-09-20,69.15
2016-09-21,68.9
2016-09-22,69.4
2016-09-23,68.7
2016-09-26,67.85
2016-09-27,68.25
2016-09-28,68.4
2016-09-29,70.25
2016-09-30,69.35
2016-10-03,69.3
2016-10-04,70.25
2016-10-05,71.15
2016-10-06,71.75
2016-10-07,71.25
2016-10-10,68.6
2016-10-11,68.85
2016-10-12,68.15
2016-10-13,67.65
2016-10-14,68.8
2016-10-17,69.6
2016-10-18,69.75
2016-10-19,69.35
2016-10-20,69.5
2016-10-21,69.5
2016-10-25,70.8
2016-10-26,70.75
2016-10-27,69.85
2016-10-28,70.15
2016-10-31,69.75
2016-11-01,71.6
2016-11-02,72.6
2016-11-03,73.25
2016-11-04,73.0
2016-11-07,73.9
2016-11-08,73.8
2016-11-09,72.5
2016-11-10,73.5
2016-11-11,73.9
2016-11-14,72.25
2016-11-15,71.9
2016-11-16,71.4
2016-11-17,71.25
2016-11-18,71.35
2016-11-21,70.9
2016-11-22,71.4
2016-11-23,72.25
2016-11-24,72.9
2016-11-25,73.0
2016-11-28,72.4
2016-11-29,72.1
2016-11-30,72.9
2016-12-01,73.6
2016-12-02,71.85
2016-12-06,72.0
2016-12-07,72.75
2016-12-08,72.75
2016-12-09,72.5
2016-12-13,72.35
2016-12-14,72.0
2016-12-15,71.8
2016-12-16,72.4
2016-12-19,72.6
2016-12-20,72.2
2016-12-21,72.0
2016-12-22,71.25
2016-12-23,71.4
2016-12-26,71.35
2016-12-27,71.0
2016-12-28,70.75
2016-12-29,71.6
2016-12-30,72.35
2017-01-04,72.6
2017-01-05,72.0
2017-01-06,71.0
2017-01-09,69.5
2017-01-10,69.1
2017-01-11,69.0
2017-01-12,69.35
2017-01-16,70.1
2017-01-17,70.25
2017-01-18,70.1
2017-01-19,69.9
2017-01-20,70.85
2017-01-23,71.75
2017-01-24,71.75
2017-01-25,72.0
2017-01-26,72.5
2017-01-27,72.5
2017-01-30,72.5
2017-01-31,72.0
2017-02-01,71.5
2017-02-02,71.6
2017-02-03,71.6
2017-02-06,72.1
2017-02-07,71.9
2017-02-08,72.15
2017-02-09,73.1
2017-02-10,73.35
2017-02-14,72.7
2017-02-15,73.5
2017-02-16,76.15
2017-02-17,76.85
2017-02-20,77.85
2017-02-21,77.6
2017-02-22,77.65
2017-02-23,77.75
2017-02-24,77.65
2017-02-27,74.35
2017-02-28,75.1
2017-03-01,76.15
2017-03-02,76.5
2017-03-03,76.1
2017-03-06,75.3
2017-03-07,74.3
2017-03-08,74.75
2017-03-09,74.6
2017-03-10,75.15
2017-03-13,75.5
2017-03-14,76.3
2017-03-15,76.15
2017-03-16,76.5
2017-03-17,76.5
2017-03-20,76.3
2017-03-21,76.3
2017-03-22,76.35
2017-03-23,75.75
2017-03-24,75.5
2017-03-27,75.35
2017-03-28,75.5
2017-03-29,75.75
2017-03-30,76.1
2017-03-31,76.0
2017-04-03,75.85
2017-04-04,76.0
2017-04-05,75.25
2017-04-07,74.75
2017-04-10,75.1
2017-04-11,76.9
2017-04-12,78.0
2017-04-17,77.4
2017-04-18,76.35
2017-04-19,76.2
2017-04-20,75.85
2017-04-21,75.9
2017-04-24,76.35
2017-04-25,76.8
2017-04-26,77.25
2017-04-27,77.4
2017-04-28,77.5
2017-05-02,77.5
2017-05-03,77.1
2017-05-04,77.85
2017-05-08,78.15
2017-05-09,77.0
2017-05-11,76.5
2017-05-12,75.6
2017-05-15,75.5
2017-05-16,74.85
2017-05-17,74.35
2017-05-18,74.85
2017-05-19,75.35
2017-05-22,75.5
2017-05-23,75.85
2017-05-24,76.15
2017-05-25,75.5
2017-05-26,75.6
2017-05-29,75.75
2017-05-30,76.3
2017-05-31,76.9
2017-06-01,76.3
2017-06-02,77.0
2017-06-05,77.75
2017-06-06,77.5
2017-06-07,78.0
2017-06-08,77.8
2017-06-09,77.75
2017-06-12,77.9
2017-06-13,79.0
2017-06-14,79.5
2017-06-15,79.35
2017-06-16,79.0
2017-06-19,78.85
2017-06-20,78.65
2017-06-21,78.35
2017-06-22,78.35
2017-06-23,78.2
2017-06-26,78.0
2017-06-27,77.9
2017-06-28,78.25
2017-06-29,78.5
2017-06-30,79.0
2017-07-03,77.9
2017-07-04,76.0
2017-07-05,76.85
2017-07-06,78.1
2017-07-07,78.35
2017-07-11,78.75
2017-07-12,79.2
2017-07-13,79.65
2017-07-14,79.0
2017-07-17,79.0
2017-07-18,79.6
2017-07-19,81.85
2017-07-20,82.6
2017-07-21,83.1
2017-07-24,83.6
2017-07-25,83.65
2017-07-26,84.6
2017-07-27,85.25
2017-07-31,85.65
2017-08-01,85.85
2017-08-02,86.25
2017-08-03,85.6
2017-08-04,86.5
2017-08-07,86.5
2017-08-08,86.75
2017-08-09,87.0
2017-08-10,88.0
2017-08-11,87.85
2017-08-15,88.0
2017-08-16,88.65
2017-08-17,87.7
2017-08-18,87.5
2017-08-21,88.85
2017-08-22,89.65
2017-08-23,91.5
2017-08-24,90.65
2017-08-25,92.0
2017-08-28,91.8
2017-08-29,93.15
2017-08-30,93.0
2017-08-31,93.35
2017-09-01,93.85
2017-09-04,92.75
2017-09-05,91.5
2017-09-06,91.0
2017-09-07,89.4
2017-09-08,89.85
2017-09-11,90.85
2017-09-12,91.35
2017-09-13,92.0
2017-09-14,92.65
2017-09-15,93.0
2017-09-18,93.0
2017-09-19,92.25
2017-09-20,91.4
2017-09-21,90.85
2017-09-22,91.6
2017-09-25,92.25
2017-09-26,93.1
2017-09-27,93.35
2017-09-28,93.25
2017-09-29,93.0
2017-10-02,93.4
2017-10-03,94.0
2017-10-04,94.2
2017-10-05,94.5
2017-10-06,97.65
2017-10-09,99.5
2017-10-10,99.25
2017-10-11,99.4
2017-10-12,99.85
2017-10-16,103.5
2017-10-17,103.25
2017-10-18,102.75
2017-10-19,103.25
2017-10-20,103.75
2017-10-24,106.75
2017-10-25,107.75
2017-10-27,104.0
2017-10-30,103.5
2017-10-31,102.75
2017-11-01,100.4
2017-11-02,97.9
2017-11-03,98.25
2017-11-06,98.15
2017-11-07,99.1
2017-11-08,99.0
2017-11-09,98.15
2017-11-10,95.5
2017-11-13,92.2
2017-11-14,95.25
2017-11-15,94.0
2017-11-16,93.5
2017-11-17,94.0
2017-11-20,94.2
2017-11-21,93.8
2017-11-22,94.0
2017-11-23,95.2
2017-11-24,94.25
2017-11-27,91.85
2017-11-28,92.5
2017-11-29,94.5
2017-11-30,94.25
2017-12-01,93.25
2017-12-04,93.9
2017-12-06,94.9
2017-12-07,96.5
2017-12-08,98.6
2017-12-12,98.5
2017-12-13,98.6
2017-12-14,100.6
2017-12-15,102.25
2017-12-18,103.5
2017-12-19,105.0
2017-12-20,105.75
2017-12-21,104.5
2017-12-22,102.25
2017-12-25,102.25
2017-12-26,103.25
2017-12-27,103.5
2017-12-28,102.75
2017-12-29,103.25
